{
  "type": "FeatureCollection",
  "name": "pt_sls_sipongi_hotspot_30days",
  "properties": {
    "pt_id": "pt_sls",
    "pt_name": "PT SLS",
    "period_start": "2026-09-06",
    "period_end": "2026-10-05",
    "radius_km": 5
  },
  "features": [
    {
      "type": "Feature",
      "geometry": {
        "type": "Point",
        "coordinates": [
          115.12528,
          -2.83117
        ]
      },
      "properties": {
        "confidence": "low",
        "confidence_value": null,
        "sumber": "NASA-MODIS",
        "date_hotspot": "Jumat, 11 September 2026 15:01:00",
        "date_hotspot_ori": "2026-09-11T08:01:00.000000Z",
        "provinsi": null,
        "kabkota": "Hulu Sungai Selatan",
        "desa": "Balimau",
        "hs_id": "2026-09-11T08:01:00.000000Z",
        "provinsi_id": 12,
        "long": 115.12528,
        "ori_sumber": null,
        "desa_id": null,
        "counter": 1,
        "confidence_level": "low",
        "kawasan": "",
        "kecamatan": "Kalumpang",
        "nama_provinsi": "Kalimantan Selatan",
        "pulau": "",
        "route_create": "https://opsroom.sipongidata.my.id/daops/laporan/groundcheck/create/form",
        "hotspot_date": "2026-09-11",
        "distance_hgu_km": 1.689,
        "zone": "1–3 km",
        "location_status": "OUTSIDE HGU"
      }
    },
    {
      "type": "Feature",
      "geometry": {
        "type": "Point",
        "coordinates": [
          115.17954,
          -2.69627
        ]
      },
      "properties": {
        "confidence": "low",
        "confidence_value": null,
        "sumber": "NASA-NOAA20",
        "date_hotspot": "Minggu, 04 Oktober 2026 13:05:00",
        "date_hotspot_ori": "2026-10-04T06:05:00.000000Z",
        "provinsi": null,
        "kabkota": "Hulu Sungai Selatan",
        "desa": "Bangkau",
        "hs_id": "2026-10-04T06:05:00.000000Z",
        "provinsi_id": 12,
        "long": 115.17954,
        "ori_sumber": null,
        "desa_id": null,
        "counter": 1,
        "confidence_level": "low",
        "kawasan": "",
        "kecamatan": "Kandangan",
        "nama_provinsi": "Kalimantan Selatan",
        "pulau": "",
        "route_create": "https://opsroom.sipongidata.my.id/daops/laporan/groundcheck/create/form",
        "hotspot_date": "2026-10-04",
        "distance_hgu_km": 2.746,
        "zone": "1–3 km",
        "location_status": "OUTSIDE HGU"
      }
    },
    {
      "type": "Feature",
      "geometry": {
        "type": "Point",
        "coordinates": [
          115.14079,
          -2.69866
        ]
      },
      "properties": {
        "confidence": "low",
        "confidence_value": null,
        "sumber": "NASA-NOAA20",
        "date_hotspot": "Minggu, 04 Oktober 2026 13:05:00",
        "date_hotspot_ori": "2026-10-04T06:05:00.000000Z",
        "provinsi": null,
        "kabkota": "Hulu Sungai Selatan",
        "desa": "Muning Baru",
        "hs_id": "2026-10-04T06:05:00.000000Z",
        "provinsi_id": 12,
        "long": 115.14079,
        "ori_sumber": null,
        "desa_id": null,
        "counter": 1,
        "confidence_level": "low",
        "kawasan": "",
        "kecamatan": "Daha Selatan",
        "nama_provinsi": "Kalimantan Selatan",
        "pulau": "",
        "route_create": "https://opsroom.sipongidata.my.id/daops/laporan/groundcheck/create/form",
        "hotspot_date": "2026-10-04",
        "distance_hgu_km": 2.865,
        "zone": "1–3 km",
        "location_status": "OUTSIDE HGU"
      }
    },
    {
      "type": "Feature",
      "geometry": {
        "type": "Point",
        "coordinates": [
          115.06848,
          -2.73419
        ]
      },
      "properties": {
        "confidence": "low",
        "confidence_value": null,
        "sumber": "NASA-NOAA20",
        "date_hotspot": "Sabtu, 12 September 2026 13:18:00",
        "date_hotspot_ori": "2026-09-12T06:18:00.000000Z",
        "provinsi": null,
        "kabkota": "Hulu Sungai Selatan",
        "desa": "Muning Dalam",
        "hs_id": "2026-09-12T06:18:00.000000Z",
        "provinsi_id": 12,
        "long": 115.06848,
        "ori_sumber": null,
        "desa_id": null,
        "counter": 1,
        "confidence_level": "low",
        "kawasan": "",
        "kecamatan": "Daha Selatan",
        "nama_provinsi": "Kalimantan Selatan",
        "pulau": "",
        "route_create": "https://opsroom.sipongidata.my.id/daops/laporan/groundcheck/create/form",
        "hotspot_date": "2026-09-12",
        "distance_hgu_km": 3.708,
        "zone": "3–5 km",
        "location_status": "OUTSIDE HGU"
      }
    },
    {
      "type": "Feature",
      "geometry": {
        "type": "Point",
        "coordinates": [
          115.04546,
          -2.76969
        ]
      },
      "properties": {
        "confidence": "low",
        "confidence_value": null,
        "sumber": "NASA-SNPP",
        "date_hotspot": "Jumat, 02 Oktober 2026 13:25:00",
        "date_hotspot_ori": "2026-10-02T06:25:00.000000Z",
        "provinsi": null,
        "kabkota": "Hulu Sungai Selatan",
        "desa": "Muning Dalam",
        "hs_id": "2026-10-02T06:25:00.000000Z",
        "provinsi_id": 12,
        "long": 115.04546,
        "ori_sumber": null,
        "desa_id": null,
        "counter": 1,
        "confidence_level": "low",
        "kawasan": "",
        "kecamatan": "Daha Selatan",
        "nama_provinsi": "Kalimantan Selatan",
        "pulau": "",
        "route_create": "https://opsroom.sipongidata.my.id/daops/laporan/groundcheck/create/form",
        "hotspot_date": "2026-10-02",
        "distance_hgu_km": 3.189,
        "zone": "3–5 km",
        "location_status": "OUTSIDE HGU"
      }
    },
    {
      "type": "Feature",
      "geometry": {
        "type": "Point",
        "coordinates": [
          115.13724,
          -2.83237
        ]
      },
      "properties": {
        "confidence": "low",
        "confidence_value": null,
        "sumber": "NASA-SNPP",
        "date_hotspot": "Senin, 14 September 2026 12:21:00",
        "date_hotspot_ori": "2026-09-14T05:21:00.000000Z",
        "provinsi": null,
        "kabkota": "Hulu Sungai Selatan",
        "desa": "Karang Paci",
        "hs_id": "2026-09-14T05:21:00.000000Z",
        "provinsi_id": 12,
        "long": 115.13724,
        "ori_sumber": null,
        "desa_id": null,
        "counter": 1,
        "confidence_level": "low",
        "kawasan": "",
        "kecamatan": "Kalumpang",
        "nama_provinsi": "Kalimantan Selatan",
        "pulau": "",
        "route_create": "https://opsroom.sipongidata.my.id/daops/laporan/groundcheck/create/form",
        "hotspot_date": "2026-09-14",
        "distance_hgu_km": 2.388,
        "zone": "1–3 km",
        "location_status": "OUTSIDE HGU"
      }
    },
    {
      "type": "Feature",
      "geometry": {
        "type": "Point",
        "coordinates": [
          115.23572,
          -2.72725
        ]
      },
      "properties": {
        "confidence": "low",
        "confidence_value": null,
        "sumber": "NASA-NOAA20",
        "date_hotspot": "Senin, 14 September 2026 12:40:00",
        "date_hotspot_ori": "2026-09-14T05:40:00.000000Z",
        "provinsi": null,
        "kabkota": "Hulu Sungai Selatan",
        "desa": "Taniran Selatan",
        "hs_id": "2026-09-14T05:40:00.000000Z",
        "provinsi_id": 12,
        "long": 115.23572,
        "ori_sumber": null,
        "desa_id": null,
        "counter": 1,
        "confidence_level": "low",
        "kawasan": "",
        "kecamatan": "Angkinang",
        "nama_provinsi": "Kalimantan Selatan",
        "pulau": "",
        "route_create": "https://opsroom.sipongidata.my.id/daops/laporan/groundcheck/create/form",
        "hotspot_date": "2026-09-14",
        "distance_hgu_km": 3.984,
        "zone": "3–5 km",
        "location_status": "OUTSIDE HGU"
      }
    },
    {
      "type": "Feature",
      "geometry": {
        "type": "Point",
        "coordinates": [
          115.07375,
          -2.72958
        ]
      },
      "properties": {
        "confidence": "low",
        "confidence_value": null,
        "sumber": "NASA-NOAA20",
        "date_hotspot": "Senin, 14 September 2026 12:40:00",
        "date_hotspot_ori": "2026-09-14T05:40:00.000000Z",
        "provinsi": null,
        "kabkota": "Hulu Sungai Selatan",
        "desa": "Muning Dalam",
        "hs_id": "2026-09-14T05:40:00.000000Z",
        "provinsi_id": 12,
        "long": 115.07375,
        "ori_sumber": null,
        "desa_id": null,
        "counter": 1,
        "confidence_level": "low",
        "kawasan": "",
        "kecamatan": "Daha Selatan",
        "nama_provinsi": "Kalimantan Selatan",
        "pulau": "",
        "route_create": "https://opsroom.sipongidata.my.id/daops/laporan/groundcheck/create/form",
        "hotspot_date": "2026-09-14",
        "distance_hgu_km": 3.779,
        "zone": "3–5 km",
        "location_status": "OUTSIDE HGU"
      }
    },
    {
      "type": "Feature",
      "geometry": {
        "type": "Point",
        "coordinates": [
          115.23976,
          -2.72664
        ]
      },
      "properties": {
        "confidence": "low",
        "confidence_value": null,
        "sumber": "NASA-NOAA20",
        "date_hotspot": "Senin, 14 September 2026 12:40:00",
        "date_hotspot_ori": "2026-09-14T05:40:00.000000Z",
        "provinsi": null,
        "kabkota": "Hulu Sungai Selatan",
        "desa": "Taniran Selatan",
        "hs_id": "2026-09-14T05:40:00.000000Z",
        "provinsi_id": 12,
        "long": 115.23976,
        "ori_sumber": null,
        "desa_id": null,
        "counter": 2,
        "confidence_level": "low",
        "kawasan": "",
        "kecamatan": "Angkinang",
        "nama_provinsi": "Kalimantan Selatan",
        "pulau": "",
        "route_create": "https://opsroom.sipongidata.my.id/daops/laporan/groundcheck/create/form",
        "hotspot_date": "2026-09-14",
        "distance_hgu_km": 4.427,
        "zone": "3–5 km",
        "location_status": "OUTSIDE HGU"
      }
    },
    {
      "type": "Feature",
      "geometry": {
        "type": "Point",
        "coordinates": [
          115.06305,
          -2.7422
        ]
      },
      "properties": {
        "confidence": "low",
        "confidence_value": null,
        "sumber": "NASA-NOAA20",
        "date_hotspot": "Senin, 14 September 2026 12:40:00",
        "date_hotspot_ori": "2026-09-14T05:40:00.000000Z",
        "provinsi": null,
        "kabkota": "Hulu Sungai Selatan",
        "desa": "Muning Dalam",
        "hs_id": "2026-09-14T05:40:00.000000Z",
        "provinsi_id": 12,
        "long": 115.06305,
        "ori_sumber": null,
        "desa_id": null,
        "counter": 1,
        "confidence_level": "low",
        "kawasan": "",
        "kecamatan": "Daha Selatan",
        "nama_provinsi": "Kalimantan Selatan",
        "pulau": "",
        "route_create": "https://opsroom.sipongidata.my.id/daops/laporan/groundcheck/create/form",
        "hotspot_date": "2026-09-14",
        "distance_hgu_km": 3.333,
        "zone": "3–5 km",
        "location_status": "OUTSIDE HGU"
      }
    },
    {
      "type": "Feature",
      "geometry": {
        "type": "Point",
        "coordinates": [
          115.07197,
          -2.77392
        ]
      },
      "properties": {
        "confidence": "low",
        "confidence_value": null,
        "sumber": "NASA-NOAA20",
        "date_hotspot": "Senin, 14 September 2026 12:40:00",
        "date_hotspot_ori": "2026-09-14T05:40:00.000000Z",
        "provinsi": null,
        "kabkota": "Hulu Sungai Selatan",
        "desa": "Muning Dalam",
        "hs_id": "2026-09-14T05:40:00.000000Z",
        "provinsi_id": 12,
        "long": 115.07197,
        "ori_sumber": null,
        "desa_id": null,
        "counter": 1,
        "confidence_level": "low",
        "kawasan": "",
        "kecamatan": "Daha Selatan",
        "nama_provinsi": "Kalimantan Selatan",
        "pulau": "",
        "route_create": "https://opsroom.sipongidata.my.id/daops/laporan/groundcheck/create/form",
        "hotspot_date": "2026-09-14",
        "distance_hgu_km": 0.215,
        "zone": "0–1 km",
        "location_status": "OUTSIDE HGU"
      }
    },
    {
      "type": "Feature",
      "geometry": {
        "type": "Point",
        "coordinates": [
          115.06865,
          -2.76411
        ]
      },
      "properties": {
        "confidence": "low",
        "confidence_value": null,
        "sumber": "NASA-SNPP",
        "date_hotspot": "Selasa, 22 September 2026 13:10:00",
        "date_hotspot_ori": "2026-09-22T06:10:00.000000Z",
        "provinsi": null,
        "kabkota": "Hulu Sungai Selatan",
        "desa": "Muning Dalam",
        "hs_id": "2026-09-22T06:10:00.000000Z",
        "provinsi_id": 12,
        "long": 115.06865,
        "ori_sumber": null,
        "desa_id": null,
        "counter": 1,
        "confidence_level": "low",
        "kawasan": "",
        "kecamatan": "Daha Selatan",
        "nama_provinsi": "Kalimantan Selatan",
        "pulau": "",
        "route_create": "https://opsroom.sipongidata.my.id/daops/laporan/groundcheck/create/form",
        "hotspot_date": "2026-09-22",
        "distance_hgu_km": 1.002,
        "zone": "1–3 km",
        "location_status": "OUTSIDE HGU"
      }
    },
    {
      "type": "Feature",
      "geometry": {
        "type": "Point",
        "coordinates": [
          115.17408,
          -2.83183
        ]
      },
      "properties": {
        "confidence": "low",
        "confidence_value": null,
        "sumber": "NASA-SNPP",
        "date_hotspot": "Minggu, 13 September 2026 12:40:00",
        "date_hotspot_ori": "2026-09-13T05:40:00.000000Z",
        "provinsi": null,
        "kabkota": "Hulu Sungai Selatan",
        "desa": "Sirih",
        "hs_id": "2026-09-13T05:40:00.000000Z",
        "provinsi_id": 12,
        "long": 115.17408,
        "ori_sumber": null,
        "desa_id": null,
        "counter": 1,
        "confidence_level": "low",
        "kawasan": "",
        "kecamatan": "Kalumpang",
        "nama_provinsi": "Kalimantan Selatan",
        "pulau": "",
        "route_create": "https://opsroom.sipongidata.my.id/daops/laporan/groundcheck/create/form",
        "hotspot_date": "2026-09-13",
        "distance_hgu_km": 3.836,
        "zone": "3–5 km",
        "location_status": "OUTSIDE HGU"
      }
    },
    {
      "type": "Feature",
      "geometry": {
        "type": "Point",
        "coordinates": [
          115.16344,
          -2.80832
        ]
      },
      "properties": {
        "confidence": "low",
        "confidence_value": null,
        "sumber": "NASA-NOAA20",
        "date_hotspot": "Rabu, 23 September 2026 13:12:00",
        "date_hotspot_ori": "2026-09-23T06:12:00.000000Z",
        "provinsi": null,
        "kabkota": "Hulu Sungai Selatan",
        "desa": "Tambingkar",
        "hs_id": "2026-09-23T06:12:00.000000Z",
        "provinsi_id": 12,
        "long": 115.16344,
        "ori_sumber": null,
        "desa_id": null,
        "counter": 2,
        "confidence_level": "low",
        "kawasan": "",
        "kecamatan": "Kalumpang",
        "nama_provinsi": "Kalimantan Selatan",
        "pulau": "",
        "route_create": "https://opsroom.sipongidata.my.id/daops/laporan/groundcheck/create/form",
        "hotspot_date": "2026-09-23",
        "distance_hgu_km": 1.028,
        "zone": "1–3 km",
        "location_status": "OUTSIDE HGU"
      }
    },
    {
      "type": "Feature",
      "geometry": {
        "type": "Point",
        "coordinates": [
          115.12553,
          -2.83584
        ]
      },
      "properties": {
        "confidence": "low",
        "confidence_value": null,
        "sumber": "NASA-SNPP",
        "date_hotspot": "Jumat, 11 September 2026 13:16:00",
        "date_hotspot_ori": "2026-09-11T06:16:00.000000Z",
        "provinsi": null,
        "kabkota": "Hulu Sungai Selatan",
        "desa": "Karang Paci",
        "hs_id": "2026-09-11T06:16:00.000000Z",
        "provinsi_id": 12,
        "long": 115.12553,
        "ori_sumber": null,
        "desa_id": null,
        "counter": 1,
        "confidence_level": "low",
        "kawasan": "",
        "kecamatan": "Kalumpang",
        "nama_provinsi": "Kalimantan Selatan",
        "pulau": "",
        "route_create": "https://opsroom.sipongidata.my.id/daops/laporan/groundcheck/create/form",
        "hotspot_date": "2026-09-11",
        "distance_hgu_km": 1.694,
        "zone": "1–3 km",
        "location_status": "OUTSIDE HGU"
      }
    },
    {
      "type": "Feature",
      "geometry": {
        "type": "Point",
        "coordinates": [
          115.16631,
          -2.70278
        ]
      },
      "properties": {
        "confidence": "low",
        "confidence_value": null,
        "sumber": "NASA-SNPP",
        "date_hotspot": "Minggu, 13 September 2026 12:40:00",
        "date_hotspot_ori": "2026-09-13T05:40:00.000000Z",
        "provinsi": null,
        "kabkota": "Hulu Sungai Selatan",
        "desa": "Pantai Ulin",
        "hs_id": "2026-09-13T05:40:00.000000Z",
        "provinsi_id": 12,
        "long": 115.16631,
        "ori_sumber": null,
        "desa_id": null,
        "counter": 1,
        "confidence_level": "low",
        "kawasan": "",
        "kecamatan": "Simpur",
        "nama_provinsi": "Kalimantan Selatan",
        "pulau": "",
        "route_create": "https://opsroom.sipongidata.my.id/daops/laporan/groundcheck/create/form",
        "hotspot_date": "2026-09-13",
        "distance_hgu_km": 2.554,
        "zone": "1–3 km",
        "location_status": "OUTSIDE HGU"
      }
    },
    {
      "type": "Feature",
      "geometry": {
        "type": "Point",
        "coordinates": [
          115.08311,
          -2.71187
        ]
      },
      "properties": {
        "confidence": "low",
        "confidence_value": null,
        "sumber": "NASA-NOAA20",
        "date_hotspot": "Kamis, 24 September 2026 12:53:00",
        "date_hotspot_ori": "2026-09-24T05:53:00.000000Z",
        "provinsi": null,
        "kabkota": "Hulu Sungai Selatan",
        "desa": "Muning Dalam",
        "hs_id": "2026-09-24T05:53:00.000000Z",
        "provinsi_id": 12,
        "long": 115.08311,
        "ori_sumber": null,
        "desa_id": null,
        "counter": 1,
        "confidence_level": "low",
        "kawasan": "",
        "kecamatan": "Daha Selatan",
        "nama_provinsi": "Kalimantan Selatan",
        "pulau": "",
        "route_create": "https://opsroom.sipongidata.my.id/daops/laporan/groundcheck/create/form",
        "hotspot_date": "2026-09-24",
        "distance_hgu_km": 4.703,
        "zone": "3–5 km",
        "location_status": "OUTSIDE HGU"
      }
    },
    {
      "type": "Feature",
      "geometry": {
        "type": "Point",
        "coordinates": [
          115.15488,
          -2.71834
        ]
      },
      "properties": {
        "confidence": "low",
        "confidence_value": null,
        "sumber": "NASA-NOAA20",
        "date_hotspot": "Kamis, 01 Oktober 2026 12:23:00",
        "date_hotspot_ori": "2026-10-01T05:23:00.000000Z",
        "provinsi": null,
        "kabkota": "Hulu Sungai Selatan",
        "desa": "Pantai Ulin",
        "hs_id": "2026-10-01T05:23:00.000000Z",
        "provinsi_id": 12,
        "long": 115.15488,
        "ori_sumber": null,
        "desa_id": null,
        "counter": 1,
        "confidence_level": "low",
        "kawasan": "",
        "kecamatan": "Simpur",
        "nama_provinsi": "Kalimantan Selatan",
        "pulau": "",
        "route_create": "https://opsroom.sipongidata.my.id/daops/laporan/groundcheck/create/form",
        "hotspot_date": "2026-10-01",
        "distance_hgu_km": 1.364,
        "zone": "1–3 km",
        "location_status": "OUTSIDE HGU"
      }
    },
    {
      "type": "Feature",
      "geometry": {
        "type": "Point",
        "coordinates": [
          115.06578,
          -2.74552
        ]
      },
      "properties": {
        "confidence": "low",
        "confidence_value": null,
        "sumber": "NASA-SNPP",
        "date_hotspot": "Minggu, 06 September 2026 13:10:00",
        "date_hotspot_ori": "2026-09-06T06:10:00.000000Z",
        "provinsi": null,
        "kabkota": "Hulu Sungai Selatan",
        "desa": "Muning Dalam",
        "hs_id": "2026-09-06T06:10:00.000000Z",
        "provinsi_id": 12,
        "long": 115.06578,
        "ori_sumber": null,
        "desa_id": null,
        "counter": 1,
        "confidence_level": "low",
        "kawasan": "",
        "kecamatan": "Daha Selatan",
        "nama_provinsi": "Kalimantan Selatan",
        "pulau": "",
        "route_create": "https://opsroom.sipongidata.my.id/daops/laporan/groundcheck/create/form",
        "hotspot_date": "2026-09-06",
        "distance_hgu_km": 2.858,
        "zone": "1–3 km",
        "location_status": "OUTSIDE HGU"
      }
    },
    {
      "type": "Feature",
      "geometry": {
        "type": "Point",
        "coordinates": [
          115.10337,
          -2.73168
        ]
      },
      "properties": {
        "confidence": "low",
        "confidence_value": null,
        "sumber": "NASA-SNPP",
        "date_hotspot": "Minggu, 06 September 2026 13:10:00",
        "date_hotspot_ori": "2026-09-06T06:10:00.000000Z",
        "provinsi": null,
        "kabkota": "Hulu Sungai Selatan",
        "desa": "Muning Dalam",
        "hs_id": "2026-09-06T06:10:00.000000Z",
        "provinsi_id": 12,
        "long": 115.10337,
        "ori_sumber": null,
        "desa_id": null,
        "counter": 2,
        "confidence_level": "low",
        "kawasan": "",
        "kecamatan": "Daha Selatan",
        "nama_provinsi": "Kalimantan Selatan",
        "pulau": "",
        "route_create": "https://opsroom.sipongidata.my.id/daops/laporan/groundcheck/create/form",
        "hotspot_date": "2026-09-06",
        "distance_hgu_km": 1.594,
        "zone": "1–3 km",
        "location_status": "OUTSIDE HGU"
      }
    },
    {
      "type": "Feature",
      "geometry": {
        "type": "Point",
        "coordinates": [
          115.21818,
          -2.72149
        ]
      },
      "properties": {
        "confidence": "low",
        "confidence_value": null,
        "sumber": "NASA-SNPP",
        "date_hotspot": "Minggu, 06 September 2026 13:10:00",
        "date_hotspot_ori": "2026-09-06T06:10:00.000000Z",
        "provinsi": null,
        "kabkota": "Hulu Sungai Selatan",
        "desa": "Sungai Kupang",
        "hs_id": "2026-09-06T06:10:00.000000Z",
        "provinsi_id": 12,
        "long": 115.21818,
        "ori_sumber": null,
        "desa_id": null,
        "counter": 1,
        "confidence_level": "low",
        "kawasan": "",
        "kecamatan": "Kandangan",
        "nama_provinsi": "Kalimantan Selatan",
        "pulau": "",
        "route_create": "https://opsroom.sipongidata.my.id/daops/laporan/groundcheck/create/form",
        "hotspot_date": "2026-09-06",
        "distance_hgu_km": 2.657,
        "zone": "1–3 km",
        "location_status": "OUTSIDE HGU"
      }
    },
    {
      "type": "Feature",
      "geometry": {
        "type": "Point",
        "coordinates": [
          115.0658,
          -2.73747
        ]
      },
      "properties": {
        "confidence": "low",
        "confidence_value": null,
        "sumber": "NASA-SNPP",
        "date_hotspot": "Minggu, 06 September 2026 13:10:00",
        "date_hotspot_ori": "2026-09-06T06:10:00.000000Z",
        "provinsi": null,
        "kabkota": "Hulu Sungai Selatan",
        "desa": "Muning Dalam",
        "hs_id": "2026-09-06T06:10:00.000000Z",
        "provinsi_id": 12,
        "long": 115.0658,
        "ori_sumber": null,
        "desa_id": null,
        "counter": 1,
        "confidence_level": "low",
        "kawasan": "",
        "kecamatan": "Daha Selatan",
        "nama_provinsi": "Kalimantan Selatan",
        "pulau": "",
        "route_create": "https://opsroom.sipongidata.my.id/daops/laporan/groundcheck/create/form",
        "hotspot_date": "2026-09-06",
        "distance_hgu_km": 3.581,
        "zone": "3–5 km",
        "location_status": "OUTSIDE HGU"
      }
    },
    {
      "type": "Feature",
      "geometry": {
        "type": "Point",
        "coordinates": [
          115.20094,
          -2.69815
        ]
      },
      "properties": {
        "confidence": "low",
        "confidence_value": null,
        "sumber": "NASA-SNPP",
        "date_hotspot": "Kamis, 10 September 2026 13:35:00",
        "date_hotspot_ori": "2026-09-10T06:35:00.000000Z",
        "provinsi": null,
        "kabkota": "Hulu Sungai Selatan",
        "desa": "Bangkau",
        "hs_id": "2026-09-10T06:35:00.000000Z",
        "provinsi_id": 12,
        "long": 115.20094,
        "ori_sumber": null,
        "desa_id": null,
        "counter": 1,
        "confidence_level": "low",
        "kawasan": "",
        "kecamatan": "Kandangan",
        "nama_provinsi": "Kalimantan Selatan",
        "pulau": "",
        "route_create": "https://opsroom.sipongidata.my.id/daops/laporan/groundcheck/create/form",
        "hotspot_date": "2026-09-10",
        "distance_hgu_km": 2.728,
        "zone": "1–3 km",
        "location_status": "OUTSIDE HGU"
      }
    },
    {
      "type": "Feature",
      "geometry": {
        "type": "Point",
        "coordinates": [
          115.07779,
          -2.72962
        ]
      },
      "properties": {
        "confidence": "low",
        "confidence_value": null,
        "sumber": "NASA-SNPP",
        "date_hotspot": "Sabtu, 12 September 2026 12:57:00",
        "date_hotspot_ori": "2026-09-12T05:57:00.000000Z",
        "provinsi": null,
        "kabkota": "Hulu Sungai Selatan",
        "desa": "Muning Dalam",
        "hs_id": "2026-09-12T05:57:00.000000Z",
        "provinsi_id": 12,
        "long": 115.07779,
        "ori_sumber": null,
        "desa_id": null,
        "counter": 1,
        "confidence_level": "low",
        "kawasan": "",
        "kecamatan": "Daha Selatan",
        "nama_provinsi": "Kalimantan Selatan",
        "pulau": "",
        "route_create": "https://opsroom.sipongidata.my.id/daops/laporan/groundcheck/create/form",
        "hotspot_date": "2026-09-12",
        "distance_hgu_km": 3.506,
        "zone": "3–5 km",
        "location_status": "OUTSIDE HGU"
      }
    },
    {
      "type": "Feature",
      "geometry": {
        "type": "Point",
        "coordinates": [
          115.10229,
          -2.81799
        ]
      },
      "properties": {
        "confidence": "low",
        "confidence_value": null,
        "sumber": "NASA-SNPP",
        "date_hotspot": "Selasa, 22 September 2026 13:10:00",
        "date_hotspot_ori": "2026-09-22T06:10:00.000000Z",
        "provinsi": null,
        "kabkota": "Hulu Sungai Selatan",
        "desa": "Balimau",
        "hs_id": "2026-09-22T06:10:00.000000Z",
        "provinsi_id": 12,
        "long": 115.10229,
        "ori_sumber": null,
        "desa_id": null,
        "counter": 1,
        "confidence_level": "low",
        "kawasan": "",
        "kecamatan": "Kalumpang",
        "nama_provinsi": "Kalimantan Selatan",
        "pulau": "",
        "route_create": "https://opsroom.sipongidata.my.id/daops/laporan/groundcheck/create/form",
        "hotspot_date": "2026-09-22",
        "distance_hgu_km": 0.0,
        "zone": "Inside HGU",
        "location_status": "INSIDE HGU"
      }
    },
    {
      "type": "Feature",
      "geometry": {
        "type": "Point",
        "coordinates": [
          115.09806,
          -2.70016
        ]
      },
      "properties": {
        "confidence": "low",
        "confidence_value": null,
        "sumber": "NASA-NOAA20",
        "date_hotspot": "Rabu, 30 September 2026 12:40:00",
        "date_hotspot_ori": "2026-09-30T05:40:00.000000Z",
        "provinsi": null,
        "kabkota": "Hulu Sungai Selatan",
        "desa": "Muning Tengah",
        "hs_id": "2026-09-30T05:40:00.000000Z",
        "provinsi_id": 12,
        "long": 115.09806,
        "ori_sumber": null,
        "desa_id": null,
        "counter": 1,
        "confidence_level": "low",
        "kawasan": "",
        "kecamatan": "Daha Selatan",
        "nama_provinsi": "Kalimantan Selatan",
        "pulau": "",
        "route_create": "https://opsroom.sipongidata.my.id/daops/laporan/groundcheck/create/form",
        "hotspot_date": "2026-09-30",
        "distance_hgu_km": 4.685,
        "zone": "3–5 km",
        "location_status": "OUTSIDE HGU"
      }
    },
    {
      "type": "Feature",
      "geometry": {
        "type": "Point",
        "coordinates": [
          115.08681,
          -2.70918
        ]
      },
      "properties": {
        "confidence": "low",
        "confidence_value": null,
        "sumber": "NASA-NOAA20",
        "date_hotspot": "Rabu, 30 September 2026 12:40:00",
        "date_hotspot_ori": "2026-09-30T05:40:00.000000Z",
        "provinsi": null,
        "kabkota": "Hulu Sungai Selatan",
        "desa": "Muning Dalam",
        "hs_id": "2026-09-30T05:40:00.000000Z",
        "provinsi_id": 12,
        "long": 115.08681,
        "ori_sumber": null,
        "desa_id": null,
        "counter": 1,
        "confidence_level": "low",
        "kawasan": "",
        "kecamatan": "Daha Selatan",
        "nama_provinsi": "Kalimantan Selatan",
        "pulau": "",
        "route_create": "https://opsroom.sipongidata.my.id/daops/laporan/groundcheck/create/form",
        "hotspot_date": "2026-09-30",
        "distance_hgu_km": 4.69,
        "zone": "3–5 km",
        "location_status": "OUTSIDE HGU"
      }
    },
    {
      "type": "Feature",
      "geometry": {
        "type": "Point",
        "coordinates": [
          115.09246,
          -2.72713
        ]
      },
      "properties": {
        "confidence": "low",
        "confidence_value": null,
        "sumber": "NASA-NOAA20",
        "date_hotspot": "Minggu, 20 September 2026 12:27:00",
        "date_hotspot_ori": "2026-09-20T05:27:00.000000Z",
        "provinsi": null,
        "kabkota": "Hulu Sungai Selatan",
        "desa": "Muning Dalam",
        "hs_id": "2026-09-20T05:27:00.000000Z",
        "provinsi_id": 12,
        "long": 115.09246,
        "ori_sumber": null,
        "desa_id": null,
        "counter": 1,
        "confidence_level": "low",
        "kawasan": "",
        "kecamatan": "Daha Selatan",
        "nama_provinsi": "Kalimantan Selatan",
        "pulau": "",
        "route_create": "https://opsroom.sipongidata.my.id/daops/laporan/groundcheck/create/form",
        "hotspot_date": "2026-09-20",
        "distance_hgu_km": 2.73,
        "zone": "1–3 km",
        "location_status": "OUTSIDE HGU"
      }
    },
    {
      "type": "Feature",
      "geometry": {
        "type": "Point",
        "coordinates": [
          115.0999,
          -2.88171
        ]
      },
      "properties": {
        "confidence": "low",
        "confidence_value": null,
        "sumber": "NASA-NOAA20",
        "date_hotspot": "Senin, 14 September 2026 12:40:00",
        "date_hotspot_ori": "2026-09-14T05:40:00.000000Z",
        "provinsi": null,
        "kabkota": "Tapin",
        "desa": "Masta",
        "hs_id": "2026-09-14T05:40:00.000000Z",
        "provinsi_id": 12,
        "long": 115.0999,
        "ori_sumber": null,
        "desa_id": null,
        "counter": 1,
        "confidence_level": "low",
        "kawasan": "",
        "kecamatan": "Bakarangan",
        "nama_provinsi": "Kalimantan Selatan",
        "pulau": "",
        "route_create": "https://opsroom.sipongidata.my.id/daops/laporan/groundcheck/create/form",
        "hotspot_date": "2026-09-14",
        "distance_hgu_km": 4.983,
        "zone": "3–5 km",
        "location_status": "OUTSIDE HGU"
      }
    },
    {
      "type": "Feature",
      "geometry": {
        "type": "Point",
        "coordinates": [
          115.18539,
          -2.81026
        ]
      },
      "properties": {
        "confidence": "low",
        "confidence_value": null,
        "sumber": "NASA-NOAA20",
        "date_hotspot": "Senin, 14 September 2026 12:40:00",
        "date_hotspot_ori": "2026-09-14T05:40:00.000000Z",
        "provinsi": null,
        "kabkota": "Hulu Sungai Selatan",
        "desa": "Sirih",
        "hs_id": "2026-09-14T05:40:00.000000Z",
        "provinsi_id": 12,
        "long": 115.18539,
        "ori_sumber": null,
        "desa_id": null,
        "counter": 1,
        "confidence_level": "low",
        "kawasan": "",
        "kecamatan": "Kalumpang",
        "nama_provinsi": "Kalimantan Selatan",
        "pulau": "",
        "route_create": "https://opsroom.sipongidata.my.id/daops/laporan/groundcheck/create/form",
        "hotspot_date": "2026-09-14",
        "distance_hgu_km": 2.101,
        "zone": "1–3 km",
        "location_status": "OUTSIDE HGU"
      }
    },
    {
      "type": "Feature",
      "geometry": {
        "type": "Point",
        "coordinates": [
          115.06231,
          -2.79376
        ]
      },
      "properties": {
        "confidence": "low",
        "confidence_value": null,
        "sumber": "NASA-NOAA20",
        "date_hotspot": "Senin, 14 September 2026 12:40:00",
        "date_hotspot_ori": "2026-09-14T05:40:00.000000Z",
        "provinsi": null,
        "kabkota": "Tapin",
        "desa": "Sungai Rutas",
        "hs_id": "2026-09-14T05:40:00.000000Z",
        "provinsi_id": 12,
        "long": 115.06231,
        "ori_sumber": null,
        "desa_id": null,
        "counter": 1,
        "confidence_level": "low",
        "kawasan": "",
        "kecamatan": "Candi Laras Selatan",
        "nama_provinsi": "Kalimantan Selatan",
        "pulau": "",
        "route_create": "https://opsroom.sipongidata.my.id/daops/laporan/groundcheck/create/form",
        "hotspot_date": "2026-09-14",
        "distance_hgu_km": 1.438,
        "zone": "1–3 km",
        "location_status": "OUTSIDE HGU"
      }
    },
    {
      "type": "Feature",
      "geometry": {
        "type": "Point",
        "coordinates": [
          115.14825,
          -2.69652
        ]
      },
      "properties": {
        "confidence": "low",
        "confidence_value": null,
        "sumber": "NASA-NOAA20",
        "date_hotspot": "Senin, 14 September 2026 12:40:00",
        "date_hotspot_ori": "2026-09-14T05:40:00.000000Z",
        "provinsi": null,
        "kabkota": "Hulu Sungai Selatan",
        "desa": "Muning Baru",
        "hs_id": "2026-09-14T05:40:00.000000Z",
        "provinsi_id": 12,
        "long": 115.14825,
        "ori_sumber": null,
        "desa_id": null,
        "counter": 1,
        "confidence_level": "low",
        "kawasan": "",
        "kecamatan": "Daha Selatan",
        "nama_provinsi": "Kalimantan Selatan",
        "pulau": "",
        "route_create": "https://opsroom.sipongidata.my.id/daops/laporan/groundcheck/create/form",
        "hotspot_date": "2026-09-14",
        "distance_hgu_km": 3.41,
        "zone": "3–5 km",
        "location_status": "OUTSIDE HGU"
      }
    },
    {
      "type": "Feature",
      "geometry": {
        "type": "Point",
        "coordinates": [
          115.16046,
          -2.69471
        ]
      },
      "properties": {
        "confidence": "low",
        "confidence_value": null,
        "sumber": "NASA-NOAA20",
        "date_hotspot": "Senin, 14 September 2026 12:40:00",
        "date_hotspot_ori": "2026-09-14T05:40:00.000000Z",
        "provinsi": null,
        "kabkota": "Hulu Sungai Selatan",
        "desa": "Muning Baru",
        "hs_id": "2026-09-14T05:40:00.000000Z",
        "provinsi_id": 12,
        "long": 115.16046,
        "ori_sumber": null,
        "desa_id": null,
        "counter": 2,
        "confidence_level": "low",
        "kawasan": "",
        "kecamatan": "Daha Selatan",
        "nama_provinsi": "Kalimantan Selatan",
        "pulau": "",
        "route_create": "https://opsroom.sipongidata.my.id/daops/laporan/groundcheck/create/form",
        "hotspot_date": "2026-09-14",
        "distance_hgu_km": 3.614,
        "zone": "3–5 km",
        "location_status": "OUTSIDE HGU"
      }
    },
    {
      "type": "Feature",
      "geometry": {
        "type": "Point",
        "coordinates": [
          115.06178,
          -2.79017
        ]
      },
      "properties": {
        "confidence": "low",
        "confidence_value": null,
        "sumber": "NASA-NOAA20",
        "date_hotspot": "Senin, 14 September 2026 12:40:00",
        "date_hotspot_ori": "2026-09-14T05:40:00.000000Z",
        "provinsi": null,
        "kabkota": "Tapin",
        "desa": "Sungai Rutas",
        "hs_id": "2026-09-14T05:40:00.000000Z",
        "provinsi_id": 12,
        "long": 115.06178,
        "ori_sumber": null,
        "desa_id": null,
        "counter": 2,
        "confidence_level": "low",
        "kawasan": "",
        "kecamatan": "Candi Laras Selatan",
        "nama_provinsi": "Kalimantan Selatan",
        "pulau": "",
        "route_create": "https://opsroom.sipongidata.my.id/daops/laporan/groundcheck/create/form",
        "hotspot_date": "2026-09-14",
        "distance_hgu_km": 1.482,
        "zone": "1–3 km",
        "location_status": "OUTSIDE HGU"
      }
    },
    {
      "type": "Feature",
      "geometry": {
        "type": "Point",
        "coordinates": [
          115.0709,
          -2.76673
        ]
      },
      "properties": {
        "confidence": "low",
        "confidence_value": null,
        "sumber": "NASA-NOAA20",
        "date_hotspot": "Senin, 14 September 2026 12:40:00",
        "date_hotspot_ori": "2026-09-14T05:40:00.000000Z",
        "provinsi": null,
        "kabkota": "Hulu Sungai Selatan",
        "desa": "Muning Dalam",
        "hs_id": "2026-09-14T05:40:00.000000Z",
        "provinsi_id": 12,
        "long": 115.0709,
        "ori_sumber": null,
        "desa_id": null,
        "counter": 1,
        "confidence_level": "low",
        "kawasan": "",
        "kecamatan": "Daha Selatan",
        "nama_provinsi": "Kalimantan Selatan",
        "pulau": "",
        "route_create": "https://opsroom.sipongidata.my.id/daops/laporan/groundcheck/create/form",
        "hotspot_date": "2026-09-14",
        "distance_hgu_km": 0.619,
        "zone": "0–1 km",
        "location_status": "OUTSIDE HGU"
      }
    },
    {
      "type": "Feature",
      "geometry": {
        "type": "Point",
        "coordinates": [
          115.07447,
          -2.76252
        ]
      },
      "properties": {
        "confidence": "low",
        "confidence_value": null,
        "sumber": "NASA-NOAA20",
        "date_hotspot": "Senin, 14 September 2026 12:40:00",
        "date_hotspot_ori": "2026-09-14T05:40:00.000000Z",
        "provinsi": null,
        "kabkota": "Hulu Sungai Selatan",
        "desa": "Muning Dalam",
        "hs_id": "2026-09-14T05:40:00.000000Z",
        "provinsi_id": 12,
        "long": 115.07447,
        "ori_sumber": null,
        "desa_id": null,
        "counter": 1,
        "confidence_level": "low",
        "kawasan": "",
        "kecamatan": "Daha Selatan",
        "nama_provinsi": "Kalimantan Selatan",
        "pulau": "",
        "route_create": "https://opsroom.sipongidata.my.id/daops/laporan/groundcheck/create/form",
        "hotspot_date": "2026-09-14",
        "distance_hgu_km": 0.766,
        "zone": "0–1 km",
        "location_status": "OUTSIDE HGU"
      }
    },
    {
      "type": "Feature",
      "geometry": {
        "type": "Point",
        "coordinates": [
          115.10654,
          -2.72468
        ]
      },
      "properties": {
        "confidence": "low",
        "confidence_value": null,
        "sumber": "NASA-NOAA20",
        "date_hotspot": "Senin, 14 September 2026 12:40:00",
        "date_hotspot_ori": "2026-09-14T05:40:00.000000Z",
        "provinsi": null,
        "kabkota": "Hulu Sungai Selatan",
        "desa": "Muning Dalam",
        "hs_id": "2026-09-14T05:40:00.000000Z",
        "provinsi_id": 12,
        "long": 115.10654,
        "ori_sumber": null,
        "desa_id": null,
        "counter": 2,
        "confidence_level": "low",
        "kawasan": "",
        "kecamatan": "Daha Selatan",
        "nama_provinsi": "Kalimantan Selatan",
        "pulau": "",
        "route_create": "https://opsroom.sipongidata.my.id/daops/laporan/groundcheck/create/form",
        "hotspot_date": "2026-09-14",
        "distance_hgu_km": 2.005,
        "zone": "1–3 km",
        "location_status": "OUTSIDE HGU"
      }
    },
    {
      "type": "Feature",
      "geometry": {
        "type": "Point",
        "coordinates": [
          115.06911,
          -2.7266
        ]
      },
      "properties": {
        "confidence": "low",
        "confidence_value": null,
        "sumber": "NASA-NOAA20",
        "date_hotspot": "Senin, 14 September 2026 12:40:00",
        "date_hotspot_ori": "2026-09-14T05:40:00.000000Z",
        "provinsi": null,
        "kabkota": "Hulu Sungai Selatan",
        "desa": "Tanjung Selor",
        "hs_id": "2026-09-14T05:40:00.000000Z",
        "provinsi_id": 12,
        "long": 115.06911,
        "ori_sumber": null,
        "desa_id": null,
        "counter": 1,
        "confidence_level": "low",
        "kawasan": "",
        "kecamatan": "Daha Barat",
        "nama_provinsi": "Kalimantan Selatan",
        "pulau": "",
        "route_create": "https://opsroom.sipongidata.my.id/daops/laporan/groundcheck/create/form",
        "hotspot_date": "2026-09-14",
        "distance_hgu_km": 4.356,
        "zone": "3–5 km",
        "location_status": "OUTSIDE HGU"
      }
    },
    {
      "type": "Feature",
      "geometry": {
        "type": "Point",
        "coordinates": [
          115.13142,
          -2.69536
        ]
      },
      "properties": {
        "confidence": "low",
        "confidence_value": null,
        "sumber": "NASA-NOAA20",
        "date_hotspot": "Senin, 14 September 2026 12:40:00",
        "date_hotspot_ori": "2026-09-14T05:40:00.000000Z",
        "provinsi": null,
        "kabkota": "Hulu Sungai Selatan",
        "desa": "Muning Baru",
        "hs_id": "2026-09-14T05:40:00.000000Z",
        "provinsi_id": 12,
        "long": 115.13142,
        "ori_sumber": null,
        "desa_id": null,
        "counter": 1,
        "confidence_level": "low",
        "kawasan": "",
        "kecamatan": "Daha Selatan",
        "nama_provinsi": "Kalimantan Selatan",
        "pulau": "",
        "route_create": "https://opsroom.sipongidata.my.id/daops/laporan/groundcheck/create/form",
        "hotspot_date": "2026-09-14",
        "distance_hgu_km": 3.114,
        "zone": "3–5 km",
        "location_status": "OUTSIDE HGU"
      }
    },
    {
      "type": "Feature",
      "geometry": {
        "type": "Point",
        "coordinates": [
          115.18592,
          -2.81384
        ]
      },
      "properties": {
        "confidence": "low",
        "confidence_value": null,
        "sumber": "NASA-NOAA20",
        "date_hotspot": "Senin, 14 September 2026 12:40:00",
        "date_hotspot_ori": "2026-09-14T05:40:00.000000Z",
        "provinsi": null,
        "kabkota": "Hulu Sungai Selatan",
        "desa": "Sirih Hulu",
        "hs_id": "2026-09-14T05:40:00.000000Z",
        "provinsi_id": 12,
        "long": 115.18592,
        "ori_sumber": null,
        "desa_id": null,
        "counter": 1,
        "confidence_level": "low",
        "kawasan": "",
        "kecamatan": "Kalumpang",
        "nama_provinsi": "Kalimantan Selatan",
        "pulau": "",
        "route_create": "https://opsroom.sipongidata.my.id/daops/laporan/groundcheck/create/form",
        "hotspot_date": "2026-09-14",
        "distance_hgu_km": 2.439,
        "zone": "1–3 km",
        "location_status": "OUTSIDE HGU"
      }
    },
    {
      "type": "Feature",
      "geometry": {
        "type": "Point",
        "coordinates": [
          115.21744,
          -2.71542
        ]
      },
      "properties": {
        "confidence": "low",
        "confidence_value": null,
        "sumber": "NASA-NOAA20",
        "date_hotspot": "Senin, 14 September 2026 12:40:00",
        "date_hotspot_ori": "2026-09-14T05:40:00.000000Z",
        "provinsi": null,
        "kabkota": "Hulu Sungai Selatan",
        "desa": "Sungai Kupang",
        "hs_id": "2026-09-14T05:40:00.000000Z",
        "provinsi_id": 12,
        "long": 115.21744,
        "ori_sumber": null,
        "desa_id": null,
        "counter": 1,
        "confidence_level": "low",
        "kawasan": "",
        "kecamatan": "Kandangan",
        "nama_provinsi": "Kalimantan Selatan",
        "pulau": "",
        "route_create": "https://opsroom.sipongidata.my.id/daops/laporan/groundcheck/create/form",
        "hotspot_date": "2026-09-14",
        "distance_hgu_km": 2.902,
        "zone": "1–3 km",
        "location_status": "OUTSIDE HGU"
      }
    },
    {
      "type": "Feature",
      "geometry": {
        "type": "Point",
        "coordinates": [
          115.06642,
          -2.79313
        ]
      },
      "properties": {
        "confidence": "low",
        "confidence_value": null,
        "sumber": "NASA-NOAA20",
        "date_hotspot": "Senin, 14 September 2026 12:40:00",
        "date_hotspot_ori": "2026-09-14T05:40:00.000000Z",
        "provinsi": null,
        "kabkota": "Tapin",
        "desa": "Sungai Rutas",
        "hs_id": "2026-09-14T05:40:00.000000Z",
        "provinsi_id": 12,
        "long": 115.06642,
        "ori_sumber": null,
        "desa_id": null,
        "counter": 1,
        "confidence_level": "low",
        "kawasan": "",
        "kecamatan": "Candi Laras Selatan",
        "nama_provinsi": "Kalimantan Selatan",
        "pulau": "",
        "route_create": "https://opsroom.sipongidata.my.id/daops/laporan/groundcheck/create/form",
        "hotspot_date": "2026-09-14",
        "distance_hgu_km": 1.004,
        "zone": "1–3 km",
        "location_status": "OUTSIDE HGU"
      }
    },
    {
      "type": "Feature",
      "geometry": {
        "type": "Point",
        "coordinates": [
          115.1693,
          -2.84192
        ]
      },
      "properties": {
        "confidence": "low",
        "confidence_value": null,
        "sumber": "NASA-NOAA20",
        "date_hotspot": "Senin, 14 September 2026 12:40:00",
        "date_hotspot_ori": "2026-09-14T05:40:00.000000Z",
        "provinsi": null,
        "kabkota": "Hulu Sungai Selatan",
        "desa": "Sirih",
        "hs_id": "2026-09-14T05:40:00.000000Z",
        "provinsi_id": 12,
        "long": 115.1693,
        "ori_sumber": null,
        "desa_id": null,
        "counter": 2,
        "confidence_level": "low",
        "kawasan": "",
        "kecamatan": "Kalumpang",
        "nama_provinsi": "Kalimantan Selatan",
        "pulau": "",
        "route_create": "https://opsroom.sipongidata.my.id/daops/laporan/groundcheck/create/form",
        "hotspot_date": "2026-09-14",
        "distance_hgu_km": 4.778,
        "zone": "3–5 km",
        "location_status": "OUTSIDE HGU"
      }
    },
    {
      "type": "Feature",
      "geometry": {
        "type": "Point",
        "coordinates": [
          115.13957,
          -2.69415
        ]
      },
      "properties": {
        "confidence": "low",
        "confidence_value": null,
        "sumber": "NASA-NOAA20",
        "date_hotspot": "Senin, 14 September 2026 12:40:00",
        "date_hotspot_ori": "2026-09-14T05:40:00.000000Z",
        "provinsi": null,
        "kabkota": "Hulu Sungai Selatan",
        "desa": "Muning Baru",
        "hs_id": "2026-09-14T05:40:00.000000Z",
        "provinsi_id": 12,
        "long": 115.13957,
        "ori_sumber": null,
        "desa_id": null,
        "counter": 1,
        "confidence_level": "low",
        "kawasan": "",
        "kecamatan": "Daha Selatan",
        "nama_provinsi": "Kalimantan Selatan",
        "pulau": "",
        "route_create": "https://opsroom.sipongidata.my.id/daops/laporan/groundcheck/create/form",
        "hotspot_date": "2026-09-14",
        "distance_hgu_km": 3.315,
        "zone": "3–5 km",
        "location_status": "OUTSIDE HGU"
      }
    },
    {
      "type": "Feature",
      "geometry": {
        "type": "Point",
        "coordinates": [
          115.07381,
          -2.83644
        ]
      },
      "properties": {
        "confidence": "low",
        "confidence_value": null,
        "sumber": "NASA-SNPP",
        "date_hotspot": "Jumat, 18 September 2026 12:46:00",
        "date_hotspot_ori": "2026-09-18T05:46:00.000000Z",
        "provinsi": null,
        "kabkota": "Hulu Sungai Selatan",
        "desa": "Balimau",
        "hs_id": "2026-09-18T05:46:00.000000Z",
        "provinsi_id": 12,
        "long": 115.07381,
        "ori_sumber": null,
        "desa_id": null,
        "counter": 1,
        "confidence_level": "low",
        "kawasan": "",
        "kecamatan": "Kalumpang",
        "nama_provinsi": "Kalimantan Selatan",
        "pulau": "",
        "route_create": "https://opsroom.sipongidata.my.id/daops/laporan/groundcheck/create/form",
        "hotspot_date": "2026-09-18",
        "distance_hgu_km": 0.414,
        "zone": "0–1 km",
        "location_status": "OUTSIDE HGU"
      }
    },
    {
      "type": "Feature",
      "geometry": {
        "type": "Point",
        "coordinates": [
          115.05016,
          -2.83792
        ]
      },
      "properties": {
        "confidence": "low",
        "confidence_value": null,
        "sumber": "NASA-NOAA20",
        "date_hotspot": "Rabu, 30 September 2026 12:40:00",
        "date_hotspot_ori": "2026-09-30T05:40:00.000000Z",
        "provinsi": null,
        "kabkota": "Tapin",
        "desa": "Sungai Rutas",
        "hs_id": "2026-09-30T05:40:00.000000Z",
        "provinsi_id": 12,
        "long": 115.05016,
        "ori_sumber": null,
        "desa_id": null,
        "counter": 1,
        "confidence_level": "low",
        "kawasan": "",
        "kecamatan": "Candi Laras Selatan",
        "nama_provinsi": "Kalimantan Selatan",
        "pulau": "",
        "route_create": "https://opsroom.sipongidata.my.id/daops/laporan/groundcheck/create/form",
        "hotspot_date": "2026-09-30",
        "distance_hgu_km": 3.014,
        "zone": "3–5 km",
        "location_status": "OUTSIDE HGU"
      }
    },
    {
      "type": "Feature",
      "geometry": {
        "type": "Point",
        "coordinates": [
          115.1408,
          -2.83802
        ]
      },
      "properties": {
        "confidence": "low",
        "confidence_value": null,
        "sumber": "NASA-NOAA20",
        "date_hotspot": "Kamis, 01 Oktober 2026 12:23:00",
        "date_hotspot_ori": "2026-10-01T05:23:00.000000Z",
        "provinsi": null,
        "kabkota": "Hulu Sungai Selatan",
        "desa": "Kalumpang",
        "hs_id": "2026-10-01T05:23:00.000000Z",
        "provinsi_id": 12,
        "long": 115.1408,
        "ori_sumber": null,
        "desa_id": null,
        "counter": 1,
        "confidence_level": "low",
        "kawasan": "",
        "kecamatan": "Kalumpang",
        "nama_provinsi": "Kalimantan Selatan",
        "pulau": "",
        "route_create": "https://opsroom.sipongidata.my.id/daops/laporan/groundcheck/create/form",
        "hotspot_date": "2026-10-01",
        "distance_hgu_km": 3.122,
        "zone": "3–5 km",
        "location_status": "OUTSIDE HGU"
      }
    },
    {
      "type": "Feature",
      "geometry": {
        "type": "Point",
        "coordinates": [
          115.07512,
          -2.84607
        ]
      },
      "properties": {
        "confidence": "low",
        "confidence_value": null,
        "sumber": "NASA-NOAA20",
        "date_hotspot": "Minggu, 13 September 2026 12:57:00",
        "date_hotspot_ori": "2026-09-13T05:57:00.000000Z",
        "provinsi": null,
        "kabkota": "Tapin",
        "desa": "Masta",
        "hs_id": "2026-09-13T05:57:00.000000Z",
        "provinsi_id": 12,
        "long": 115.07512,
        "ori_sumber": null,
        "desa_id": null,
        "counter": 1,
        "confidence_level": "low",
        "kawasan": "",
        "kecamatan": "Bakarangan",
        "nama_provinsi": "Kalimantan Selatan",
        "pulau": "",
        "route_create": "https://opsroom.sipongidata.my.id/daops/laporan/groundcheck/create/form",
        "hotspot_date": "2026-09-13",
        "distance_hgu_km": 1.207,
        "zone": "1–3 km",
        "location_status": "OUTSIDE HGU"
      }
    },
    {
      "type": "Feature",
      "geometry": {
        "type": "Point",
        "coordinates": [
          115.10387,
          -2.79109
        ]
      },
      "properties": {
        "confidence": "low",
        "confidence_value": null,
        "sumber": "NASA-NOAA20",
        "date_hotspot": "Senin, 14 September 2026 12:40:00",
        "date_hotspot_ori": "2026-09-14T05:40:00.000000Z",
        "provinsi": null,
        "kabkota": "Hulu Sungai Selatan",
        "desa": "Bago Tanggul",
        "hs_id": "2026-09-14T05:40:00.000000Z",
        "provinsi_id": 12,
        "long": 115.10387,
        "ori_sumber": null,
        "desa_id": null,
        "counter": 1,
        "confidence_level": "low",
        "kawasan": "",
        "kecamatan": "Kalumpang",
        "nama_provinsi": "Kalimantan Selatan",
        "pulau": "",
        "route_create": "https://opsroom.sipongidata.my.id/daops/laporan/groundcheck/create/form",
        "hotspot_date": "2026-09-14",
        "distance_hgu_km": 0.0,
        "zone": "Inside HGU",
        "location_status": "INSIDE HGU"
      }
    },
    {
      "type": "Feature",
      "geometry": {
        "type": "Point",
        "coordinates": [
          115.09706,
          -2.8344
        ]
      },
      "properties": {
        "confidence": "low",
        "confidence_value": null,
        "sumber": "NASA-NOAA20",
        "date_hotspot": "Senin, 14 September 2026 12:40:00",
        "date_hotspot_ori": "2026-09-14T05:40:00.000000Z",
        "provinsi": null,
        "kabkota": "Tapin",
        "desa": "Masta",
        "hs_id": "2026-09-14T05:40:00.000000Z",
        "provinsi_id": 12,
        "long": 115.09706,
        "ori_sumber": null,
        "desa_id": null,
        "counter": 1,
        "confidence_level": "low",
        "kawasan": "",
        "kecamatan": "Bakarangan",
        "nama_provinsi": "Kalimantan Selatan",
        "pulau": "",
        "route_create": "https://opsroom.sipongidata.my.id/daops/laporan/groundcheck/create/form",
        "hotspot_date": "2026-09-14",
        "distance_hgu_km": 0.398,
        "zone": "0–1 km",
        "location_status": "OUTSIDE HGU"
      }
    },
    {
      "type": "Feature",
      "geometry": {
        "type": "Point",
        "coordinates": [
          115.13912,
          -2.83546
        ]
      },
      "properties": {
        "confidence": "low",
        "confidence_value": null,
        "sumber": "NASA-NOAA20",
        "date_hotspot": "Senin, 14 September 2026 12:40:00",
        "date_hotspot_ori": "2026-09-14T05:40:00.000000Z",
        "provinsi": null,
        "kabkota": "Hulu Sungai Selatan",
        "desa": "Karang Paci",
        "hs_id": "2026-09-14T05:40:00.000000Z",
        "provinsi_id": 12,
        "long": 115.13912,
        "ori_sumber": null,
        "desa_id": null,
        "counter": 1,
        "confidence_level": "low",
        "kawasan": "",
        "kecamatan": "Kalumpang",
        "nama_provinsi": "Kalimantan Selatan",
        "pulau": "",
        "route_create": "https://opsroom.sipongidata.my.id/daops/laporan/groundcheck/create/form",
        "hotspot_date": "2026-09-14",
        "distance_hgu_km": 2.786,
        "zone": "1–3 km",
        "location_status": "OUTSIDE HGU"
      }
    },
    {
      "type": "Feature",
      "geometry": {
        "type": "Point",
        "coordinates": [
          115.12578,
          -2.83012
        ]
      },
      "properties": {
        "confidence": "low",
        "confidence_value": null,
        "sumber": "NASA-NOAA20",
        "date_hotspot": "Senin, 14 September 2026 12:40:00",
        "date_hotspot_ori": "2026-09-14T05:40:00.000000Z",
        "provinsi": null,
        "kabkota": "Hulu Sungai Selatan",
        "desa": "Balimau",
        "hs_id": "2026-09-14T05:40:00.000000Z",
        "provinsi_id": 12,
        "long": 115.12578,
        "ori_sumber": null,
        "desa_id": null,
        "counter": 1,
        "confidence_level": "low",
        "kawasan": "",
        "kecamatan": "Kalumpang",
        "nama_provinsi": "Kalimantan Selatan",
        "pulau": "",
        "route_create": "https://opsroom.sipongidata.my.id/daops/laporan/groundcheck/create/form",
        "hotspot_date": "2026-09-14",
        "distance_hgu_km": 1.651,
        "zone": "1–3 km",
        "location_status": "OUTSIDE HGU"
      }
    },
    {
      "type": "Feature",
      "geometry": {
        "type": "Point",
        "coordinates": [
          115.14471,
          -2.7007
        ]
      },
      "properties": {
        "confidence": "low",
        "confidence_value": null,
        "sumber": "NASA-NOAA20",
        "date_hotspot": "Senin, 14 September 2026 12:40:00",
        "date_hotspot_ori": "2026-09-14T05:40:00.000000Z",
        "provinsi": null,
        "kabkota": "Hulu Sungai Selatan",
        "desa": "Muning Baru",
        "hs_id": "2026-09-14T05:40:00.000000Z",
        "provinsi_id": 12,
        "long": 115.14471,
        "ori_sumber": null,
        "desa_id": null,
        "counter": 1,
        "confidence_level": "low",
        "kawasan": "",
        "kecamatan": "Daha Selatan",
        "nama_provinsi": "Kalimantan Selatan",
        "pulau": "",
        "route_create": "https://opsroom.sipongidata.my.id/daops/laporan/groundcheck/create/form",
        "hotspot_date": "2026-09-14",
        "distance_hgu_km": 2.817,
        "zone": "1–3 km",
        "location_status": "OUTSIDE HGU"
      }
    },
    {
      "type": "Feature",
      "geometry": {
        "type": "Point",
        "coordinates": [
          115.14977,
          -2.83509
        ]
      },
      "properties": {
        "confidence": "low",
        "confidence_value": null,
        "sumber": "NASA-NOAA20",
        "date_hotspot": "Rabu, 23 September 2026 13:12:00",
        "date_hotspot_ori": "2026-09-23T06:12:00.000000Z",
        "provinsi": null,
        "kabkota": "Hulu Sungai Selatan",
        "desa": "Kalumpang",
        "hs_id": "2026-09-23T06:12:00.000000Z",
        "provinsi_id": 12,
        "long": 115.14977,
        "ori_sumber": null,
        "desa_id": null,
        "counter": 2,
        "confidence_level": "low",
        "kawasan": "",
        "kecamatan": "Kalumpang",
        "nama_provinsi": "Kalimantan Selatan",
        "pulau": "",
        "route_create": "https://opsroom.sipongidata.my.id/daops/laporan/groundcheck/create/form",
        "hotspot_date": "2026-09-23",
        "distance_hgu_km": 3.225,
        "zone": "3–5 km",
        "location_status": "OUTSIDE HGU"
      }
    },
    {
      "type": "Feature",
      "geometry": {
        "type": "Point",
        "coordinates": [
          115.17519,
          -2.76559
        ]
      },
      "properties": {
        "confidence": "low",
        "confidence_value": null,
        "sumber": "NASA-NOAA20",
        "date_hotspot": "Senin, 14 September 2026 12:40:00",
        "date_hotspot_ori": "2026-09-14T05:40:00.000000Z",
        "provinsi": null,
        "kabkota": "Hulu Sungai Selatan",
        "desa": "Panjampang Bahagia",
        "hs_id": "2026-09-14T05:40:00.000000Z",
        "provinsi_id": 12,
        "long": 115.17519,
        "ori_sumber": null,
        "desa_id": null,
        "counter": 1,
        "confidence_level": "low",
        "kawasan": "",
        "kecamatan": "Simpur",
        "nama_provinsi": "Kalimantan Selatan",
        "pulau": "",
        "route_create": "https://opsroom.sipongidata.my.id/daops/laporan/groundcheck/create/form",
        "hotspot_date": "2026-09-14",
        "distance_hgu_km": 0.0,
        "zone": "Inside HGU",
        "location_status": "INSIDE HGU"
      }
    },
    {
      "type": "Feature",
      "geometry": {
        "type": "Point",
        "coordinates": [
          115.16032,
          -2.72855
        ]
      },
      "properties": {
        "confidence": "low",
        "confidence_value": null,
        "sumber": "NASA-SNPP",
        "date_hotspot": "Jumat, 02 Oktober 2026 13:25:00",
        "date_hotspot_ori": "2026-10-02T06:25:00.000000Z",
        "provinsi": null,
        "kabkota": "Hulu Sungai Selatan",
        "desa": "Pantai Ulin",
        "hs_id": "2026-10-02T06:25:00.000000Z",
        "provinsi_id": 12,
        "long": 115.16032,
        "ori_sumber": null,
        "desa_id": null,
        "counter": 2,
        "confidence_level": "low",
        "kawasan": "",
        "kecamatan": "Simpur",
        "nama_provinsi": "Kalimantan Selatan",
        "pulau": "",
        "route_create": "https://opsroom.sipongidata.my.id/daops/laporan/groundcheck/create/form",
        "hotspot_date": "2026-10-02",
        "distance_hgu_km": 0.097,
        "zone": "0–1 km",
        "location_status": "OUTSIDE HGU"
      }
    },
    {
      "type": "Feature",
      "geometry": {
        "type": "Point",
        "coordinates": [
          115.14792,
          -2.81092
        ]
      },
      "properties": {
        "confidence": "low",
        "confidence_value": null,
        "sumber": "NASA-SNPP",
        "date_hotspot": "Selasa, 22 September 2026 13:10:00",
        "date_hotspot_ori": "2026-09-22T06:10:00.000000Z",
        "provinsi": null,
        "kabkota": "Hulu Sungai Selatan",
        "desa": "Karang Bulan",
        "hs_id": "2026-09-22T06:10:00.000000Z",
        "provinsi_id": 12,
        "long": 115.14792,
        "ori_sumber": null,
        "desa_id": null,
        "counter": 1,
        "confidence_level": "low",
        "kawasan": "",
        "kecamatan": "Kalumpang",
        "nama_provinsi": "Kalimantan Selatan",
        "pulau": "",
        "route_create": "https://opsroom.sipongidata.my.id/daops/laporan/groundcheck/create/form",
        "hotspot_date": "2026-09-22",
        "distance_hgu_km": 0.689,
        "zone": "0–1 km",
        "location_status": "OUTSIDE HGU"
      }
    },
    {
      "type": "Feature",
      "geometry": {
        "type": "Point",
        "coordinates": [
          115.10803,
          -2.74369
        ]
      },
      "properties": {
        "confidence": "low",
        "confidence_value": null,
        "sumber": "NASA-NOAA20",
        "date_hotspot": "Minggu, 13 September 2026 12:57:00",
        "date_hotspot_ori": "2026-09-13T05:57:00.000000Z",
        "provinsi": null,
        "kabkota": "Hulu Sungai Selatan",
        "desa": "Muning Dalam",
        "hs_id": "2026-09-13T05:57:00.000000Z",
        "provinsi_id": 12,
        "long": 115.10803,
        "ori_sumber": null,
        "desa_id": null,
        "counter": 1,
        "confidence_level": "low",
        "kawasan": "",
        "kecamatan": "Daha Selatan",
        "nama_provinsi": "Kalimantan Selatan",
        "pulau": "",
        "route_create": "https://opsroom.sipongidata.my.id/daops/laporan/groundcheck/create/form",
        "hotspot_date": "2026-09-13",
        "distance_hgu_km": 0.224,
        "zone": "0–1 km",
        "location_status": "OUTSIDE HGU"
      }
    },
    {
      "type": "Feature",
      "geometry": {
        "type": "Point",
        "coordinates": [
          115.16441,
          -2.84364
        ]
      },
      "properties": {
        "confidence": "low",
        "confidence_value": null,
        "sumber": "NASA-NOAA20",
        "date_hotspot": "Minggu, 13 September 2026 12:57:00",
        "date_hotspot_ori": "2026-09-13T05:57:00.000000Z",
        "provinsi": null,
        "kabkota": "Hulu Sungai Selatan",
        "desa": "Kalumpang",
        "hs_id": "2026-09-13T05:57:00.000000Z",
        "provinsi_id": 12,
        "long": 115.16441,
        "ori_sumber": null,
        "desa_id": null,
        "counter": 1,
        "confidence_level": "low",
        "kawasan": "",
        "kecamatan": "Kalumpang",
        "nama_provinsi": "Kalimantan Selatan",
        "pulau": "",
        "route_create": "https://opsroom.sipongidata.my.id/daops/laporan/groundcheck/create/form",
        "hotspot_date": "2026-09-13",
        "distance_hgu_km": 4.737,
        "zone": "3–5 km",
        "location_status": "OUTSIDE HGU"
      }
    },
    {
      "type": "Feature",
      "geometry": {
        "type": "Point",
        "coordinates": [
          115.09801,
          -2.78872
        ]
      },
      "properties": {
        "confidence": "low",
        "confidence_value": null,
        "sumber": "NASA-SNPP",
        "date_hotspot": "Minggu, 06 September 2026 13:10:00",
        "date_hotspot_ori": "2026-09-06T06:10:00.000000Z",
        "provinsi": null,
        "kabkota": "Hulu Sungai Selatan",
        "desa": "Bago Tanggul",
        "hs_id": "2026-09-06T06:10:00.000000Z",
        "provinsi_id": 12,
        "long": 115.09801,
        "ori_sumber": null,
        "desa_id": null,
        "counter": 1,
        "confidence_level": "low",
        "kawasan": "",
        "kecamatan": "Kalumpang",
        "nama_provinsi": "Kalimantan Selatan",
        "pulau": "",
        "route_create": "https://opsroom.sipongidata.my.id/daops/laporan/groundcheck/create/form",
        "hotspot_date": "2026-09-06",
        "distance_hgu_km": 0.0,
        "zone": "Inside HGU",
        "location_status": "INSIDE HGU"
      }
    },
    {
      "type": "Feature",
      "geometry": {
        "type": "Point",
        "coordinates": [
          115.15855,
          -2.76431
        ]
      },
      "properties": {
        "confidence": "low",
        "confidence_value": null,
        "sumber": "NASA-SNPP",
        "date_hotspot": "Minggu, 06 September 2026 13:10:00",
        "date_hotspot_ori": "2026-09-06T06:10:00.000000Z",
        "provinsi": null,
        "kabkota": "Hulu Sungai Selatan",
        "desa": "Garunggang",
        "hs_id": "2026-09-06T06:10:00.000000Z",
        "provinsi_id": 12,
        "long": 115.15855,
        "ori_sumber": null,
        "desa_id": null,
        "counter": 1,
        "confidence_level": "low",
        "kawasan": "",
        "kecamatan": "Simpur",
        "nama_provinsi": "Kalimantan Selatan",
        "pulau": "",
        "route_create": "https://opsroom.sipongidata.my.id/daops/laporan/groundcheck/create/form",
        "hotspot_date": "2026-09-06",
        "distance_hgu_km": 0.0,
        "zone": "Inside HGU",
        "location_status": "INSIDE HGU"
      }
    },
    {
      "type": "Feature",
      "geometry": {
        "type": "Point",
        "coordinates": [
          115.12127,
          -2.71726
        ]
      },
      "properties": {
        "confidence": "low",
        "confidence_value": null,
        "sumber": "NASA-SNPP",
        "date_hotspot": "Senin, 28 September 2026 12:57:00",
        "date_hotspot_ori": "2026-09-28T05:57:00.000000Z",
        "provinsi": null,
        "kabkota": "Hulu Sungai Selatan",
        "desa": "Muning Baru",
        "hs_id": "2026-09-28T05:57:00.000000Z",
        "provinsi_id": 12,
        "long": 115.12127,
        "ori_sumber": null,
        "desa_id": null,
        "counter": 1,
        "confidence_level": "low",
        "kawasan": "",
        "kecamatan": "Daha Selatan",
        "nama_provinsi": "Kalimantan Selatan",
        "pulau": "",
        "route_create": "https://opsroom.sipongidata.my.id/daops/laporan/groundcheck/create/form",
        "hotspot_date": "2026-09-28",
        "distance_hgu_km": 1.488,
        "zone": "1–3 km",
        "location_status": "OUTSIDE HGU"
      }
    },
    {
      "type": "Feature",
      "geometry": {
        "type": "Point",
        "coordinates": [
          115.16124,
          -2.69419
        ]
      },
      "properties": {
        "confidence": "low",
        "confidence_value": null,
        "sumber": "NASA-SNPP",
        "date_hotspot": "Senin, 14 September 2026 12:21:00",
        "date_hotspot_ori": "2026-09-14T05:21:00.000000Z",
        "provinsi": null,
        "kabkota": "Hulu Sungai Selatan",
        "desa": "Muning Baru",
        "hs_id": "2026-09-14T05:21:00.000000Z",
        "provinsi_id": 12,
        "long": 115.16124,
        "ori_sumber": null,
        "desa_id": null,
        "counter": 2,
        "confidence_level": "low",
        "kawasan": "",
        "kecamatan": "Daha Selatan",
        "nama_provinsi": "Kalimantan Selatan",
        "pulau": "",
        "route_create": "https://opsroom.sipongidata.my.id/daops/laporan/groundcheck/create/form",
        "hotspot_date": "2026-09-14",
        "distance_hgu_km": 3.638,
        "zone": "3–5 km",
        "location_status": "OUTSIDE HGU"
      }
    },
    {
      "type": "Feature",
      "geometry": {
        "type": "Point",
        "coordinates": [
          115.1577,
          -2.69473
        ]
      },
      "properties": {
        "confidence": "low",
        "confidence_value": null,
        "sumber": "NASA-SNPP",
        "date_hotspot": "Senin, 14 September 2026 12:21:00",
        "date_hotspot_ori": "2026-09-14T05:21:00.000000Z",
        "provinsi": null,
        "kabkota": "Hulu Sungai Selatan",
        "desa": "Muning Baru",
        "hs_id": "2026-09-14T05:21:00.000000Z",
        "provinsi_id": 12,
        "long": 115.1577,
        "ori_sumber": null,
        "desa_id": null,
        "counter": 1,
        "confidence_level": "low",
        "kawasan": "",
        "kecamatan": "Daha Selatan",
        "nama_provinsi": "Kalimantan Selatan",
        "pulau": "",
        "route_create": "https://opsroom.sipongidata.my.id/daops/laporan/groundcheck/create/form",
        "hotspot_date": "2026-09-14",
        "distance_hgu_km": 3.715,
        "zone": "3–5 km",
        "location_status": "OUTSIDE HGU"
      }
    },
    {
      "type": "Feature",
      "geometry": {
        "type": "Point",
        "coordinates": [
          115.10565,
          -2.74681
        ]
      },
      "properties": {
        "confidence": "low",
        "confidence_value": null,
        "sumber": "NASA-NOAA20",
        "date_hotspot": "Senin, 14 September 2026 12:40:00",
        "date_hotspot_ori": "2026-09-14T05:40:00.000000Z",
        "provinsi": null,
        "kabkota": "Hulu Sungai Selatan",
        "desa": "Bago Tanggul",
        "hs_id": "2026-09-14T05:40:00.000000Z",
        "provinsi_id": 12,
        "long": 115.10565,
        "ori_sumber": null,
        "desa_id": null,
        "counter": 2,
        "confidence_level": "low",
        "kawasan": "",
        "kecamatan": "Kalumpang",
        "nama_provinsi": "Kalimantan Selatan",
        "pulau": "",
        "route_create": "https://opsroom.sipongidata.my.id/daops/laporan/groundcheck/create/form",
        "hotspot_date": "2026-09-14",
        "distance_hgu_km": 0.109,
        "zone": "0–1 km",
        "location_status": "OUTSIDE HGU"
      }
    },
    {
      "type": "Feature",
      "geometry": {
        "type": "Point",
        "coordinates": [
          115.19122,
          -2.73394
        ]
      },
      "properties": {
        "confidence": "low",
        "confidence_value": null,
        "sumber": "NASA-NOAA20",
        "date_hotspot": "Senin, 14 September 2026 12:40:00",
        "date_hotspot_ori": "2026-09-14T05:40:00.000000Z",
        "provinsi": null,
        "kabkota": "Hulu Sungai Selatan",
        "desa": "Pantai Ulin",
        "hs_id": "2026-09-14T05:40:00.000000Z",
        "provinsi_id": 12,
        "long": 115.19122,
        "ori_sumber": null,
        "desa_id": null,
        "counter": 1,
        "confidence_level": "low",
        "kawasan": "",
        "kecamatan": "Simpur",
        "nama_provinsi": "Kalimantan Selatan",
        "pulau": "",
        "route_create": "https://opsroom.sipongidata.my.id/daops/laporan/groundcheck/create/form",
        "hotspot_date": "2026-09-14",
        "distance_hgu_km": 0.0,
        "zone": "Inside HGU",
        "location_status": "INSIDE HGU"
      }
    },
    {
      "type": "Feature",
      "geometry": {
        "type": "Point",
        "coordinates": [
          115.12486,
          -2.70731
        ]
      },
      "properties": {
        "confidence": "low",
        "confidence_value": null,
        "sumber": "NASA-NOAA20",
        "date_hotspot": "Senin, 14 September 2026 12:40:00",
        "date_hotspot_ori": "2026-09-14T05:40:00.000000Z",
        "provinsi": null,
        "kabkota": "Hulu Sungai Selatan",
        "desa": "Muning Baru",
        "hs_id": "2026-09-14T05:40:00.000000Z",
        "provinsi_id": 12,
        "long": 115.12486,
        "ori_sumber": null,
        "desa_id": null,
        "counter": 1,
        "confidence_level": "low",
        "kawasan": "",
        "kecamatan": "Daha Selatan",
        "nama_provinsi": "Kalimantan Selatan",
        "pulau": "",
        "route_create": "https://opsroom.sipongidata.my.id/daops/laporan/groundcheck/create/form",
        "hotspot_date": "2026-09-14",
        "distance_hgu_km": 2.018,
        "zone": "1–3 km",
        "location_status": "OUTSIDE HGU"
      }
    },
    {
      "type": "Feature",
      "geometry": {
        "type": "Point",
        "coordinates": [
          115.14671,
          -2.69529
        ]
      },
      "properties": {
        "confidence": "low",
        "confidence_value": null,
        "sumber": "NASA-SNPP",
        "date_hotspot": "Sabtu, 12 September 2026 12:57:00",
        "date_hotspot_ori": "2026-09-12T05:57:00.000000Z",
        "provinsi": null,
        "kabkota": "Hulu Sungai Selatan",
        "desa": "Muning Baru",
        "hs_id": "2026-09-12T05:57:00.000000Z",
        "provinsi_id": 12,
        "long": 115.14671,
        "ori_sumber": null,
        "desa_id": null,
        "counter": 1,
        "confidence_level": "low",
        "kawasan": "",
        "kecamatan": "Daha Selatan",
        "nama_provinsi": "Kalimantan Selatan",
        "pulau": "",
        "route_create": "https://opsroom.sipongidata.my.id/daops/laporan/groundcheck/create/form",
        "hotspot_date": "2026-09-12",
        "distance_hgu_km": 3.452,
        "zone": "3–5 km",
        "location_status": "OUTSIDE HGU"
      }
    },
    {
      "type": "Feature",
      "geometry": {
        "type": "Point",
        "coordinates": [
          115.10093,
          -2.71929
        ]
      },
      "properties": {
        "confidence": "low",
        "confidence_value": null,
        "sumber": "NASA-SNPP",
        "date_hotspot": "Sabtu, 12 September 2026 12:57:00",
        "date_hotspot_ori": "2026-09-12T05:57:00.000000Z",
        "provinsi": null,
        "kabkota": "Hulu Sungai Selatan",
        "desa": "Muning Dalam",
        "hs_id": "2026-09-12T05:57:00.000000Z",
        "provinsi_id": 12,
        "long": 115.10093,
        "ori_sumber": null,
        "desa_id": null,
        "counter": 1,
        "confidence_level": "low",
        "kawasan": "",
        "kecamatan": "Daha Selatan",
        "nama_provinsi": "Kalimantan Selatan",
        "pulau": "",
        "route_create": "https://opsroom.sipongidata.my.id/daops/laporan/groundcheck/create/form",
        "hotspot_date": "2026-09-12",
        "distance_hgu_km": 2.856,
        "zone": "1–3 km",
        "location_status": "OUTSIDE HGU"
      }
    },
    {
      "type": "Feature",
      "geometry": {
        "type": "Point",
        "coordinates": [
          115.15493,
          -2.70077
        ]
      },
      "properties": {
        "confidence": "low",
        "confidence_value": null,
        "sumber": "NASA-SNPP",
        "date_hotspot": "Senin, 14 September 2026 12:21:00",
        "date_hotspot_ori": "2026-09-14T05:21:00.000000Z",
        "provinsi": null,
        "kabkota": "Hulu Sungai Selatan",
        "desa": "Muning Baru",
        "hs_id": "2026-09-14T05:21:00.000000Z",
        "provinsi_id": 12,
        "long": 115.15493,
        "ori_sumber": null,
        "desa_id": null,
        "counter": 1,
        "confidence_level": "low",
        "kawasan": "",
        "kecamatan": "Daha Selatan",
        "nama_provinsi": "Kalimantan Selatan",
        "pulau": "",
        "route_create": "https://opsroom.sipongidata.my.id/daops/laporan/groundcheck/create/form",
        "hotspot_date": "2026-09-14",
        "distance_hgu_km": 3.191,
        "zone": "3–5 km",
        "location_status": "OUTSIDE HGU"
      }
    },
    {
      "type": "Feature",
      "geometry": {
        "type": "Point",
        "coordinates": [
          115.18151,
          -2.72445
        ]
      },
      "properties": {
        "confidence": "low",
        "confidence_value": null,
        "sumber": "NASA-NOAA20",
        "date_hotspot": "Senin, 14 September 2026 12:40:00",
        "date_hotspot_ori": "2026-09-14T05:40:00.000000Z",
        "provinsi": null,
        "kabkota": "Hulu Sungai Selatan",
        "desa": "Pantai Ulin",
        "hs_id": "2026-09-14T05:40:00.000000Z",
        "provinsi_id": 12,
        "long": 115.18151,
        "ori_sumber": null,
        "desa_id": null,
        "counter": 1,
        "confidence_level": "low",
        "kawasan": "",
        "kecamatan": "Simpur",
        "nama_provinsi": "Kalimantan Selatan",
        "pulau": "",
        "route_create": "https://opsroom.sipongidata.my.id/daops/laporan/groundcheck/create/form",
        "hotspot_date": "2026-09-14",
        "distance_hgu_km": 0.0,
        "zone": "Inside HGU",
        "location_status": "INSIDE HGU"
      }
    },
    {
      "type": "Feature",
      "geometry": {
        "type": "Point",
        "coordinates": [
          115.07053,
          -2.79251
        ]
      },
      "properties": {
        "confidence": "low",
        "confidence_value": null,
        "sumber": "NASA-NOAA20",
        "date_hotspot": "Senin, 14 September 2026 12:40:00",
        "date_hotspot_ori": "2026-09-14T05:40:00.000000Z",
        "provinsi": null,
        "kabkota": "Tapin",
        "desa": "Sungai Rutas",
        "hs_id": "2026-09-14T05:40:00.000000Z",
        "provinsi_id": 12,
        "long": 115.07053,
        "ori_sumber": null,
        "desa_id": null,
        "counter": 1,
        "confidence_level": "low",
        "kawasan": "",
        "kecamatan": "Candi Laras Selatan",
        "nama_provinsi": "Kalimantan Selatan",
        "pulau": "",
        "route_create": "https://opsroom.sipongidata.my.id/daops/laporan/groundcheck/create/form",
        "hotspot_date": "2026-09-14",
        "distance_hgu_km": 0.564,
        "zone": "0–1 km",
        "location_status": "OUTSIDE HGU"
      }
    },
    {
      "type": "Feature",
      "geometry": {
        "type": "Point",
        "coordinates": [
          115.07928,
          -2.84891
        ]
      },
      "properties": {
        "confidence": "low",
        "confidence_value": null,
        "sumber": "NASA-NOAA20",
        "date_hotspot": "Minggu, 13 September 2026 12:57:00",
        "date_hotspot_ori": "2026-09-13T05:57:00.000000Z",
        "provinsi": null,
        "kabkota": "Tapin",
        "desa": "Masta",
        "hs_id": "2026-09-13T05:57:00.000000Z",
        "provinsi_id": 12,
        "long": 115.07928,
        "ori_sumber": null,
        "desa_id": null,
        "counter": 1,
        "confidence_level": "low",
        "kawasan": "",
        "kecamatan": "Bakarangan",
        "nama_provinsi": "Kalimantan Selatan",
        "pulau": "",
        "route_create": "https://opsroom.sipongidata.my.id/daops/laporan/groundcheck/create/form",
        "hotspot_date": "2026-09-13",
        "distance_hgu_km": 1.262,
        "zone": "1–3 km",
        "location_status": "OUTSIDE HGU"
      }
    },
    {
      "type": "Feature",
      "geometry": {
        "type": "Point",
        "coordinates": [
          115.14083,
          -2.8334
        ]
      },
      "properties": {
        "confidence": "low",
        "confidence_value": null,
        "sumber": "NASA-SNPP",
        "date_hotspot": "Jumat, 11 September 2026 13:16:00",
        "date_hotspot_ori": "2026-09-11T06:16:00.000000Z",
        "provinsi": null,
        "kabkota": "Hulu Sungai Selatan",
        "desa": "Kalumpang",
        "hs_id": "2026-09-11T06:16:00.000000Z",
        "provinsi_id": 12,
        "long": 115.14083,
        "ori_sumber": null,
        "desa_id": null,
        "counter": 1,
        "confidence_level": "low",
        "kawasan": "",
        "kecamatan": "Kalumpang",
        "nama_provinsi": "Kalimantan Selatan",
        "pulau": "",
        "route_create": "https://opsroom.sipongidata.my.id/daops/laporan/groundcheck/create/form",
        "hotspot_date": "2026-09-11",
        "distance_hgu_km": 2.661,
        "zone": "1–3 km",
        "location_status": "OUTSIDE HGU"
      }
    },
    {
      "type": "Feature",
      "geometry": {
        "type": "Point",
        "coordinates": [
          115.11209,
          -2.70917
        ]
      },
      "properties": {
        "confidence": "low",
        "confidence_value": null,
        "sumber": "NASA-SNPP",
        "date_hotspot": "Senin, 28 September 2026 12:57:00",
        "date_hotspot_ori": "2026-09-28T05:57:00.000000Z",
        "provinsi": null,
        "kabkota": "Hulu Sungai Selatan",
        "desa": "Muning Baru",
        "hs_id": "2026-09-28T05:57:00.000000Z",
        "provinsi_id": 12,
        "long": 115.11209,
        "ori_sumber": null,
        "desa_id": null,
        "counter": 1,
        "confidence_level": "low",
        "kawasan": "",
        "kecamatan": "Daha Selatan",
        "nama_provinsi": "Kalimantan Selatan",
        "pulau": "",
        "route_create": "https://opsroom.sipongidata.my.id/daops/laporan/groundcheck/create/form",
        "hotspot_date": "2026-09-28",
        "distance_hgu_km": 2.835,
        "zone": "1–3 km",
        "location_status": "OUTSIDE HGU"
      }
    },
    {
      "type": "Feature",
      "geometry": {
        "type": "Point",
        "coordinates": [
          115.2281,
          -2.70149
        ]
      },
      "properties": {
        "confidence": "low",
        "confidence_value": null,
        "sumber": "NASA-SNPP",
        "date_hotspot": "Minggu, 13 September 2026 12:40:00",
        "date_hotspot_ori": "2026-09-13T05:40:00.000000Z",
        "provinsi": null,
        "kabkota": "Hulu Sungai Selatan",
        "desa": "Sungai Kupang",
        "hs_id": "2026-09-13T05:40:00.000000Z",
        "provinsi_id": 12,
        "long": 115.2281,
        "ori_sumber": null,
        "desa_id": null,
        "counter": 3,
        "confidence_level": "low",
        "kawasan": "",
        "kecamatan": "Kandangan",
        "nama_provinsi": "Kalimantan Selatan",
        "pulau": "",
        "route_create": "https://opsroom.sipongidata.my.id/daops/laporan/groundcheck/create/form",
        "hotspot_date": "2026-09-13",
        "distance_hgu_km": 4.75,
        "zone": "3–5 km",
        "location_status": "OUTSIDE HGU"
      }
    },
    {
      "type": "Feature",
      "geometry": {
        "type": "Point",
        "coordinates": [
          115.0527,
          -2.74865
        ]
      },
      "properties": {
        "confidence": "low",
        "confidence_value": null,
        "sumber": "NASA-SNPP",
        "date_hotspot": "Minggu, 13 September 2026 12:40:00",
        "date_hotspot_ori": "2026-09-13T05:40:00.000000Z",
        "provinsi": null,
        "kabkota": "Hulu Sungai Selatan",
        "desa": "Muning Dalam",
        "hs_id": "2026-09-13T05:40:00.000000Z",
        "provinsi_id": 12,
        "long": 115.0527,
        "ori_sumber": null,
        "desa_id": null,
        "counter": 1,
        "confidence_level": "low",
        "kawasan": "",
        "kecamatan": "Daha Selatan",
        "nama_provinsi": "Kalimantan Selatan",
        "pulau": "",
        "route_create": "https://opsroom.sipongidata.my.id/daops/laporan/groundcheck/create/form",
        "hotspot_date": "2026-09-13",
        "distance_hgu_km": 3.462,
        "zone": "3–5 km",
        "location_status": "OUTSIDE HGU"
      }
    },
    {
      "type": "Feature",
      "geometry": {
        "type": "Point",
        "coordinates": [
          115.04865,
          -2.74687
        ]
      },
      "properties": {
        "confidence": "low",
        "confidence_value": null,
        "sumber": "NASA-SNPP",
        "date_hotspot": "Minggu, 13 September 2026 12:40:00",
        "date_hotspot_ori": "2026-09-13T05:40:00.000000Z",
        "provinsi": null,
        "kabkota": "Hulu Sungai Selatan",
        "desa": "Muning Dalam",
        "hs_id": "2026-09-13T05:40:00.000000Z",
        "provinsi_id": 12,
        "long": 115.04865,
        "ori_sumber": null,
        "desa_id": null,
        "counter": 1,
        "confidence_level": "low",
        "kawasan": "",
        "kecamatan": "Daha Selatan",
        "nama_provinsi": "Kalimantan Selatan",
        "pulau": "",
        "route_create": "https://opsroom.sipongidata.my.id/daops/laporan/groundcheck/create/form",
        "hotspot_date": "2026-09-13",
        "distance_hgu_km": 3.92,
        "zone": "3–5 km",
        "location_status": "OUTSIDE HGU"
      }
    },
    {
      "type": "Feature",
      "geometry": {
        "type": "Point",
        "coordinates": [
          115.08766,
          -2.8225
        ]
      },
      "properties": {
        "confidence": "low",
        "confidence_value": null,
        "sumber": "NASA-NOAA20",
        "date_hotspot": "Minggu, 20 September 2026 12:27:00",
        "date_hotspot_ori": "2026-09-20T05:27:00.000000Z",
        "provinsi": null,
        "kabkota": "Hulu Sungai Selatan",
        "desa": "Balimau",
        "hs_id": "2026-09-20T05:27:00.000000Z",
        "provinsi_id": 12,
        "long": 115.08766,
        "ori_sumber": null,
        "desa_id": null,
        "counter": 2,
        "confidence_level": "low",
        "kawasan": "",
        "kecamatan": "Kalumpang",
        "nama_provinsi": "Kalimantan Selatan",
        "pulau": "",
        "route_create": "https://opsroom.sipongidata.my.id/daops/laporan/groundcheck/create/form",
        "hotspot_date": "2026-09-20",
        "distance_hgu_km": 0.0,
        "zone": "Inside HGU",
        "location_status": "INSIDE HGU"
      }
    },
    {
      "type": "Feature",
      "geometry": {
        "type": "Point",
        "coordinates": [
          115.06749,
          -2.74834
        ]
      },
      "properties": {
        "confidence": "low",
        "confidence_value": null,
        "sumber": "NASA-SNPP",
        "date_hotspot": "Minggu, 06 September 2026 13:10:00",
        "date_hotspot_ori": "2026-09-06T06:10:00.000000Z",
        "provinsi": null,
        "kabkota": "Hulu Sungai Selatan",
        "desa": "Muning Dalam",
        "hs_id": "2026-09-06T06:10:00.000000Z",
        "provinsi_id": 12,
        "long": 115.06749,
        "ori_sumber": null,
        "desa_id": null,
        "counter": 1,
        "confidence_level": "low",
        "kawasan": "",
        "kecamatan": "Daha Selatan",
        "nama_provinsi": "Kalimantan Selatan",
        "pulau": "",
        "route_create": "https://opsroom.sipongidata.my.id/daops/laporan/groundcheck/create/form",
        "hotspot_date": "2026-09-06",
        "distance_hgu_km": 2.493,
        "zone": "1–3 km",
        "location_status": "OUTSIDE HGU"
      }
    },
    {
      "type": "Feature",
      "geometry": {
        "type": "Point",
        "coordinates": [
          115.09003,
          -2.8243
        ]
      },
      "properties": {
        "confidence": "low",
        "confidence_value": null,
        "sumber": "NASA-NOAA20",
        "date_hotspot": "Sabtu, 19 September 2026 12:46:00",
        "date_hotspot_ori": "2026-09-19T05:46:00.000000Z",
        "provinsi": null,
        "kabkota": "Hulu Sungai Selatan",
        "desa": "Balimau",
        "hs_id": "2026-09-19T05:46:00.000000Z",
        "provinsi_id": 12,
        "long": 115.09003,
        "ori_sumber": null,
        "desa_id": null,
        "counter": 1,
        "confidence_level": "low",
        "kawasan": "",
        "kecamatan": "Kalumpang",
        "nama_provinsi": "Kalimantan Selatan",
        "pulau": "",
        "route_create": "https://opsroom.sipongidata.my.id/daops/laporan/groundcheck/create/form",
        "hotspot_date": "2026-09-19",
        "distance_hgu_km": 0.0,
        "zone": "Inside HGU",
        "location_status": "INSIDE HGU"
      }
    },
    {
      "type": "Feature",
      "geometry": {
        "type": "Point",
        "coordinates": [
          115.10979,
          -2.819
        ]
      },
      "properties": {
        "confidence": "low",
        "confidence_value": null,
        "sumber": "NASA-SNPP",
        "date_hotspot": "Sabtu, 12 September 2026 12:57:00",
        "date_hotspot_ori": "2026-09-12T05:57:00.000000Z",
        "provinsi": null,
        "kabkota": "Hulu Sungai Selatan",
        "desa": "Balimau",
        "hs_id": "2026-09-12T05:57:00.000000Z",
        "provinsi_id": 12,
        "long": 115.10979,
        "ori_sumber": null,
        "desa_id": null,
        "counter": 2,
        "confidence_level": "low",
        "kawasan": "",
        "kecamatan": "Kalumpang",
        "nama_provinsi": "Kalimantan Selatan",
        "pulau": "",
        "route_create": "https://opsroom.sipongidata.my.id/daops/laporan/groundcheck/create/form",
        "hotspot_date": "2026-09-12",
        "distance_hgu_km": 0.0,
        "zone": "Inside HGU",
        "location_status": "INSIDE HGU"
      }
    },
    {
      "type": "Feature",
      "geometry": {
        "type": "Point",
        "coordinates": [
          115.10934,
          -2.87977
        ]
      },
      "properties": {
        "confidence": "low",
        "confidence_value": null,
        "sumber": "NASA-SNPP",
        "date_hotspot": "Sabtu, 03 Oktober 2026 13:03:00",
        "date_hotspot_ori": "2026-10-03T06:03:00.000000Z",
        "provinsi": null,
        "kabkota": "Tapin",
        "desa": "Masta",
        "hs_id": "2026-10-03T06:03:00.000000Z",
        "provinsi_id": 12,
        "long": 115.10934,
        "ori_sumber": null,
        "desa_id": null,
        "counter": 1,
        "confidence_level": "low",
        "kawasan": "",
        "kecamatan": "Bakarangan",
        "nama_provinsi": "Kalimantan Selatan",
        "pulau": "",
        "route_create": "https://opsroom.sipongidata.my.id/daops/laporan/groundcheck/create/form",
        "hotspot_date": "2026-10-03",
        "distance_hgu_km": 4.805,
        "zone": "3–5 km",
        "location_status": "OUTSIDE HGU"
      }
    },
    {
      "type": "Feature",
      "geometry": {
        "type": "Point",
        "coordinates": [
          115.14132,
          -2.70631
        ]
      },
      "properties": {
        "confidence": "low",
        "confidence_value": null,
        "sumber": "NASA-SNPP",
        "date_hotspot": "Sabtu, 12 September 2026 12:57:00",
        "date_hotspot_ori": "2026-09-12T05:57:00.000000Z",
        "provinsi": null,
        "kabkota": "Hulu Sungai Selatan",
        "desa": "Muning Baru",
        "hs_id": "2026-09-12T05:57:00.000000Z",
        "provinsi_id": 12,
        "long": 115.14132,
        "ori_sumber": null,
        "desa_id": null,
        "counter": 1,
        "confidence_level": "low",
        "kawasan": "",
        "kecamatan": "Daha Selatan",
        "nama_provinsi": "Kalimantan Selatan",
        "pulau": "",
        "route_create": "https://opsroom.sipongidata.my.id/daops/laporan/groundcheck/create/form",
        "hotspot_date": "2026-09-12",
        "distance_hgu_km": 2.094,
        "zone": "1–3 km",
        "location_status": "OUTSIDE HGU"
      }
    },
    {
      "type": "Feature",
      "geometry": {
        "type": "Point",
        "coordinates": [
          115.0775,
          -2.75472
        ]
      },
      "properties": {
        "confidence": "low",
        "confidence_value": null,
        "sumber": "NASA-NOAA20",
        "date_hotspot": "Senin, 14 September 2026 12:40:00",
        "date_hotspot_ori": "2026-09-14T05:40:00.000000Z",
        "provinsi": null,
        "kabkota": "Hulu Sungai Selatan",
        "desa": "Muning Dalam",
        "hs_id": "2026-09-14T05:40:00.000000Z",
        "provinsi_id": 12,
        "long": 115.0775,
        "ori_sumber": null,
        "desa_id": null,
        "counter": 1,
        "confidence_level": "low",
        "kawasan": "",
        "kecamatan": "Daha Selatan",
        "nama_provinsi": "Kalimantan Selatan",
        "pulau": "",
        "route_create": "https://opsroom.sipongidata.my.id/daops/laporan/groundcheck/create/form",
        "hotspot_date": "2026-09-14",
        "distance_hgu_km": 1.273,
        "zone": "1–3 km",
        "location_status": "OUTSIDE HGU"
      }
    },
    {
      "type": "Feature",
      "geometry": {
        "type": "Point",
        "coordinates": [
          115.05802,
          -2.765
        ]
      },
      "properties": {
        "confidence": "low",
        "confidence_value": null,
        "sumber": "NASA-NOAA20",
        "date_hotspot": "Senin, 14 September 2026 12:40:00",
        "date_hotspot_ori": "2026-09-14T05:40:00.000000Z",
        "provinsi": null,
        "kabkota": "Hulu Sungai Selatan",
        "desa": "Muning Dalam",
        "hs_id": "2026-09-14T05:40:00.000000Z",
        "provinsi_id": 12,
        "long": 115.05802,
        "ori_sumber": null,
        "desa_id": null,
        "counter": 1,
        "confidence_level": "low",
        "kawasan": "",
        "kecamatan": "Daha Selatan",
        "nama_provinsi": "Kalimantan Selatan",
        "pulau": "",
        "route_create": "https://opsroom.sipongidata.my.id/daops/laporan/groundcheck/create/form",
        "hotspot_date": "2026-09-14",
        "distance_hgu_km": 1.929,
        "zone": "1–3 km",
        "location_status": "OUTSIDE HGU"
      }
    },
    {
      "type": "Feature",
      "geometry": {
        "type": "Point",
        "coordinates": [
          115.18333,
          -2.83834
        ]
      },
      "properties": {
        "confidence": "low",
        "confidence_value": null,
        "sumber": "NASA-SNPP",
        "date_hotspot": "Sabtu, 12 September 2026 12:57:00",
        "date_hotspot_ori": "2026-09-12T05:57:00.000000Z",
        "provinsi": null,
        "kabkota": "Hulu Sungai Selatan",
        "desa": "Sirih Hulu",
        "hs_id": "2026-09-12T05:57:00.000000Z",
        "provinsi_id": 12,
        "long": 115.18333,
        "ori_sumber": null,
        "desa_id": null,
        "counter": 1,
        "confidence_level": "low",
        "kawasan": "",
        "kecamatan": "Kalumpang",
        "nama_provinsi": "Kalimantan Selatan",
        "pulau": "",
        "route_create": "https://opsroom.sipongidata.my.id/daops/laporan/groundcheck/create/form",
        "hotspot_date": "2026-09-12",
        "distance_hgu_km": 4.782,
        "zone": "3–5 km",
        "location_status": "OUTSIDE HGU"
      }
    },
    {
      "type": "Feature",
      "geometry": {
        "type": "Point",
        "coordinates": [
          115.10594,
          -2.73288
        ]
      },
      "properties": {
        "confidence": "low",
        "confidence_value": null,
        "sumber": "NASA-NOAA20",
        "date_hotspot": "Minggu, 13 September 2026 12:57:00",
        "date_hotspot_ori": "2026-09-13T05:57:00.000000Z",
        "provinsi": null,
        "kabkota": "Hulu Sungai Selatan",
        "desa": "Muning Dalam",
        "hs_id": "2026-09-13T05:57:00.000000Z",
        "provinsi_id": 12,
        "long": 115.10594,
        "ori_sumber": null,
        "desa_id": null,
        "counter": 1,
        "confidence_level": "low",
        "kawasan": "",
        "kecamatan": "Daha Selatan",
        "nama_provinsi": "Kalimantan Selatan",
        "pulau": "",
        "route_create": "https://opsroom.sipongidata.my.id/daops/laporan/groundcheck/create/form",
        "hotspot_date": "2026-09-13",
        "distance_hgu_km": 1.317,
        "zone": "1–3 km",
        "location_status": "OUTSIDE HGU"
      }
    },
    {
      "type": "Feature",
      "geometry": {
        "type": "Point",
        "coordinates": [
          115.09455,
          -2.78963
        ]
      },
      "properties": {
        "confidence": "low",
        "confidence_value": null,
        "sumber": "NASA-SNPP",
        "date_hotspot": "Jumat, 11 September 2026 13:16:00",
        "date_hotspot_ori": "2026-09-11T06:16:00.000000Z",
        "provinsi": null,
        "kabkota": "Hulu Sungai Selatan",
        "desa": "Bago Tanggul",
        "hs_id": "2026-09-11T06:16:00.000000Z",
        "provinsi_id": 12,
        "long": 115.09455,
        "ori_sumber": null,
        "desa_id": null,
        "counter": 1,
        "confidence_level": "low",
        "kawasan": "",
        "kecamatan": "Kalumpang",
        "nama_provinsi": "Kalimantan Selatan",
        "pulau": "",
        "route_create": "https://opsroom.sipongidata.my.id/daops/laporan/groundcheck/create/form",
        "hotspot_date": "2026-09-11",
        "distance_hgu_km": 0.0,
        "zone": "Inside HGU",
        "location_status": "INSIDE HGU"
      }
    },
    {
      "type": "Feature",
      "geometry": {
        "type": "Point",
        "coordinates": [
          115.09241,
          -2.83142
        ]
      },
      "properties": {
        "confidence": "low",
        "confidence_value": null,
        "sumber": "NASA-NOAA20",
        "date_hotspot": "Senin, 14 September 2026 12:40:00",
        "date_hotspot_ori": "2026-09-14T05:40:00.000000Z",
        "provinsi": null,
        "kabkota": "Tapin",
        "desa": "Masta",
        "hs_id": "2026-09-14T05:40:00.000000Z",
        "provinsi_id": 12,
        "long": 115.09241,
        "ori_sumber": null,
        "desa_id": null,
        "counter": 1,
        "confidence_level": "low",
        "kawasan": "",
        "kecamatan": "Bakarangan",
        "nama_provinsi": "Kalimantan Selatan",
        "pulau": "",
        "route_create": "https://opsroom.sipongidata.my.id/daops/laporan/groundcheck/create/form",
        "hotspot_date": "2026-09-14",
        "distance_hgu_km": 0.275,
        "zone": "0–1 km",
        "location_status": "OUTSIDE HGU"
      }
    },
    {
      "type": "Feature",
      "geometry": {
        "type": "Point",
        "coordinates": [
          115.16032,
          -2.70105
        ]
      },
      "properties": {
        "confidence": "low",
        "confidence_value": null,
        "sumber": "NASA-MODIS",
        "date_hotspot": "Minggu, 06 September 2026 15:09:00",
        "date_hotspot_ori": "2026-09-06T08:09:00.000000Z",
        "provinsi": null,
        "kabkota": "Hulu Sungai Selatan",
        "desa": "Pantai Ulin",
        "hs_id": "2026-09-06T08:09:00.000000Z",
        "provinsi_id": 12,
        "long": 115.16032,
        "ori_sumber": null,
        "desa_id": null,
        "counter": 1,
        "confidence_level": "low",
        "kawasan": "",
        "kecamatan": "Simpur",
        "nama_provinsi": "Kalimantan Selatan",
        "pulau": "",
        "route_create": "https://opsroom.sipongidata.my.id/daops/laporan/groundcheck/create/form",
        "hotspot_date": "2026-09-06",
        "distance_hgu_km": 2.959,
        "zone": "1–3 km",
        "location_status": "OUTSIDE HGU"
      }
    },
    {
      "type": "Feature",
      "geometry": {
        "type": "Point",
        "coordinates": [
          115.14912,
          -2.69327
        ]
      },
      "properties": {
        "confidence": "medium",
        "confidence_value": null,
        "sumber": "NASA-MODIS",
        "date_hotspot": "Minggu, 06 September 2026 15:09:00",
        "date_hotspot_ori": "2026-09-06T08:09:00.000000Z",
        "provinsi": null,
        "kabkota": "Hulu Sungai Selatan",
        "desa": "Muning Baru",
        "hs_id": "2026-09-06T08:09:00.000000Z",
        "provinsi_id": 12,
        "long": 115.14912,
        "ori_sumber": null,
        "desa_id": null,
        "counter": 2,
        "confidence_level": "medium",
        "kawasan": "",
        "kecamatan": "Daha Selatan",
        "nama_provinsi": "Kalimantan Selatan",
        "pulau": "",
        "route_create": "https://opsroom.sipongidata.my.id/daops/laporan/groundcheck/create/form",
        "hotspot_date": "2026-09-06",
        "distance_hgu_km": 3.772,
        "zone": "3–5 km",
        "location_status": "OUTSIDE HGU"
      }
    },
    {
      "type": "Feature",
      "geometry": {
        "type": "Point",
        "coordinates": [
          115.15846,
          -2.71906
        ]
      },
      "properties": {
        "confidence": "medium",
        "confidence_value": null,
        "sumber": "NASA-MODIS",
        "date_hotspot": "Minggu, 04 Oktober 2026 14:52:00",
        "date_hotspot_ori": "2026-10-04T07:52:00.000000Z",
        "provinsi": null,
        "kabkota": "Hulu Sungai Selatan",
        "desa": "Pantai Ulin",
        "hs_id": "2026-10-04T07:52:00.000000Z",
        "provinsi_id": 12,
        "long": 115.15846,
        "ori_sumber": null,
        "desa_id": null,
        "counter": 1,
        "confidence_level": "medium",
        "kawasan": "",
        "kecamatan": "Simpur",
        "nama_provinsi": "Kalimantan Selatan",
        "pulau": "",
        "route_create": "https://opsroom.sipongidata.my.id/daops/laporan/groundcheck/create/form",
        "hotspot_date": "2026-10-04",
        "distance_hgu_km": 1.154,
        "zone": "1–3 km",
        "location_status": "OUTSIDE HGU"
      }
    },
    {
      "type": "Feature",
      "geometry": {
        "type": "Point",
        "coordinates": [
          115.04582,
          -2.81333
        ]
      },
      "properties": {
        "confidence": "medium",
        "confidence_value": null,
        "sumber": "NASA-MODIS",
        "date_hotspot": "Senin, 14 September 2026 15:18:00",
        "date_hotspot_ori": "2026-09-14T08:18:00.000000Z",
        "provinsi": null,
        "kabkota": "Tapin",
        "desa": "Sungai Rutas",
        "hs_id": "2026-09-14T08:18:00.000000Z",
        "provinsi_id": 12,
        "long": 115.04582,
        "ori_sumber": null,
        "desa_id": null,
        "counter": 1,
        "confidence_level": "medium",
        "kawasan": "",
        "kecamatan": "Candi Laras Selatan",
        "nama_provinsi": "Kalimantan Selatan",
        "pulau": "",
        "route_create": "https://opsroom.sipongidata.my.id/daops/laporan/groundcheck/create/form",
        "hotspot_date": "2026-09-14",
        "distance_hgu_km": 3.029,
        "zone": "3–5 km",
        "location_status": "OUTSIDE HGU"
      }
    },
    {
      "type": "Feature",
      "geometry": {
        "type": "Point",
        "coordinates": [
          115.17968,
          -2.69557
        ]
      },
      "properties": {
        "confidence": "medium",
        "confidence_value": null,
        "sumber": "NASA-MODIS",
        "date_hotspot": "Jumat, 11 September 2026 15:01:00",
        "date_hotspot_ori": "2026-09-11T08:01:00.000000Z",
        "provinsi": null,
        "kabkota": "Hulu Sungai Selatan",
        "desa": "Bangkau",
        "hs_id": "2026-09-11T08:01:00.000000Z",
        "provinsi_id": 12,
        "long": 115.17968,
        "ori_sumber": null,
        "desa_id": null,
        "counter": 1,
        "confidence_level": "medium",
        "kawasan": "",
        "kecamatan": "Kandangan",
        "nama_provinsi": "Kalimantan Selatan",
        "pulau": "",
        "route_create": "https://opsroom.sipongidata.my.id/daops/laporan/groundcheck/create/form",
        "hotspot_date": "2026-09-11",
        "distance_hgu_km": 2.815,
        "zone": "1–3 km",
        "location_status": "OUTSIDE HGU"
      }
    },
    {
      "type": "Feature",
      "geometry": {
        "type": "Point",
        "coordinates": [
          115.18744,
          -2.70136
        ]
      },
      "properties": {
        "confidence": "medium",
        "confidence_value": null,
        "sumber": "NASA-MODIS",
        "date_hotspot": "Selasa, 15 September 2026 19:53:00",
        "date_hotspot_ori": "2026-09-15T12:53:00.000000Z",
        "provinsi": null,
        "kabkota": "Hulu Sungai Selatan",
        "desa": "Bangkau",
        "hs_id": "2026-09-15T12:53:00.000000Z",
        "provinsi_id": 12,
        "long": 115.18744,
        "ori_sumber": null,
        "desa_id": null,
        "counter": 1,
        "confidence_level": "medium",
        "kawasan": "",
        "kecamatan": "Kandangan",
        "nama_provinsi": "Kalimantan Selatan",
        "pulau": "",
        "route_create": "https://opsroom.sipongidata.my.id/daops/laporan/groundcheck/create/form",
        "hotspot_date": "2026-09-15",
        "distance_hgu_km": 2.002,
        "zone": "1–3 km",
        "location_status": "OUTSIDE HGU"
      }
    },
    {
      "type": "Feature",
      "geometry": {
        "type": "Point",
        "coordinates": [
          115.20584,
          -2.69172
        ]
      },
      "properties": {
        "confidence": "medium",
        "confidence_value": null,
        "sumber": "NASA-MODIS",
        "date_hotspot": "Jumat, 11 September 2026 15:01:00",
        "date_hotspot_ori": "2026-09-11T08:01:00.000000Z",
        "provinsi": null,
        "kabkota": "Hulu Sungai Selatan",
        "desa": "Bangkau",
        "hs_id": "2026-09-11T08:01:00.000000Z",
        "provinsi_id": 12,
        "long": 115.20584,
        "ori_sumber": null,
        "desa_id": null,
        "counter": 1,
        "confidence_level": "medium",
        "kawasan": "",
        "kecamatan": "Kandangan",
        "nama_provinsi": "Kalimantan Selatan",
        "pulau": "",
        "route_create": "https://opsroom.sipongidata.my.id/daops/laporan/groundcheck/create/form",
        "hotspot_date": "2026-09-11",
        "distance_hgu_km": 3.619,
        "zone": "3–5 km",
        "location_status": "OUTSIDE HGU"
      }
    },
    {
      "type": "Feature",
      "geometry": {
        "type": "Point",
        "coordinates": [
          115.15991,
          -2.72901
        ]
      },
      "properties": {
        "confidence": "medium",
        "confidence_value": null,
        "sumber": "NASA-MODIS",
        "date_hotspot": "Minggu, 04 Oktober 2026 14:52:00",
        "date_hotspot_ori": "2026-10-04T07:52:00.000000Z",
        "provinsi": null,
        "kabkota": "Hulu Sungai Selatan",
        "desa": "Pantai Ulin",
        "hs_id": "2026-10-04T07:52:00.000000Z",
        "provinsi_id": 12,
        "long": 115.15991,
        "ori_sumber": null,
        "desa_id": null,
        "counter": 1,
        "confidence_level": "medium",
        "kawasan": "",
        "kecamatan": "Simpur",
        "nama_provinsi": "Kalimantan Selatan",
        "pulau": "",
        "route_create": "https://opsroom.sipongidata.my.id/daops/laporan/groundcheck/create/form",
        "hotspot_date": "2026-10-04",
        "distance_hgu_km": 0.064,
        "zone": "0–1 km",
        "location_status": "OUTSIDE HGU"
      }
    },
    {
      "type": "Feature",
      "geometry": {
        "type": "Point",
        "coordinates": [
          115.1517,
          -2.70717
        ]
      },
      "properties": {
        "confidence": "medium",
        "confidence_value": null,
        "sumber": "NASA-MODIS",
        "date_hotspot": "Sabtu, 19 September 2026 15:11:00",
        "date_hotspot_ori": "2026-09-19T08:11:00.000000Z",
        "provinsi": null,
        "kabkota": "Hulu Sungai Selatan",
        "desa": "Pantai Ulin",
        "hs_id": "2026-09-19T08:11:00.000000Z",
        "provinsi_id": 12,
        "long": 115.1517,
        "ori_sumber": null,
        "desa_id": null,
        "counter": 1,
        "confidence_level": "medium",
        "kawasan": "",
        "kecamatan": "Simpur",
        "nama_provinsi": "Kalimantan Selatan",
        "pulau": "",
        "route_create": "https://opsroom.sipongidata.my.id/daops/laporan/groundcheck/create/form",
        "hotspot_date": "2026-09-19",
        "distance_hgu_km": 2.646,
        "zone": "1–3 km",
        "location_status": "OUTSIDE HGU"
      }
    },
    {
      "type": "Feature",
      "geometry": {
        "type": "Point",
        "coordinates": [
          115.17838,
          -2.68106
        ]
      },
      "properties": {
        "confidence": "medium",
        "confidence_value": null,
        "sumber": "NASA-MODIS",
        "date_hotspot": "Kamis, 24 September 2026 15:05:00",
        "date_hotspot_ori": "2026-09-24T08:05:00.000000Z",
        "provinsi": null,
        "kabkota": "Hulu Sungai Selatan",
        "desa": "Bangkau",
        "hs_id": "2026-09-24T08:05:00.000000Z",
        "provinsi_id": 12,
        "long": 115.17838,
        "ori_sumber": null,
        "desa_id": null,
        "counter": 1,
        "confidence_level": "medium",
        "kawasan": "",
        "kecamatan": "Kandangan",
        "nama_provinsi": "Kalimantan Selatan",
        "pulau": "",
        "route_create": "https://opsroom.sipongidata.my.id/daops/laporan/groundcheck/create/form",
        "hotspot_date": "2026-09-24",
        "distance_hgu_km": 4.391,
        "zone": "3–5 km",
        "location_status": "OUTSIDE HGU"
      }
    },
    {
      "type": "Feature",
      "geometry": {
        "type": "Point",
        "coordinates": [
          115.22467,
          -2.7163
        ]
      },
      "properties": {
        "confidence": "medium",
        "confidence_value": null,
        "sumber": "NASA-MODIS",
        "date_hotspot": "Minggu, 13 September 2026 20:14:00",
        "date_hotspot_ori": "2026-09-13T13:14:00.000000Z",
        "provinsi": null,
        "kabkota": "Hulu Sungai Selatan",
        "desa": "Sungai Kupang",
        "hs_id": "2026-09-13T13:14:00.000000Z",
        "provinsi_id": 12,
        "long": 115.22467,
        "ori_sumber": null,
        "desa_id": null,
        "counter": 1,
        "confidence_level": "medium",
        "kawasan": "",
        "kecamatan": "Kandangan",
        "nama_provinsi": "Kalimantan Selatan",
        "pulau": "",
        "route_create": "https://opsroom.sipongidata.my.id/daops/laporan/groundcheck/create/form",
        "hotspot_date": "2026-09-13",
        "distance_hgu_km": 3.564,
        "zone": "3–5 km",
        "location_status": "OUTSIDE HGU"
      }
    },
    {
      "type": "Feature",
      "geometry": {
        "type": "Point",
        "coordinates": [
          115.15756,
          -2.69616
        ]
      },
      "properties": {
        "confidence": "medium",
        "confidence_value": null,
        "sumber": "NASA-MODIS",
        "date_hotspot": "Selasa, 15 September 2026 19:53:00",
        "date_hotspot_ori": "2026-09-15T12:53:00.000000Z",
        "provinsi": null,
        "kabkota": "Hulu Sungai Selatan",
        "desa": "Muning Baru",
        "hs_id": "2026-09-15T12:53:00.000000Z",
        "provinsi_id": 12,
        "long": 115.15756,
        "ori_sumber": null,
        "desa_id": null,
        "counter": 1,
        "confidence_level": "medium",
        "kawasan": "",
        "kecamatan": "Daha Selatan",
        "nama_provinsi": "Kalimantan Selatan",
        "pulau": "",
        "route_create": "https://opsroom.sipongidata.my.id/daops/laporan/groundcheck/create/form",
        "hotspot_date": "2026-09-15",
        "distance_hgu_km": 3.572,
        "zone": "3–5 km",
        "location_status": "OUTSIDE HGU"
      }
    },
    {
      "type": "Feature",
      "geometry": {
        "type": "Point",
        "coordinates": [
          115.17097,
          -2.69686
        ]
      },
      "properties": {
        "confidence": "medium",
        "confidence_value": null,
        "sumber": "NASA-MODIS",
        "date_hotspot": "Jumat, 11 September 2026 15:01:00",
        "date_hotspot_ori": "2026-09-11T08:01:00.000000Z",
        "provinsi": null,
        "kabkota": "Hulu Sungai Selatan",
        "desa": "Bangkau",
        "hs_id": "2026-09-11T08:01:00.000000Z",
        "provinsi_id": 12,
        "long": 115.17097,
        "ori_sumber": null,
        "desa_id": null,
        "counter": 1,
        "confidence_level": "medium",
        "kawasan": "",
        "kecamatan": "Kandangan",
        "nama_provinsi": "Kalimantan Selatan",
        "pulau": "",
        "route_create": "https://opsroom.sipongidata.my.id/daops/laporan/groundcheck/create/form",
        "hotspot_date": "2026-09-11",
        "distance_hgu_km": 2.993,
        "zone": "1–3 km",
        "location_status": "OUTSIDE HGU"
      }
    },
    {
      "type": "Feature",
      "geometry": {
        "type": "Point",
        "coordinates": [
          115.21815,
          -2.69385
        ]
      },
      "properties": {
        "confidence": "medium",
        "confidence_value": null,
        "sumber": "NASA-SNPP",
        "date_hotspot": "Kamis, 10 September 2026 00:56:00",
        "date_hotspot_ori": "2026-09-09T17:56:00.000000Z",
        "provinsi": null,
        "kabkota": "Hulu Sungai Selatan",
        "desa": "Sungai Kupang",
        "hs_id": "2026-09-09T17:56:00.000000Z",
        "provinsi_id": 12,
        "long": 115.21815,
        "ori_sumber": null,
        "desa_id": null,
        "counter": 1,
        "confidence_level": "medium",
        "kawasan": "",
        "kecamatan": "Kandangan",
        "nama_provinsi": "Kalimantan Selatan",
        "pulau": "",
        "route_create": "https://opsroom.sipongidata.my.id/daops/laporan/groundcheck/create/form",
        "hotspot_date": "2026-09-10",
        "distance_hgu_km": 4.342,
        "zone": "3–5 km",
        "location_status": "OUTSIDE HGU"
      }
    },
    {
      "type": "Feature",
      "geometry": {
        "type": "Point",
        "coordinates": [
          115.2282,
          -2.70589
        ]
      },
      "properties": {
        "confidence": "medium",
        "confidence_value": null,
        "sumber": "NASA-SNPP",
        "date_hotspot": "Jumat, 11 September 2026 00:39:00",
        "date_hotspot_ori": "2026-09-10T17:39:00.000000Z",
        "provinsi": null,
        "kabkota": "Hulu Sungai Selatan",
        "desa": "Sungai Kupang",
        "hs_id": "2026-09-10T17:39:00.000000Z",
        "provinsi_id": 12,
        "long": 115.2282,
        "ori_sumber": null,
        "desa_id": null,
        "counter": 1,
        "confidence_level": "medium",
        "kawasan": "",
        "kecamatan": "Kandangan",
        "nama_provinsi": "Kalimantan Selatan",
        "pulau": "",
        "route_create": "https://opsroom.sipongidata.my.id/daops/laporan/groundcheck/create/form",
        "hotspot_date": "2026-09-11",
        "distance_hgu_km": 4.473,
        "zone": "3–5 km",
        "location_status": "OUTSIDE HGU"
      }
    },
    {
      "type": "Feature",
      "geometry": {
        "type": "Point",
        "coordinates": [
          115.06481,
          -2.81303
        ]
      },
      "properties": {
        "confidence": "medium",
        "confidence_value": null,
        "sumber": "NASA-SNPP",
        "date_hotspot": "Jumat, 11 September 2026 13:16:00",
        "date_hotspot_ori": "2026-09-11T06:16:00.000000Z",
        "provinsi": null,
        "kabkota": "Tapin",
        "desa": "Sungai Rutas",
        "hs_id": "2026-09-11T06:16:00.000000Z",
        "provinsi_id": 12,
        "long": 115.06481,
        "ori_sumber": null,
        "desa_id": null,
        "counter": 1,
        "confidence_level": "medium",
        "kawasan": "",
        "kecamatan": "Candi Laras Selatan",
        "nama_provinsi": "Kalimantan Selatan",
        "pulau": "",
        "route_create": "https://opsroom.sipongidata.my.id/daops/laporan/groundcheck/create/form",
        "hotspot_date": "2026-09-11",
        "distance_hgu_km": 0.928,
        "zone": "0–1 km",
        "location_status": "OUTSIDE HGU"
      }
    },
    {
      "type": "Feature",
      "geometry": {
        "type": "Point",
        "coordinates": [
          115.10394,
          -2.83114
        ]
      },
      "properties": {
        "confidence": "medium",
        "confidence_value": null,
        "sumber": "NASA-SNPP",
        "date_hotspot": "Jumat, 11 September 2026 13:16:00",
        "date_hotspot_ori": "2026-09-11T06:16:00.000000Z",
        "provinsi": null,
        "kabkota": "Hulu Sungai Selatan",
        "desa": "Balimau",
        "hs_id": "2026-09-11T06:16:00.000000Z",
        "provinsi_id": 12,
        "long": 115.10394,
        "ori_sumber": null,
        "desa_id": null,
        "counter": 1,
        "confidence_level": "medium",
        "kawasan": "",
        "kecamatan": "Kalumpang",
        "nama_provinsi": "Kalimantan Selatan",
        "pulau": "",
        "route_create": "https://opsroom.sipongidata.my.id/daops/laporan/groundcheck/create/form",
        "hotspot_date": "2026-09-11",
        "distance_hgu_km": 0.0,
        "zone": "Inside HGU",
        "location_status": "INSIDE HGU"
      }
    },
    {
      "type": "Feature",
      "geometry": {
        "type": "Point",
        "coordinates": [
          115.10841,
          -2.82635
        ]
      },
      "properties": {
        "confidence": "medium",
        "confidence_value": null,
        "sumber": "NASA-SNPP",
        "date_hotspot": "Jumat, 11 September 2026 13:16:00",
        "date_hotspot_ori": "2026-09-11T06:16:00.000000Z",
        "provinsi": null,
        "kabkota": "Hulu Sungai Selatan",
        "desa": "Balimau",
        "hs_id": "2026-09-11T06:16:00.000000Z",
        "provinsi_id": 12,
        "long": 115.10841,
        "ori_sumber": null,
        "desa_id": null,
        "counter": 1,
        "confidence_level": "medium",
        "kawasan": "",
        "kecamatan": "Kalumpang",
        "nama_provinsi": "Kalimantan Selatan",
        "pulau": "",
        "route_create": "https://opsroom.sipongidata.my.id/daops/laporan/groundcheck/create/form",
        "hotspot_date": "2026-09-11",
        "distance_hgu_km": 0.006,
        "zone": "0–1 km",
        "location_status": "OUTSIDE HGU"
      }
    },
    {
      "type": "Feature",
      "geometry": {
        "type": "Point",
        "coordinates": [
          115.11553,
          -2.80484
        ]
      },
      "properties": {
        "confidence": "medium",
        "confidence_value": null,
        "sumber": "NASA-SNPP",
        "date_hotspot": "Jumat, 11 September 2026 13:16:00",
        "date_hotspot_ori": "2026-09-11T06:16:00.000000Z",
        "provinsi": null,
        "kabkota": "Hulu Sungai Selatan",
        "desa": "Balimau",
        "hs_id": "2026-09-11T06:16:00.000000Z",
        "provinsi_id": 12,
        "long": 115.11553,
        "ori_sumber": null,
        "desa_id": null,
        "counter": 1,
        "confidence_level": "medium",
        "kawasan": "",
        "kecamatan": "Kalumpang",
        "nama_provinsi": "Kalimantan Selatan",
        "pulau": "",
        "route_create": "https://opsroom.sipongidata.my.id/daops/laporan/groundcheck/create/form",
        "hotspot_date": "2026-09-11",
        "distance_hgu_km": 0.0,
        "zone": "Inside HGU",
        "location_status": "INSIDE HGU"
      }
    },
    {
      "type": "Feature",
      "geometry": {
        "type": "Point",
        "coordinates": [
          115.10008,
          -2.8399
        ]
      },
      "properties": {
        "confidence": "medium",
        "confidence_value": null,
        "sumber": "NASA-SNPP",
        "date_hotspot": "Jumat, 11 September 2026 13:16:00",
        "date_hotspot_ori": "2026-09-11T06:16:00.000000Z",
        "provinsi": null,
        "kabkota": "Tapin",
        "desa": "Masta",
        "hs_id": "2026-09-11T06:16:00.000000Z",
        "provinsi_id": 12,
        "long": 115.10008,
        "ori_sumber": null,
        "desa_id": null,
        "counter": 1,
        "confidence_level": "medium",
        "kawasan": "",
        "kecamatan": "Bakarangan",
        "nama_provinsi": "Kalimantan Selatan",
        "pulau": "",
        "route_create": "https://opsroom.sipongidata.my.id/daops/laporan/groundcheck/create/form",
        "hotspot_date": "2026-09-11",
        "distance_hgu_km": 0.525,
        "zone": "0–1 km",
        "location_status": "OUTSIDE HGU"
      }
    },
    {
      "type": "Feature",
      "geometry": {
        "type": "Point",
        "coordinates": [
          115.09827,
          -2.82798
        ]
      },
      "properties": {
        "confidence": "medium",
        "confidence_value": null,
        "sumber": "NASA-SNPP",
        "date_hotspot": "Jumat, 11 September 2026 13:16:00",
        "date_hotspot_ori": "2026-09-11T06:16:00.000000Z",
        "provinsi": null,
        "kabkota": "Hulu Sungai Selatan",
        "desa": "Balimau",
        "hs_id": "2026-09-11T06:16:00.000000Z",
        "provinsi_id": 12,
        "long": 115.09827,
        "ori_sumber": null,
        "desa_id": null,
        "counter": 1,
        "confidence_level": "medium",
        "kawasan": "",
        "kecamatan": "Kalumpang",
        "nama_provinsi": "Kalimantan Selatan",
        "pulau": "",
        "route_create": "https://opsroom.sipongidata.my.id/daops/laporan/groundcheck/create/form",
        "hotspot_date": "2026-09-11",
        "distance_hgu_km": 0.0,
        "zone": "Inside HGU",
        "location_status": "INSIDE HGU"
      }
    },
    {
      "type": "Feature",
      "geometry": {
        "type": "Point",
        "coordinates": [
          115.11289,
          -2.82156
        ]
      },
      "properties": {
        "confidence": "medium",
        "confidence_value": null,
        "sumber": "NASA-SNPP",
        "date_hotspot": "Jumat, 11 September 2026 13:16:00",
        "date_hotspot_ori": "2026-09-11T06:16:00.000000Z",
        "provinsi": null,
        "kabkota": "Hulu Sungai Selatan",
        "desa": "Balimau",
        "hs_id": "2026-09-11T06:16:00.000000Z",
        "provinsi_id": 12,
        "long": 115.11289,
        "ori_sumber": null,
        "desa_id": null,
        "counter": 1,
        "confidence_level": "medium",
        "kawasan": "",
        "kecamatan": "Kalumpang",
        "nama_provinsi": "Kalimantan Selatan",
        "pulau": "",
        "route_create": "https://opsroom.sipongidata.my.id/daops/laporan/groundcheck/create/form",
        "hotspot_date": "2026-09-11",
        "distance_hgu_km": 0.216,
        "zone": "0–1 km",
        "location_status": "OUTSIDE HGU"
      }
    },
    {
      "type": "Feature",
      "geometry": {
        "type": "Point",
        "coordinates": [
          115.15789,
          -2.75934
        ]
      },
      "properties": {
        "confidence": "medium",
        "confidence_value": null,
        "sumber": "NASA-SNPP",
        "date_hotspot": "Jumat, 11 September 2026 13:16:00",
        "date_hotspot_ori": "2026-09-11T06:16:00.000000Z",
        "provinsi": null,
        "kabkota": "Hulu Sungai Selatan",
        "desa": "Garunggang",
        "hs_id": "2026-09-11T06:16:00.000000Z",
        "provinsi_id": 12,
        "long": 115.15789,
        "ori_sumber": null,
        "desa_id": null,
        "counter": 1,
        "confidence_level": "medium",
        "kawasan": "",
        "kecamatan": "Simpur",
        "nama_provinsi": "Kalimantan Selatan",
        "pulau": "",
        "route_create": "https://opsroom.sipongidata.my.id/daops/laporan/groundcheck/create/form",
        "hotspot_date": "2026-09-11",
        "distance_hgu_km": 0.0,
        "zone": "Inside HGU",
        "location_status": "INSIDE HGU"
      }
    },
    {
      "type": "Feature",
      "geometry": {
        "type": "Point",
        "coordinates": [
          115.1216,
          -2.72831
        ]
      },
      "properties": {
        "confidence": "medium",
        "confidence_value": null,
        "sumber": "NASA-SNPP",
        "date_hotspot": "Jumat, 11 September 2026 13:16:00",
        "date_hotspot_ori": "2026-09-11T06:16:00.000000Z",
        "provinsi": null,
        "kabkota": "Hulu Sungai Selatan",
        "desa": "Muning Baru",
        "hs_id": "2026-09-11T06:16:00.000000Z",
        "provinsi_id": 12,
        "long": 115.1216,
        "ori_sumber": null,
        "desa_id": null,
        "counter": 1,
        "confidence_level": "medium",
        "kawasan": "",
        "kecamatan": "Daha Selatan",
        "nama_provinsi": "Kalimantan Selatan",
        "pulau": "",
        "route_create": "https://opsroom.sipongidata.my.id/daops/laporan/groundcheck/create/form",
        "hotspot_date": "2026-09-11",
        "distance_hgu_km": 0.626,
        "zone": "0–1 km",
        "location_status": "OUTSIDE HGU"
      }
    },
    {
      "type": "Feature",
      "geometry": {
        "type": "Point",
        "coordinates": [
          115.11262,
          -2.7379
        ]
      },
      "properties": {
        "confidence": "medium",
        "confidence_value": null,
        "sumber": "NASA-SNPP",
        "date_hotspot": "Jumat, 11 September 2026 13:16:00",
        "date_hotspot_ori": "2026-09-11T06:16:00.000000Z",
        "provinsi": null,
        "kabkota": "Hulu Sungai Selatan",
        "desa": "Muning Dalam",
        "hs_id": "2026-09-11T06:16:00.000000Z",
        "provinsi_id": 12,
        "long": 115.11262,
        "ori_sumber": null,
        "desa_id": null,
        "counter": 1,
        "confidence_level": "medium",
        "kawasan": "",
        "kecamatan": "Daha Selatan",
        "nama_provinsi": "Kalimantan Selatan",
        "pulau": "",
        "route_create": "https://opsroom.sipongidata.my.id/daops/laporan/groundcheck/create/form",
        "hotspot_date": "2026-09-11",
        "distance_hgu_km": 0.429,
        "zone": "0–1 km",
        "location_status": "OUTSIDE HGU"
      }
    },
    {
      "type": "Feature",
      "geometry": {
        "type": "Point",
        "coordinates": [
          115.1171,
          -2.7331
        ]
      },
      "properties": {
        "confidence": "medium",
        "confidence_value": null,
        "sumber": "NASA-SNPP",
        "date_hotspot": "Jumat, 11 September 2026 13:16:00",
        "date_hotspot_ori": "2026-09-11T06:16:00.000000Z",
        "provinsi": null,
        "kabkota": "Hulu Sungai Selatan",
        "desa": "Muning Dalam",
        "hs_id": "2026-09-11T06:16:00.000000Z",
        "provinsi_id": 12,
        "long": 115.1171,
        "ori_sumber": null,
        "desa_id": null,
        "counter": 1,
        "confidence_level": "medium",
        "kawasan": "",
        "kecamatan": "Daha Selatan",
        "nama_provinsi": "Kalimantan Selatan",
        "pulau": "",
        "route_create": "https://opsroom.sipongidata.my.id/daops/laporan/groundcheck/create/form",
        "hotspot_date": "2026-09-11",
        "distance_hgu_km": 0.555,
        "zone": "0–1 km",
        "location_status": "OUTSIDE HGU"
      }
    },
    {
      "type": "Feature",
      "geometry": {
        "type": "Point",
        "coordinates": [
          115.11588,
          -2.72514
        ]
      },
      "properties": {
        "confidence": "medium",
        "confidence_value": null,
        "sumber": "NASA-SNPP",
        "date_hotspot": "Jumat, 11 September 2026 13:16:00",
        "date_hotspot_ori": "2026-09-11T06:16:00.000000Z",
        "provinsi": null,
        "kabkota": "Hulu Sungai Selatan",
        "desa": "Muning Baru",
        "hs_id": "2026-09-11T06:16:00.000000Z",
        "provinsi_id": 12,
        "long": 115.11588,
        "ori_sumber": null,
        "desa_id": null,
        "counter": 1,
        "confidence_level": "medium",
        "kawasan": "",
        "kecamatan": "Daha Selatan",
        "nama_provinsi": "Kalimantan Selatan",
        "pulau": "",
        "route_create": "https://opsroom.sipongidata.my.id/daops/laporan/groundcheck/create/form",
        "hotspot_date": "2026-09-11",
        "distance_hgu_km": 1.312,
        "zone": "1–3 km",
        "location_status": "OUTSIDE HGU"
      }
    },
    {
      "type": "Feature",
      "geometry": {
        "type": "Point",
        "coordinates": [
          115.10098,
          -2.83764
        ]
      },
      "properties": {
        "confidence": "medium",
        "confidence_value": null,
        "sumber": "NASA-NOAA20",
        "date_hotspot": "Jumat, 11 September 2026 13:35:00",
        "date_hotspot_ori": "2026-09-11T06:35:00.000000Z",
        "provinsi": null,
        "kabkota": "Tapin",
        "desa": "Masta",
        "hs_id": "2026-09-11T06:35:00.000000Z",
        "provinsi_id": 12,
        "long": 115.10098,
        "ori_sumber": null,
        "desa_id": null,
        "counter": 1,
        "confidence_level": "medium",
        "kawasan": "",
        "kecamatan": "Bakarangan",
        "nama_provinsi": "Kalimantan Selatan",
        "pulau": "",
        "route_create": "https://opsroom.sipongidata.my.id/daops/laporan/groundcheck/create/form",
        "hotspot_date": "2026-09-11",
        "distance_hgu_km": 0.259,
        "zone": "0–1 km",
        "location_status": "OUTSIDE HGU"
      }
    },
    {
      "type": "Feature",
      "geometry": {
        "type": "Point",
        "coordinates": [
          115.12523,
          -2.83978
        ]
      },
      "properties": {
        "confidence": "medium",
        "confidence_value": null,
        "sumber": "NASA-NOAA20",
        "date_hotspot": "Jumat, 11 September 2026 13:35:00",
        "date_hotspot_ori": "2026-09-11T06:35:00.000000Z",
        "provinsi": null,
        "kabkota": "Tapin",
        "desa": "Masta",
        "hs_id": "2026-09-11T06:35:00.000000Z",
        "provinsi_id": 12,
        "long": 115.12523,
        "ori_sumber": null,
        "desa_id": null,
        "counter": 1,
        "confidence_level": "medium",
        "kawasan": "",
        "kecamatan": "Bakarangan",
        "nama_provinsi": "Kalimantan Selatan",
        "pulau": "",
        "route_create": "https://opsroom.sipongidata.my.id/daops/laporan/groundcheck/create/form",
        "hotspot_date": "2026-09-11",
        "distance_hgu_km": 1.76,
        "zone": "1–3 km",
        "location_status": "OUTSIDE HGU"
      }
    },
    {
      "type": "Feature",
      "geometry": {
        "type": "Point",
        "coordinates": [
          115.18113,
          -2.73931
        ]
      },
      "properties": {
        "confidence": "medium",
        "confidence_value": null,
        "sumber": "NASA-SNPP",
        "date_hotspot": "Jumat, 11 September 2026 13:16:00",
        "date_hotspot_ori": "2026-09-11T06:16:00.000000Z",
        "provinsi": null,
        "kabkota": "Hulu Sungai Selatan",
        "desa": "Pantai Ulin",
        "hs_id": "2026-09-11T06:16:00.000000Z",
        "provinsi_id": 12,
        "long": 115.18113,
        "ori_sumber": null,
        "desa_id": null,
        "counter": 2,
        "confidence_level": "medium",
        "kawasan": "",
        "kecamatan": "Simpur",
        "nama_provinsi": "Kalimantan Selatan",
        "pulau": "",
        "route_create": "https://opsroom.sipongidata.my.id/daops/laporan/groundcheck/create/form",
        "hotspot_date": "2026-09-11",
        "distance_hgu_km": 0.0,
        "zone": "Inside HGU",
        "location_status": "INSIDE HGU"
      }
    },
    {
      "type": "Feature",
      "geometry": {
        "type": "Point",
        "coordinates": [
          115.1587,
          -2.73058
        ]
      },
      "properties": {
        "confidence": "medium",
        "confidence_value": null,
        "sumber": "NASA-SNPP",
        "date_hotspot": "Jumat, 11 September 2026 13:16:00",
        "date_hotspot_ori": "2026-09-11T06:16:00.000000Z",
        "provinsi": null,
        "kabkota": "Hulu Sungai Selatan",
        "desa": "Pantai Ulin",
        "hs_id": "2026-09-11T06:16:00.000000Z",
        "provinsi_id": 12,
        "long": 115.1587,
        "ori_sumber": null,
        "desa_id": null,
        "counter": 1,
        "confidence_level": "medium",
        "kawasan": "",
        "kecamatan": "Simpur",
        "nama_provinsi": "Kalimantan Selatan",
        "pulau": "",
        "route_create": "https://opsroom.sipongidata.my.id/daops/laporan/groundcheck/create/form",
        "hotspot_date": "2026-09-11",
        "distance_hgu_km": 0.0,
        "zone": "Inside HGU",
        "location_status": "INSIDE HGU"
      }
    },
    {
      "type": "Feature",
      "geometry": {
        "type": "Point",
        "coordinates": [
          115.13094,
          -2.72236
        ]
      },
      "properties": {
        "confidence": "medium",
        "confidence_value": null,
        "sumber": "NASA-SNPP",
        "date_hotspot": "Sabtu, 12 September 2026 00:17:00",
        "date_hotspot_ori": "2026-09-11T17:17:00.000000Z",
        "provinsi": null,
        "kabkota": "Hulu Sungai Selatan",
        "desa": "Muning Baru",
        "hs_id": "2026-09-11T17:17:00.000000Z",
        "provinsi_id": 12,
        "long": 115.13094,
        "ori_sumber": null,
        "desa_id": null,
        "counter": 2,
        "confidence_level": "medium",
        "kawasan": "",
        "kecamatan": "Daha Selatan",
        "nama_provinsi": "Kalimantan Selatan",
        "pulau": "",
        "route_create": "https://opsroom.sipongidata.my.id/daops/laporan/groundcheck/create/form",
        "hotspot_date": "2026-09-12",
        "distance_hgu_km": 0.282,
        "zone": "0–1 km",
        "location_status": "OUTSIDE HGU"
      }
    },
    {
      "type": "Feature",
      "geometry": {
        "type": "Point",
        "coordinates": [
          115.22905,
          -2.72268
        ]
      },
      "properties": {
        "confidence": "medium",
        "confidence_value": null,
        "sumber": "NASA-SNPP",
        "date_hotspot": "Sabtu, 12 September 2026 00:17:00",
        "date_hotspot_ori": "2026-09-11T17:17:00.000000Z",
        "provinsi": null,
        "kabkota": "Hulu Sungai Selatan",
        "desa": "Sungai Kupang",
        "hs_id": "2026-09-11T17:17:00.000000Z",
        "provinsi_id": 12,
        "long": 115.22905,
        "ori_sumber": null,
        "desa_id": null,
        "counter": 1,
        "confidence_level": "medium",
        "kawasan": "",
        "kecamatan": "Kandangan",
        "nama_provinsi": "Kalimantan Selatan",
        "pulau": "",
        "route_create": "https://opsroom.sipongidata.my.id/daops/laporan/groundcheck/create/form",
        "hotspot_date": "2026-09-12",
        "distance_hgu_km": 3.567,
        "zone": "3–5 km",
        "location_status": "OUTSIDE HGU"
      }
    },
    {
      "type": "Feature",
      "geometry": {
        "type": "Point",
        "coordinates": [
          115.22919,
          -2.72422
        ]
      },
      "properties": {
        "confidence": "medium",
        "confidence_value": null,
        "sumber": "NASA-SNPP",
        "date_hotspot": "Sabtu, 12 September 2026 00:17:00",
        "date_hotspot_ori": "2026-09-11T17:17:00.000000Z",
        "provinsi": null,
        "kabkota": "Hulu Sungai Selatan",
        "desa": "Sungai Kupang",
        "hs_id": "2026-09-11T17:17:00.000000Z",
        "provinsi_id": 12,
        "long": 115.22919,
        "ori_sumber": null,
        "desa_id": null,
        "counter": 1,
        "confidence_level": "medium",
        "kawasan": "",
        "kecamatan": "Kandangan",
        "nama_provinsi": "Kalimantan Selatan",
        "pulau": "",
        "route_create": "https://opsroom.sipongidata.my.id/daops/laporan/groundcheck/create/form",
        "hotspot_date": "2026-09-12",
        "distance_hgu_km": 3.487,
        "zone": "3–5 km",
        "location_status": "OUTSIDE HGU"
      }
    },
    {
      "type": "Feature",
      "geometry": {
        "type": "Point",
        "coordinates": [
          115.23007,
          -2.71892
        ]
      },
      "properties": {
        "confidence": "medium",
        "confidence_value": null,
        "sumber": "NASA-SNPP",
        "date_hotspot": "Sabtu, 12 September 2026 00:17:00",
        "date_hotspot_ori": "2026-09-11T17:17:00.000000Z",
        "provinsi": null,
        "kabkota": "Hulu Sungai Selatan",
        "desa": "Taniran Kubah",
        "hs_id": "2026-09-11T17:17:00.000000Z",
        "provinsi_id": 12,
        "long": 115.23007,
        "ori_sumber": null,
        "desa_id": null,
        "counter": 1,
        "confidence_level": "medium",
        "kawasan": "",
        "kecamatan": "Angkinang",
        "nama_provinsi": "Kalimantan Selatan",
        "pulau": "",
        "route_create": "https://opsroom.sipongidata.my.id/daops/laporan/groundcheck/create/form",
        "hotspot_date": "2026-09-12",
        "distance_hgu_km": 3.905,
        "zone": "3–5 km",
        "location_status": "OUTSIDE HGU"
      }
    },
    {
      "type": "Feature",
      "geometry": {
        "type": "Point",
        "coordinates": [
          115.19259,
          -2.72457
        ]
      },
      "properties": {
        "confidence": "medium",
        "confidence_value": null,
        "sumber": "NASA-NOAA20",
        "date_hotspot": "Sabtu, 12 September 2026 00:37:00",
        "date_hotspot_ori": "2026-09-11T17:37:00.000000Z",
        "provinsi": null,
        "kabkota": "Hulu Sungai Selatan",
        "desa": "Lungau",
        "hs_id": "2026-09-11T17:37:00.000000Z",
        "provinsi_id": 12,
        "long": 115.19259,
        "ori_sumber": null,
        "desa_id": null,
        "counter": 1,
        "confidence_level": "medium",
        "kawasan": "",
        "kecamatan": "Kandangan",
        "nama_provinsi": "Kalimantan Selatan",
        "pulau": "",
        "route_create": "https://opsroom.sipongidata.my.id/daops/laporan/groundcheck/create/form",
        "hotspot_date": "2026-09-12",
        "distance_hgu_km": 0.16,
        "zone": "0–1 km",
        "location_status": "OUTSIDE HGU"
      }
    },
    {
      "type": "Feature",
      "geometry": {
        "type": "Point",
        "coordinates": [
          115.12735,
          -2.73082
        ]
      },
      "properties": {
        "confidence": "medium",
        "confidence_value": null,
        "sumber": "NASA-NOAA20",
        "date_hotspot": "Minggu, 20 September 2026 12:27:00",
        "date_hotspot_ori": "2026-09-20T05:27:00.000000Z",
        "provinsi": null,
        "kabkota": "Hulu Sungai Selatan",
        "desa": "Kalumpang",
        "hs_id": "2026-09-20T05:27:00.000000Z",
        "provinsi_id": 12,
        "long": 115.12735,
        "ori_sumber": null,
        "desa_id": null,
        "counter": 1,
        "confidence_level": "medium",
        "kawasan": "",
        "kecamatan": "Kalumpang",
        "nama_provinsi": "Kalimantan Selatan",
        "pulau": "",
        "route_create": "https://opsroom.sipongidata.my.id/daops/laporan/groundcheck/create/form",
        "hotspot_date": "2026-09-20",
        "distance_hgu_km": 0.0,
        "zone": "Inside HGU",
        "location_status": "INSIDE HGU"
      }
    },
    {
      "type": "Feature",
      "geometry": {
        "type": "Point",
        "coordinates": [
          115.19876,
          -2.72453
        ]
      },
      "properties": {
        "confidence": "medium",
        "confidence_value": null,
        "sumber": "NASA-NOAA20",
        "date_hotspot": "Minggu, 20 September 2026 12:27:00",
        "date_hotspot_ori": "2026-09-20T05:27:00.000000Z",
        "provinsi": null,
        "kabkota": "Hulu Sungai Selatan",
        "desa": "Lungau",
        "hs_id": "2026-09-20T05:27:00.000000Z",
        "provinsi_id": 12,
        "long": 115.19876,
        "ori_sumber": null,
        "desa_id": null,
        "counter": 1,
        "confidence_level": "medium",
        "kawasan": "",
        "kecamatan": "Kandangan",
        "nama_provinsi": "Kalimantan Selatan",
        "pulau": "",
        "route_create": "https://opsroom.sipongidata.my.id/daops/laporan/groundcheck/create/form",
        "hotspot_date": "2026-09-20",
        "distance_hgu_km": 0.612,
        "zone": "0–1 km",
        "location_status": "OUTSIDE HGU"
      }
    },
    {
      "type": "Feature",
      "geometry": {
        "type": "Point",
        "coordinates": [
          115.08769,
          -2.74849
        ]
      },
      "properties": {
        "confidence": "medium",
        "confidence_value": null,
        "sumber": "NASA-SNPP",
        "date_hotspot": "Sabtu, 12 September 2026 12:57:00",
        "date_hotspot_ori": "2026-09-12T05:57:00.000000Z",
        "provinsi": null,
        "kabkota": "Hulu Sungai Selatan",
        "desa": "Muning Dalam",
        "hs_id": "2026-09-12T05:57:00.000000Z",
        "provinsi_id": 12,
        "long": 115.08769,
        "ori_sumber": null,
        "desa_id": null,
        "counter": 1,
        "confidence_level": "medium",
        "kawasan": "",
        "kecamatan": "Daha Selatan",
        "nama_provinsi": "Kalimantan Selatan",
        "pulau": "",
        "route_create": "https://opsroom.sipongidata.my.id/daops/laporan/groundcheck/create/form",
        "hotspot_date": "2026-09-12",
        "distance_hgu_km": 1.177,
        "zone": "1–3 km",
        "location_status": "OUTSIDE HGU"
      }
    },
    {
      "type": "Feature",
      "geometry": {
        "type": "Point",
        "coordinates": [
          115.1991,
          -2.73825
        ]
      },
      "properties": {
        "confidence": "medium",
        "confidence_value": null,
        "sumber": "NASA-SNPP",
        "date_hotspot": "Sabtu, 12 September 2026 12:57:00",
        "date_hotspot_ori": "2026-09-12T05:57:00.000000Z",
        "provinsi": null,
        "kabkota": "Hulu Sungai Selatan",
        "desa": "Pantai Ulin",
        "hs_id": "2026-09-12T05:57:00.000000Z",
        "provinsi_id": 12,
        "long": 115.1991,
        "ori_sumber": null,
        "desa_id": null,
        "counter": 2,
        "confidence_level": "medium",
        "kawasan": "",
        "kecamatan": "Simpur",
        "nama_provinsi": "Kalimantan Selatan",
        "pulau": "",
        "route_create": "https://opsroom.sipongidata.my.id/daops/laporan/groundcheck/create/form",
        "hotspot_date": "2026-09-12",
        "distance_hgu_km": 0.0,
        "zone": "Inside HGU",
        "location_status": "INSIDE HGU"
      }
    },
    {
      "type": "Feature",
      "geometry": {
        "type": "Point",
        "coordinates": [
          115.20989,
          -2.71621
        ]
      },
      "properties": {
        "confidence": "medium",
        "confidence_value": null,
        "sumber": "NASA-SNPP",
        "date_hotspot": "Sabtu, 12 September 2026 12:57:00",
        "date_hotspot_ori": "2026-09-12T05:57:00.000000Z",
        "provinsi": null,
        "kabkota": "Hulu Sungai Selatan",
        "desa": "Lungau",
        "hs_id": "2026-09-12T05:57:00.000000Z",
        "provinsi_id": 12,
        "long": 115.20989,
        "ori_sumber": null,
        "desa_id": null,
        "counter": 1,
        "confidence_level": "medium",
        "kawasan": "",
        "kecamatan": "Kandangan",
        "nama_provinsi": "Kalimantan Selatan",
        "pulau": "",
        "route_create": "https://opsroom.sipongidata.my.id/daops/laporan/groundcheck/create/form",
        "hotspot_date": "2026-09-12",
        "distance_hgu_km": 2.152,
        "zone": "1–3 km",
        "location_status": "OUTSIDE HGU"
      }
    },
    {
      "type": "Feature",
      "geometry": {
        "type": "Point",
        "coordinates": [
          115.16354,
          -2.71311
        ]
      },
      "properties": {
        "confidence": "medium",
        "confidence_value": null,
        "sumber": "NASA-SNPP",
        "date_hotspot": "Sabtu, 12 September 2026 12:57:00",
        "date_hotspot_ori": "2026-09-12T05:57:00.000000Z",
        "provinsi": null,
        "kabkota": "Hulu Sungai Selatan",
        "desa": "Pantai Ulin",
        "hs_id": "2026-09-12T05:57:00.000000Z",
        "provinsi_id": 12,
        "long": 115.16354,
        "ori_sumber": null,
        "desa_id": null,
        "counter": 1,
        "confidence_level": "medium",
        "kawasan": "",
        "kecamatan": "Simpur",
        "nama_provinsi": "Kalimantan Selatan",
        "pulau": "",
        "route_create": "https://opsroom.sipongidata.my.id/daops/laporan/groundcheck/create/form",
        "hotspot_date": "2026-09-12",
        "distance_hgu_km": 1.583,
        "zone": "1–3 km",
        "location_status": "OUTSIDE HGU"
      }
    },
    {
      "type": "Feature",
      "geometry": {
        "type": "Point",
        "coordinates": [
          115.07268,
          -2.83816
        ]
      },
      "properties": {
        "confidence": "medium",
        "confidence_value": null,
        "sumber": "NASA-NOAA20",
        "date_hotspot": "Minggu, 20 September 2026 12:27:00",
        "date_hotspot_ori": "2026-09-20T05:27:00.000000Z",
        "provinsi": null,
        "kabkota": "Hulu Sungai Selatan",
        "desa": "Balimau",
        "hs_id": "2026-09-20T05:27:00.000000Z",
        "provinsi_id": 12,
        "long": 115.07268,
        "ori_sumber": null,
        "desa_id": null,
        "counter": 1,
        "confidence_level": "medium",
        "kawasan": "",
        "kecamatan": "Kalumpang",
        "nama_provinsi": "Kalimantan Selatan",
        "pulau": "",
        "route_create": "https://opsroom.sipongidata.my.id/daops/laporan/groundcheck/create/form",
        "hotspot_date": "2026-09-20",
        "distance_hgu_km": 0.623,
        "zone": "0–1 km",
        "location_status": "OUTSIDE HGU"
      }
    },
    {
      "type": "Feature",
      "geometry": {
        "type": "Point",
        "coordinates": [
          115.05536,
          -2.76851
        ]
      },
      "properties": {
        "confidence": "medium",
        "confidence_value": null,
        "sumber": "NASA-NOAA20",
        "date_hotspot": "Minggu, 20 September 2026 12:27:00",
        "date_hotspot_ori": "2026-09-20T05:27:00.000000Z",
        "provinsi": null,
        "kabkota": "Hulu Sungai Selatan",
        "desa": "Muning Dalam",
        "hs_id": "2026-09-20T05:27:00.000000Z",
        "provinsi_id": 12,
        "long": 115.05536,
        "ori_sumber": null,
        "desa_id": null,
        "counter": 1,
        "confidence_level": "medium",
        "kawasan": "",
        "kecamatan": "Daha Selatan",
        "nama_provinsi": "Kalimantan Selatan",
        "pulau": "",
        "route_create": "https://opsroom.sipongidata.my.id/daops/laporan/groundcheck/create/form",
        "hotspot_date": "2026-09-20",
        "distance_hgu_km": 2.117,
        "zone": "1–3 km",
        "location_status": "OUTSIDE HGU"
      }
    },
    {
      "type": "Feature",
      "geometry": {
        "type": "Point",
        "coordinates": [
          115.18473,
          -2.7444
        ]
      },
      "properties": {
        "confidence": "medium",
        "confidence_value": null,
        "sumber": "NASA-NOAA20",
        "date_hotspot": "Minggu, 20 September 2026 12:27:00",
        "date_hotspot_ori": "2026-09-20T05:27:00.000000Z",
        "provinsi": null,
        "kabkota": "Hulu Sungai Selatan",
        "desa": "Pantai Ulin",
        "hs_id": "2026-09-20T05:27:00.000000Z",
        "provinsi_id": 12,
        "long": 115.18473,
        "ori_sumber": null,
        "desa_id": null,
        "counter": 1,
        "confidence_level": "medium",
        "kawasan": "",
        "kecamatan": "Simpur",
        "nama_provinsi": "Kalimantan Selatan",
        "pulau": "",
        "route_create": "https://opsroom.sipongidata.my.id/daops/laporan/groundcheck/create/form",
        "hotspot_date": "2026-09-20",
        "distance_hgu_km": 0.0,
        "zone": "Inside HGU",
        "location_status": "INSIDE HGU"
      }
    },
    {
      "type": "Feature",
      "geometry": {
        "type": "Point",
        "coordinates": [
          115.19007,
          -2.7235
        ]
      },
      "properties": {
        "confidence": "medium",
        "confidence_value": null,
        "sumber": "NASA-SNPP",
        "date_hotspot": "Minggu, 13 September 2026 12:40:00",
        "date_hotspot_ori": "2026-09-13T05:40:00.000000Z",
        "provinsi": null,
        "kabkota": "Hulu Sungai Selatan",
        "desa": "Lungau",
        "hs_id": "2026-09-13T05:40:00.000000Z",
        "provinsi_id": 12,
        "long": 115.19007,
        "ori_sumber": null,
        "desa_id": null,
        "counter": 2,
        "confidence_level": "medium",
        "kawasan": "",
        "kecamatan": "Kandangan",
        "nama_provinsi": "Kalimantan Selatan",
        "pulau": "",
        "route_create": "https://opsroom.sipongidata.my.id/daops/laporan/groundcheck/create/form",
        "hotspot_date": "2026-09-13",
        "distance_hgu_km": 0.0,
        "zone": "Inside HGU",
        "location_status": "INSIDE HGU"
      }
    },
    {
      "type": "Feature",
      "geometry": {
        "type": "Point",
        "coordinates": [
          115.19145,
          -2.72195
        ]
      },
      "properties": {
        "confidence": "medium",
        "confidence_value": null,
        "sumber": "NASA-SNPP",
        "date_hotspot": "Minggu, 13 September 2026 12:40:00",
        "date_hotspot_ori": "2026-09-13T05:40:00.000000Z",
        "provinsi": null,
        "kabkota": "Hulu Sungai Selatan",
        "desa": "Lungau",
        "hs_id": "2026-09-13T05:40:00.000000Z",
        "provinsi_id": 12,
        "long": 115.19145,
        "ori_sumber": null,
        "desa_id": null,
        "counter": 2,
        "confidence_level": "medium",
        "kawasan": "",
        "kecamatan": "Kandangan",
        "nama_provinsi": "Kalimantan Selatan",
        "pulau": "",
        "route_create": "https://opsroom.sipongidata.my.id/daops/laporan/groundcheck/create/form",
        "hotspot_date": "2026-09-13",
        "distance_hgu_km": 0.171,
        "zone": "0–1 km",
        "location_status": "OUTSIDE HGU"
      }
    },
    {
      "type": "Feature",
      "geometry": {
        "type": "Point",
        "coordinates": [
          115.14031,
          -2.70265
        ]
      },
      "properties": {
        "confidence": "medium",
        "confidence_value": null,
        "sumber": "NASA-SNPP",
        "date_hotspot": "Minggu, 13 September 2026 12:40:00",
        "date_hotspot_ori": "2026-09-13T05:40:00.000000Z",
        "provinsi": null,
        "kabkota": "Hulu Sungai Selatan",
        "desa": "Muning Baru",
        "hs_id": "2026-09-13T05:40:00.000000Z",
        "provinsi_id": 12,
        "long": 115.14031,
        "ori_sumber": null,
        "desa_id": null,
        "counter": 2,
        "confidence_level": "medium",
        "kawasan": "",
        "kecamatan": "Daha Selatan",
        "nama_provinsi": "Kalimantan Selatan",
        "pulau": "",
        "route_create": "https://opsroom.sipongidata.my.id/daops/laporan/groundcheck/create/form",
        "hotspot_date": "2026-09-13",
        "distance_hgu_km": 2.429,
        "zone": "1–3 km",
        "location_status": "OUTSIDE HGU"
      }
    },
    {
      "type": "Feature",
      "geometry": {
        "type": "Point",
        "coordinates": [
          115.05211,
          -2.74465
        ]
      },
      "properties": {
        "confidence": "medium",
        "confidence_value": null,
        "sumber": "NASA-SNPP",
        "date_hotspot": "Minggu, 13 September 2026 12:40:00",
        "date_hotspot_ori": "2026-09-13T05:40:00.000000Z",
        "provinsi": null,
        "kabkota": "Hulu Sungai Selatan",
        "desa": "Muning Dalam",
        "hs_id": "2026-09-13T05:40:00.000000Z",
        "provinsi_id": 12,
        "long": 115.05211,
        "ori_sumber": null,
        "desa_id": null,
        "counter": 1,
        "confidence_level": "medium",
        "kawasan": "",
        "kecamatan": "Daha Selatan",
        "nama_provinsi": "Kalimantan Selatan",
        "pulau": "",
        "route_create": "https://opsroom.sipongidata.my.id/daops/laporan/groundcheck/create/form",
        "hotspot_date": "2026-09-13",
        "distance_hgu_km": 3.833,
        "zone": "3–5 km",
        "location_status": "OUTSIDE HGU"
      }
    },
    {
      "type": "Feature",
      "geometry": {
        "type": "Point",
        "coordinates": [
          115.10701,
          -2.71533
        ]
      },
      "properties": {
        "confidence": "medium",
        "confidence_value": null,
        "sumber": "NASA-NOAA20",
        "date_hotspot": "Minggu, 13 September 2026 12:57:00",
        "date_hotspot_ori": "2026-09-13T05:57:00.000000Z",
        "provinsi": null,
        "kabkota": "Hulu Sungai Selatan",
        "desa": "Muning Baru",
        "hs_id": "2026-09-13T05:57:00.000000Z",
        "provinsi_id": 12,
        "long": 115.10701,
        "ori_sumber": null,
        "desa_id": null,
        "counter": 1,
        "confidence_level": "medium",
        "kawasan": "",
        "kecamatan": "Daha Selatan",
        "nama_provinsi": "Kalimantan Selatan",
        "pulau": "",
        "route_create": "https://opsroom.sipongidata.my.id/daops/laporan/groundcheck/create/form",
        "hotspot_date": "2026-09-13",
        "distance_hgu_km": 2.778,
        "zone": "1–3 km",
        "location_status": "OUTSIDE HGU"
      }
    },
    {
      "type": "Feature",
      "geometry": {
        "type": "Point",
        "coordinates": [
          115.16819,
          -2.69899
        ]
      },
      "properties": {
        "confidence": "medium",
        "confidence_value": null,
        "sumber": "NASA-NOAA20",
        "date_hotspot": "Minggu, 13 September 2026 12:57:00",
        "date_hotspot_ori": "2026-09-13T05:57:00.000000Z",
        "provinsi": null,
        "kabkota": "Hulu Sungai Selatan",
        "desa": "Bangkau",
        "hs_id": "2026-09-13T05:57:00.000000Z",
        "provinsi_id": 12,
        "long": 115.16819,
        "ori_sumber": null,
        "desa_id": null,
        "counter": 1,
        "confidence_level": "medium",
        "kawasan": "",
        "kecamatan": "Kandangan",
        "nama_provinsi": "Kalimantan Selatan",
        "pulau": "",
        "route_create": "https://opsroom.sipongidata.my.id/daops/laporan/groundcheck/create/form",
        "hotspot_date": "2026-09-13",
        "distance_hgu_km": 2.877,
        "zone": "1–3 km",
        "location_status": "OUTSIDE HGU"
      }
    },
    {
      "type": "Feature",
      "geometry": {
        "type": "Point",
        "coordinates": [
          115.16871,
          -2.70239
        ]
      },
      "properties": {
        "confidence": "medium",
        "confidence_value": null,
        "sumber": "NASA-NOAA20",
        "date_hotspot": "Minggu, 13 September 2026 12:57:00",
        "date_hotspot_ori": "2026-09-13T05:57:00.000000Z",
        "provinsi": null,
        "kabkota": "Hulu Sungai Selatan",
        "desa": "Pantai Ulin",
        "hs_id": "2026-09-13T05:57:00.000000Z",
        "provinsi_id": 12,
        "long": 115.16871,
        "ori_sumber": null,
        "desa_id": null,
        "counter": 2,
        "confidence_level": "medium",
        "kawasan": "",
        "kecamatan": "Simpur",
        "nama_provinsi": "Kalimantan Selatan",
        "pulau": "",
        "route_create": "https://opsroom.sipongidata.my.id/daops/laporan/groundcheck/create/form",
        "hotspot_date": "2026-09-13",
        "distance_hgu_km": 2.503,
        "zone": "1–3 km",
        "location_status": "OUTSIDE HGU"
      }
    },
    {
      "type": "Feature",
      "geometry": {
        "type": "Point",
        "coordinates": [
          115.04767,
          -2.7878
        ]
      },
      "properties": {
        "confidence": "medium",
        "confidence_value": null,
        "sumber": "NASA-NOAA20",
        "date_hotspot": "Minggu, 13 September 2026 12:57:00",
        "date_hotspot_ori": "2026-09-13T05:57:00.000000Z",
        "provinsi": null,
        "kabkota": "Tapin",
        "desa": "Sungai Rutas",
        "hs_id": "2026-09-13T05:57:00.000000Z",
        "provinsi_id": 12,
        "long": 115.04767,
        "ori_sumber": null,
        "desa_id": null,
        "counter": 1,
        "confidence_level": "medium",
        "kawasan": "",
        "kecamatan": "Candi Laras Selatan",
        "nama_provinsi": "Kalimantan Selatan",
        "pulau": "",
        "route_create": "https://opsroom.sipongidata.my.id/daops/laporan/groundcheck/create/form",
        "hotspot_date": "2026-09-13",
        "distance_hgu_km": 2.919,
        "zone": "1–3 km",
        "location_status": "OUTSIDE HGU"
      }
    },
    {
      "type": "Feature",
      "geometry": {
        "type": "Point",
        "coordinates": [
          115.05493,
          -2.78668
        ]
      },
      "properties": {
        "confidence": "medium",
        "confidence_value": null,
        "sumber": "NASA-NOAA20",
        "date_hotspot": "Minggu, 13 September 2026 12:57:00",
        "date_hotspot_ori": "2026-09-13T05:57:00.000000Z",
        "provinsi": null,
        "kabkota": "Tapin",
        "desa": "Sungai Rutas",
        "hs_id": "2026-09-13T05:57:00.000000Z",
        "provinsi_id": 12,
        "long": 115.05493,
        "ori_sumber": null,
        "desa_id": null,
        "counter": 1,
        "confidence_level": "medium",
        "kawasan": "",
        "kecamatan": "Candi Laras Selatan",
        "nama_provinsi": "Kalimantan Selatan",
        "pulau": "",
        "route_create": "https://opsroom.sipongidata.my.id/daops/laporan/groundcheck/create/form",
        "hotspot_date": "2026-09-13",
        "distance_hgu_km": 2.102,
        "zone": "1–3 km",
        "location_status": "OUTSIDE HGU"
      }
    },
    {
      "type": "Feature",
      "geometry": {
        "type": "Point",
        "coordinates": [
          115.10336,
          -2.71589
        ]
      },
      "properties": {
        "confidence": "medium",
        "confidence_value": null,
        "sumber": "NASA-NOAA20",
        "date_hotspot": "Minggu, 13 September 2026 12:57:00",
        "date_hotspot_ori": "2026-09-13T05:57:00.000000Z",
        "provinsi": null,
        "kabkota": "Hulu Sungai Selatan",
        "desa": "Muning Tengah",
        "hs_id": "2026-09-13T05:57:00.000000Z",
        "provinsi_id": 12,
        "long": 115.10336,
        "ori_sumber": null,
        "desa_id": null,
        "counter": 1,
        "confidence_level": "medium",
        "kawasan": "",
        "kecamatan": "Daha Selatan",
        "nama_provinsi": "Kalimantan Selatan",
        "pulau": "",
        "route_create": "https://opsroom.sipongidata.my.id/daops/laporan/groundcheck/create/form",
        "hotspot_date": "2026-09-13",
        "distance_hgu_km": 2.994,
        "zone": "1–3 km",
        "location_status": "OUTSIDE HGU"
      }
    },
    {
      "type": "Feature",
      "geometry": {
        "type": "Point",
        "coordinates": [
          115.18747,
          -2.71768
        ]
      },
      "properties": {
        "confidence": "medium",
        "confidence_value": null,
        "sumber": "NASA-SNPP",
        "date_hotspot": "Sabtu, 03 Oktober 2026 13:03:00",
        "date_hotspot_ori": "2026-10-03T06:03:00.000000Z",
        "provinsi": null,
        "kabkota": "Hulu Sungai Selatan",
        "desa": "Lungau",
        "hs_id": "2026-10-03T06:03:00.000000Z",
        "provinsi_id": 12,
        "long": 115.18747,
        "ori_sumber": null,
        "desa_id": null,
        "counter": 1,
        "confidence_level": "medium",
        "kawasan": "",
        "kecamatan": "Kandangan",
        "nama_provinsi": "Kalimantan Selatan",
        "pulau": "",
        "route_create": "https://opsroom.sipongidata.my.id/daops/laporan/groundcheck/create/form",
        "hotspot_date": "2026-10-03",
        "distance_hgu_km": 0.221,
        "zone": "0–1 km",
        "location_status": "OUTSIDE HGU"
      }
    },
    {
      "type": "Feature",
      "geometry": {
        "type": "Point",
        "coordinates": [
          115.04137,
          -2.77492
        ]
      },
      "properties": {
        "confidence": "medium",
        "confidence_value": null,
        "sumber": "NASA-SNPP",
        "date_hotspot": "Sabtu, 03 Oktober 2026 13:03:00",
        "date_hotspot_ori": "2026-10-03T06:03:00.000000Z",
        "provinsi": null,
        "kabkota": "Hulu Sungai Selatan",
        "desa": "Muning Dalam",
        "hs_id": "2026-10-03T06:03:00.000000Z",
        "provinsi_id": 12,
        "long": 115.04137,
        "ori_sumber": null,
        "desa_id": null,
        "counter": 2,
        "confidence_level": "medium",
        "kawasan": "",
        "kecamatan": "Daha Selatan",
        "nama_provinsi": "Kalimantan Selatan",
        "pulau": "",
        "route_create": "https://opsroom.sipongidata.my.id/daops/laporan/groundcheck/create/form",
        "hotspot_date": "2026-10-03",
        "distance_hgu_km": 3.608,
        "zone": "3–5 km",
        "location_status": "OUTSIDE HGU"
      }
    },
    {
      "type": "Feature",
      "geometry": {
        "type": "Point",
        "coordinates": [
          115.08436,
          -2.87406
        ]
      },
      "properties": {
        "confidence": "medium",
        "confidence_value": null,
        "sumber": "NASA-SNPP",
        "date_hotspot": "Senin, 14 September 2026 12:21:00",
        "date_hotspot_ori": "2026-09-14T05:21:00.000000Z",
        "provinsi": null,
        "kabkota": "Tapin",
        "desa": "Hiyung",
        "hs_id": "2026-09-14T05:21:00.000000Z",
        "provinsi_id": 12,
        "long": 115.08436,
        "ori_sumber": null,
        "desa_id": null,
        "counter": 1,
        "confidence_level": "medium",
        "kawasan": "",
        "kecamatan": "Tapin Tengah",
        "nama_provinsi": "Kalimantan Selatan",
        "pulau": "",
        "route_create": "https://opsroom.sipongidata.my.id/daops/laporan/groundcheck/create/form",
        "hotspot_date": "2026-09-14",
        "distance_hgu_km": 3.862,
        "zone": "3–5 km",
        "location_status": "OUTSIDE HGU"
      }
    },
    {
      "type": "Feature",
      "geometry": {
        "type": "Point",
        "coordinates": [
          115.06202,
          -2.7364
        ]
      },
      "properties": {
        "confidence": "medium",
        "confidence_value": null,
        "sumber": "NASA-SNPP",
        "date_hotspot": "Senin, 14 September 2026 12:21:00",
        "date_hotspot_ori": "2026-09-14T05:21:00.000000Z",
        "provinsi": null,
        "kabkota": "Hulu Sungai Selatan",
        "desa": "Muning Dalam",
        "hs_id": "2026-09-14T05:21:00.000000Z",
        "provinsi_id": 12,
        "long": 115.06202,
        "ori_sumber": null,
        "desa_id": null,
        "counter": 1,
        "confidence_level": "medium",
        "kawasan": "",
        "kecamatan": "Daha Selatan",
        "nama_provinsi": "Kalimantan Selatan",
        "pulau": "",
        "route_create": "https://opsroom.sipongidata.my.id/daops/laporan/groundcheck/create/form",
        "hotspot_date": "2026-09-14",
        "distance_hgu_km": 3.922,
        "zone": "3–5 km",
        "location_status": "OUTSIDE HGU"
      }
    },
    {
      "type": "Feature",
      "geometry": {
        "type": "Point",
        "coordinates": [
          115.06926,
          -2.73534
        ]
      },
      "properties": {
        "confidence": "medium",
        "confidence_value": null,
        "sumber": "NASA-SNPP",
        "date_hotspot": "Senin, 14 September 2026 12:21:00",
        "date_hotspot_ori": "2026-09-14T05:21:00.000000Z",
        "provinsi": null,
        "kabkota": "Hulu Sungai Selatan",
        "desa": "Muning Dalam",
        "hs_id": "2026-09-14T05:21:00.000000Z",
        "provinsi_id": 12,
        "long": 115.06926,
        "ori_sumber": null,
        "desa_id": null,
        "counter": 1,
        "confidence_level": "medium",
        "kawasan": "",
        "kecamatan": "Daha Selatan",
        "nama_provinsi": "Kalimantan Selatan",
        "pulau": "",
        "route_create": "https://opsroom.sipongidata.my.id/daops/laporan/groundcheck/create/form",
        "hotspot_date": "2026-09-14",
        "distance_hgu_km": 3.554,
        "zone": "3–5 km",
        "location_status": "OUTSIDE HGU"
      }
    },
    {
      "type": "Feature",
      "geometry": {
        "type": "Point",
        "coordinates": [
          115.07571,
          -2.7146
        ]
      },
      "properties": {
        "confidence": "medium",
        "confidence_value": null,
        "sumber": "NASA-NOAA20",
        "date_hotspot": "Senin, 14 September 2026 12:40:00",
        "date_hotspot_ori": "2026-09-14T05:40:00.000000Z",
        "provinsi": null,
        "kabkota": "Hulu Sungai Selatan",
        "desa": "Tanjung Selor",
        "hs_id": "2026-09-14T05:40:00.000000Z",
        "provinsi_id": 12,
        "long": 115.07571,
        "ori_sumber": null,
        "desa_id": null,
        "counter": 2,
        "confidence_level": "medium",
        "kawasan": "",
        "kecamatan": "Daha Barat",
        "nama_provinsi": "Kalimantan Selatan",
        "pulau": "",
        "route_create": "https://opsroom.sipongidata.my.id/daops/laporan/groundcheck/create/form",
        "hotspot_date": "2026-09-14",
        "distance_hgu_km": 4.956,
        "zone": "3–5 km",
        "location_status": "OUTSIDE HGU"
      }
    },
    {
      "type": "Feature",
      "geometry": {
        "type": "Point",
        "coordinates": [
          115.17906,
          -2.68558
        ]
      },
      "properties": {
        "confidence": "medium",
        "confidence_value": null,
        "sumber": "NASA-SNPP",
        "date_hotspot": "Senin, 14 September 2026 12:21:00",
        "date_hotspot_ori": "2026-09-14T05:21:00.000000Z",
        "provinsi": null,
        "kabkota": "Hulu Sungai Selatan",
        "desa": "Bangkau",
        "hs_id": "2026-09-14T05:21:00.000000Z",
        "provinsi_id": 12,
        "long": 115.17906,
        "ori_sumber": null,
        "desa_id": null,
        "counter": 1,
        "confidence_level": "medium",
        "kawasan": "",
        "kecamatan": "Kandangan",
        "nama_provinsi": "Kalimantan Selatan",
        "pulau": "",
        "route_create": "https://opsroom.sipongidata.my.id/daops/laporan/groundcheck/create/form",
        "hotspot_date": "2026-09-14",
        "distance_hgu_km": 3.889,
        "zone": "3–5 km",
        "location_status": "OUTSIDE HGU"
      }
    },
    {
      "type": "Feature",
      "geometry": {
        "type": "Point",
        "coordinates": [
          115.1125,
          -2.729
        ]
      },
      "properties": {
        "confidence": "medium",
        "confidence_value": null,
        "sumber": "NASA-SNPP",
        "date_hotspot": "Senin, 14 September 2026 12:21:00",
        "date_hotspot_ori": "2026-09-14T05:21:00.000000Z",
        "provinsi": null,
        "kabkota": "Hulu Sungai Selatan",
        "desa": "Muning Dalam",
        "hs_id": "2026-09-14T05:21:00.000000Z",
        "provinsi_id": 12,
        "long": 115.1125,
        "ori_sumber": null,
        "desa_id": null,
        "counter": 1,
        "confidence_level": "medium",
        "kawasan": "",
        "kecamatan": "Daha Selatan",
        "nama_provinsi": "Kalimantan Selatan",
        "pulau": "",
        "route_create": "https://opsroom.sipongidata.my.id/daops/laporan/groundcheck/create/form",
        "hotspot_date": "2026-09-14",
        "distance_hgu_km": 1.225,
        "zone": "1–3 km",
        "location_status": "OUTSIDE HGU"
      }
    },
    {
      "type": "Feature",
      "geometry": {
        "type": "Point",
        "coordinates": [
          115.07807,
          -2.74535
        ]
      },
      "properties": {
        "confidence": "medium",
        "confidence_value": null,
        "sumber": "NASA-SNPP",
        "date_hotspot": "Senin, 14 September 2026 12:21:00",
        "date_hotspot_ori": "2026-09-14T05:21:00.000000Z",
        "provinsi": null,
        "kabkota": "Hulu Sungai Selatan",
        "desa": "Muning Dalam",
        "hs_id": "2026-09-14T05:21:00.000000Z",
        "provinsi_id": 12,
        "long": 115.07807,
        "ori_sumber": null,
        "desa_id": null,
        "counter": 1,
        "confidence_level": "medium",
        "kawasan": "",
        "kecamatan": "Daha Selatan",
        "nama_provinsi": "Kalimantan Selatan",
        "pulau": "",
        "route_create": "https://opsroom.sipongidata.my.id/daops/laporan/groundcheck/create/form",
        "hotspot_date": "2026-09-14",
        "distance_hgu_km": 2.087,
        "zone": "1–3 km",
        "location_status": "OUTSIDE HGU"
      }
    },
    {
      "type": "Feature",
      "geometry": {
        "type": "Point",
        "coordinates": [
          115.1033,
          -2.74163
        ]
      },
      "properties": {
        "confidence": "medium",
        "confidence_value": null,
        "sumber": "NASA-SNPP",
        "date_hotspot": "Senin, 14 September 2026 12:21:00",
        "date_hotspot_ori": "2026-09-14T05:21:00.000000Z",
        "provinsi": null,
        "kabkota": "Hulu Sungai Selatan",
        "desa": "Muning Dalam",
        "hs_id": "2026-09-14T05:21:00.000000Z",
        "provinsi_id": 12,
        "long": 115.1033,
        "ori_sumber": null,
        "desa_id": null,
        "counter": 1,
        "confidence_level": "medium",
        "kawasan": "",
        "kecamatan": "Daha Selatan",
        "nama_provinsi": "Kalimantan Selatan",
        "pulau": "",
        "route_create": "https://opsroom.sipongidata.my.id/daops/laporan/groundcheck/create/form",
        "hotspot_date": "2026-09-14",
        "distance_hgu_km": 0.723,
        "zone": "0–1 km",
        "location_status": "OUTSIDE HGU"
      }
    },
    {
      "type": "Feature",
      "geometry": {
        "type": "Point",
        "coordinates": [
          115.18568,
          -2.81405
        ]
      },
      "properties": {
        "confidence": "medium",
        "confidence_value": null,
        "sumber": "NASA-SNPP",
        "date_hotspot": "Senin, 14 September 2026 12:21:00",
        "date_hotspot_ori": "2026-09-14T05:21:00.000000Z",
        "provinsi": null,
        "kabkota": "Hulu Sungai Selatan",
        "desa": "Sirih Hulu",
        "hs_id": "2026-09-14T05:21:00.000000Z",
        "provinsi_id": 12,
        "long": 115.18568,
        "ori_sumber": null,
        "desa_id": null,
        "counter": 1,
        "confidence_level": "medium",
        "kawasan": "",
        "kecamatan": "Kalumpang",
        "nama_provinsi": "Kalimantan Selatan",
        "pulau": "",
        "route_create": "https://opsroom.sipongidata.my.id/daops/laporan/groundcheck/create/form",
        "hotspot_date": "2026-09-14",
        "distance_hgu_km": 2.441,
        "zone": "1–3 km",
        "location_status": "OUTSIDE HGU"
      }
    },
    {
      "type": "Feature",
      "geometry": {
        "type": "Point",
        "coordinates": [
          115.1708,
          -2.75416
        ]
      },
      "properties": {
        "confidence": "medium",
        "confidence_value": null,
        "sumber": "NASA-SNPP",
        "date_hotspot": "Senin, 14 September 2026 12:21:00",
        "date_hotspot_ori": "2026-09-14T05:21:00.000000Z",
        "provinsi": null,
        "kabkota": "Hulu Sungai Selatan",
        "desa": "Panjampang Bahagia",
        "hs_id": "2026-09-14T05:21:00.000000Z",
        "provinsi_id": 12,
        "long": 115.1708,
        "ori_sumber": null,
        "desa_id": null,
        "counter": 1,
        "confidence_level": "medium",
        "kawasan": "",
        "kecamatan": "Simpur",
        "nama_provinsi": "Kalimantan Selatan",
        "pulau": "",
        "route_create": "https://opsroom.sipongidata.my.id/daops/laporan/groundcheck/create/form",
        "hotspot_date": "2026-09-14",
        "distance_hgu_km": 0.0,
        "zone": "Inside HGU",
        "location_status": "INSIDE HGU"
      }
    },
    {
      "type": "Feature",
      "geometry": {
        "type": "Point",
        "coordinates": [
          115.09265,
          -2.71576
        ]
      },
      "properties": {
        "confidence": "medium",
        "confidence_value": null,
        "sumber": "NASA-NOAA20",
        "date_hotspot": "Senin, 14 September 2026 12:40:00",
        "date_hotspot_ori": "2026-09-14T05:40:00.000000Z",
        "provinsi": null,
        "kabkota": "Hulu Sungai Selatan",
        "desa": "Muning Dalam",
        "hs_id": "2026-09-14T05:40:00.000000Z",
        "provinsi_id": 12,
        "long": 115.09265,
        "ori_sumber": null,
        "desa_id": null,
        "counter": 1,
        "confidence_level": "medium",
        "kawasan": "",
        "kecamatan": "Daha Selatan",
        "nama_provinsi": "Kalimantan Selatan",
        "pulau": "",
        "route_create": "https://opsroom.sipongidata.my.id/daops/laporan/groundcheck/create/form",
        "hotspot_date": "2026-09-14",
        "distance_hgu_km": 3.718,
        "zone": "3–5 km",
        "location_status": "OUTSIDE HGU"
      }
    },
    {
      "type": "Feature",
      "geometry": {
        "type": "Point",
        "coordinates": [
          115.19682,
          -2.73346
        ]
      },
      "properties": {
        "confidence": "medium",
        "confidence_value": null,
        "sumber": "NASA-SNPP",
        "date_hotspot": "Senin, 14 September 2026 12:21:00",
        "date_hotspot_ori": "2026-09-14T05:21:00.000000Z",
        "provinsi": null,
        "kabkota": "Hulu Sungai Selatan",
        "desa": "Lungau",
        "hs_id": "2026-09-14T05:21:00.000000Z",
        "provinsi_id": 12,
        "long": 115.19682,
        "ori_sumber": null,
        "desa_id": null,
        "counter": 1,
        "confidence_level": "medium",
        "kawasan": "",
        "kecamatan": "Kandangan",
        "nama_provinsi": "Kalimantan Selatan",
        "pulau": "",
        "route_create": "https://opsroom.sipongidata.my.id/daops/laporan/groundcheck/create/form",
        "hotspot_date": "2026-09-14",
        "distance_hgu_km": 0.0,
        "zone": "Inside HGU",
        "location_status": "INSIDE HGU"
      }
    },
    {
      "type": "Feature",
      "geometry": {
        "type": "Point",
        "coordinates": [
          115.05877,
          -2.76517
        ]
      },
      "properties": {
        "confidence": "medium",
        "confidence_value": null,
        "sumber": "NASA-SNPP",
        "date_hotspot": "Senin, 14 September 2026 12:21:00",
        "date_hotspot_ori": "2026-09-14T05:21:00.000000Z",
        "provinsi": null,
        "kabkota": "Hulu Sungai Selatan",
        "desa": "Muning Dalam",
        "hs_id": "2026-09-14T05:21:00.000000Z",
        "provinsi_id": 12,
        "long": 115.05877,
        "ori_sumber": null,
        "desa_id": null,
        "counter": 1,
        "confidence_level": "medium",
        "kawasan": "",
        "kecamatan": "Daha Selatan",
        "nama_provinsi": "Kalimantan Selatan",
        "pulau": "",
        "route_create": "https://opsroom.sipongidata.my.id/daops/laporan/groundcheck/create/form",
        "hotspot_date": "2026-09-14",
        "distance_hgu_km": 1.844,
        "zone": "1–3 km",
        "location_status": "OUTSIDE HGU"
      }
    },
    {
      "type": "Feature",
      "geometry": {
        "type": "Point",
        "coordinates": [
          115.1724,
          -2.76516
        ]
      },
      "properties": {
        "confidence": "medium",
        "confidence_value": null,
        "sumber": "NASA-SNPP",
        "date_hotspot": "Senin, 14 September 2026 12:21:00",
        "date_hotspot_ori": "2026-09-14T05:21:00.000000Z",
        "provinsi": null,
        "kabkota": "Hulu Sungai Selatan",
        "desa": "Panjampang Bahagia",
        "hs_id": "2026-09-14T05:21:00.000000Z",
        "provinsi_id": 12,
        "long": 115.1724,
        "ori_sumber": null,
        "desa_id": null,
        "counter": 1,
        "confidence_level": "medium",
        "kawasan": "",
        "kecamatan": "Simpur",
        "nama_provinsi": "Kalimantan Selatan",
        "pulau": "",
        "route_create": "https://opsroom.sipongidata.my.id/daops/laporan/groundcheck/create/form",
        "hotspot_date": "2026-09-14",
        "distance_hgu_km": 0.0,
        "zone": "Inside HGU",
        "location_status": "INSIDE HGU"
      }
    },
    {
      "type": "Feature",
      "geometry": {
        "type": "Point",
        "coordinates": [
          115.17514,
          -2.75913
        ]
      },
      "properties": {
        "confidence": "medium",
        "confidence_value": null,
        "sumber": "NASA-SNPP",
        "date_hotspot": "Senin, 14 September 2026 12:21:00",
        "date_hotspot_ori": "2026-09-14T05:21:00.000000Z",
        "provinsi": null,
        "kabkota": "Hulu Sungai Selatan",
        "desa": "Panjampang Bahagia",
        "hs_id": "2026-09-14T05:21:00.000000Z",
        "provinsi_id": 12,
        "long": 115.17514,
        "ori_sumber": null,
        "desa_id": null,
        "counter": 1,
        "confidence_level": "medium",
        "kawasan": "",
        "kecamatan": "Simpur",
        "nama_provinsi": "Kalimantan Selatan",
        "pulau": "",
        "route_create": "https://opsroom.sipongidata.my.id/daops/laporan/groundcheck/create/form",
        "hotspot_date": "2026-09-14",
        "distance_hgu_km": 0.0,
        "zone": "Inside HGU",
        "location_status": "INSIDE HGU"
      }
    },
    {
      "type": "Feature",
      "geometry": {
        "type": "Point",
        "coordinates": [
          115.11807,
          -2.71691
        ]
      },
      "properties": {
        "confidence": "medium",
        "confidence_value": null,
        "sumber": "NASA-SNPP",
        "date_hotspot": "Senin, 14 September 2026 12:21:00",
        "date_hotspot_ori": "2026-09-14T05:21:00.000000Z",
        "provinsi": null,
        "kabkota": "Hulu Sungai Selatan",
        "desa": "Muning Baru",
        "hs_id": "2026-09-14T05:21:00.000000Z",
        "provinsi_id": 12,
        "long": 115.11807,
        "ori_sumber": null,
        "desa_id": null,
        "counter": 1,
        "confidence_level": "medium",
        "kawasan": "",
        "kecamatan": "Daha Selatan",
        "nama_provinsi": "Kalimantan Selatan",
        "pulau": "",
        "route_create": "https://opsroom.sipongidata.my.id/daops/laporan/groundcheck/create/form",
        "hotspot_date": "2026-09-14",
        "distance_hgu_km": 1.804,
        "zone": "1–3 km",
        "location_status": "OUTSIDE HGU"
      }
    },
    {
      "type": "Feature",
      "geometry": {
        "type": "Point",
        "coordinates": [
          115.12331,
          -2.84435
        ]
      },
      "properties": {
        "confidence": "medium",
        "confidence_value": null,
        "sumber": "NASA-SNPP",
        "date_hotspot": "Selasa, 22 September 2026 13:10:00",
        "date_hotspot_ori": "2026-09-22T06:10:00.000000Z",
        "provinsi": null,
        "kabkota": "Tapin",
        "desa": "Masta",
        "hs_id": "2026-09-22T06:10:00.000000Z",
        "provinsi_id": 12,
        "long": 115.12331,
        "ori_sumber": null,
        "desa_id": null,
        "counter": 1,
        "confidence_level": "medium",
        "kawasan": "",
        "kecamatan": "Bakarangan",
        "nama_provinsi": "Kalimantan Selatan",
        "pulau": "",
        "route_create": "https://opsroom.sipongidata.my.id/daops/laporan/groundcheck/create/form",
        "hotspot_date": "2026-09-22",
        "distance_hgu_km": 1.82,
        "zone": "1–3 km",
        "location_status": "OUTSIDE HGU"
      }
    },
    {
      "type": "Feature",
      "geometry": {
        "type": "Point",
        "coordinates": [
          115.06736,
          -2.83817
        ]
      },
      "properties": {
        "confidence": "medium",
        "confidence_value": null,
        "sumber": "NASA-SNPP",
        "date_hotspot": "Selasa, 22 September 2026 13:10:00",
        "date_hotspot_ori": "2026-09-22T06:10:00.000000Z",
        "provinsi": null,
        "kabkota": "Hulu Sungai Selatan",
        "desa": "Balimau",
        "hs_id": "2026-09-22T06:10:00.000000Z",
        "provinsi_id": 12,
        "long": 115.06736,
        "ori_sumber": null,
        "desa_id": null,
        "counter": 1,
        "confidence_level": "medium",
        "kawasan": "",
        "kecamatan": "Kalumpang",
        "nama_provinsi": "Kalimantan Selatan",
        "pulau": "",
        "route_create": "https://opsroom.sipongidata.my.id/daops/laporan/groundcheck/create/form",
        "hotspot_date": "2026-09-22",
        "distance_hgu_km": 1.151,
        "zone": "1–3 km",
        "location_status": "OUTSIDE HGU"
      }
    },
    {
      "type": "Feature",
      "geometry": {
        "type": "Point",
        "coordinates": [
          115.04581,
          -2.83985
        ]
      },
      "properties": {
        "confidence": "medium",
        "confidence_value": null,
        "sumber": "NASA-NOAA20",
        "date_hotspot": "Senin, 21 September 2026 12:08:00",
        "date_hotspot_ori": "2026-09-21T05:08:00.000000Z",
        "provinsi": null,
        "kabkota": "Tapin",
        "desa": "Sungai Rutas",
        "hs_id": "2026-09-21T05:08:00.000000Z",
        "provinsi_id": 12,
        "long": 115.04581,
        "ori_sumber": null,
        "desa_id": null,
        "counter": 1,
        "confidence_level": "medium",
        "kawasan": "",
        "kecamatan": "Candi Laras Selatan",
        "nama_provinsi": "Kalimantan Selatan",
        "pulau": "",
        "route_create": "https://opsroom.sipongidata.my.id/daops/laporan/groundcheck/create/form",
        "hotspot_date": "2026-09-21",
        "distance_hgu_km": 3.528,
        "zone": "3–5 km",
        "location_status": "OUTSIDE HGU"
      }
    },
    {
      "type": "Feature",
      "geometry": {
        "type": "Point",
        "coordinates": [
          115.14009,
          -2.72982
        ]
      },
      "properties": {
        "confidence": "medium",
        "confidence_value": null,
        "sumber": "NASA-NOAA20",
        "date_hotspot": "Senin, 21 September 2026 12:08:00",
        "date_hotspot_ori": "2026-09-21T05:08:00.000000Z",
        "provinsi": null,
        "kabkota": "Hulu Sungai Selatan",
        "desa": "Garunggang",
        "hs_id": "2026-09-21T05:08:00.000000Z",
        "provinsi_id": 12,
        "long": 115.14009,
        "ori_sumber": null,
        "desa_id": null,
        "counter": 1,
        "confidence_level": "medium",
        "kawasan": "",
        "kecamatan": "Simpur",
        "nama_provinsi": "Kalimantan Selatan",
        "pulau": "",
        "route_create": "https://opsroom.sipongidata.my.id/daops/laporan/groundcheck/create/form",
        "hotspot_date": "2026-09-21",
        "distance_hgu_km": 0.043,
        "zone": "0–1 km",
        "location_status": "OUTSIDE HGU"
      }
    },
    {
      "type": "Feature",
      "geometry": {
        "type": "Point",
        "coordinates": [
          115.15893,
          -2.70239
        ]
      },
      "properties": {
        "confidence": "medium",
        "confidence_value": null,
        "sumber": "NASA-NOAA20",
        "date_hotspot": "Senin, 21 September 2026 12:08:00",
        "date_hotspot_ori": "2026-09-21T05:08:00.000000Z",
        "provinsi": null,
        "kabkota": "Hulu Sungai Selatan",
        "desa": "Pantai Ulin",
        "hs_id": "2026-09-21T05:08:00.000000Z",
        "provinsi_id": 12,
        "long": 115.15893,
        "ori_sumber": null,
        "desa_id": null,
        "counter": 1,
        "confidence_level": "medium",
        "kawasan": "",
        "kecamatan": "Simpur",
        "nama_provinsi": "Kalimantan Selatan",
        "pulau": "",
        "route_create": "https://opsroom.sipongidata.my.id/daops/laporan/groundcheck/create/form",
        "hotspot_date": "2026-09-21",
        "distance_hgu_km": 2.872,
        "zone": "1–3 km",
        "location_status": "OUTSIDE HGU"
      }
    },
    {
      "type": "Feature",
      "geometry": {
        "type": "Point",
        "coordinates": [
          115.10187,
          -2.79285
        ]
      },
      "properties": {
        "confidence": "medium",
        "confidence_value": null,
        "sumber": "NASA-NOAA20",
        "date_hotspot": "Senin, 21 September 2026 12:08:00",
        "date_hotspot_ori": "2026-09-21T05:08:00.000000Z",
        "provinsi": null,
        "kabkota": "Hulu Sungai Selatan",
        "desa": "Balimau",
        "hs_id": "2026-09-21T05:08:00.000000Z",
        "provinsi_id": 12,
        "long": 115.10187,
        "ori_sumber": null,
        "desa_id": null,
        "counter": 2,
        "confidence_level": "medium",
        "kawasan": "",
        "kecamatan": "Kalumpang",
        "nama_provinsi": "Kalimantan Selatan",
        "pulau": "",
        "route_create": "https://opsroom.sipongidata.my.id/daops/laporan/groundcheck/create/form",
        "hotspot_date": "2026-09-21",
        "distance_hgu_km": 0.0,
        "zone": "Inside HGU",
        "location_status": "INSIDE HGU"
      }
    },
    {
      "type": "Feature",
      "geometry": {
        "type": "Point",
        "coordinates": [
          115.13577,
          -2.71662
        ]
      },
      "properties": {
        "confidence": "medium",
        "confidence_value": null,
        "sumber": "NASA-SNPP",
        "date_hotspot": "Senin, 21 September 2026 13:31:00",
        "date_hotspot_ori": "2026-09-21T06:31:00.000000Z",
        "provinsi": null,
        "kabkota": "Hulu Sungai Selatan",
        "desa": "Muning Baru",
        "hs_id": "2026-09-21T06:31:00.000000Z",
        "provinsi_id": 12,
        "long": 115.13577,
        "ori_sumber": null,
        "desa_id": null,
        "counter": 1,
        "confidence_level": "medium",
        "kawasan": "",
        "kecamatan": "Daha Selatan",
        "nama_provinsi": "Kalimantan Selatan",
        "pulau": "",
        "route_create": "https://opsroom.sipongidata.my.id/daops/laporan/groundcheck/create/form",
        "hotspot_date": "2026-09-21",
        "distance_hgu_km": 0.804,
        "zone": "0–1 km",
        "location_status": "OUTSIDE HGU"
      }
    },
    {
      "type": "Feature",
      "geometry": {
        "type": "Point",
        "coordinates": [
          115.13157,
          -2.84975
        ]
      },
      "properties": {
        "confidence": "medium",
        "confidence_value": null,
        "sumber": "NASA-SNPP",
        "date_hotspot": "Senin, 21 September 2026 13:31:00",
        "date_hotspot_ori": "2026-09-21T06:31:00.000000Z",
        "provinsi": null,
        "kabkota": "Tapin",
        "desa": "Masta",
        "hs_id": "2026-09-21T06:31:00.000000Z",
        "provinsi_id": 12,
        "long": 115.13157,
        "ori_sumber": null,
        "desa_id": null,
        "counter": 2,
        "confidence_level": "medium",
        "kawasan": "",
        "kecamatan": "Bakarangan",
        "nama_provinsi": "Kalimantan Selatan",
        "pulau": "",
        "route_create": "https://opsroom.sipongidata.my.id/daops/laporan/groundcheck/create/form",
        "hotspot_date": "2026-09-21",
        "distance_hgu_km": 2.913,
        "zone": "1–3 km",
        "location_status": "OUTSIDE HGU"
      }
    },
    {
      "type": "Feature",
      "geometry": {
        "type": "Point",
        "coordinates": [
          115.2027,
          -2.76237
        ]
      },
      "properties": {
        "confidence": "medium",
        "confidence_value": null,
        "sumber": "NASA-SNPP",
        "date_hotspot": "Senin, 21 September 2026 13:31:00",
        "date_hotspot_ori": "2026-09-21T06:31:00.000000Z",
        "provinsi": null,
        "kabkota": "Hulu Sungai Selatan",
        "desa": "Pantai Ulin",
        "hs_id": "2026-09-21T06:31:00.000000Z",
        "provinsi_id": 12,
        "long": 115.2027,
        "ori_sumber": null,
        "desa_id": null,
        "counter": 1,
        "confidence_level": "medium",
        "kawasan": "",
        "kecamatan": "Simpur",
        "nama_provinsi": "Kalimantan Selatan",
        "pulau": "",
        "route_create": "https://opsroom.sipongidata.my.id/daops/laporan/groundcheck/create/form",
        "hotspot_date": "2026-09-21",
        "distance_hgu_km": 1.279,
        "zone": "1–3 km",
        "location_status": "OUTSIDE HGU"
      }
    },
    {
      "type": "Feature",
      "geometry": {
        "type": "Point",
        "coordinates": [
          115.19714,
          -2.76329
        ]
      },
      "properties": {
        "confidence": "medium",
        "confidence_value": null,
        "sumber": "NASA-SNPP",
        "date_hotspot": "Senin, 21 September 2026 13:31:00",
        "date_hotspot_ori": "2026-09-21T06:31:00.000000Z",
        "provinsi": null,
        "kabkota": "Hulu Sungai Selatan",
        "desa": "Pantai Ulin",
        "hs_id": "2026-09-21T06:31:00.000000Z",
        "provinsi_id": 12,
        "long": 115.19714,
        "ori_sumber": null,
        "desa_id": null,
        "counter": 1,
        "confidence_level": "medium",
        "kawasan": "",
        "kecamatan": "Simpur",
        "nama_provinsi": "Kalimantan Selatan",
        "pulau": "",
        "route_create": "https://opsroom.sipongidata.my.id/daops/laporan/groundcheck/create/form",
        "hotspot_date": "2026-09-21",
        "distance_hgu_km": 0.655,
        "zone": "0–1 km",
        "location_status": "OUTSIDE HGU"
      }
    },
    {
      "type": "Feature",
      "geometry": {
        "type": "Point",
        "coordinates": [
          115.124,
          -2.72982
        ]
      },
      "properties": {
        "confidence": "medium",
        "confidence_value": null,
        "sumber": "NASA-SNPP",
        "date_hotspot": "Senin, 21 September 2026 13:31:00",
        "date_hotspot_ori": "2026-09-21T06:31:00.000000Z",
        "provinsi": null,
        "kabkota": "Hulu Sungai Selatan",
        "desa": "Muning Baru",
        "hs_id": "2026-09-21T06:31:00.000000Z",
        "provinsi_id": 12,
        "long": 115.124,
        "ori_sumber": null,
        "desa_id": null,
        "counter": 2,
        "confidence_level": "medium",
        "kawasan": "",
        "kecamatan": "Daha Selatan",
        "nama_provinsi": "Kalimantan Selatan",
        "pulau": "",
        "route_create": "https://opsroom.sipongidata.my.id/daops/laporan/groundcheck/create/form",
        "hotspot_date": "2026-09-21",
        "distance_hgu_km": 0.323,
        "zone": "0–1 km",
        "location_status": "OUTSIDE HGU"
      }
    },
    {
      "type": "Feature",
      "geometry": {
        "type": "Point",
        "coordinates": [
          115.16154,
          -2.74107
        ]
      },
      "properties": {
        "confidence": "medium",
        "confidence_value": null,
        "sumber": "NASA-NOAA20",
        "date_hotspot": "Selasa, 15 September 2026 12:23:00",
        "date_hotspot_ori": "2026-09-15T05:23:00.000000Z",
        "provinsi": null,
        "kabkota": "Hulu Sungai Selatan",
        "desa": "Panjampang Bahagia",
        "hs_id": "2026-09-15T05:23:00.000000Z",
        "provinsi_id": 12,
        "long": 115.16154,
        "ori_sumber": null,
        "desa_id": null,
        "counter": 1,
        "confidence_level": "medium",
        "kawasan": "",
        "kecamatan": "Simpur",
        "nama_provinsi": "Kalimantan Selatan",
        "pulau": "",
        "route_create": "https://opsroom.sipongidata.my.id/daops/laporan/groundcheck/create/form",
        "hotspot_date": "2026-09-15",
        "distance_hgu_km": 0.0,
        "zone": "Inside HGU",
        "location_status": "INSIDE HGU"
      }
    },
    {
      "type": "Feature",
      "geometry": {
        "type": "Point",
        "coordinates": [
          115.07867,
          -2.76656
        ]
      },
      "properties": {
        "confidence": "medium",
        "confidence_value": null,
        "sumber": "NASA-NOAA20",
        "date_hotspot": "Selasa, 15 September 2026 12:23:00",
        "date_hotspot_ori": "2026-09-15T05:23:00.000000Z",
        "provinsi": null,
        "kabkota": "Hulu Sungai Selatan",
        "desa": "Muning Dalam",
        "hs_id": "2026-09-15T05:23:00.000000Z",
        "provinsi_id": 12,
        "long": 115.07867,
        "ori_sumber": null,
        "desa_id": null,
        "counter": 2,
        "confidence_level": "medium",
        "kawasan": "",
        "kecamatan": "Daha Selatan",
        "nama_provinsi": "Kalimantan Selatan",
        "pulau": "",
        "route_create": "https://opsroom.sipongidata.my.id/daops/laporan/groundcheck/create/form",
        "hotspot_date": "2026-09-15",
        "distance_hgu_km": 0.131,
        "zone": "0–1 km",
        "location_status": "OUTSIDE HGU"
      }
    },
    {
      "type": "Feature",
      "geometry": {
        "type": "Point",
        "coordinates": [
          115.17191,
          -2.69983
        ]
      },
      "properties": {
        "confidence": "medium",
        "confidence_value": null,
        "sumber": "NASA-NOAA20",
        "date_hotspot": "Selasa, 15 September 2026 12:23:00",
        "date_hotspot_ori": "2026-09-15T05:23:00.000000Z",
        "provinsi": null,
        "kabkota": "Hulu Sungai Selatan",
        "desa": "Bangkau",
        "hs_id": "2026-09-15T05:23:00.000000Z",
        "provinsi_id": 12,
        "long": 115.17191,
        "ori_sumber": null,
        "desa_id": null,
        "counter": 1,
        "confidence_level": "medium",
        "kawasan": "",
        "kecamatan": "Kandangan",
        "nama_provinsi": "Kalimantan Selatan",
        "pulau": "",
        "route_create": "https://opsroom.sipongidata.my.id/daops/laporan/groundcheck/create/form",
        "hotspot_date": "2026-09-15",
        "distance_hgu_km": 2.648,
        "zone": "1–3 km",
        "location_status": "OUTSIDE HGU"
      }
    },
    {
      "type": "Feature",
      "geometry": {
        "type": "Point",
        "coordinates": [
          115.13686,
          -2.8626
        ]
      },
      "properties": {
        "confidence": "medium",
        "confidence_value": null,
        "sumber": "NASA-NOAA20",
        "date_hotspot": "Selasa, 15 September 2026 12:23:00",
        "date_hotspot_ori": "2026-09-15T05:23:00.000000Z",
        "provinsi": null,
        "kabkota": "Tapin",
        "desa": "Masta",
        "hs_id": "2026-09-15T05:23:00.000000Z",
        "provinsi_id": 12,
        "long": 115.13686,
        "ori_sumber": null,
        "desa_id": null,
        "counter": 1,
        "confidence_level": "medium",
        "kawasan": "",
        "kecamatan": "Bakarangan",
        "nama_provinsi": "Kalimantan Selatan",
        "pulau": "",
        "route_create": "https://opsroom.sipongidata.my.id/daops/laporan/groundcheck/create/form",
        "hotspot_date": "2026-09-15",
        "distance_hgu_km": 4.3,
        "zone": "3–5 km",
        "location_status": "OUTSIDE HGU"
      }
    },
    {
      "type": "Feature",
      "geometry": {
        "type": "Point",
        "coordinates": [
          115.18573,
          -2.69962
        ]
      },
      "properties": {
        "confidence": "medium",
        "confidence_value": null,
        "sumber": "NASA-SNPP",
        "date_hotspot": "Selasa, 15 September 2026 13:42:00",
        "date_hotspot_ori": "2026-09-15T06:42:00.000000Z",
        "provinsi": null,
        "kabkota": "Hulu Sungai Selatan",
        "desa": "Bangkau",
        "hs_id": "2026-09-15T06:42:00.000000Z",
        "provinsi_id": 12,
        "long": 115.18573,
        "ori_sumber": null,
        "desa_id": null,
        "counter": 1,
        "confidence_level": "medium",
        "kawasan": "",
        "kecamatan": "Kandangan",
        "nama_provinsi": "Kalimantan Selatan",
        "pulau": "",
        "route_create": "https://opsroom.sipongidata.my.id/daops/laporan/groundcheck/create/form",
        "hotspot_date": "2026-09-15",
        "distance_hgu_km": 2.213,
        "zone": "1–3 km",
        "location_status": "OUTSIDE HGU"
      }
    },
    {
      "type": "Feature",
      "geometry": {
        "type": "Point",
        "coordinates": [
          115.18286,
          -2.81681
        ]
      },
      "properties": {
        "confidence": "medium",
        "confidence_value": null,
        "sumber": "NASA-SNPP",
        "date_hotspot": "Minggu, 27 September 2026 00:39:00",
        "date_hotspot_ori": "2026-09-26T17:39:00.000000Z",
        "provinsi": null,
        "kabkota": "Hulu Sungai Selatan",
        "desa": "Sirih Hulu",
        "hs_id": "2026-09-26T17:39:00.000000Z",
        "provinsi_id": 12,
        "long": 115.18286,
        "ori_sumber": null,
        "desa_id": null,
        "counter": 1,
        "confidence_level": "medium",
        "kawasan": "",
        "kecamatan": "Kalumpang",
        "nama_provinsi": "Kalimantan Selatan",
        "pulau": "",
        "route_create": "https://opsroom.sipongidata.my.id/daops/laporan/groundcheck/create/form",
        "hotspot_date": "2026-09-27",
        "distance_hgu_km": 2.529,
        "zone": "1–3 km",
        "location_status": "OUTSIDE HGU"
      }
    },
    {
      "type": "Feature",
      "geometry": {
        "type": "Point",
        "coordinates": [
          115.15675,
          -2.80378
        ]
      },
      "properties": {
        "confidence": "medium",
        "confidence_value": null,
        "sumber": "NASA-NOAA20",
        "date_hotspot": "Rabu, 16 September 2026 01:04:00",
        "date_hotspot_ori": "2026-09-15T18:04:00.000000Z",
        "provinsi": null,
        "kabkota": "Hulu Sungai Selatan",
        "desa": "Balanti",
        "hs_id": "2026-09-15T18:04:00.000000Z",
        "provinsi_id": 12,
        "long": 115.15675,
        "ori_sumber": null,
        "desa_id": null,
        "counter": 2,
        "confidence_level": "medium",
        "kawasan": "",
        "kecamatan": "Kalumpang",
        "nama_provinsi": "Kalimantan Selatan",
        "pulau": "",
        "route_create": "https://opsroom.sipongidata.my.id/daops/laporan/groundcheck/create/form",
        "hotspot_date": "2026-09-16",
        "distance_hgu_km": 0.352,
        "zone": "0–1 km",
        "location_status": "OUTSIDE HGU"
      }
    },
    {
      "type": "Feature",
      "geometry": {
        "type": "Point",
        "coordinates": [
          115.17873,
          -2.76156
        ]
      },
      "properties": {
        "confidence": "medium",
        "confidence_value": null,
        "sumber": "NASA-SNPP",
        "date_hotspot": "Selasa, 22 September 2026 13:10:00",
        "date_hotspot_ori": "2026-09-22T06:10:00.000000Z",
        "provinsi": null,
        "kabkota": "Hulu Sungai Selatan",
        "desa": "Pantai Ulin",
        "hs_id": "2026-09-22T06:10:00.000000Z",
        "provinsi_id": 12,
        "long": 115.17873,
        "ori_sumber": null,
        "desa_id": null,
        "counter": 1,
        "confidence_level": "medium",
        "kawasan": "",
        "kecamatan": "Simpur",
        "nama_provinsi": "Kalimantan Selatan",
        "pulau": "",
        "route_create": "https://opsroom.sipongidata.my.id/daops/laporan/groundcheck/create/form",
        "hotspot_date": "2026-09-22",
        "distance_hgu_km": 0.0,
        "zone": "Inside HGU",
        "location_status": "INSIDE HGU"
      }
    },
    {
      "type": "Feature",
      "geometry": {
        "type": "Point",
        "coordinates": [
          115.13012,
          -2.69053
        ]
      },
      "properties": {
        "confidence": "medium",
        "confidence_value": null,
        "sumber": "NASA-SNPP",
        "date_hotspot": "Selasa, 22 September 2026 13:10:00",
        "date_hotspot_ori": "2026-09-22T06:10:00.000000Z",
        "provinsi": null,
        "kabkota": "Hulu Sungai Selatan",
        "desa": "Muning Baru",
        "hs_id": "2026-09-22T06:10:00.000000Z",
        "provinsi_id": 12,
        "long": 115.13012,
        "ori_sumber": null,
        "desa_id": null,
        "counter": 1,
        "confidence_level": "medium",
        "kawasan": "",
        "kecamatan": "Daha Selatan",
        "nama_provinsi": "Kalimantan Selatan",
        "pulau": "",
        "route_create": "https://opsroom.sipongidata.my.id/daops/laporan/groundcheck/create/form",
        "hotspot_date": "2026-09-22",
        "distance_hgu_km": 3.659,
        "zone": "3–5 km",
        "location_status": "OUTSIDE HGU"
      }
    },
    {
      "type": "Feature",
      "geometry": {
        "type": "Point",
        "coordinates": [
          115.17706,
          -2.75067
        ]
      },
      "properties": {
        "confidence": "medium",
        "confidence_value": null,
        "sumber": "NASA-SNPP",
        "date_hotspot": "Selasa, 22 September 2026 13:10:00",
        "date_hotspot_ori": "2026-09-22T06:10:00.000000Z",
        "provinsi": null,
        "kabkota": "Hulu Sungai Selatan",
        "desa": "Pantai Ulin",
        "hs_id": "2026-09-22T06:10:00.000000Z",
        "provinsi_id": 12,
        "long": 115.17706,
        "ori_sumber": null,
        "desa_id": null,
        "counter": 1,
        "confidence_level": "medium",
        "kawasan": "",
        "kecamatan": "Simpur",
        "nama_provinsi": "Kalimantan Selatan",
        "pulau": "",
        "route_create": "https://opsroom.sipongidata.my.id/daops/laporan/groundcheck/create/form",
        "hotspot_date": "2026-09-22",
        "distance_hgu_km": 0.0,
        "zone": "Inside HGU",
        "location_status": "INSIDE HGU"
      }
    },
    {
      "type": "Feature",
      "geometry": {
        "type": "Point",
        "coordinates": [
          115.0563,
          -2.78445
        ]
      },
      "properties": {
        "confidence": "medium",
        "confidence_value": null,
        "sumber": "NASA-NOAA20",
        "date_hotspot": "Rabu, 23 September 2026 13:12:00",
        "date_hotspot_ori": "2026-09-23T06:12:00.000000Z",
        "provinsi": null,
        "kabkota": "Hulu Sungai Selatan",
        "desa": "Muning Dalam",
        "hs_id": "2026-09-23T06:12:00.000000Z",
        "provinsi_id": 12,
        "long": 115.0563,
        "ori_sumber": null,
        "desa_id": null,
        "counter": 1,
        "confidence_level": "medium",
        "kawasan": "",
        "kecamatan": "Daha Selatan",
        "nama_provinsi": "Kalimantan Selatan",
        "pulau": "",
        "route_create": "https://opsroom.sipongidata.my.id/daops/laporan/groundcheck/create/form",
        "hotspot_date": "2026-09-23",
        "distance_hgu_km": 1.918,
        "zone": "1–3 km",
        "location_status": "OUTSIDE HGU"
      }
    },
    {
      "type": "Feature",
      "geometry": {
        "type": "Point",
        "coordinates": [
          115.17059,
          -2.75659
        ]
      },
      "properties": {
        "confidence": "medium",
        "confidence_value": null,
        "sumber": "NASA-NOAA20",
        "date_hotspot": "Minggu, 06 September 2026 00:49:00",
        "date_hotspot_ori": "2026-09-05T17:49:00.000000Z",
        "provinsi": null,
        "kabkota": "Hulu Sungai Selatan",
        "desa": "Panjampang Bahagia",
        "hs_id": "2026-09-05T17:49:00.000000Z",
        "provinsi_id": 12,
        "long": 115.17059,
        "ori_sumber": null,
        "desa_id": null,
        "counter": 1,
        "confidence_level": "medium",
        "kawasan": "",
        "kecamatan": "Simpur",
        "nama_provinsi": "Kalimantan Selatan",
        "pulau": "",
        "route_create": "https://opsroom.sipongidata.my.id/daops/laporan/groundcheck/create/form",
        "hotspot_date": "2026-09-06",
        "distance_hgu_km": 0.0,
        "zone": "Inside HGU",
        "location_status": "INSIDE HGU"
      }
    },
    {
      "type": "Feature",
      "geometry": {
        "type": "Point",
        "coordinates": [
          115.08343,
          -2.84127
        ]
      },
      "properties": {
        "confidence": "medium",
        "confidence_value": null,
        "sumber": "NASA-NOAA20",
        "date_hotspot": "Minggu, 06 September 2026 00:49:00",
        "date_hotspot_ori": "2026-09-05T17:49:00.000000Z",
        "provinsi": null,
        "kabkota": "Tapin",
        "desa": "Masta",
        "hs_id": "2026-09-05T17:49:00.000000Z",
        "provinsi_id": 12,
        "long": 115.08343,
        "ori_sumber": null,
        "desa_id": null,
        "counter": 1,
        "confidence_level": "medium",
        "kawasan": "",
        "kecamatan": "Bakarangan",
        "nama_provinsi": "Kalimantan Selatan",
        "pulau": "",
        "route_create": "https://opsroom.sipongidata.my.id/daops/laporan/groundcheck/create/form",
        "hotspot_date": "2026-09-06",
        "distance_hgu_km": 0.299,
        "zone": "0–1 km",
        "location_status": "OUTSIDE HGU"
      }
    },
    {
      "type": "Feature",
      "geometry": {
        "type": "Point",
        "coordinates": [
          115.14588,
          -2.73892
        ]
      },
      "properties": {
        "confidence": "medium",
        "confidence_value": null,
        "sumber": "NASA-NOAA20",
        "date_hotspot": "Minggu, 06 September 2026 13:29:00",
        "date_hotspot_ori": "2026-09-06T06:29:00.000000Z",
        "provinsi": null,
        "kabkota": "Hulu Sungai Selatan",
        "desa": "Garunggang",
        "hs_id": "2026-09-06T06:29:00.000000Z",
        "provinsi_id": 12,
        "long": 115.14588,
        "ori_sumber": null,
        "desa_id": null,
        "counter": 1,
        "confidence_level": "medium",
        "kawasan": "",
        "kecamatan": "Simpur",
        "nama_provinsi": "Kalimantan Selatan",
        "pulau": "",
        "route_create": "https://opsroom.sipongidata.my.id/daops/laporan/groundcheck/create/form",
        "hotspot_date": "2026-09-06",
        "distance_hgu_km": 0.0,
        "zone": "Inside HGU",
        "location_status": "INSIDE HGU"
      }
    },
    {
      "type": "Feature",
      "geometry": {
        "type": "Point",
        "coordinates": [
          115.20133,
          -2.78106
        ]
      },
      "properties": {
        "confidence": "medium",
        "confidence_value": null,
        "sumber": "NASA-NOAA20",
        "date_hotspot": "Minggu, 06 September 2026 13:29:00",
        "date_hotspot_ori": "2026-09-06T06:29:00.000000Z",
        "provinsi": null,
        "kabkota": "Hulu Sungai Selatan",
        "desa": "Pantai Ulin",
        "hs_id": "2026-09-06T06:29:00.000000Z",
        "provinsi_id": 12,
        "long": 115.20133,
        "ori_sumber": null,
        "desa_id": null,
        "counter": 1,
        "confidence_level": "medium",
        "kawasan": "",
        "kecamatan": "Simpur",
        "nama_provinsi": "Kalimantan Selatan",
        "pulau": "",
        "route_create": "https://opsroom.sipongidata.my.id/daops/laporan/groundcheck/create/form",
        "hotspot_date": "2026-09-06",
        "distance_hgu_km": 1.755,
        "zone": "1–3 km",
        "location_status": "OUTSIDE HGU"
      }
    },
    {
      "type": "Feature",
      "geometry": {
        "type": "Point",
        "coordinates": [
          115.08514,
          -2.73202
        ]
      },
      "properties": {
        "confidence": "medium",
        "confidence_value": null,
        "sumber": "NASA-NOAA20",
        "date_hotspot": "Minggu, 06 September 2026 13:29:00",
        "date_hotspot_ori": "2026-09-06T06:29:00.000000Z",
        "provinsi": null,
        "kabkota": "Hulu Sungai Selatan",
        "desa": "Muning Dalam",
        "hs_id": "2026-09-06T06:29:00.000000Z",
        "provinsi_id": 12,
        "long": 115.08514,
        "ori_sumber": null,
        "desa_id": null,
        "counter": 1,
        "confidence_level": "medium",
        "kawasan": "",
        "kecamatan": "Daha Selatan",
        "nama_provinsi": "Kalimantan Selatan",
        "pulau": "",
        "route_create": "https://opsroom.sipongidata.my.id/daops/laporan/groundcheck/create/form",
        "hotspot_date": "2026-09-06",
        "distance_hgu_km": 2.8,
        "zone": "1–3 km",
        "location_status": "OUTSIDE HGU"
      }
    },
    {
      "type": "Feature",
      "geometry": {
        "type": "Point",
        "coordinates": [
          115.15421,
          -2.69287
        ]
      },
      "properties": {
        "confidence": "medium",
        "confidence_value": null,
        "sumber": "NASA-NOAA20",
        "date_hotspot": "Senin, 07 September 2026 00:32:00",
        "date_hotspot_ori": "2026-09-06T17:32:00.000000Z",
        "provinsi": null,
        "kabkota": "Hulu Sungai Selatan",
        "desa": "Muning Baru",
        "hs_id": "2026-09-06T17:32:00.000000Z",
        "provinsi_id": 12,
        "long": 115.15421,
        "ori_sumber": null,
        "desa_id": null,
        "counter": 4,
        "confidence_level": "medium",
        "kawasan": "",
        "kecamatan": "Daha Selatan",
        "nama_provinsi": "Kalimantan Selatan",
        "pulau": "",
        "route_create": "https://opsroom.sipongidata.my.id/daops/laporan/groundcheck/create/form",
        "hotspot_date": "2026-09-07",
        "distance_hgu_km": 4.04,
        "zone": "3–5 km",
        "location_status": "OUTSIDE HGU"
      }
    },
    {
      "type": "Feature",
      "geometry": {
        "type": "Point",
        "coordinates": [
          115.16013,
          -2.68599
        ]
      },
      "properties": {
        "confidence": "medium",
        "confidence_value": null,
        "sumber": "NASA-NOAA20",
        "date_hotspot": "Senin, 07 September 2026 00:32:00",
        "date_hotspot_ori": "2026-09-06T17:32:00.000000Z",
        "provinsi": null,
        "kabkota": "Hulu Sungai Selatan",
        "desa": "Muning Baru",
        "hs_id": "2026-09-06T17:32:00.000000Z",
        "provinsi_id": 12,
        "long": 115.16013,
        "ori_sumber": null,
        "desa_id": null,
        "counter": 1,
        "confidence_level": "medium",
        "kawasan": "",
        "kecamatan": "Daha Selatan",
        "nama_provinsi": "Kalimantan Selatan",
        "pulau": "",
        "route_create": "https://opsroom.sipongidata.my.id/daops/laporan/groundcheck/create/form",
        "hotspot_date": "2026-09-07",
        "distance_hgu_km": 4.533,
        "zone": "3–5 km",
        "location_status": "OUTSIDE HGU"
      }
    },
    {
      "type": "Feature",
      "geometry": {
        "type": "Point",
        "coordinates": [
          115.0544,
          -2.84269
        ]
      },
      "properties": {
        "confidence": "medium",
        "confidence_value": null,
        "sumber": "NASA-SNPP",
        "date_hotspot": "Senin, 07 September 2026 00:11:00",
        "date_hotspot_ori": "2026-09-06T17:11:00.000000Z",
        "provinsi": null,
        "kabkota": "Tapin",
        "desa": "Sungai Rutas",
        "hs_id": "2026-09-06T17:11:00.000000Z",
        "provinsi_id": 12,
        "long": 115.0544,
        "ori_sumber": null,
        "desa_id": null,
        "counter": 1,
        "confidence_level": "medium",
        "kawasan": "",
        "kecamatan": "Candi Laras Selatan",
        "nama_provinsi": "Kalimantan Selatan",
        "pulau": "",
        "route_create": "https://opsroom.sipongidata.my.id/daops/laporan/groundcheck/create/form",
        "hotspot_date": "2026-09-07",
        "distance_hgu_km": 2.677,
        "zone": "1–3 km",
        "location_status": "OUTSIDE HGU"
      }
    },
    {
      "type": "Feature",
      "geometry": {
        "type": "Point",
        "coordinates": [
          115.11192,
          -2.84047
        ]
      },
      "properties": {
        "confidence": "medium",
        "confidence_value": null,
        "sumber": "NASA-SNPP",
        "date_hotspot": "Senin, 07 September 2026 00:11:00",
        "date_hotspot_ori": "2026-09-06T17:11:00.000000Z",
        "provinsi": null,
        "kabkota": "Tapin",
        "desa": "Masta",
        "hs_id": "2026-09-06T17:11:00.000000Z",
        "provinsi_id": 12,
        "long": 115.11192,
        "ori_sumber": null,
        "desa_id": null,
        "counter": 2,
        "confidence_level": "medium",
        "kawasan": "",
        "kecamatan": "Bakarangan",
        "nama_provinsi": "Kalimantan Selatan",
        "pulau": "",
        "route_create": "https://opsroom.sipongidata.my.id/daops/laporan/groundcheck/create/form",
        "hotspot_date": "2026-09-07",
        "distance_hgu_km": 0.672,
        "zone": "0–1 km",
        "location_status": "OUTSIDE HGU"
      }
    },
    {
      "type": "Feature",
      "geometry": {
        "type": "Point",
        "coordinates": [
          115.16285,
          -2.68399
        ]
      },
      "properties": {
        "confidence": "medium",
        "confidence_value": null,
        "sumber": "NASA-SNPP",
        "date_hotspot": "Senin, 07 September 2026 00:11:00",
        "date_hotspot_ori": "2026-09-06T17:11:00.000000Z",
        "provinsi": null,
        "kabkota": "Hulu Sungai Selatan",
        "desa": "Muning Baru",
        "hs_id": "2026-09-06T17:11:00.000000Z",
        "provinsi_id": 12,
        "long": 115.16285,
        "ori_sumber": null,
        "desa_id": null,
        "counter": 1,
        "confidence_level": "medium",
        "kawasan": "",
        "kecamatan": "Daha Selatan",
        "nama_provinsi": "Kalimantan Selatan",
        "pulau": "",
        "route_create": "https://opsroom.sipongidata.my.id/daops/laporan/groundcheck/create/form",
        "hotspot_date": "2026-09-07",
        "distance_hgu_km": 4.639,
        "zone": "3–5 km",
        "location_status": "OUTSIDE HGU"
      }
    },
    {
      "type": "Feature",
      "geometry": {
        "type": "Point",
        "coordinates": [
          115.15545,
          -2.68525
        ]
      },
      "properties": {
        "confidence": "medium",
        "confidence_value": null,
        "sumber": "NASA-NOAA20",
        "date_hotspot": "Senin, 07 September 2026 00:32:00",
        "date_hotspot_ori": "2026-09-06T17:32:00.000000Z",
        "provinsi": null,
        "kabkota": "Hulu Sungai Selatan",
        "desa": "Muning Baru",
        "hs_id": "2026-09-06T17:32:00.000000Z",
        "provinsi_id": 12,
        "long": 115.15545,
        "ori_sumber": null,
        "desa_id": null,
        "counter": 1,
        "confidence_level": "medium",
        "kawasan": "",
        "kecamatan": "Daha Selatan",
        "nama_provinsi": "Kalimantan Selatan",
        "pulau": "",
        "route_create": "https://opsroom.sipongidata.my.id/daops/laporan/groundcheck/create/form",
        "hotspot_date": "2026-09-07",
        "distance_hgu_km": 4.787,
        "zone": "3–5 km",
        "location_status": "OUTSIDE HGU"
      }
    },
    {
      "type": "Feature",
      "geometry": {
        "type": "Point",
        "coordinates": [
          115.09717,
          -2.70549
        ]
      },
      "properties": {
        "confidence": "medium",
        "confidence_value": null,
        "sumber": "NASA-NOAA20",
        "date_hotspot": "Senin, 07 September 2026 13:10:00",
        "date_hotspot_ori": "2026-09-07T06:10:00.000000Z",
        "provinsi": null,
        "kabkota": "Hulu Sungai Selatan",
        "desa": "Muning Tengah",
        "hs_id": "2026-09-07T06:10:00.000000Z",
        "provinsi_id": 12,
        "long": 115.09717,
        "ori_sumber": null,
        "desa_id": null,
        "counter": 1,
        "confidence_level": "medium",
        "kawasan": "",
        "kecamatan": "Daha Selatan",
        "nama_provinsi": "Kalimantan Selatan",
        "pulau": "",
        "route_create": "https://opsroom.sipongidata.my.id/daops/laporan/groundcheck/create/form",
        "hotspot_date": "2026-09-07",
        "distance_hgu_km": 4.318,
        "zone": "3–5 km",
        "location_status": "OUTSIDE HGU"
      }
    },
    {
      "type": "Feature",
      "geometry": {
        "type": "Point",
        "coordinates": [
          115.12246,
          -2.71608
        ]
      },
      "properties": {
        "confidence": "medium",
        "confidence_value": null,
        "sumber": "NASA-NOAA20",
        "date_hotspot": "Senin, 28 September 2026 13:18:00",
        "date_hotspot_ori": "2026-09-28T06:18:00.000000Z",
        "provinsi": null,
        "kabkota": "Hulu Sungai Selatan",
        "desa": "Muning Baru",
        "hs_id": "2026-09-28T06:18:00.000000Z",
        "provinsi_id": 12,
        "long": 115.12246,
        "ori_sumber": null,
        "desa_id": null,
        "counter": 1,
        "confidence_level": "medium",
        "kawasan": "",
        "kecamatan": "Daha Selatan",
        "nama_provinsi": "Kalimantan Selatan",
        "pulau": "",
        "route_create": "https://opsroom.sipongidata.my.id/daops/laporan/groundcheck/create/form",
        "hotspot_date": "2026-09-28",
        "distance_hgu_km": 1.452,
        "zone": "1–3 km",
        "location_status": "OUTSIDE HGU"
      }
    },
    {
      "type": "Feature",
      "geometry": {
        "type": "Point",
        "coordinates": [
          115.07349,
          -2.73632
        ]
      },
      "properties": {
        "confidence": "medium",
        "confidence_value": null,
        "sumber": "NASA-SNPP",
        "date_hotspot": "Selasa, 22 September 2026 13:10:00",
        "date_hotspot_ori": "2026-09-22T06:10:00.000000Z",
        "provinsi": null,
        "kabkota": "Hulu Sungai Selatan",
        "desa": "Muning Dalam",
        "hs_id": "2026-09-22T06:10:00.000000Z",
        "provinsi_id": 12,
        "long": 115.07349,
        "ori_sumber": null,
        "desa_id": null,
        "counter": 1,
        "confidence_level": "medium",
        "kawasan": "",
        "kecamatan": "Daha Selatan",
        "nama_provinsi": "Kalimantan Selatan",
        "pulau": "",
        "route_create": "https://opsroom.sipongidata.my.id/daops/laporan/groundcheck/create/form",
        "hotspot_date": "2026-09-22",
        "distance_hgu_km": 3.198,
        "zone": "3–5 km",
        "location_status": "OUTSIDE HGU"
      }
    },
    {
      "type": "Feature",
      "geometry": {
        "type": "Point",
        "coordinates": [
          115.13042,
          -2.72015
        ]
      },
      "properties": {
        "confidence": "medium",
        "confidence_value": null,
        "sumber": "NASA-SNPP",
        "date_hotspot": "Selasa, 22 September 2026 13:10:00",
        "date_hotspot_ori": "2026-09-22T06:10:00.000000Z",
        "provinsi": null,
        "kabkota": "Hulu Sungai Selatan",
        "desa": "Muning Baru",
        "hs_id": "2026-09-22T06:10:00.000000Z",
        "provinsi_id": 12,
        "long": 115.13042,
        "ori_sumber": null,
        "desa_id": null,
        "counter": 2,
        "confidence_level": "medium",
        "kawasan": "",
        "kecamatan": "Daha Selatan",
        "nama_provinsi": "Kalimantan Selatan",
        "pulau": "",
        "route_create": "https://opsroom.sipongidata.my.id/daops/laporan/groundcheck/create/form",
        "hotspot_date": "2026-09-22",
        "distance_hgu_km": 0.488,
        "zone": "0–1 km",
        "location_status": "OUTSIDE HGU"
      }
    },
    {
      "type": "Feature",
      "geometry": {
        "type": "Point",
        "coordinates": [
          115.13373,
          -2.68626
        ]
      },
      "properties": {
        "confidence": "medium",
        "confidence_value": null,
        "sumber": "NASA-SNPP",
        "date_hotspot": "Selasa, 22 September 2026 13:10:00",
        "date_hotspot_ori": "2026-09-22T06:10:00.000000Z",
        "provinsi": null,
        "kabkota": "Hulu Sungai Selatan",
        "desa": "Muning Baru",
        "hs_id": "2026-09-22T06:10:00.000000Z",
        "provinsi_id": 12,
        "long": 115.13373,
        "ori_sumber": null,
        "desa_id": null,
        "counter": 1,
        "confidence_level": "medium",
        "kawasan": "",
        "kecamatan": "Daha Selatan",
        "nama_provinsi": "Kalimantan Selatan",
        "pulau": "",
        "route_create": "https://opsroom.sipongidata.my.id/daops/laporan/groundcheck/create/form",
        "hotspot_date": "2026-09-22",
        "distance_hgu_km": 4.114,
        "zone": "3–5 km",
        "location_status": "OUTSIDE HGU"
      }
    },
    {
      "type": "Feature",
      "geometry": {
        "type": "Point",
        "coordinates": [
          115.14717,
          -2.68514
        ]
      },
      "properties": {
        "confidence": "medium",
        "confidence_value": null,
        "sumber": "NASA-NOAA20",
        "date_hotspot": "Selasa, 22 September 2026 13:29:00",
        "date_hotspot_ori": "2026-09-22T06:29:00.000000Z",
        "provinsi": null,
        "kabkota": "Hulu Sungai Selatan",
        "desa": "Muning Baru",
        "hs_id": "2026-09-22T06:29:00.000000Z",
        "provinsi_id": 12,
        "long": 115.14717,
        "ori_sumber": null,
        "desa_id": null,
        "counter": 1,
        "confidence_level": "medium",
        "kawasan": "",
        "kecamatan": "Daha Selatan",
        "nama_provinsi": "Kalimantan Selatan",
        "pulau": "",
        "route_create": "https://opsroom.sipongidata.my.id/daops/laporan/groundcheck/create/form",
        "hotspot_date": "2026-09-22",
        "distance_hgu_km": 4.509,
        "zone": "3–5 km",
        "location_status": "OUTSIDE HGU"
      }
    },
    {
      "type": "Feature",
      "geometry": {
        "type": "Point",
        "coordinates": [
          115.11856,
          -2.85976
        ]
      },
      "properties": {
        "confidence": "medium",
        "confidence_value": null,
        "sumber": "NASA-NOAA20",
        "date_hotspot": "Selasa, 22 September 2026 13:29:00",
        "date_hotspot_ori": "2026-09-22T06:29:00.000000Z",
        "provinsi": null,
        "kabkota": "Tapin",
        "desa": "Masta",
        "hs_id": "2026-09-22T06:29:00.000000Z",
        "provinsi_id": 12,
        "long": 115.11856,
        "ori_sumber": null,
        "desa_id": null,
        "counter": 1,
        "confidence_level": "medium",
        "kawasan": "",
        "kecamatan": "Bakarangan",
        "nama_provinsi": "Kalimantan Selatan",
        "pulau": "",
        "route_create": "https://opsroom.sipongidata.my.id/daops/laporan/groundcheck/create/form",
        "hotspot_date": "2026-09-22",
        "distance_hgu_km": 2.886,
        "zone": "1–3 km",
        "location_status": "OUTSIDE HGU"
      }
    },
    {
      "type": "Feature",
      "geometry": {
        "type": "Point",
        "coordinates": [
          115.18571,
          -2.76352
        ]
      },
      "properties": {
        "confidence": "medium",
        "confidence_value": null,
        "sumber": "NASA-NOAA20",
        "date_hotspot": "Selasa, 22 September 2026 13:29:00",
        "date_hotspot_ori": "2026-09-22T06:29:00.000000Z",
        "provinsi": null,
        "kabkota": "Hulu Sungai Selatan",
        "desa": "Pantai Ulin",
        "hs_id": "2026-09-22T06:29:00.000000Z",
        "provinsi_id": 12,
        "long": 115.18571,
        "ori_sumber": null,
        "desa_id": null,
        "counter": 1,
        "confidence_level": "medium",
        "kawasan": "",
        "kecamatan": "Simpur",
        "nama_provinsi": "Kalimantan Selatan",
        "pulau": "",
        "route_create": "https://opsroom.sipongidata.my.id/daops/laporan/groundcheck/create/form",
        "hotspot_date": "2026-09-22",
        "distance_hgu_km": 0.0,
        "zone": "Inside HGU",
        "location_status": "INSIDE HGU"
      }
    },
    {
      "type": "Feature",
      "geometry": {
        "type": "Point",
        "coordinates": [
          115.12408,
          -2.7287
        ]
      },
      "properties": {
        "confidence": "medium",
        "confidence_value": null,
        "sumber": "NASA-NOAA20",
        "date_hotspot": "Selasa, 22 September 2026 13:29:00",
        "date_hotspot_ori": "2026-09-22T06:29:00.000000Z",
        "provinsi": null,
        "kabkota": "Hulu Sungai Selatan",
        "desa": "Muning Baru",
        "hs_id": "2026-09-22T06:29:00.000000Z",
        "provinsi_id": 12,
        "long": 115.12408,
        "ori_sumber": null,
        "desa_id": null,
        "counter": 1,
        "confidence_level": "medium",
        "kawasan": "",
        "kecamatan": "Daha Selatan",
        "nama_provinsi": "Kalimantan Selatan",
        "pulau": "",
        "route_create": "https://opsroom.sipongidata.my.id/daops/laporan/groundcheck/create/form",
        "hotspot_date": "2026-09-22",
        "distance_hgu_km": 0.408,
        "zone": "0–1 km",
        "location_status": "OUTSIDE HGU"
      }
    },
    {
      "type": "Feature",
      "geometry": {
        "type": "Point",
        "coordinates": [
          115.1212,
          -2.86014
        ]
      },
      "properties": {
        "confidence": "medium",
        "confidence_value": null,
        "sumber": "NASA-SNPP",
        "date_hotspot": "Selasa, 22 September 2026 13:10:00",
        "date_hotspot_ori": "2026-09-22T06:10:00.000000Z",
        "provinsi": null,
        "kabkota": "Tapin",
        "desa": "Masta",
        "hs_id": "2026-09-22T06:10:00.000000Z",
        "provinsi_id": 12,
        "long": 115.1212,
        "ori_sumber": null,
        "desa_id": null,
        "counter": 1,
        "confidence_level": "medium",
        "kawasan": "",
        "kecamatan": "Bakarangan",
        "nama_provinsi": "Kalimantan Selatan",
        "pulau": "",
        "route_create": "https://opsroom.sipongidata.my.id/daops/laporan/groundcheck/create/form",
        "hotspot_date": "2026-09-22",
        "distance_hgu_km": 3.064,
        "zone": "3–5 km",
        "location_status": "OUTSIDE HGU"
      }
    },
    {
      "type": "Feature",
      "geometry": {
        "type": "Point",
        "coordinates": [
          115.07053,
          -2.76582
        ]
      },
      "properties": {
        "confidence": "medium",
        "confidence_value": null,
        "sumber": "NASA-NOAA20",
        "date_hotspot": "Selasa, 22 September 2026 13:29:00",
        "date_hotspot_ori": "2026-09-22T06:29:00.000000Z",
        "provinsi": null,
        "kabkota": "Hulu Sungai Selatan",
        "desa": "Muning Dalam",
        "hs_id": "2026-09-22T06:29:00.000000Z",
        "provinsi_id": 12,
        "long": 115.07053,
        "ori_sumber": null,
        "desa_id": null,
        "counter": 1,
        "confidence_level": "medium",
        "kawasan": "",
        "kecamatan": "Daha Selatan",
        "nama_provinsi": "Kalimantan Selatan",
        "pulau": "",
        "route_create": "https://opsroom.sipongidata.my.id/daops/laporan/groundcheck/create/form",
        "hotspot_date": "2026-09-22",
        "distance_hgu_km": 0.723,
        "zone": "0–1 km",
        "location_status": "OUTSIDE HGU"
      }
    },
    {
      "type": "Feature",
      "geometry": {
        "type": "Point",
        "coordinates": [
          115.1405,
          -2.83353
        ]
      },
      "properties": {
        "confidence": "medium",
        "confidence_value": null,
        "sumber": "NASA-NOAA20",
        "date_hotspot": "Selasa, 22 September 2026 13:29:00",
        "date_hotspot_ori": "2026-09-22T06:29:00.000000Z",
        "provinsi": null,
        "kabkota": "Hulu Sungai Selatan",
        "desa": "Kalumpang",
        "hs_id": "2026-09-22T06:29:00.000000Z",
        "provinsi_id": 12,
        "long": 115.1405,
        "ori_sumber": null,
        "desa_id": null,
        "counter": 1,
        "confidence_level": "medium",
        "kawasan": "",
        "kecamatan": "Kalumpang",
        "nama_provinsi": "Kalimantan Selatan",
        "pulau": "",
        "route_create": "https://opsroom.sipongidata.my.id/daops/laporan/groundcheck/create/form",
        "hotspot_date": "2026-09-22",
        "distance_hgu_km": 2.659,
        "zone": "1–3 km",
        "location_status": "OUTSIDE HGU"
      }
    },
    {
      "type": "Feature",
      "geometry": {
        "type": "Point",
        "coordinates": [
          115.09428,
          -2.79335
        ]
      },
      "properties": {
        "confidence": "medium",
        "confidence_value": null,
        "sumber": "NASA-SNPP",
        "date_hotspot": "Selasa, 22 September 2026 13:10:00",
        "date_hotspot_ori": "2026-09-22T06:10:00.000000Z",
        "provinsi": null,
        "kabkota": "Hulu Sungai Selatan",
        "desa": "Bago Tanggul",
        "hs_id": "2026-09-22T06:10:00.000000Z",
        "provinsi_id": 12,
        "long": 115.09428,
        "ori_sumber": null,
        "desa_id": null,
        "counter": 1,
        "confidence_level": "medium",
        "kawasan": "",
        "kecamatan": "Kalumpang",
        "nama_provinsi": "Kalimantan Selatan",
        "pulau": "",
        "route_create": "https://opsroom.sipongidata.my.id/daops/laporan/groundcheck/create/form",
        "hotspot_date": "2026-09-22",
        "distance_hgu_km": 0.0,
        "zone": "Inside HGU",
        "location_status": "INSIDE HGU"
      }
    },
    {
      "type": "Feature",
      "geometry": {
        "type": "Point",
        "coordinates": [
          115.18614,
          -2.79622
        ]
      },
      "properties": {
        "confidence": "medium",
        "confidence_value": null,
        "sumber": "NASA-NOAA20",
        "date_hotspot": "Minggu, 04 Oktober 2026 13:05:00",
        "date_hotspot_ori": "2026-10-04T06:05:00.000000Z",
        "provinsi": null,
        "kabkota": "Hulu Sungai Selatan",
        "desa": "Amparaya",
        "hs_id": "2026-10-04T06:05:00.000000Z",
        "provinsi_id": 12,
        "long": 115.18614,
        "ori_sumber": null,
        "desa_id": null,
        "counter": 1,
        "confidence_level": "medium",
        "kawasan": "",
        "kecamatan": "Simpur",
        "nama_provinsi": "Kalimantan Selatan",
        "pulau": "",
        "route_create": "https://opsroom.sipongidata.my.id/daops/laporan/groundcheck/create/form",
        "hotspot_date": "2026-10-04",
        "distance_hgu_km": 1.525,
        "zone": "1–3 km",
        "location_status": "OUTSIDE HGU"
      }
    },
    {
      "type": "Feature",
      "geometry": {
        "type": "Point",
        "coordinates": [
          115.18435,
          -2.69925
        ]
      },
      "properties": {
        "confidence": "medium",
        "confidence_value": null,
        "sumber": "NASA-NOAA20",
        "date_hotspot": "Minggu, 04 Oktober 2026 13:05:00",
        "date_hotspot_ori": "2026-10-04T06:05:00.000000Z",
        "provinsi": null,
        "kabkota": "Hulu Sungai Selatan",
        "desa": "Bangkau",
        "hs_id": "2026-10-04T06:05:00.000000Z",
        "provinsi_id": 12,
        "long": 115.18435,
        "ori_sumber": null,
        "desa_id": null,
        "counter": 1,
        "confidence_level": "medium",
        "kawasan": "",
        "kecamatan": "Kandangan",
        "nama_provinsi": "Kalimantan Selatan",
        "pulau": "",
        "route_create": "https://opsroom.sipongidata.my.id/daops/laporan/groundcheck/create/form",
        "hotspot_date": "2026-10-04",
        "distance_hgu_km": 2.28,
        "zone": "1–3 km",
        "location_status": "OUTSIDE HGU"
      }
    },
    {
      "type": "Feature",
      "geometry": {
        "type": "Point",
        "coordinates": [
          115.12808,
          -2.70067
        ]
      },
      "properties": {
        "confidence": "medium",
        "confidence_value": null,
        "sumber": "NASA-NOAA20",
        "date_hotspot": "Minggu, 04 Oktober 2026 13:05:00",
        "date_hotspot_ori": "2026-10-04T06:05:00.000000Z",
        "provinsi": null,
        "kabkota": "Hulu Sungai Selatan",
        "desa": "Muning Baru",
        "hs_id": "2026-10-04T06:05:00.000000Z",
        "provinsi_id": 12,
        "long": 115.12808,
        "ori_sumber": null,
        "desa_id": null,
        "counter": 1,
        "confidence_level": "medium",
        "kawasan": "",
        "kecamatan": "Daha Selatan",
        "nama_provinsi": "Kalimantan Selatan",
        "pulau": "",
        "route_create": "https://opsroom.sipongidata.my.id/daops/laporan/groundcheck/create/form",
        "hotspot_date": "2026-10-04",
        "distance_hgu_km": 2.586,
        "zone": "1–3 km",
        "location_status": "OUTSIDE HGU"
      }
    },
    {
      "type": "Feature",
      "geometry": {
        "type": "Point",
        "coordinates": [
          115.11161,
          -2.71428
        ]
      },
      "properties": {
        "confidence": "medium",
        "confidence_value": null,
        "sumber": "NASA-NOAA20",
        "date_hotspot": "Kamis, 24 September 2026 12:53:00",
        "date_hotspot_ori": "2026-09-24T05:53:00.000000Z",
        "provinsi": null,
        "kabkota": "Hulu Sungai Selatan",
        "desa": "Muning Baru",
        "hs_id": "2026-09-24T05:53:00.000000Z",
        "provinsi_id": 12,
        "long": 115.11161,
        "ori_sumber": null,
        "desa_id": null,
        "counter": 1,
        "confidence_level": "medium",
        "kawasan": "",
        "kecamatan": "Daha Selatan",
        "nama_provinsi": "Kalimantan Selatan",
        "pulau": "",
        "route_create": "https://opsroom.sipongidata.my.id/daops/laporan/groundcheck/create/form",
        "hotspot_date": "2026-09-24",
        "distance_hgu_km": 2.52,
        "zone": "1–3 km",
        "location_status": "OUTSIDE HGU"
      }
    },
    {
      "type": "Feature",
      "geometry": {
        "type": "Point",
        "coordinates": [
          115.15236,
          -2.70469
        ]
      },
      "properties": {
        "confidence": "medium",
        "confidence_value": null,
        "sumber": "NASA-NOAA20",
        "date_hotspot": "Kamis, 24 September 2026 12:53:00",
        "date_hotspot_ori": "2026-09-24T05:53:00.000000Z",
        "provinsi": null,
        "kabkota": "Hulu Sungai Selatan",
        "desa": "Pantai Ulin",
        "hs_id": "2026-09-24T05:53:00.000000Z",
        "provinsi_id": 12,
        "long": 115.15236,
        "ori_sumber": null,
        "desa_id": null,
        "counter": 1,
        "confidence_level": "medium",
        "kawasan": "",
        "kecamatan": "Simpur",
        "nama_provinsi": "Kalimantan Selatan",
        "pulau": "",
        "route_create": "https://opsroom.sipongidata.my.id/daops/laporan/groundcheck/create/form",
        "hotspot_date": "2026-09-24",
        "distance_hgu_km": 2.879,
        "zone": "1–3 km",
        "location_status": "OUTSIDE HGU"
      }
    },
    {
      "type": "Feature",
      "geometry": {
        "type": "Point",
        "coordinates": [
          115.14211,
          -2.69256
        ]
      },
      "properties": {
        "confidence": "medium",
        "confidence_value": null,
        "sumber": "NASA-SNPP",
        "date_hotspot": "Jumat, 25 September 2026 12:14:00",
        "date_hotspot_ori": "2026-09-25T05:14:00.000000Z",
        "provinsi": null,
        "kabkota": "Hulu Sungai Selatan",
        "desa": "Muning Baru",
        "hs_id": "2026-09-25T05:14:00.000000Z",
        "provinsi_id": 12,
        "long": 115.14211,
        "ori_sumber": null,
        "desa_id": null,
        "counter": 1,
        "confidence_level": "medium",
        "kawasan": "",
        "kecamatan": "Daha Selatan",
        "nama_provinsi": "Kalimantan Selatan",
        "pulau": "",
        "route_create": "https://opsroom.sipongidata.my.id/daops/laporan/groundcheck/create/form",
        "hotspot_date": "2026-09-25",
        "distance_hgu_km": 3.554,
        "zone": "3–5 km",
        "location_status": "OUTSIDE HGU"
      }
    },
    {
      "type": "Feature",
      "geometry": {
        "type": "Point",
        "coordinates": [
          115.13916,
          -2.69279
        ]
      },
      "properties": {
        "confidence": "medium",
        "confidence_value": null,
        "sumber": "NASA-SNPP",
        "date_hotspot": "Jumat, 25 September 2026 12:14:00",
        "date_hotspot_ori": "2026-09-25T05:14:00.000000Z",
        "provinsi": null,
        "kabkota": "Hulu Sungai Selatan",
        "desa": "Muning Baru",
        "hs_id": "2026-09-25T05:14:00.000000Z",
        "provinsi_id": 12,
        "long": 115.13916,
        "ori_sumber": null,
        "desa_id": null,
        "counter": 1,
        "confidence_level": "medium",
        "kawasan": "",
        "kecamatan": "Daha Selatan",
        "nama_provinsi": "Kalimantan Selatan",
        "pulau": "",
        "route_create": "https://opsroom.sipongidata.my.id/daops/laporan/groundcheck/create/form",
        "hotspot_date": "2026-09-25",
        "distance_hgu_km": 3.453,
        "zone": "3–5 km",
        "location_status": "OUTSIDE HGU"
      }
    },
    {
      "type": "Feature",
      "geometry": {
        "type": "Point",
        "coordinates": [
          115.18346,
          -2.81293
        ]
      },
      "properties": {
        "confidence": "medium",
        "confidence_value": null,
        "sumber": "NASA-SNPP",
        "date_hotspot": "Minggu, 27 September 2026 00:39:00",
        "date_hotspot_ori": "2026-09-26T17:39:00.000000Z",
        "provinsi": null,
        "kabkota": "Hulu Sungai Selatan",
        "desa": "Sirih",
        "hs_id": "2026-09-26T17:39:00.000000Z",
        "provinsi_id": 12,
        "long": 115.18346,
        "ori_sumber": null,
        "desa_id": null,
        "counter": 1,
        "confidence_level": "medium",
        "kawasan": "",
        "kecamatan": "Kalumpang",
        "nama_provinsi": "Kalimantan Selatan",
        "pulau": "",
        "route_create": "https://opsroom.sipongidata.my.id/daops/laporan/groundcheck/create/form",
        "hotspot_date": "2026-09-27",
        "distance_hgu_km": 2.195,
        "zone": "1–3 km",
        "location_status": "OUTSIDE HGU"
      }
    },
    {
      "type": "Feature",
      "geometry": {
        "type": "Point",
        "coordinates": [
          115.17102,
          -2.71984
        ]
      },
      "properties": {
        "confidence": "medium",
        "confidence_value": null,
        "sumber": "NASA-SNPP",
        "date_hotspot": "Senin, 28 September 2026 12:57:00",
        "date_hotspot_ori": "2026-09-28T05:57:00.000000Z",
        "provinsi": null,
        "kabkota": "Hulu Sungai Selatan",
        "desa": "Pantai Ulin",
        "hs_id": "2026-09-28T05:57:00.000000Z",
        "provinsi_id": 12,
        "long": 115.17102,
        "ori_sumber": null,
        "desa_id": null,
        "counter": 1,
        "confidence_level": "medium",
        "kawasan": "",
        "kecamatan": "Simpur",
        "nama_provinsi": "Kalimantan Selatan",
        "pulau": "",
        "route_create": "https://opsroom.sipongidata.my.id/daops/laporan/groundcheck/create/form",
        "hotspot_date": "2026-09-28",
        "distance_hgu_km": 0.601,
        "zone": "0–1 km",
        "location_status": "OUTSIDE HGU"
      }
    },
    {
      "type": "Feature",
      "geometry": {
        "type": "Point",
        "coordinates": [
          115.14951,
          -2.70006
        ]
      },
      "properties": {
        "confidence": "medium",
        "confidence_value": null,
        "sumber": "NASA-SNPP",
        "date_hotspot": "Senin, 28 September 2026 12:57:00",
        "date_hotspot_ori": "2026-09-28T05:57:00.000000Z",
        "provinsi": null,
        "kabkota": "Hulu Sungai Selatan",
        "desa": "Muning Baru",
        "hs_id": "2026-09-28T05:57:00.000000Z",
        "provinsi_id": 12,
        "long": 115.14951,
        "ori_sumber": null,
        "desa_id": null,
        "counter": 1,
        "confidence_level": "medium",
        "kawasan": "",
        "kecamatan": "Daha Selatan",
        "nama_provinsi": "Kalimantan Selatan",
        "pulau": "",
        "route_create": "https://opsroom.sipongidata.my.id/daops/laporan/groundcheck/create/form",
        "hotspot_date": "2026-09-28",
        "distance_hgu_km": 3.152,
        "zone": "3–5 km",
        "location_status": "OUTSIDE HGU"
      }
    },
    {
      "type": "Feature",
      "geometry": {
        "type": "Point",
        "coordinates": [
          115.12376,
          -2.73385
        ]
      },
      "properties": {
        "confidence": "medium",
        "confidence_value": null,
        "sumber": "NASA-SNPP",
        "date_hotspot": "Senin, 28 September 2026 12:57:00",
        "date_hotspot_ori": "2026-09-28T05:57:00.000000Z",
        "provinsi": null,
        "kabkota": "Hulu Sungai Selatan",
        "desa": "Balanti",
        "hs_id": "2026-09-28T05:57:00.000000Z",
        "provinsi_id": 12,
        "long": 115.12376,
        "ori_sumber": null,
        "desa_id": null,
        "counter": 1,
        "confidence_level": "medium",
        "kawasan": "",
        "kecamatan": "Kalumpang",
        "nama_provinsi": "Kalimantan Selatan",
        "pulau": "",
        "route_create": "https://opsroom.sipongidata.my.id/daops/laporan/groundcheck/create/form",
        "hotspot_date": "2026-09-28",
        "distance_hgu_km": 0.01,
        "zone": "0–1 km",
        "location_status": "OUTSIDE HGU"
      }
    },
    {
      "type": "Feature",
      "geometry": {
        "type": "Point",
        "coordinates": [
          115.13406,
          -2.70851
        ]
      },
      "properties": {
        "confidence": "medium",
        "confidence_value": null,
        "sumber": "NASA-SNPP",
        "date_hotspot": "Senin, 28 September 2026 12:57:00",
        "date_hotspot_ori": "2026-09-28T05:57:00.000000Z",
        "provinsi": null,
        "kabkota": "Hulu Sungai Selatan",
        "desa": "Muning Baru",
        "hs_id": "2026-09-28T05:57:00.000000Z",
        "provinsi_id": 12,
        "long": 115.13406,
        "ori_sumber": null,
        "desa_id": null,
        "counter": 1,
        "confidence_level": "medium",
        "kawasan": "",
        "kecamatan": "Daha Selatan",
        "nama_provinsi": "Kalimantan Selatan",
        "pulau": "",
        "route_create": "https://opsroom.sipongidata.my.id/daops/laporan/groundcheck/create/form",
        "hotspot_date": "2026-09-28",
        "distance_hgu_km": 1.655,
        "zone": "1–3 km",
        "location_status": "OUTSIDE HGU"
      }
    },
    {
      "type": "Feature",
      "geometry": {
        "type": "Point",
        "coordinates": [
          115.08275,
          -2.82841
        ]
      },
      "properties": {
        "confidence": "medium",
        "confidence_value": null,
        "sumber": "NASA-SNPP",
        "date_hotspot": "Selasa, 22 September 2026 13:10:00",
        "date_hotspot_ori": "2026-09-22T06:10:00.000000Z",
        "provinsi": null,
        "kabkota": "Hulu Sungai Selatan",
        "desa": "Balimau",
        "hs_id": "2026-09-22T06:10:00.000000Z",
        "provinsi_id": 12,
        "long": 115.08275,
        "ori_sumber": null,
        "desa_id": null,
        "counter": 1,
        "confidence_level": "medium",
        "kawasan": "",
        "kecamatan": "Kalumpang",
        "nama_provinsi": "Kalimantan Selatan",
        "pulau": "",
        "route_create": "https://opsroom.sipongidata.my.id/daops/laporan/groundcheck/create/form",
        "hotspot_date": "2026-09-22",
        "distance_hgu_km": 0.0,
        "zone": "Inside HGU",
        "location_status": "INSIDE HGU"
      }
    },
    {
      "type": "Feature",
      "geometry": {
        "type": "Point",
        "coordinates": [
          115.09101,
          -2.82713
        ]
      },
      "properties": {
        "confidence": "medium",
        "confidence_value": null,
        "sumber": "NASA-SNPP",
        "date_hotspot": "Selasa, 22 September 2026 13:10:00",
        "date_hotspot_ori": "2026-09-22T06:10:00.000000Z",
        "provinsi": null,
        "kabkota": "Hulu Sungai Selatan",
        "desa": "Balimau",
        "hs_id": "2026-09-22T06:10:00.000000Z",
        "provinsi_id": 12,
        "long": 115.09101,
        "ori_sumber": null,
        "desa_id": null,
        "counter": 1,
        "confidence_level": "medium",
        "kawasan": "",
        "kecamatan": "Kalumpang",
        "nama_provinsi": "Kalimantan Selatan",
        "pulau": "",
        "route_create": "https://opsroom.sipongidata.my.id/daops/laporan/groundcheck/create/form",
        "hotspot_date": "2026-09-22",
        "distance_hgu_km": 0.0,
        "zone": "Inside HGU",
        "location_status": "INSIDE HGU"
      }
    },
    {
      "type": "Feature",
      "geometry": {
        "type": "Point",
        "coordinates": [
          115.12396,
          -2.87022
        ]
      },
      "properties": {
        "confidence": "medium",
        "confidence_value": null,
        "sumber": "NASA-NOAA20",
        "date_hotspot": "Selasa, 22 September 2026 13:29:00",
        "date_hotspot_ori": "2026-09-22T06:29:00.000000Z",
        "provinsi": null,
        "kabkota": "Tapin",
        "desa": "Masta",
        "hs_id": "2026-09-22T06:29:00.000000Z",
        "provinsi_id": 12,
        "long": 115.12396,
        "ori_sumber": null,
        "desa_id": null,
        "counter": 1,
        "confidence_level": "medium",
        "kawasan": "",
        "kecamatan": "Bakarangan",
        "nama_provinsi": "Kalimantan Selatan",
        "pulau": "",
        "route_create": "https://opsroom.sipongidata.my.id/daops/laporan/groundcheck/create/form",
        "hotspot_date": "2026-09-22",
        "distance_hgu_km": 4.189,
        "zone": "3–5 km",
        "location_status": "OUTSIDE HGU"
      }
    },
    {
      "type": "Feature",
      "geometry": {
        "type": "Point",
        "coordinates": [
          115.09732,
          -2.79529
        ]
      },
      "properties": {
        "confidence": "medium",
        "confidence_value": null,
        "sumber": "NASA-NOAA20",
        "date_hotspot": "Selasa, 22 September 2026 13:29:00",
        "date_hotspot_ori": "2026-09-22T06:29:00.000000Z",
        "provinsi": null,
        "kabkota": "Hulu Sungai Selatan",
        "desa": "Balimau",
        "hs_id": "2026-09-22T06:29:00.000000Z",
        "provinsi_id": 12,
        "long": 115.09732,
        "ori_sumber": null,
        "desa_id": null,
        "counter": 3,
        "confidence_level": "medium",
        "kawasan": "",
        "kecamatan": "Kalumpang",
        "nama_provinsi": "Kalimantan Selatan",
        "pulau": "",
        "route_create": "https://opsroom.sipongidata.my.id/daops/laporan/groundcheck/create/form",
        "hotspot_date": "2026-09-22",
        "distance_hgu_km": 0.0,
        "zone": "Inside HGU",
        "location_status": "INSIDE HGU"
      }
    },
    {
      "type": "Feature",
      "geometry": {
        "type": "Point",
        "coordinates": [
          115.1805,
          -2.7537
        ]
      },
      "properties": {
        "confidence": "medium",
        "confidence_value": null,
        "sumber": "NASA-NOAA20",
        "date_hotspot": "Selasa, 22 September 2026 13:29:00",
        "date_hotspot_ori": "2026-09-22T06:29:00.000000Z",
        "provinsi": null,
        "kabkota": "Hulu Sungai Selatan",
        "desa": "Pantai Ulin",
        "hs_id": "2026-09-22T06:29:00.000000Z",
        "provinsi_id": 12,
        "long": 115.1805,
        "ori_sumber": null,
        "desa_id": null,
        "counter": 1,
        "confidence_level": "medium",
        "kawasan": "",
        "kecamatan": "Simpur",
        "nama_provinsi": "Kalimantan Selatan",
        "pulau": "",
        "route_create": "https://opsroom.sipongidata.my.id/daops/laporan/groundcheck/create/form",
        "hotspot_date": "2026-09-22",
        "distance_hgu_km": 0.0,
        "zone": "Inside HGU",
        "location_status": "INSIDE HGU"
      }
    },
    {
      "type": "Feature",
      "geometry": {
        "type": "Point",
        "coordinates": [
          115.18151,
          -2.72394
        ]
      },
      "properties": {
        "confidence": "medium",
        "confidence_value": null,
        "sumber": "NASA-SNPP",
        "date_hotspot": "Selasa, 22 September 2026 13:10:00",
        "date_hotspot_ori": "2026-09-22T06:10:00.000000Z",
        "provinsi": null,
        "kabkota": "Hulu Sungai Selatan",
        "desa": "Pantai Ulin",
        "hs_id": "2026-09-22T06:10:00.000000Z",
        "provinsi_id": 12,
        "long": 115.18151,
        "ori_sumber": null,
        "desa_id": null,
        "counter": 1,
        "confidence_level": "medium",
        "kawasan": "",
        "kecamatan": "Simpur",
        "nama_provinsi": "Kalimantan Selatan",
        "pulau": "",
        "route_create": "https://opsroom.sipongidata.my.id/daops/laporan/groundcheck/create/form",
        "hotspot_date": "2026-09-22",
        "distance_hgu_km": 0.0,
        "zone": "Inside HGU",
        "location_status": "INSIDE HGU"
      }
    },
    {
      "type": "Feature",
      "geometry": {
        "type": "Point",
        "coordinates": [
          115.10297,
          -2.83689
        ]
      },
      "properties": {
        "confidence": "medium",
        "confidence_value": null,
        "sumber": "NASA-NOAA20",
        "date_hotspot": "Jumat, 11 September 2026 13:35:00",
        "date_hotspot_ori": "2026-09-11T06:35:00.000000Z",
        "provinsi": null,
        "kabkota": "Tapin",
        "desa": "Masta",
        "hs_id": "2026-09-11T06:35:00.000000Z",
        "provinsi_id": 12,
        "long": 115.10297,
        "ori_sumber": null,
        "desa_id": null,
        "counter": 1,
        "confidence_level": "medium",
        "kawasan": "",
        "kecamatan": "Bakarangan",
        "nama_provinsi": "Kalimantan Selatan",
        "pulau": "",
        "route_create": "https://opsroom.sipongidata.my.id/daops/laporan/groundcheck/create/form",
        "hotspot_date": "2026-09-11",
        "distance_hgu_km": 0.194,
        "zone": "0–1 km",
        "location_status": "OUTSIDE HGU"
      }
    },
    {
      "type": "Feature",
      "geometry": {
        "type": "Point",
        "coordinates": [
          115.21073,
          -2.69268
        ]
      },
      "properties": {
        "confidence": "medium",
        "confidence_value": null,
        "sumber": "NASA-NOAA20",
        "date_hotspot": "Jumat, 11 September 2026 13:35:00",
        "date_hotspot_ori": "2026-09-11T06:35:00.000000Z",
        "provinsi": null,
        "kabkota": "Hulu Sungai Selatan",
        "desa": "Sungai Kupang",
        "hs_id": "2026-09-11T06:35:00.000000Z",
        "provinsi_id": 12,
        "long": 115.21073,
        "ori_sumber": null,
        "desa_id": null,
        "counter": 1,
        "confidence_level": "medium",
        "kawasan": "",
        "kecamatan": "Kandangan",
        "nama_provinsi": "Kalimantan Selatan",
        "pulau": "",
        "route_create": "https://opsroom.sipongidata.my.id/daops/laporan/groundcheck/create/form",
        "hotspot_date": "2026-09-11",
        "distance_hgu_km": 3.853,
        "zone": "3–5 km",
        "location_status": "OUTSIDE HGU"
      }
    },
    {
      "type": "Feature",
      "geometry": {
        "type": "Point",
        "coordinates": [
          115.07436,
          -2.84008
        ]
      },
      "properties": {
        "confidence": "medium",
        "confidence_value": null,
        "sumber": "NASA-SNPP",
        "date_hotspot": "Jumat, 18 September 2026 12:46:00",
        "date_hotspot_ori": "2026-09-18T05:46:00.000000Z",
        "provinsi": null,
        "kabkota": "Hulu Sungai Selatan",
        "desa": "Balimau",
        "hs_id": "2026-09-18T05:46:00.000000Z",
        "provinsi_id": 12,
        "long": 115.07436,
        "ori_sumber": null,
        "desa_id": null,
        "counter": 1,
        "confidence_level": "medium",
        "kawasan": "",
        "kecamatan": "Kalumpang",
        "nama_provinsi": "Kalimantan Selatan",
        "pulau": "",
        "route_create": "https://opsroom.sipongidata.my.id/daops/laporan/groundcheck/create/form",
        "hotspot_date": "2026-09-18",
        "distance_hgu_km": 0.665,
        "zone": "0–1 km",
        "location_status": "OUTSIDE HGU"
      }
    },
    {
      "type": "Feature",
      "geometry": {
        "type": "Point",
        "coordinates": [
          115.11985,
          -2.84795
        ]
      },
      "properties": {
        "confidence": "medium",
        "confidence_value": null,
        "sumber": "NASA-NOAA20",
        "date_hotspot": "Rabu, 23 September 2026 13:12:00",
        "date_hotspot_ori": "2026-09-23T06:12:00.000000Z",
        "provinsi": null,
        "kabkota": "Tapin",
        "desa": "Masta",
        "hs_id": "2026-09-23T06:12:00.000000Z",
        "provinsi_id": 12,
        "long": 115.11985,
        "ori_sumber": null,
        "desa_id": null,
        "counter": 2,
        "confidence_level": "medium",
        "kawasan": "",
        "kecamatan": "Bakarangan",
        "nama_provinsi": "Kalimantan Selatan",
        "pulau": "",
        "route_create": "https://opsroom.sipongidata.my.id/daops/laporan/groundcheck/create/form",
        "hotspot_date": "2026-09-23",
        "distance_hgu_km": 1.844,
        "zone": "1–3 km",
        "location_status": "OUTSIDE HGU"
      }
    },
    {
      "type": "Feature",
      "geometry": {
        "type": "Point",
        "coordinates": [
          115.12566,
          -2.85665
        ]
      },
      "properties": {
        "confidence": "medium",
        "confidence_value": null,
        "sumber": "NASA-SNPP",
        "date_hotspot": "Minggu, 06 September 2026 00:32:00",
        "date_hotspot_ori": "2026-09-05T17:32:00.000000Z",
        "provinsi": null,
        "kabkota": "Tapin",
        "desa": "Masta",
        "hs_id": "2026-09-05T17:32:00.000000Z",
        "provinsi_id": 12,
        "long": 115.12566,
        "ori_sumber": null,
        "desa_id": null,
        "counter": 1,
        "confidence_level": "medium",
        "kawasan": "",
        "kecamatan": "Bakarangan",
        "nama_provinsi": "Kalimantan Selatan",
        "pulau": "",
        "route_create": "https://opsroom.sipongidata.my.id/daops/laporan/groundcheck/create/form",
        "hotspot_date": "2026-09-06",
        "distance_hgu_km": 3.003,
        "zone": "3–5 km",
        "location_status": "OUTSIDE HGU"
      }
    },
    {
      "type": "Feature",
      "geometry": {
        "type": "Point",
        "coordinates": [
          115.05212,
          -2.78886
        ]
      },
      "properties": {
        "confidence": "medium",
        "confidence_value": null,
        "sumber": "NASA-NOAA20",
        "date_hotspot": "Minggu, 06 September 2026 00:49:00",
        "date_hotspot_ori": "2026-09-05T17:49:00.000000Z",
        "provinsi": null,
        "kabkota": "Tapin",
        "desa": "Sungai Rutas",
        "hs_id": "2026-09-05T17:49:00.000000Z",
        "provinsi_id": 12,
        "long": 115.05212,
        "ori_sumber": null,
        "desa_id": null,
        "counter": 1,
        "confidence_level": "medium",
        "kawasan": "",
        "kecamatan": "Candi Laras Selatan",
        "nama_provinsi": "Kalimantan Selatan",
        "pulau": "",
        "route_create": "https://opsroom.sipongidata.my.id/daops/laporan/groundcheck/create/form",
        "hotspot_date": "2026-09-06",
        "distance_hgu_km": 2.461,
        "zone": "1–3 km",
        "location_status": "OUTSIDE HGU"
      }
    },
    {
      "type": "Feature",
      "geometry": {
        "type": "Point",
        "coordinates": [
          115.06145,
          -2.79713
        ]
      },
      "properties": {
        "confidence": "medium",
        "confidence_value": null,
        "sumber": "NASA-NOAA20",
        "date_hotspot": "Minggu, 06 September 2026 00:49:00",
        "date_hotspot_ori": "2026-09-05T17:49:00.000000Z",
        "provinsi": null,
        "kabkota": "Tapin",
        "desa": "Sungai Rutas",
        "hs_id": "2026-09-05T17:49:00.000000Z",
        "provinsi_id": 12,
        "long": 115.06145,
        "ori_sumber": null,
        "desa_id": null,
        "counter": 1,
        "confidence_level": "medium",
        "kawasan": "",
        "kecamatan": "Candi Laras Selatan",
        "nama_provinsi": "Kalimantan Selatan",
        "pulau": "",
        "route_create": "https://opsroom.sipongidata.my.id/daops/laporan/groundcheck/create/form",
        "hotspot_date": "2026-09-06",
        "distance_hgu_km": 1.4,
        "zone": "1–3 km",
        "location_status": "OUTSIDE HGU"
      }
    },
    {
      "type": "Feature",
      "geometry": {
        "type": "Point",
        "coordinates": [
          115.0516,
          -2.79217
        ]
      },
      "properties": {
        "confidence": "medium",
        "confidence_value": null,
        "sumber": "NASA-NOAA20",
        "date_hotspot": "Minggu, 06 September 2026 00:49:00",
        "date_hotspot_ori": "2026-09-05T17:49:00.000000Z",
        "provinsi": null,
        "kabkota": "Tapin",
        "desa": "Sungai Rutas",
        "hs_id": "2026-09-05T17:49:00.000000Z",
        "provinsi_id": 12,
        "long": 115.0516,
        "ori_sumber": null,
        "desa_id": null,
        "counter": 1,
        "confidence_level": "medium",
        "kawasan": "",
        "kecamatan": "Candi Laras Selatan",
        "nama_provinsi": "Kalimantan Selatan",
        "pulau": "",
        "route_create": "https://opsroom.sipongidata.my.id/daops/laporan/groundcheck/create/form",
        "hotspot_date": "2026-09-06",
        "distance_hgu_km": 2.606,
        "zone": "1–3 km",
        "location_status": "OUTSIDE HGU"
      }
    },
    {
      "type": "Feature",
      "geometry": {
        "type": "Point",
        "coordinates": [
          115.16216,
          -2.81594
        ]
      },
      "properties": {
        "confidence": "medium",
        "confidence_value": null,
        "sumber": "NASA-SNPP",
        "date_hotspot": "Minggu, 06 September 2026 13:10:00",
        "date_hotspot_ori": "2026-09-06T06:10:00.000000Z",
        "provinsi": null,
        "kabkota": "Hulu Sungai Selatan",
        "desa": "Kalumpang",
        "hs_id": "2026-09-06T06:10:00.000000Z",
        "provinsi_id": 12,
        "long": 115.16216,
        "ori_sumber": null,
        "desa_id": null,
        "counter": 1,
        "confidence_level": "medium",
        "kawasan": "",
        "kecamatan": "Kalumpang",
        "nama_provinsi": "Kalimantan Selatan",
        "pulau": "",
        "route_create": "https://opsroom.sipongidata.my.id/daops/laporan/groundcheck/create/form",
        "hotspot_date": "2026-09-06",
        "distance_hgu_km": 1.812,
        "zone": "1–3 km",
        "location_status": "OUTSIDE HGU"
      }
    },
    {
      "type": "Feature",
      "geometry": {
        "type": "Point",
        "coordinates": [
          115.21674,
          -2.72144
        ]
      },
      "properties": {
        "confidence": "medium",
        "confidence_value": null,
        "sumber": "NASA-SNPP",
        "date_hotspot": "Minggu, 06 September 2026 13:10:00",
        "date_hotspot_ori": "2026-09-06T06:10:00.000000Z",
        "provinsi": null,
        "kabkota": "Hulu Sungai Selatan",
        "desa": "Sungai Kupang",
        "hs_id": "2026-09-06T06:10:00.000000Z",
        "provinsi_id": 12,
        "long": 115.21674,
        "ori_sumber": null,
        "desa_id": null,
        "counter": 1,
        "confidence_level": "medium",
        "kawasan": "",
        "kecamatan": "Kandangan",
        "nama_provinsi": "Kalimantan Selatan",
        "pulau": "",
        "route_create": "https://opsroom.sipongidata.my.id/daops/laporan/groundcheck/create/form",
        "hotspot_date": "2026-09-06",
        "distance_hgu_km": 2.518,
        "zone": "1–3 km",
        "location_status": "OUTSIDE HGU"
      }
    },
    {
      "type": "Feature",
      "geometry": {
        "type": "Point",
        "coordinates": [
          115.14697,
          -2.73615
        ]
      },
      "properties": {
        "confidence": "medium",
        "confidence_value": null,
        "sumber": "NASA-SNPP",
        "date_hotspot": "Minggu, 06 September 2026 13:10:00",
        "date_hotspot_ori": "2026-09-06T06:10:00.000000Z",
        "provinsi": null,
        "kabkota": "Hulu Sungai Selatan",
        "desa": "Garunggang",
        "hs_id": "2026-09-06T06:10:00.000000Z",
        "provinsi_id": 12,
        "long": 115.14697,
        "ori_sumber": null,
        "desa_id": null,
        "counter": 1,
        "confidence_level": "medium",
        "kawasan": "",
        "kecamatan": "Simpur",
        "nama_provinsi": "Kalimantan Selatan",
        "pulau": "",
        "route_create": "https://opsroom.sipongidata.my.id/daops/laporan/groundcheck/create/form",
        "hotspot_date": "2026-09-06",
        "distance_hgu_km": 0.0,
        "zone": "Inside HGU",
        "location_status": "INSIDE HGU"
      }
    },
    {
      "type": "Feature",
      "geometry": {
        "type": "Point",
        "coordinates": [
          115.18319,
          -2.71939
        ]
      },
      "properties": {
        "confidence": "medium",
        "confidence_value": null,
        "sumber": "NASA-SNPP",
        "date_hotspot": "Minggu, 06 September 2026 13:10:00",
        "date_hotspot_ori": "2026-09-06T06:10:00.000000Z",
        "provinsi": null,
        "kabkota": "Hulu Sungai Selatan",
        "desa": "Lungau",
        "hs_id": "2026-09-06T06:10:00.000000Z",
        "provinsi_id": 12,
        "long": 115.18319,
        "ori_sumber": null,
        "desa_id": null,
        "counter": 1,
        "confidence_level": "medium",
        "kawasan": "",
        "kecamatan": "Kandangan",
        "nama_provinsi": "Kalimantan Selatan",
        "pulau": "",
        "route_create": "https://opsroom.sipongidata.my.id/daops/laporan/groundcheck/create/form",
        "hotspot_date": "2026-09-06",
        "distance_hgu_km": 0.194,
        "zone": "0–1 km",
        "location_status": "OUTSIDE HGU"
      }
    },
    {
      "type": "Feature",
      "geometry": {
        "type": "Point",
        "coordinates": [
          115.1618,
          -2.69639
        ]
      },
      "properties": {
        "confidence": "medium",
        "confidence_value": null,
        "sumber": "NASA-NOAA20",
        "date_hotspot": "Minggu, 06 September 2026 13:29:00",
        "date_hotspot_ori": "2026-09-06T06:29:00.000000Z",
        "provinsi": null,
        "kabkota": "Hulu Sungai Selatan",
        "desa": "Muning Baru",
        "hs_id": "2026-09-06T06:29:00.000000Z",
        "provinsi_id": 12,
        "long": 115.1618,
        "ori_sumber": null,
        "desa_id": null,
        "counter": 3,
        "confidence_level": "medium",
        "kawasan": "",
        "kecamatan": "Daha Selatan",
        "nama_provinsi": "Kalimantan Selatan",
        "pulau": "",
        "route_create": "https://opsroom.sipongidata.my.id/daops/laporan/groundcheck/create/form",
        "hotspot_date": "2026-09-06",
        "distance_hgu_km": 3.388,
        "zone": "3–5 km",
        "location_status": "OUTSIDE HGU"
      }
    },
    {
      "type": "Feature",
      "geometry": {
        "type": "Point",
        "coordinates": [
          115.14223,
          -2.73953
        ]
      },
      "properties": {
        "confidence": "medium",
        "confidence_value": null,
        "sumber": "NASA-NOAA20",
        "date_hotspot": "Minggu, 06 September 2026 13:29:00",
        "date_hotspot_ori": "2026-09-06T06:29:00.000000Z",
        "provinsi": null,
        "kabkota": "Hulu Sungai Selatan",
        "desa": "Garunggang",
        "hs_id": "2026-09-06T06:29:00.000000Z",
        "provinsi_id": 12,
        "long": 115.14223,
        "ori_sumber": null,
        "desa_id": null,
        "counter": 1,
        "confidence_level": "medium",
        "kawasan": "",
        "kecamatan": "Simpur",
        "nama_provinsi": "Kalimantan Selatan",
        "pulau": "",
        "route_create": "https://opsroom.sipongidata.my.id/daops/laporan/groundcheck/create/form",
        "hotspot_date": "2026-09-06",
        "distance_hgu_km": 0.0,
        "zone": "Inside HGU",
        "location_status": "INSIDE HGU"
      }
    },
    {
      "type": "Feature",
      "geometry": {
        "type": "Point",
        "coordinates": [
          115.08049,
          -2.75804
        ]
      },
      "properties": {
        "confidence": "medium",
        "confidence_value": null,
        "sumber": "NASA-SNPP",
        "date_hotspot": "Minggu, 06 September 2026 13:10:00",
        "date_hotspot_ori": "2026-09-06T06:10:00.000000Z",
        "provinsi": null,
        "kabkota": "Hulu Sungai Selatan",
        "desa": "Muning Dalam",
        "hs_id": "2026-09-06T06:10:00.000000Z",
        "provinsi_id": 12,
        "long": 115.08049,
        "ori_sumber": null,
        "desa_id": null,
        "counter": 1,
        "confidence_level": "medium",
        "kawasan": "",
        "kecamatan": "Daha Selatan",
        "nama_provinsi": "Kalimantan Selatan",
        "pulau": "",
        "route_create": "https://opsroom.sipongidata.my.id/daops/laporan/groundcheck/create/form",
        "hotspot_date": "2026-09-06",
        "distance_hgu_km": 0.78,
        "zone": "0–1 km",
        "location_status": "OUTSIDE HGU"
      }
    },
    {
      "type": "Feature",
      "geometry": {
        "type": "Point",
        "coordinates": [
          115.14624,
          -2.74015
        ]
      },
      "properties": {
        "confidence": "medium",
        "confidence_value": null,
        "sumber": "NASA-SNPP",
        "date_hotspot": "Minggu, 06 September 2026 13:10:00",
        "date_hotspot_ori": "2026-09-06T06:10:00.000000Z",
        "provinsi": null,
        "kabkota": "Hulu Sungai Selatan",
        "desa": "Garunggang",
        "hs_id": "2026-09-06T06:10:00.000000Z",
        "provinsi_id": 12,
        "long": 115.14624,
        "ori_sumber": null,
        "desa_id": null,
        "counter": 1,
        "confidence_level": "medium",
        "kawasan": "",
        "kecamatan": "Simpur",
        "nama_provinsi": "Kalimantan Selatan",
        "pulau": "",
        "route_create": "https://opsroom.sipongidata.my.id/daops/laporan/groundcheck/create/form",
        "hotspot_date": "2026-09-06",
        "distance_hgu_km": 0.0,
        "zone": "Inside HGU",
        "location_status": "INSIDE HGU"
      }
    },
    {
      "type": "Feature",
      "geometry": {
        "type": "Point",
        "coordinates": [
          115.15434,
          -2.76497
        ]
      },
      "properties": {
        "confidence": "medium",
        "confidence_value": null,
        "sumber": "NASA-SNPP",
        "date_hotspot": "Minggu, 06 September 2026 13:10:00",
        "date_hotspot_ori": "2026-09-06T06:10:00.000000Z",
        "provinsi": null,
        "kabkota": "Hulu Sungai Selatan",
        "desa": "Garunggang",
        "hs_id": "2026-09-06T06:10:00.000000Z",
        "provinsi_id": 12,
        "long": 115.15434,
        "ori_sumber": null,
        "desa_id": null,
        "counter": 1,
        "confidence_level": "medium",
        "kawasan": "",
        "kecamatan": "Simpur",
        "nama_provinsi": "Kalimantan Selatan",
        "pulau": "",
        "route_create": "https://opsroom.sipongidata.my.id/daops/laporan/groundcheck/create/form",
        "hotspot_date": "2026-09-06",
        "distance_hgu_km": 0.0,
        "zone": "Inside HGU",
        "location_status": "INSIDE HGU"
      }
    },
    {
      "type": "Feature",
      "geometry": {
        "type": "Point",
        "coordinates": [
          115.08427,
          -2.7265
        ]
      },
      "properties": {
        "confidence": "medium",
        "confidence_value": null,
        "sumber": "NASA-NOAA20",
        "date_hotspot": "Minggu, 06 September 2026 13:29:00",
        "date_hotspot_ori": "2026-09-06T06:29:00.000000Z",
        "provinsi": null,
        "kabkota": "Hulu Sungai Selatan",
        "desa": "Muning Dalam",
        "hs_id": "2026-09-06T06:29:00.000000Z",
        "provinsi_id": 12,
        "long": 115.08427,
        "ori_sumber": null,
        "desa_id": null,
        "counter": 1,
        "confidence_level": "medium",
        "kawasan": "",
        "kecamatan": "Daha Selatan",
        "nama_provinsi": "Kalimantan Selatan",
        "pulau": "",
        "route_create": "https://opsroom.sipongidata.my.id/daops/laporan/groundcheck/create/form",
        "hotspot_date": "2026-09-06",
        "distance_hgu_km": 3.333,
        "zone": "3–5 km",
        "location_status": "OUTSIDE HGU"
      }
    },
    {
      "type": "Feature",
      "geometry": {
        "type": "Point",
        "coordinates": [
          115.16086,
          -2.8104
        ]
      },
      "properties": {
        "confidence": "medium",
        "confidence_value": null,
        "sumber": "NASA-NOAA20",
        "date_hotspot": "Minggu, 06 September 2026 13:29:00",
        "date_hotspot_ori": "2026-09-06T06:29:00.000000Z",
        "provinsi": null,
        "kabkota": "Hulu Sungai Selatan",
        "desa": "Kalumpang",
        "hs_id": "2026-09-06T06:29:00.000000Z",
        "provinsi_id": 12,
        "long": 115.16086,
        "ori_sumber": null,
        "desa_id": null,
        "counter": 1,
        "confidence_level": "medium",
        "kawasan": "",
        "kecamatan": "Kalumpang",
        "nama_provinsi": "Kalimantan Selatan",
        "pulau": "",
        "route_create": "https://opsroom.sipongidata.my.id/daops/laporan/groundcheck/create/form",
        "hotspot_date": "2026-09-06",
        "distance_hgu_km": 1.183,
        "zone": "1–3 km",
        "location_status": "OUTSIDE HGU"
      }
    },
    {
      "type": "Feature",
      "geometry": {
        "type": "Point",
        "coordinates": [
          115.19614,
          -2.74768
        ]
      },
      "properties": {
        "confidence": "medium",
        "confidence_value": null,
        "sumber": "NASA-NOAA20",
        "date_hotspot": "Minggu, 06 September 2026 13:29:00",
        "date_hotspot_ori": "2026-09-06T06:29:00.000000Z",
        "provinsi": null,
        "kabkota": "Hulu Sungai Selatan",
        "desa": "Pantai Ulin",
        "hs_id": "2026-09-06T06:29:00.000000Z",
        "provinsi_id": 12,
        "long": 115.19614,
        "ori_sumber": null,
        "desa_id": null,
        "counter": 1,
        "confidence_level": "medium",
        "kawasan": "",
        "kecamatan": "Simpur",
        "nama_provinsi": "Kalimantan Selatan",
        "pulau": "",
        "route_create": "https://opsroom.sipongidata.my.id/daops/laporan/groundcheck/create/form",
        "hotspot_date": "2026-09-06",
        "distance_hgu_km": 0.498,
        "zone": "0–1 km",
        "location_status": "OUTSIDE HGU"
      }
    },
    {
      "type": "Feature",
      "geometry": {
        "type": "Point",
        "coordinates": [
          115.05534,
          -2.84613
        ]
      },
      "properties": {
        "confidence": "medium",
        "confidence_value": null,
        "sumber": "NASA-SNPP",
        "date_hotspot": "Senin, 07 September 2026 00:11:00",
        "date_hotspot_ori": "2026-09-06T17:11:00.000000Z",
        "provinsi": null,
        "kabkota": "Tapin",
        "desa": "Sungai Rutas",
        "hs_id": "2026-09-06T17:11:00.000000Z",
        "provinsi_id": 12,
        "long": 115.05534,
        "ori_sumber": null,
        "desa_id": null,
        "counter": 1,
        "confidence_level": "medium",
        "kawasan": "",
        "kecamatan": "Candi Laras Selatan",
        "nama_provinsi": "Kalimantan Selatan",
        "pulau": "",
        "route_create": "https://opsroom.sipongidata.my.id/daops/laporan/groundcheck/create/form",
        "hotspot_date": "2026-09-07",
        "distance_hgu_km": 2.731,
        "zone": "1–3 km",
        "location_status": "OUTSIDE HGU"
      }
    },
    {
      "type": "Feature",
      "geometry": {
        "type": "Point",
        "coordinates": [
          115.15759,
          -2.68918
        ]
      },
      "properties": {
        "confidence": "medium",
        "confidence_value": null,
        "sumber": "NASA-SNPP",
        "date_hotspot": "Senin, 07 September 2026 00:11:00",
        "date_hotspot_ori": "2026-09-06T17:11:00.000000Z",
        "provinsi": null,
        "kabkota": "Hulu Sungai Selatan",
        "desa": "Muning Baru",
        "hs_id": "2026-09-06T17:11:00.000000Z",
        "provinsi_id": 12,
        "long": 115.15759,
        "ori_sumber": null,
        "desa_id": null,
        "counter": 3,
        "confidence_level": "medium",
        "kawasan": "",
        "kecamatan": "Daha Selatan",
        "nama_provinsi": "Kalimantan Selatan",
        "pulau": "",
        "route_create": "https://opsroom.sipongidata.my.id/daops/laporan/groundcheck/create/form",
        "hotspot_date": "2026-09-07",
        "distance_hgu_km": 4.297,
        "zone": "3–5 km",
        "location_status": "OUTSIDE HGU"
      }
    },
    {
      "type": "Feature",
      "geometry": {
        "type": "Point",
        "coordinates": [
          115.15952,
          -2.68981
        ]
      },
      "properties": {
        "confidence": "medium",
        "confidence_value": null,
        "sumber": "NASA-NOAA20",
        "date_hotspot": "Senin, 07 September 2026 00:32:00",
        "date_hotspot_ori": "2026-09-06T17:32:00.000000Z",
        "provinsi": null,
        "kabkota": "Hulu Sungai Selatan",
        "desa": "Muning Baru",
        "hs_id": "2026-09-06T17:32:00.000000Z",
        "provinsi_id": 12,
        "long": 115.15952,
        "ori_sumber": null,
        "desa_id": null,
        "counter": 4,
        "confidence_level": "medium",
        "kawasan": "",
        "kecamatan": "Daha Selatan",
        "nama_provinsi": "Kalimantan Selatan",
        "pulau": "",
        "route_create": "https://opsroom.sipongidata.my.id/daops/laporan/groundcheck/create/form",
        "hotspot_date": "2026-09-07",
        "distance_hgu_km": 4.159,
        "zone": "3–5 km",
        "location_status": "OUTSIDE HGU"
      }
    },
    {
      "type": "Feature",
      "geometry": {
        "type": "Point",
        "coordinates": [
          115.03865,
          -2.84421
        ]
      },
      "properties": {
        "confidence": "medium",
        "confidence_value": null,
        "sumber": "NASA-NOAA20",
        "date_hotspot": "Senin, 07 September 2026 00:32:00",
        "date_hotspot_ori": "2026-09-06T17:32:00.000000Z",
        "provinsi": null,
        "kabkota": "Tapin",
        "desa": "Sungai Rutas",
        "hs_id": "2026-09-06T17:32:00.000000Z",
        "provinsi_id": 12,
        "long": 115.03865,
        "ori_sumber": null,
        "desa_id": null,
        "counter": 1,
        "confidence_level": "medium",
        "kawasan": "",
        "kecamatan": "Candi Laras Selatan",
        "nama_provinsi": "Kalimantan Selatan",
        "pulau": "",
        "route_create": "https://opsroom.sipongidata.my.id/daops/laporan/groundcheck/create/form",
        "hotspot_date": "2026-09-07",
        "distance_hgu_km": 4.406,
        "zone": "3–5 km",
        "location_status": "OUTSIDE HGU"
      }
    },
    {
      "type": "Feature",
      "geometry": {
        "type": "Point",
        "coordinates": [
          115.08823,
          -2.7115
        ]
      },
      "properties": {
        "confidence": "medium",
        "confidence_value": null,
        "sumber": "NASA-SNPP",
        "date_hotspot": "Senin, 07 September 2026 12:53:00",
        "date_hotspot_ori": "2026-09-07T05:53:00.000000Z",
        "provinsi": null,
        "kabkota": "Hulu Sungai Selatan",
        "desa": "Muning Dalam",
        "hs_id": "2026-09-07T05:53:00.000000Z",
        "provinsi_id": 12,
        "long": 115.08823,
        "ori_sumber": null,
        "desa_id": null,
        "counter": 1,
        "confidence_level": "medium",
        "kawasan": "",
        "kecamatan": "Daha Selatan",
        "nama_provinsi": "Kalimantan Selatan",
        "pulau": "",
        "route_create": "https://opsroom.sipongidata.my.id/daops/laporan/groundcheck/create/form",
        "hotspot_date": "2026-09-07",
        "distance_hgu_km": 4.39,
        "zone": "3–5 km",
        "location_status": "OUTSIDE HGU"
      }
    },
    {
      "type": "Feature",
      "geometry": {
        "type": "Point",
        "coordinates": [
          115.0672,
          -2.73685
        ]
      },
      "properties": {
        "confidence": "medium",
        "confidence_value": null,
        "sumber": "NASA-NOAA20",
        "date_hotspot": "Senin, 07 September 2026 13:10:00",
        "date_hotspot_ori": "2026-09-07T06:10:00.000000Z",
        "provinsi": null,
        "kabkota": "Hulu Sungai Selatan",
        "desa": "Muning Dalam",
        "hs_id": "2026-09-07T06:10:00.000000Z",
        "provinsi_id": 12,
        "long": 115.0672,
        "ori_sumber": null,
        "desa_id": null,
        "counter": 1,
        "confidence_level": "medium",
        "kawasan": "",
        "kecamatan": "Daha Selatan",
        "nama_provinsi": "Kalimantan Selatan",
        "pulau": "",
        "route_create": "https://opsroom.sipongidata.my.id/daops/laporan/groundcheck/create/form",
        "hotspot_date": "2026-09-07",
        "distance_hgu_km": 3.547,
        "zone": "3–5 km",
        "location_status": "OUTSIDE HGU"
      }
    },
    {
      "type": "Feature",
      "geometry": {
        "type": "Point",
        "coordinates": [
          115.05373,
          -2.81381
        ]
      },
      "properties": {
        "confidence": "medium",
        "confidence_value": null,
        "sumber": "NASA-NOAA20",
        "date_hotspot": "Selasa, 08 September 2026 12:53:00",
        "date_hotspot_ori": "2026-09-08T05:53:00.000000Z",
        "provinsi": null,
        "kabkota": "Tapin",
        "desa": "Sungai Rutas",
        "hs_id": "2026-09-08T05:53:00.000000Z",
        "provinsi_id": 12,
        "long": 115.05373,
        "ori_sumber": null,
        "desa_id": null,
        "counter": 1,
        "confidence_level": "medium",
        "kawasan": "",
        "kecamatan": "Candi Laras Selatan",
        "nama_provinsi": "Kalimantan Selatan",
        "pulau": "",
        "route_create": "https://opsroom.sipongidata.my.id/daops/laporan/groundcheck/create/form",
        "hotspot_date": "2026-09-08",
        "distance_hgu_km": 2.159,
        "zone": "1–3 km",
        "location_status": "OUTSIDE HGU"
      }
    },
    {
      "type": "Feature",
      "geometry": {
        "type": "Point",
        "coordinates": [
          115.18181,
          -2.74103
        ]
      },
      "properties": {
        "confidence": "medium",
        "confidence_value": null,
        "sumber": "NASA-SNPP",
        "date_hotspot": "Kamis, 10 September 2026 13:35:00",
        "date_hotspot_ori": "2026-09-10T06:35:00.000000Z",
        "provinsi": null,
        "kabkota": "Hulu Sungai Selatan",
        "desa": "Pantai Ulin",
        "hs_id": "2026-09-10T06:35:00.000000Z",
        "provinsi_id": 12,
        "long": 115.18181,
        "ori_sumber": null,
        "desa_id": null,
        "counter": 1,
        "confidence_level": "medium",
        "kawasan": "",
        "kecamatan": "Simpur",
        "nama_provinsi": "Kalimantan Selatan",
        "pulau": "",
        "route_create": "https://opsroom.sipongidata.my.id/daops/laporan/groundcheck/create/form",
        "hotspot_date": "2026-09-10",
        "distance_hgu_km": 0.012,
        "zone": "0–1 km",
        "location_status": "OUTSIDE HGU"
      }
    },
    {
      "type": "Feature",
      "geometry": {
        "type": "Point",
        "coordinates": [
          115.10799,
          -2.78975
        ]
      },
      "properties": {
        "confidence": "medium",
        "confidence_value": null,
        "sumber": "NASA-SNPP",
        "date_hotspot": "Jumat, 11 September 2026 13:16:00",
        "date_hotspot_ori": "2026-09-11T06:16:00.000000Z",
        "provinsi": null,
        "kabkota": "Hulu Sungai Selatan",
        "desa": "Bago Tanggul",
        "hs_id": "2026-09-11T06:16:00.000000Z",
        "provinsi_id": 12,
        "long": 115.10799,
        "ori_sumber": null,
        "desa_id": null,
        "counter": 1,
        "confidence_level": "medium",
        "kawasan": "",
        "kecamatan": "Kalumpang",
        "nama_provinsi": "Kalimantan Selatan",
        "pulau": "",
        "route_create": "https://opsroom.sipongidata.my.id/daops/laporan/groundcheck/create/form",
        "hotspot_date": "2026-09-11",
        "distance_hgu_km": 0.0,
        "zone": "Inside HGU",
        "location_status": "INSIDE HGU"
      }
    },
    {
      "type": "Feature",
      "geometry": {
        "type": "Point",
        "coordinates": [
          115.06419,
          -2.80906
        ]
      },
      "properties": {
        "confidence": "medium",
        "confidence_value": null,
        "sumber": "NASA-SNPP",
        "date_hotspot": "Jumat, 11 September 2026 13:16:00",
        "date_hotspot_ori": "2026-09-11T06:16:00.000000Z",
        "provinsi": null,
        "kabkota": "Tapin",
        "desa": "Sungai Rutas",
        "hs_id": "2026-09-11T06:16:00.000000Z",
        "provinsi_id": 12,
        "long": 115.06419,
        "ori_sumber": null,
        "desa_id": null,
        "counter": 1,
        "confidence_level": "medium",
        "kawasan": "",
        "kecamatan": "Candi Laras Selatan",
        "nama_provinsi": "Kalimantan Selatan",
        "pulau": "",
        "route_create": "https://opsroom.sipongidata.my.id/daops/laporan/groundcheck/create/form",
        "hotspot_date": "2026-09-11",
        "distance_hgu_km": 0.99,
        "zone": "0–1 km",
        "location_status": "OUTSIDE HGU"
      }
    },
    {
      "type": "Feature",
      "geometry": {
        "type": "Point",
        "coordinates": [
          115.105,
          -2.87167
        ]
      },
      "properties": {
        "confidence": "medium",
        "confidence_value": null,
        "sumber": "NASA-SNPP",
        "date_hotspot": "Jumat, 11 September 2026 13:16:00",
        "date_hotspot_ori": "2026-09-11T06:16:00.000000Z",
        "provinsi": null,
        "kabkota": "Tapin",
        "desa": "Masta",
        "hs_id": "2026-09-11T06:16:00.000000Z",
        "provinsi_id": 12,
        "long": 115.105,
        "ori_sumber": null,
        "desa_id": null,
        "counter": 1,
        "confidence_level": "medium",
        "kawasan": "",
        "kecamatan": "Bakarangan",
        "nama_provinsi": "Kalimantan Selatan",
        "pulau": "",
        "route_create": "https://opsroom.sipongidata.my.id/daops/laporan/groundcheck/create/form",
        "hotspot_date": "2026-09-11",
        "distance_hgu_km": 3.909,
        "zone": "3–5 km",
        "location_status": "OUTSIDE HGU"
      }
    },
    {
      "type": "Feature",
      "geometry": {
        "type": "Point",
        "coordinates": [
          115.09993,
          -2.87247
        ]
      },
      "properties": {
        "confidence": "medium",
        "confidence_value": null,
        "sumber": "NASA-SNPP",
        "date_hotspot": "Jumat, 11 September 2026 13:16:00",
        "date_hotspot_ori": "2026-09-11T06:16:00.000000Z",
        "provinsi": null,
        "kabkota": "Tapin",
        "desa": "Masta",
        "hs_id": "2026-09-11T06:16:00.000000Z",
        "provinsi_id": 12,
        "long": 115.09993,
        "ori_sumber": null,
        "desa_id": null,
        "counter": 1,
        "confidence_level": "medium",
        "kawasan": "",
        "kecamatan": "Bakarangan",
        "nama_provinsi": "Kalimantan Selatan",
        "pulau": "",
        "route_create": "https://opsroom.sipongidata.my.id/daops/laporan/groundcheck/create/form",
        "hotspot_date": "2026-09-11",
        "distance_hgu_km": 4.033,
        "zone": "3–5 km",
        "location_status": "OUTSIDE HGU"
      }
    },
    {
      "type": "Feature",
      "geometry": {
        "type": "Point",
        "coordinates": [
          115.118,
          -2.80635
        ]
      },
      "properties": {
        "confidence": "medium",
        "confidence_value": null,
        "sumber": "NASA-SNPP",
        "date_hotspot": "Jumat, 11 September 2026 13:16:00",
        "date_hotspot_ori": "2026-09-11T06:16:00.000000Z",
        "provinsi": null,
        "kabkota": "Hulu Sungai Selatan",
        "desa": "Balimau",
        "hs_id": "2026-09-11T06:16:00.000000Z",
        "provinsi_id": 12,
        "long": 115.118,
        "ori_sumber": null,
        "desa_id": null,
        "counter": 1,
        "confidence_level": "medium",
        "kawasan": "",
        "kecamatan": "Kalumpang",
        "nama_provinsi": "Kalimantan Selatan",
        "pulau": "",
        "route_create": "https://opsroom.sipongidata.my.id/daops/laporan/groundcheck/create/form",
        "hotspot_date": "2026-09-11",
        "distance_hgu_km": 0.0,
        "zone": "Inside HGU",
        "location_status": "INSIDE HGU"
      }
    },
    {
      "type": "Feature",
      "geometry": {
        "type": "Point",
        "coordinates": [
          115.06149,
          -2.81101
        ]
      },
      "properties": {
        "confidence": "medium",
        "confidence_value": null,
        "sumber": "NASA-SNPP",
        "date_hotspot": "Jumat, 11 September 2026 13:16:00",
        "date_hotspot_ori": "2026-09-11T06:16:00.000000Z",
        "provinsi": null,
        "kabkota": "Tapin",
        "desa": "Sungai Rutas",
        "hs_id": "2026-09-11T06:16:00.000000Z",
        "provinsi_id": 12,
        "long": 115.06149,
        "ori_sumber": null,
        "desa_id": null,
        "counter": 1,
        "confidence_level": "medium",
        "kawasan": "",
        "kecamatan": "Candi Laras Selatan",
        "nama_provinsi": "Kalimantan Selatan",
        "pulau": "",
        "route_create": "https://opsroom.sipongidata.my.id/daops/laporan/groundcheck/create/form",
        "hotspot_date": "2026-09-11",
        "distance_hgu_km": 1.277,
        "zone": "1–3 km",
        "location_status": "OUTSIDE HGU"
      }
    },
    {
      "type": "Feature",
      "geometry": {
        "type": "Point",
        "coordinates": [
          115.0673,
          -2.78167
        ]
      },
      "properties": {
        "confidence": "medium",
        "confidence_value": null,
        "sumber": "NASA-SNPP",
        "date_hotspot": "Jumat, 11 September 2026 13:16:00",
        "date_hotspot_ori": "2026-09-11T06:16:00.000000Z",
        "provinsi": null,
        "kabkota": "Hulu Sungai Selatan",
        "desa": "Muning Dalam",
        "hs_id": "2026-09-11T06:16:00.000000Z",
        "provinsi_id": 12,
        "long": 115.0673,
        "ori_sumber": null,
        "desa_id": null,
        "counter": 1,
        "confidence_level": "medium",
        "kawasan": "",
        "kecamatan": "Daha Selatan",
        "nama_provinsi": "Kalimantan Selatan",
        "pulau": "",
        "route_create": "https://opsroom.sipongidata.my.id/daops/laporan/groundcheck/create/form",
        "hotspot_date": "2026-09-11",
        "distance_hgu_km": 0.694,
        "zone": "0–1 km",
        "location_status": "OUTSIDE HGU"
      }
    },
    {
      "type": "Feature",
      "geometry": {
        "type": "Point",
        "coordinates": [
          115.1797,
          -2.7641
        ]
      },
      "properties": {
        "confidence": "medium",
        "confidence_value": null,
        "sumber": "NASA-SNPP",
        "date_hotspot": "Jumat, 11 September 2026 13:16:00",
        "date_hotspot_ori": "2026-09-11T06:16:00.000000Z",
        "provinsi": null,
        "kabkota": "Hulu Sungai Selatan",
        "desa": "Panjampang Bahagia",
        "hs_id": "2026-09-11T06:16:00.000000Z",
        "provinsi_id": 12,
        "long": 115.1797,
        "ori_sumber": null,
        "desa_id": null,
        "counter": 1,
        "confidence_level": "medium",
        "kawasan": "",
        "kecamatan": "Simpur",
        "nama_provinsi": "Kalimantan Selatan",
        "pulau": "",
        "route_create": "https://opsroom.sipongidata.my.id/daops/laporan/groundcheck/create/form",
        "hotspot_date": "2026-09-11",
        "distance_hgu_km": 0.0,
        "zone": "Inside HGU",
        "location_status": "INSIDE HGU"
      }
    },
    {
      "type": "Feature",
      "geometry": {
        "type": "Point",
        "coordinates": [
          115.16302,
          -2.75853
        ]
      },
      "properties": {
        "confidence": "medium",
        "confidence_value": null,
        "sumber": "NASA-SNPP",
        "date_hotspot": "Jumat, 11 September 2026 13:16:00",
        "date_hotspot_ori": "2026-09-11T06:16:00.000000Z",
        "provinsi": null,
        "kabkota": "Hulu Sungai Selatan",
        "desa": "Amparaya",
        "hs_id": "2026-09-11T06:16:00.000000Z",
        "provinsi_id": 12,
        "long": 115.16302,
        "ori_sumber": null,
        "desa_id": null,
        "counter": 1,
        "confidence_level": "medium",
        "kawasan": "",
        "kecamatan": "Simpur",
        "nama_provinsi": "Kalimantan Selatan",
        "pulau": "",
        "route_create": "https://opsroom.sipongidata.my.id/daops/laporan/groundcheck/create/form",
        "hotspot_date": "2026-09-11",
        "distance_hgu_km": 0.0,
        "zone": "Inside HGU",
        "location_status": "INSIDE HGU"
      }
    },
    {
      "type": "Feature",
      "geometry": {
        "type": "Point",
        "coordinates": [
          115.10715,
          -2.68816
        ]
      },
      "properties": {
        "confidence": "medium",
        "confidence_value": null,
        "sumber": "NASA-SNPP",
        "date_hotspot": "Jumat, 11 September 2026 13:16:00",
        "date_hotspot_ori": "2026-09-11T06:16:00.000000Z",
        "provinsi": null,
        "kabkota": "Hulu Sungai Selatan",
        "desa": "Muning Tengah",
        "hs_id": "2026-09-11T06:16:00.000000Z",
        "provinsi_id": 12,
        "long": 115.10715,
        "ori_sumber": null,
        "desa_id": null,
        "counter": 1,
        "confidence_level": "medium",
        "kawasan": "",
        "kecamatan": "Daha Selatan",
        "nama_provinsi": "Kalimantan Selatan",
        "pulau": "",
        "route_create": "https://opsroom.sipongidata.my.id/daops/laporan/groundcheck/create/form",
        "hotspot_date": "2026-09-11",
        "distance_hgu_km": 4.869,
        "zone": "3–5 km",
        "location_status": "OUTSIDE HGU"
      }
    },
    {
      "type": "Feature",
      "geometry": {
        "type": "Point",
        "coordinates": [
          115.14014,
          -2.71774
        ]
      },
      "properties": {
        "confidence": "medium",
        "confidence_value": null,
        "sumber": "NASA-NOAA20",
        "date_hotspot": "Jumat, 11 September 2026 13:35:00",
        "date_hotspot_ori": "2026-09-11T06:35:00.000000Z",
        "provinsi": null,
        "kabkota": "Hulu Sungai Selatan",
        "desa": "Amparaya",
        "hs_id": "2026-09-11T06:35:00.000000Z",
        "provinsi_id": 12,
        "long": 115.14014,
        "ori_sumber": null,
        "desa_id": null,
        "counter": 1,
        "confidence_level": "medium",
        "kawasan": "",
        "kecamatan": "Simpur",
        "nama_provinsi": "Kalimantan Selatan",
        "pulau": "",
        "route_create": "https://opsroom.sipongidata.my.id/daops/laporan/groundcheck/create/form",
        "hotspot_date": "2026-09-11",
        "distance_hgu_km": 0.983,
        "zone": "0–1 km",
        "location_status": "OUTSIDE HGU"
      }
    },
    {
      "type": "Feature",
      "geometry": {
        "type": "Point",
        "coordinates": [
          115.11956,
          -2.73998
        ]
      },
      "properties": {
        "confidence": "medium",
        "confidence_value": null,
        "sumber": "NASA-NOAA20",
        "date_hotspot": "Jumat, 11 September 2026 13:35:00",
        "date_hotspot_ori": "2026-09-11T06:35:00.000000Z",
        "provinsi": null,
        "kabkota": "Hulu Sungai Selatan",
        "desa": "Balanti",
        "hs_id": "2026-09-11T06:35:00.000000Z",
        "provinsi_id": 12,
        "long": 115.11956,
        "ori_sumber": null,
        "desa_id": null,
        "counter": 1,
        "confidence_level": "medium",
        "kawasan": "",
        "kecamatan": "Kalumpang",
        "nama_provinsi": "Kalimantan Selatan",
        "pulau": "",
        "route_create": "https://opsroom.sipongidata.my.id/daops/laporan/groundcheck/create/form",
        "hotspot_date": "2026-09-11",
        "distance_hgu_km": 0.0,
        "zone": "Inside HGU",
        "location_status": "INSIDE HGU"
      }
    },
    {
      "type": "Feature",
      "geometry": {
        "type": "Point",
        "coordinates": [
          115.11761,
          -2.72772
        ]
      },
      "properties": {
        "confidence": "medium",
        "confidence_value": null,
        "sumber": "NASA-NOAA20",
        "date_hotspot": "Jumat, 11 September 2026 13:35:00",
        "date_hotspot_ori": "2026-09-11T06:35:00.000000Z",
        "provinsi": null,
        "kabkota": "Hulu Sungai Selatan",
        "desa": "Muning Baru",
        "hs_id": "2026-09-11T06:35:00.000000Z",
        "provinsi_id": 12,
        "long": 115.11761,
        "ori_sumber": null,
        "desa_id": null,
        "counter": 1,
        "confidence_level": "medium",
        "kawasan": "",
        "kecamatan": "Daha Selatan",
        "nama_provinsi": "Kalimantan Selatan",
        "pulau": "",
        "route_create": "https://opsroom.sipongidata.my.id/daops/laporan/groundcheck/create/form",
        "hotspot_date": "2026-09-11",
        "distance_hgu_km": 0.971,
        "zone": "0–1 km",
        "location_status": "OUTSIDE HGU"
      }
    },
    {
      "type": "Feature",
      "geometry": {
        "type": "Point",
        "coordinates": [
          115.13544,
          -2.71851
        ]
      },
      "properties": {
        "confidence": "medium",
        "confidence_value": null,
        "sumber": "NASA-NOAA20",
        "date_hotspot": "Jumat, 11 September 2026 13:35:00",
        "date_hotspot_ori": "2026-09-11T06:35:00.000000Z",
        "provinsi": null,
        "kabkota": "Hulu Sungai Selatan",
        "desa": "Garunggang",
        "hs_id": "2026-09-11T06:35:00.000000Z",
        "provinsi_id": 12,
        "long": 115.13544,
        "ori_sumber": null,
        "desa_id": null,
        "counter": 1,
        "confidence_level": "medium",
        "kawasan": "",
        "kecamatan": "Simpur",
        "nama_provinsi": "Kalimantan Selatan",
        "pulau": "",
        "route_create": "https://opsroom.sipongidata.my.id/daops/laporan/groundcheck/create/form",
        "hotspot_date": "2026-09-11",
        "distance_hgu_km": 0.596,
        "zone": "0–1 km",
        "location_status": "OUTSIDE HGU"
      }
    },
    {
      "type": "Feature",
      "geometry": {
        "type": "Point",
        "coordinates": [
          115.16347,
          -2.73239
        ]
      },
      "properties": {
        "confidence": "medium",
        "confidence_value": null,
        "sumber": "NASA-NOAA20",
        "date_hotspot": "Jumat, 11 September 2026 13:35:00",
        "date_hotspot_ori": "2026-09-11T06:35:00.000000Z",
        "provinsi": null,
        "kabkota": "Hulu Sungai Selatan",
        "desa": "Pantai Ulin",
        "hs_id": "2026-09-11T06:35:00.000000Z",
        "provinsi_id": 12,
        "long": 115.16347,
        "ori_sumber": null,
        "desa_id": null,
        "counter": 1,
        "confidence_level": "medium",
        "kawasan": "",
        "kecamatan": "Simpur",
        "nama_provinsi": "Kalimantan Selatan",
        "pulau": "",
        "route_create": "https://opsroom.sipongidata.my.id/daops/laporan/groundcheck/create/form",
        "hotspot_date": "2026-09-11",
        "distance_hgu_km": 0.0,
        "zone": "Inside HGU",
        "location_status": "INSIDE HGU"
      }
    },
    {
      "type": "Feature",
      "geometry": {
        "type": "Point",
        "coordinates": [
          115.12117,
          -2.73959
        ]
      },
      "properties": {
        "confidence": "medium",
        "confidence_value": null,
        "sumber": "NASA-NOAA20",
        "date_hotspot": "Jumat, 11 September 2026 13:35:00",
        "date_hotspot_ori": "2026-09-11T06:35:00.000000Z",
        "provinsi": null,
        "kabkota": "Hulu Sungai Selatan",
        "desa": "Balanti",
        "hs_id": "2026-09-11T06:35:00.000000Z",
        "provinsi_id": 12,
        "long": 115.12117,
        "ori_sumber": null,
        "desa_id": null,
        "counter": 1,
        "confidence_level": "medium",
        "kawasan": "",
        "kecamatan": "Kalumpang",
        "nama_provinsi": "Kalimantan Selatan",
        "pulau": "",
        "route_create": "https://opsroom.sipongidata.my.id/daops/laporan/groundcheck/create/form",
        "hotspot_date": "2026-09-11",
        "distance_hgu_km": 0.0,
        "zone": "Inside HGU",
        "location_status": "INSIDE HGU"
      }
    },
    {
      "type": "Feature",
      "geometry": {
        "type": "Point",
        "coordinates": [
          115.15875,
          -2.73319
        ]
      },
      "properties": {
        "confidence": "medium",
        "confidence_value": null,
        "sumber": "NASA-NOAA20",
        "date_hotspot": "Jumat, 11 September 2026 13:35:00",
        "date_hotspot_ori": "2026-09-11T06:35:00.000000Z",
        "provinsi": null,
        "kabkota": "Hulu Sungai Selatan",
        "desa": "Pantai Ulin",
        "hs_id": "2026-09-11T06:35:00.000000Z",
        "provinsi_id": 12,
        "long": 115.15875,
        "ori_sumber": null,
        "desa_id": null,
        "counter": 1,
        "confidence_level": "medium",
        "kawasan": "",
        "kecamatan": "Simpur",
        "nama_provinsi": "Kalimantan Selatan",
        "pulau": "",
        "route_create": "https://opsroom.sipongidata.my.id/daops/laporan/groundcheck/create/form",
        "hotspot_date": "2026-09-11",
        "distance_hgu_km": 0.0,
        "zone": "Inside HGU",
        "location_status": "INSIDE HGU"
      }
    },
    {
      "type": "Feature",
      "geometry": {
        "type": "Point",
        "coordinates": [
          115.12231,
          -2.72695
        ]
      },
      "properties": {
        "confidence": "medium",
        "confidence_value": null,
        "sumber": "NASA-NOAA20",
        "date_hotspot": "Jumat, 11 September 2026 13:35:00",
        "date_hotspot_ori": "2026-09-11T06:35:00.000000Z",
        "provinsi": null,
        "kabkota": "Hulu Sungai Selatan",
        "desa": "Muning Baru",
        "hs_id": "2026-09-11T06:35:00.000000Z",
        "provinsi_id": 12,
        "long": 115.12231,
        "ori_sumber": null,
        "desa_id": null,
        "counter": 1,
        "confidence_level": "medium",
        "kawasan": "",
        "kecamatan": "Daha Selatan",
        "nama_provinsi": "Kalimantan Selatan",
        "pulau": "",
        "route_create": "https://opsroom.sipongidata.my.id/daops/laporan/groundcheck/create/form",
        "hotspot_date": "2026-09-11",
        "distance_hgu_km": 0.684,
        "zone": "0–1 km",
        "location_status": "OUTSIDE HGU"
      }
    },
    {
      "type": "Feature",
      "geometry": {
        "type": "Point",
        "coordinates": [
          115.12148,
          -2.87722
        ]
      },
      "properties": {
        "confidence": "medium",
        "confidence_value": null,
        "sumber": "NASA-SNPP",
        "date_hotspot": "Jumat, 11 September 2026 13:16:00",
        "date_hotspot_ori": "2026-09-11T06:16:00.000000Z",
        "provinsi": null,
        "kabkota": "Tapin",
        "desa": "Bundung",
        "hs_id": "2026-09-11T06:16:00.000000Z",
        "provinsi_id": 12,
        "long": 115.12148,
        "ori_sumber": null,
        "desa_id": null,
        "counter": 1,
        "confidence_level": "medium",
        "kawasan": "",
        "kecamatan": "Bakarangan",
        "nama_provinsi": "Kalimantan Selatan",
        "pulau": "",
        "route_create": "https://opsroom.sipongidata.my.id/daops/laporan/groundcheck/create/form",
        "hotspot_date": "2026-09-11",
        "distance_hgu_km": 4.794,
        "zone": "3–5 km",
        "location_status": "OUTSIDE HGU"
      }
    },
    {
      "type": "Feature",
      "geometry": {
        "type": "Point",
        "coordinates": [
          115.11614,
          -2.80881
        ]
      },
      "properties": {
        "confidence": "medium",
        "confidence_value": null,
        "sumber": "NASA-SNPP",
        "date_hotspot": "Jumat, 11 September 2026 13:16:00",
        "date_hotspot_ori": "2026-09-11T06:16:00.000000Z",
        "provinsi": null,
        "kabkota": "Hulu Sungai Selatan",
        "desa": "Balimau",
        "hs_id": "2026-09-11T06:16:00.000000Z",
        "provinsi_id": 12,
        "long": 115.11614,
        "ori_sumber": null,
        "desa_id": null,
        "counter": 1,
        "confidence_level": "medium",
        "kawasan": "",
        "kecamatan": "Kalumpang",
        "nama_provinsi": "Kalimantan Selatan",
        "pulau": "",
        "route_create": "https://opsroom.sipongidata.my.id/daops/laporan/groundcheck/create/form",
        "hotspot_date": "2026-09-11",
        "distance_hgu_km": 0.0,
        "zone": "Inside HGU",
        "location_status": "INSIDE HGU"
      }
    },
    {
      "type": "Feature",
      "geometry": {
        "type": "Point",
        "coordinates": [
          115.11771,
          -2.73708
        ]
      },
      "properties": {
        "confidence": "medium",
        "confidence_value": null,
        "sumber": "NASA-SNPP",
        "date_hotspot": "Jumat, 11 September 2026 13:16:00",
        "date_hotspot_ori": "2026-09-11T06:16:00.000000Z",
        "provinsi": null,
        "kabkota": "Hulu Sungai Selatan",
        "desa": "Muning Dalam",
        "hs_id": "2026-09-11T06:16:00.000000Z",
        "provinsi_id": 12,
        "long": 115.11771,
        "ori_sumber": null,
        "desa_id": null,
        "counter": 1,
        "confidence_level": "medium",
        "kawasan": "",
        "kecamatan": "Daha Selatan",
        "nama_provinsi": "Kalimantan Selatan",
        "pulau": "",
        "route_create": "https://opsroom.sipongidata.my.id/daops/laporan/groundcheck/create/form",
        "hotspot_date": "2026-09-11",
        "distance_hgu_km": 0.163,
        "zone": "0–1 km",
        "location_status": "OUTSIDE HGU"
      }
    },
    {
      "type": "Feature",
      "geometry": {
        "type": "Point",
        "coordinates": [
          115.13509,
          -2.7139
        ]
      },
      "properties": {
        "confidence": "medium",
        "confidence_value": null,
        "sumber": "NASA-SNPP",
        "date_hotspot": "Jumat, 11 September 2026 13:16:00",
        "date_hotspot_ori": "2026-09-11T06:16:00.000000Z",
        "provinsi": null,
        "kabkota": "Hulu Sungai Selatan",
        "desa": "Muning Baru",
        "hs_id": "2026-09-11T06:16:00.000000Z",
        "provinsi_id": 12,
        "long": 115.13509,
        "ori_sumber": null,
        "desa_id": null,
        "counter": 1,
        "confidence_level": "medium",
        "kawasan": "",
        "kecamatan": "Daha Selatan",
        "nama_provinsi": "Kalimantan Selatan",
        "pulau": "",
        "route_create": "https://opsroom.sipongidata.my.id/daops/laporan/groundcheck/create/form",
        "hotspot_date": "2026-09-11",
        "distance_hgu_km": 1.075,
        "zone": "1–3 km",
        "location_status": "OUTSIDE HGU"
      }
    },
    {
      "type": "Feature",
      "geometry": {
        "type": "Point",
        "coordinates": [
          115.10624,
          -2.87962
        ]
      },
      "properties": {
        "confidence": "medium",
        "confidence_value": null,
        "sumber": "NASA-SNPP",
        "date_hotspot": "Jumat, 11 September 2026 13:16:00",
        "date_hotspot_ori": "2026-09-11T06:16:00.000000Z",
        "provinsi": null,
        "kabkota": "Tapin",
        "desa": "Masta",
        "hs_id": "2026-09-11T06:16:00.000000Z",
        "provinsi_id": 12,
        "long": 115.10624,
        "ori_sumber": null,
        "desa_id": null,
        "counter": 1,
        "confidence_level": "medium",
        "kawasan": "",
        "kecamatan": "Bakarangan",
        "nama_provinsi": "Kalimantan Selatan",
        "pulau": "",
        "route_create": "https://opsroom.sipongidata.my.id/daops/laporan/groundcheck/create/form",
        "hotspot_date": "2026-09-11",
        "distance_hgu_km": 4.782,
        "zone": "3–5 km",
        "location_status": "OUTSIDE HGU"
      }
    },
    {
      "type": "Feature",
      "geometry": {
        "type": "Point",
        "coordinates": [
          115.19218,
          -2.72364
        ]
      },
      "properties": {
        "confidence": "medium",
        "confidence_value": null,
        "sumber": "NASA-SNPP",
        "date_hotspot": "Sabtu, 12 September 2026 00:17:00",
        "date_hotspot_ori": "2026-09-11T17:17:00.000000Z",
        "provinsi": null,
        "kabkota": "Hulu Sungai Selatan",
        "desa": "Lungau",
        "hs_id": "2026-09-11T17:17:00.000000Z",
        "provinsi_id": 12,
        "long": 115.19218,
        "ori_sumber": null,
        "desa_id": null,
        "counter": 1,
        "confidence_level": "medium",
        "kawasan": "",
        "kecamatan": "Kandangan",
        "nama_provinsi": "Kalimantan Selatan",
        "pulau": "",
        "route_create": "https://opsroom.sipongidata.my.id/daops/laporan/groundcheck/create/form",
        "hotspot_date": "2026-09-12",
        "distance_hgu_km": 0.163,
        "zone": "0–1 km",
        "location_status": "OUTSIDE HGU"
      }
    },
    {
      "type": "Feature",
      "geometry": {
        "type": "Point",
        "coordinates": [
          115.08286,
          -2.87724
        ]
      },
      "properties": {
        "confidence": "medium",
        "confidence_value": null,
        "sumber": "NASA-NOAA20",
        "date_hotspot": "Minggu, 20 September 2026 12:27:00",
        "date_hotspot_ori": "2026-09-20T05:27:00.000000Z",
        "provinsi": null,
        "kabkota": "Tapin",
        "desa": "Hiyung",
        "hs_id": "2026-09-20T05:27:00.000000Z",
        "provinsi_id": 12,
        "long": 115.08286,
        "ori_sumber": null,
        "desa_id": null,
        "counter": 1,
        "confidence_level": "medium",
        "kawasan": "",
        "kecamatan": "Tapin Tengah",
        "nama_provinsi": "Kalimantan Selatan",
        "pulau": "",
        "route_create": "https://opsroom.sipongidata.my.id/daops/laporan/groundcheck/create/form",
        "hotspot_date": "2026-09-20",
        "distance_hgu_km": 4.22,
        "zone": "3–5 km",
        "location_status": "OUTSIDE HGU"
      }
    },
    {
      "type": "Feature",
      "geometry": {
        "type": "Point",
        "coordinates": [
          115.19143,
          -2.76114
        ]
      },
      "properties": {
        "confidence": "medium",
        "confidence_value": null,
        "sumber": "NASA-NOAA20",
        "date_hotspot": "Minggu, 20 September 2026 12:27:00",
        "date_hotspot_ori": "2026-09-20T05:27:00.000000Z",
        "provinsi": null,
        "kabkota": "Hulu Sungai Selatan",
        "desa": "Pantai Ulin",
        "hs_id": "2026-09-20T05:27:00.000000Z",
        "provinsi_id": 12,
        "long": 115.19143,
        "ori_sumber": null,
        "desa_id": null,
        "counter": 1,
        "confidence_level": "medium",
        "kawasan": "",
        "kecamatan": "Simpur",
        "nama_provinsi": "Kalimantan Selatan",
        "pulau": "",
        "route_create": "https://opsroom.sipongidata.my.id/daops/laporan/groundcheck/create/form",
        "hotspot_date": "2026-09-20",
        "distance_hgu_km": 0.205,
        "zone": "0–1 km",
        "location_status": "OUTSIDE HGU"
      }
    },
    {
      "type": "Feature",
      "geometry": {
        "type": "Point",
        "coordinates": [
          115.10042,
          -2.71597
        ]
      },
      "properties": {
        "confidence": "medium",
        "confidence_value": null,
        "sumber": "NASA-SNPP",
        "date_hotspot": "Sabtu, 12 September 2026 12:57:00",
        "date_hotspot_ori": "2026-09-12T05:57:00.000000Z",
        "provinsi": null,
        "kabkota": "Hulu Sungai Selatan",
        "desa": "Muning Dalam",
        "hs_id": "2026-09-12T05:57:00.000000Z",
        "provinsi_id": 12,
        "long": 115.10042,
        "ori_sumber": null,
        "desa_id": null,
        "counter": 1,
        "confidence_level": "medium",
        "kawasan": "",
        "kecamatan": "Daha Selatan",
        "nama_provinsi": "Kalimantan Selatan",
        "pulau": "",
        "route_create": "https://opsroom.sipongidata.my.id/daops/laporan/groundcheck/create/form",
        "hotspot_date": "2026-09-12",
        "distance_hgu_km": 3.184,
        "zone": "3–5 km",
        "location_status": "OUTSIDE HGU"
      }
    },
    {
      "type": "Feature",
      "geometry": {
        "type": "Point",
        "coordinates": [
          115.10381,
          -2.69166
        ]
      },
      "properties": {
        "confidence": "medium",
        "confidence_value": null,
        "sumber": "NASA-SNPP",
        "date_hotspot": "Sabtu, 12 September 2026 12:57:00",
        "date_hotspot_ori": "2026-09-12T05:57:00.000000Z",
        "provinsi": null,
        "kabkota": "Hulu Sungai Selatan",
        "desa": "Muning Tengah",
        "hs_id": "2026-09-12T05:57:00.000000Z",
        "provinsi_id": 12,
        "long": 115.10381,
        "ori_sumber": null,
        "desa_id": null,
        "counter": 2,
        "confidence_level": "medium",
        "kawasan": "",
        "kecamatan": "Daha Selatan",
        "nama_provinsi": "Kalimantan Selatan",
        "pulau": "",
        "route_create": "https://opsroom.sipongidata.my.id/daops/laporan/groundcheck/create/form",
        "hotspot_date": "2026-09-12",
        "distance_hgu_km": 4.81,
        "zone": "3–5 km",
        "location_status": "OUTSIDE HGU"
      }
    },
    {
      "type": "Feature",
      "geometry": {
        "type": "Point",
        "coordinates": [
          115.14722,
          -2.69862
        ]
      },
      "properties": {
        "confidence": "medium",
        "confidence_value": null,
        "sumber": "NASA-SNPP",
        "date_hotspot": "Sabtu, 12 September 2026 12:57:00",
        "date_hotspot_ori": "2026-09-12T05:57:00.000000Z",
        "provinsi": null,
        "kabkota": "Hulu Sungai Selatan",
        "desa": "Muning Baru",
        "hs_id": "2026-09-12T05:57:00.000000Z",
        "provinsi_id": 12,
        "long": 115.14722,
        "ori_sumber": null,
        "desa_id": null,
        "counter": 1,
        "confidence_level": "medium",
        "kawasan": "",
        "kecamatan": "Daha Selatan",
        "nama_provinsi": "Kalimantan Selatan",
        "pulau": "",
        "route_create": "https://opsroom.sipongidata.my.id/daops/laporan/groundcheck/create/form",
        "hotspot_date": "2026-09-12",
        "distance_hgu_km": 3.152,
        "zone": "3–5 km",
        "location_status": "OUTSIDE HGU"
      }
    },
    {
      "type": "Feature",
      "geometry": {
        "type": "Point",
        "coordinates": [
          115.06104,
          -2.73558
        ]
      },
      "properties": {
        "confidence": "medium",
        "confidence_value": null,
        "sumber": "NASA-SNPP",
        "date_hotspot": "Sabtu, 12 September 2026 12:57:00",
        "date_hotspot_ori": "2026-09-12T05:57:00.000000Z",
        "provinsi": null,
        "kabkota": "Hulu Sungai Selatan",
        "desa": "Bajayau Lama",
        "hs_id": "2026-09-12T05:57:00.000000Z",
        "provinsi_id": 12,
        "long": 115.06104,
        "ori_sumber": null,
        "desa_id": null,
        "counter": 1,
        "confidence_level": "medium",
        "kawasan": "",
        "kecamatan": "Daha Barat",
        "nama_provinsi": "Kalimantan Selatan",
        "pulau": "",
        "route_create": "https://opsroom.sipongidata.my.id/daops/laporan/groundcheck/create/form",
        "hotspot_date": "2026-09-12",
        "distance_hgu_km": 4.059,
        "zone": "3–5 km",
        "location_status": "OUTSIDE HGU"
      }
    },
    {
      "type": "Feature",
      "geometry": {
        "type": "Point",
        "coordinates": [
          115.22563,
          -2.70361
        ]
      },
      "properties": {
        "confidence": "medium",
        "confidence_value": null,
        "sumber": "NASA-SNPP",
        "date_hotspot": "Sabtu, 12 September 2026 12:57:00",
        "date_hotspot_ori": "2026-09-12T05:57:00.000000Z",
        "provinsi": null,
        "kabkota": "Hulu Sungai Selatan",
        "desa": "Sungai Kupang",
        "hs_id": "2026-09-12T05:57:00.000000Z",
        "provinsi_id": 12,
        "long": 115.22563,
        "ori_sumber": null,
        "desa_id": null,
        "counter": 2,
        "confidence_level": "medium",
        "kawasan": "",
        "kecamatan": "Kandangan",
        "nama_provinsi": "Kalimantan Selatan",
        "pulau": "",
        "route_create": "https://opsroom.sipongidata.my.id/daops/laporan/groundcheck/create/form",
        "hotspot_date": "2026-09-12",
        "distance_hgu_km": 4.389,
        "zone": "3–5 km",
        "location_status": "OUTSIDE HGU"
      }
    },
    {
      "type": "Feature",
      "geometry": {
        "type": "Point",
        "coordinates": [
          115.0345,
          -2.77022
        ]
      },
      "properties": {
        "confidence": "medium",
        "confidence_value": null,
        "sumber": "NASA-SNPP",
        "date_hotspot": "Sabtu, 12 September 2026 12:57:00",
        "date_hotspot_ori": "2026-09-12T05:57:00.000000Z",
        "provinsi": null,
        "kabkota": "Hulu Sungai Selatan",
        "desa": "Muning Dalam",
        "hs_id": "2026-09-12T05:57:00.000000Z",
        "provinsi_id": 12,
        "long": 115.0345,
        "ori_sumber": null,
        "desa_id": null,
        "counter": 1,
        "confidence_level": "medium",
        "kawasan": "",
        "kecamatan": "Daha Selatan",
        "nama_provinsi": "Kalimantan Selatan",
        "pulau": "",
        "route_create": "https://opsroom.sipongidata.my.id/daops/laporan/groundcheck/create/form",
        "hotspot_date": "2026-09-12",
        "distance_hgu_km": 4.398,
        "zone": "3–5 km",
        "location_status": "OUTSIDE HGU"
      }
    },
    {
      "type": "Feature",
      "geometry": {
        "type": "Point",
        "coordinates": [
          115.03794,
          -2.76969
        ]
      },
      "properties": {
        "confidence": "medium",
        "confidence_value": null,
        "sumber": "NASA-SNPP",
        "date_hotspot": "Sabtu, 12 September 2026 12:57:00",
        "date_hotspot_ori": "2026-09-12T05:57:00.000000Z",
        "provinsi": null,
        "kabkota": "Hulu Sungai Selatan",
        "desa": "Muning Dalam",
        "hs_id": "2026-09-12T05:57:00.000000Z",
        "provinsi_id": 12,
        "long": 115.03794,
        "ori_sumber": null,
        "desa_id": null,
        "counter": 1,
        "confidence_level": "medium",
        "kawasan": "",
        "kecamatan": "Daha Selatan",
        "nama_provinsi": "Kalimantan Selatan",
        "pulau": "",
        "route_create": "https://opsroom.sipongidata.my.id/daops/laporan/groundcheck/create/form",
        "hotspot_date": "2026-09-12",
        "distance_hgu_km": 4.021,
        "zone": "3–5 km",
        "location_status": "OUTSIDE HGU"
      }
    },
    {
      "type": "Feature",
      "geometry": {
        "type": "Point",
        "coordinates": [
          115.06167,
          -2.78646
        ]
      },
      "properties": {
        "confidence": "medium",
        "confidence_value": null,
        "sumber": "NASA-SNPP",
        "date_hotspot": "Sabtu, 12 September 2026 12:57:00",
        "date_hotspot_ori": "2026-09-12T05:57:00.000000Z",
        "provinsi": null,
        "kabkota": "Tapin",
        "desa": "Sungai Rutas",
        "hs_id": "2026-09-12T05:57:00.000000Z",
        "provinsi_id": 12,
        "long": 115.06167,
        "ori_sumber": null,
        "desa_id": null,
        "counter": 2,
        "confidence_level": "medium",
        "kawasan": "",
        "kecamatan": "Candi Laras Selatan",
        "nama_provinsi": "Kalimantan Selatan",
        "pulau": "",
        "route_create": "https://opsroom.sipongidata.my.id/daops/laporan/groundcheck/create/form",
        "hotspot_date": "2026-09-12",
        "distance_hgu_km": 1.367,
        "zone": "1–3 km",
        "location_status": "OUTSIDE HGU"
      }
    },
    {
      "type": "Feature",
      "geometry": {
        "type": "Point",
        "coordinates": [
          115.13,
          -2.81251
        ]
      },
      "properties": {
        "confidence": "medium",
        "confidence_value": null,
        "sumber": "NASA-SNPP",
        "date_hotspot": "Sabtu, 12 September 2026 12:57:00",
        "date_hotspot_ori": "2026-09-12T05:57:00.000000Z",
        "provinsi": null,
        "kabkota": "Hulu Sungai Selatan",
        "desa": "Bago Tanggul",
        "hs_id": "2026-09-12T05:57:00.000000Z",
        "provinsi_id": 12,
        "long": 115.13,
        "ori_sumber": null,
        "desa_id": null,
        "counter": 1,
        "confidence_level": "medium",
        "kawasan": "",
        "kecamatan": "Kalumpang",
        "nama_provinsi": "Kalimantan Selatan",
        "pulau": "",
        "route_create": "https://opsroom.sipongidata.my.id/daops/laporan/groundcheck/create/form",
        "hotspot_date": "2026-09-12",
        "distance_hgu_km": 0.064,
        "zone": "0–1 km",
        "location_status": "OUTSIDE HGU"
      }
    },
    {
      "type": "Feature",
      "geometry": {
        "type": "Point",
        "coordinates": [
          115.1986,
          -2.73493
        ]
      },
      "properties": {
        "confidence": "medium",
        "confidence_value": null,
        "sumber": "NASA-SNPP",
        "date_hotspot": "Sabtu, 12 September 2026 12:57:00",
        "date_hotspot_ori": "2026-09-12T05:57:00.000000Z",
        "provinsi": null,
        "kabkota": "Hulu Sungai Selatan",
        "desa": "Lungau",
        "hs_id": "2026-09-12T05:57:00.000000Z",
        "provinsi_id": 12,
        "long": 115.1986,
        "ori_sumber": null,
        "desa_id": null,
        "counter": 1,
        "confidence_level": "medium",
        "kawasan": "",
        "kecamatan": "Kandangan",
        "nama_provinsi": "Kalimantan Selatan",
        "pulau": "",
        "route_create": "https://opsroom.sipongidata.my.id/daops/laporan/groundcheck/create/form",
        "hotspot_date": "2026-09-12",
        "distance_hgu_km": 0.034,
        "zone": "0–1 km",
        "location_status": "OUTSIDE HGU"
      }
    },
    {
      "type": "Feature",
      "geometry": {
        "type": "Point",
        "coordinates": [
          115.11681,
          -2.8655
        ]
      },
      "properties": {
        "confidence": "medium",
        "confidence_value": null,
        "sumber": "NASA-SNPP",
        "date_hotspot": "Sabtu, 12 September 2026 12:57:00",
        "date_hotspot_ori": "2026-09-12T05:57:00.000000Z",
        "provinsi": null,
        "kabkota": "Tapin",
        "desa": "Masta",
        "hs_id": "2026-09-12T05:57:00.000000Z",
        "provinsi_id": 12,
        "long": 115.11681,
        "ori_sumber": null,
        "desa_id": null,
        "counter": 1,
        "confidence_level": "medium",
        "kawasan": "",
        "kecamatan": "Bakarangan",
        "nama_provinsi": "Kalimantan Selatan",
        "pulau": "",
        "route_create": "https://opsroom.sipongidata.my.id/daops/laporan/groundcheck/create/form",
        "hotspot_date": "2026-09-12",
        "distance_hgu_km": 3.399,
        "zone": "3–5 km",
        "location_status": "OUTSIDE HGU"
      }
    },
    {
      "type": "Feature",
      "geometry": {
        "type": "Point",
        "coordinates": [
          115.04918,
          -2.83846
        ]
      },
      "properties": {
        "confidence": "medium",
        "confidence_value": null,
        "sumber": "NASA-SNPP",
        "date_hotspot": "Sabtu, 12 September 2026 12:57:00",
        "date_hotspot_ori": "2026-09-12T05:57:00.000000Z",
        "provinsi": null,
        "kabkota": "Tapin",
        "desa": "Sungai Rutas",
        "hs_id": "2026-09-12T05:57:00.000000Z",
        "provinsi_id": 12,
        "long": 115.04918,
        "ori_sumber": null,
        "desa_id": null,
        "counter": 1,
        "confidence_level": "medium",
        "kawasan": "",
        "kecamatan": "Candi Laras Selatan",
        "nama_provinsi": "Kalimantan Selatan",
        "pulau": "",
        "route_create": "https://opsroom.sipongidata.my.id/daops/laporan/groundcheck/create/form",
        "hotspot_date": "2026-09-12",
        "distance_hgu_km": 3.132,
        "zone": "3–5 km",
        "location_status": "OUTSIDE HGU"
      }
    },
    {
      "type": "Feature",
      "geometry": {
        "type": "Point",
        "coordinates": [
          115.07485,
          -2.84473
        ]
      },
      "properties": {
        "confidence": "medium",
        "confidence_value": null,
        "sumber": "NASA-SNPP",
        "date_hotspot": "Sabtu, 12 September 2026 12:57:00",
        "date_hotspot_ori": "2026-09-12T05:57:00.000000Z",
        "provinsi": null,
        "kabkota": "Tapin",
        "desa": "Masta",
        "hs_id": "2026-09-12T05:57:00.000000Z",
        "provinsi_id": 12,
        "long": 115.07485,
        "ori_sumber": null,
        "desa_id": null,
        "counter": 1,
        "confidence_level": "medium",
        "kawasan": "",
        "kecamatan": "Bakarangan",
        "nama_provinsi": "Kalimantan Selatan",
        "pulau": "",
        "route_create": "https://opsroom.sipongidata.my.id/daops/laporan/groundcheck/create/form",
        "hotspot_date": "2026-09-12",
        "distance_hgu_km": 1.091,
        "zone": "1–3 km",
        "location_status": "OUTSIDE HGU"
      }
    },
    {
      "type": "Feature",
      "geometry": {
        "type": "Point",
        "coordinates": [
          115.06656,
          -2.77211
        ]
      },
      "properties": {
        "confidence": "medium",
        "confidence_value": null,
        "sumber": "NASA-SNPP",
        "date_hotspot": "Sabtu, 12 September 2026 12:57:00",
        "date_hotspot_ori": "2026-09-12T05:57:00.000000Z",
        "provinsi": null,
        "kabkota": "Hulu Sungai Selatan",
        "desa": "Muning Dalam",
        "hs_id": "2026-09-12T05:57:00.000000Z",
        "provinsi_id": 12,
        "long": 115.06656,
        "ori_sumber": null,
        "desa_id": null,
        "counter": 1,
        "confidence_level": "medium",
        "kawasan": "",
        "kecamatan": "Daha Selatan",
        "nama_provinsi": "Kalimantan Selatan",
        "pulau": "",
        "route_create": "https://opsroom.sipongidata.my.id/daops/laporan/groundcheck/create/form",
        "hotspot_date": "2026-09-12",
        "distance_hgu_km": 0.828,
        "zone": "0–1 km",
        "location_status": "OUTSIDE HGU"
      }
    },
    {
      "type": "Feature",
      "geometry": {
        "type": "Point",
        "coordinates": [
          115.05275,
          -2.77423
        ]
      },
      "properties": {
        "confidence": "medium",
        "confidence_value": null,
        "sumber": "NASA-SNPP",
        "date_hotspot": "Sabtu, 12 September 2026 12:57:00",
        "date_hotspot_ori": "2026-09-12T05:57:00.000000Z",
        "provinsi": null,
        "kabkota": "Hulu Sungai Selatan",
        "desa": "Muning Dalam",
        "hs_id": "2026-09-12T05:57:00.000000Z",
        "provinsi_id": 12,
        "long": 115.05275,
        "ori_sumber": null,
        "desa_id": null,
        "counter": 1,
        "confidence_level": "medium",
        "kawasan": "",
        "kecamatan": "Daha Selatan",
        "nama_provinsi": "Kalimantan Selatan",
        "pulau": "",
        "route_create": "https://opsroom.sipongidata.my.id/daops/laporan/groundcheck/create/form",
        "hotspot_date": "2026-09-12",
        "distance_hgu_km": 2.348,
        "zone": "1–3 km",
        "location_status": "OUTSIDE HGU"
      }
    },
    {
      "type": "Feature",
      "geometry": {
        "type": "Point",
        "coordinates": [
          115.06889,
          -2.77416
        ]
      },
      "properties": {
        "confidence": "medium",
        "confidence_value": null,
        "sumber": "NASA-NOAA20",
        "date_hotspot": "Sabtu, 12 September 2026 13:18:00",
        "date_hotspot_ori": "2026-09-12T06:18:00.000000Z",
        "provinsi": null,
        "kabkota": "Hulu Sungai Selatan",
        "desa": "Muning Dalam",
        "hs_id": "2026-09-12T06:18:00.000000Z",
        "provinsi_id": 12,
        "long": 115.06889,
        "ori_sumber": null,
        "desa_id": null,
        "counter": 1,
        "confidence_level": "medium",
        "kawasan": "",
        "kecamatan": "Daha Selatan",
        "nama_provinsi": "Kalimantan Selatan",
        "pulau": "",
        "route_create": "https://opsroom.sipongidata.my.id/daops/laporan/groundcheck/create/form",
        "hotspot_date": "2026-09-12",
        "distance_hgu_km": 0.556,
        "zone": "0–1 km",
        "location_status": "OUTSIDE HGU"
      }
    },
    {
      "type": "Feature",
      "geometry": {
        "type": "Point",
        "coordinates": [
          115.09612,
          -2.82124
        ]
      },
      "properties": {
        "confidence": "medium",
        "confidence_value": null,
        "sumber": "NASA-NOAA20",
        "date_hotspot": "Minggu, 20 September 2026 12:27:00",
        "date_hotspot_ori": "2026-09-20T05:27:00.000000Z",
        "provinsi": null,
        "kabkota": "Hulu Sungai Selatan",
        "desa": "Balimau",
        "hs_id": "2026-09-20T05:27:00.000000Z",
        "provinsi_id": 12,
        "long": 115.09612,
        "ori_sumber": null,
        "desa_id": null,
        "counter": 2,
        "confidence_level": "medium",
        "kawasan": "",
        "kecamatan": "Kalumpang",
        "nama_provinsi": "Kalimantan Selatan",
        "pulau": "",
        "route_create": "https://opsroom.sipongidata.my.id/daops/laporan/groundcheck/create/form",
        "hotspot_date": "2026-09-20",
        "distance_hgu_km": 0.0,
        "zone": "Inside HGU",
        "location_status": "INSIDE HGU"
      }
    },
    {
      "type": "Feature",
      "geometry": {
        "type": "Point",
        "coordinates": [
          115.13138,
          -2.85617
        ]
      },
      "properties": {
        "confidence": "medium",
        "confidence_value": null,
        "sumber": "NASA-NOAA20",
        "date_hotspot": "Minggu, 20 September 2026 12:27:00",
        "date_hotspot_ori": "2026-09-20T05:27:00.000000Z",
        "provinsi": null,
        "kabkota": "Tapin",
        "desa": "Masta",
        "hs_id": "2026-09-20T05:27:00.000000Z",
        "provinsi_id": 12,
        "long": 115.13138,
        "ori_sumber": null,
        "desa_id": null,
        "counter": 1,
        "confidence_level": "medium",
        "kawasan": "",
        "kecamatan": "Bakarangan",
        "nama_provinsi": "Kalimantan Selatan",
        "pulau": "",
        "route_create": "https://opsroom.sipongidata.my.id/daops/laporan/groundcheck/create/form",
        "hotspot_date": "2026-09-20",
        "distance_hgu_km": 3.365,
        "zone": "3–5 km",
        "location_status": "OUTSIDE HGU"
      }
    },
    {
      "type": "Feature",
      "geometry": {
        "type": "Point",
        "coordinates": [
          115.14013,
          -2.82809
        ]
      },
      "properties": {
        "confidence": "medium",
        "confidence_value": null,
        "sumber": "NASA-NOAA20",
        "date_hotspot": "Minggu, 20 September 2026 12:27:00",
        "date_hotspot_ori": "2026-09-20T05:27:00.000000Z",
        "provinsi": null,
        "kabkota": "Hulu Sungai Selatan",
        "desa": "Kalumpang",
        "hs_id": "2026-09-20T05:27:00.000000Z",
        "provinsi_id": 12,
        "long": 115.14013,
        "ori_sumber": null,
        "desa_id": null,
        "counter": 1,
        "confidence_level": "medium",
        "kawasan": "",
        "kecamatan": "Kalumpang",
        "nama_provinsi": "Kalimantan Selatan",
        "pulau": "",
        "route_create": "https://opsroom.sipongidata.my.id/daops/laporan/groundcheck/create/form",
        "hotspot_date": "2026-09-20",
        "distance_hgu_km": 2.09,
        "zone": "1–3 km",
        "location_status": "OUTSIDE HGU"
      }
    },
    {
      "type": "Feature",
      "geometry": {
        "type": "Point",
        "coordinates": [
          115.08875,
          -2.74921
        ]
      },
      "properties": {
        "confidence": "medium",
        "confidence_value": null,
        "sumber": "NASA-NOAA20",
        "date_hotspot": "Sabtu, 12 September 2026 13:18:00",
        "date_hotspot_ori": "2026-09-12T06:18:00.000000Z",
        "provinsi": null,
        "kabkota": "Hulu Sungai Selatan",
        "desa": "Muning Dalam",
        "hs_id": "2026-09-12T06:18:00.000000Z",
        "provinsi_id": 12,
        "long": 115.08875,
        "ori_sumber": null,
        "desa_id": null,
        "counter": 1,
        "confidence_level": "medium",
        "kawasan": "",
        "kecamatan": "Daha Selatan",
        "nama_provinsi": "Kalimantan Selatan",
        "pulau": "",
        "route_create": "https://opsroom.sipongidata.my.id/daops/laporan/groundcheck/create/form",
        "hotspot_date": "2026-09-12",
        "distance_hgu_km": 1.041,
        "zone": "1–3 km",
        "location_status": "OUTSIDE HGU"
      }
    },
    {
      "type": "Feature",
      "geometry": {
        "type": "Point",
        "coordinates": [
          115.12315,
          -2.73145
        ]
      },
      "properties": {
        "confidence": "medium",
        "confidence_value": null,
        "sumber": "NASA-NOAA20",
        "date_hotspot": "Minggu, 20 September 2026 12:27:00",
        "date_hotspot_ori": "2026-09-20T05:27:00.000000Z",
        "provinsi": null,
        "kabkota": "Hulu Sungai Selatan",
        "desa": "Muning Baru",
        "hs_id": "2026-09-20T05:27:00.000000Z",
        "provinsi_id": 12,
        "long": 115.12315,
        "ori_sumber": null,
        "desa_id": null,
        "counter": 1,
        "confidence_level": "medium",
        "kawasan": "",
        "kecamatan": "Daha Selatan",
        "nama_provinsi": "Kalimantan Selatan",
        "pulau": "",
        "route_create": "https://opsroom.sipongidata.my.id/daops/laporan/groundcheck/create/form",
        "hotspot_date": "2026-09-20",
        "distance_hgu_km": 0.252,
        "zone": "0–1 km",
        "location_status": "OUTSIDE HGU"
      }
    },
    {
      "type": "Feature",
      "geometry": {
        "type": "Point",
        "coordinates": [
          115.13058,
          -2.69471
        ]
      },
      "properties": {
        "confidence": "medium",
        "confidence_value": null,
        "sumber": "NASA-NOAA20",
        "date_hotspot": "Minggu, 20 September 2026 12:27:00",
        "date_hotspot_ori": "2026-09-20T05:27:00.000000Z",
        "provinsi": null,
        "kabkota": "Hulu Sungai Selatan",
        "desa": "Muning Baru",
        "hs_id": "2026-09-20T05:27:00.000000Z",
        "provinsi_id": 12,
        "long": 115.13058,
        "ori_sumber": null,
        "desa_id": null,
        "counter": 1,
        "confidence_level": "medium",
        "kawasan": "",
        "kecamatan": "Daha Selatan",
        "nama_provinsi": "Kalimantan Selatan",
        "pulau": "",
        "route_create": "https://opsroom.sipongidata.my.id/daops/laporan/groundcheck/create/form",
        "hotspot_date": "2026-09-20",
        "distance_hgu_km": 3.194,
        "zone": "3–5 km",
        "location_status": "OUTSIDE HGU"
      }
    },
    {
      "type": "Feature",
      "geometry": {
        "type": "Point",
        "coordinates": [
          115.09345,
          -2.70465
        ]
      },
      "properties": {
        "confidence": "medium",
        "confidence_value": null,
        "sumber": "NASA-NOAA20",
        "date_hotspot": "Minggu, 20 September 2026 12:27:00",
        "date_hotspot_ori": "2026-09-20T05:27:00.000000Z",
        "provinsi": null,
        "kabkota": "Hulu Sungai Selatan",
        "desa": "Muning Tengah",
        "hs_id": "2026-09-20T05:27:00.000000Z",
        "provinsi_id": 12,
        "long": 115.09345,
        "ori_sumber": null,
        "desa_id": null,
        "counter": 1,
        "confidence_level": "medium",
        "kawasan": "",
        "kecamatan": "Daha Selatan",
        "nama_provinsi": "Kalimantan Selatan",
        "pulau": "",
        "route_create": "https://opsroom.sipongidata.my.id/daops/laporan/groundcheck/create/form",
        "hotspot_date": "2026-09-20",
        "distance_hgu_km": 4.651,
        "zone": "3–5 km",
        "location_status": "OUTSIDE HGU"
      }
    },
    {
      "type": "Feature",
      "geometry": {
        "type": "Point",
        "coordinates": [
          115.18925,
          -2.68918
        ]
      },
      "properties": {
        "confidence": "medium",
        "confidence_value": null,
        "sumber": "NASA-SNPP",
        "date_hotspot": "Minggu, 20 September 2026 13:48:00",
        "date_hotspot_ori": "2026-09-20T06:48:00.000000Z",
        "provinsi": null,
        "kabkota": "Hulu Sungai Selatan",
        "desa": "Bangkau",
        "hs_id": "2026-09-20T06:48:00.000000Z",
        "provinsi_id": 12,
        "long": 115.18925,
        "ori_sumber": null,
        "desa_id": null,
        "counter": 1,
        "confidence_level": "medium",
        "kawasan": "",
        "kecamatan": "Kandangan",
        "nama_provinsi": "Kalimantan Selatan",
        "pulau": "",
        "route_create": "https://opsroom.sipongidata.my.id/daops/laporan/groundcheck/create/form",
        "hotspot_date": "2026-09-20",
        "distance_hgu_km": 3.346,
        "zone": "3–5 km",
        "location_status": "OUTSIDE HGU"
      }
    },
    {
      "type": "Feature",
      "geometry": {
        "type": "Point",
        "coordinates": [
          115.16573,
          -2.692
        ]
      },
      "properties": {
        "confidence": "medium",
        "confidence_value": null,
        "sumber": "NASA-NOAA20",
        "date_hotspot": "Sabtu, 03 Oktober 2026 13:25:00",
        "date_hotspot_ori": "2026-10-03T06:25:00.000000Z",
        "provinsi": null,
        "kabkota": "Hulu Sungai Selatan",
        "desa": "Muning Baru",
        "hs_id": "2026-10-03T06:25:00.000000Z",
        "provinsi_id": 12,
        "long": 115.16573,
        "ori_sumber": null,
        "desa_id": null,
        "counter": 1,
        "confidence_level": "medium",
        "kawasan": "",
        "kecamatan": "Daha Selatan",
        "nama_provinsi": "Kalimantan Selatan",
        "pulau": "",
        "route_create": "https://opsroom.sipongidata.my.id/daops/laporan/groundcheck/create/form",
        "hotspot_date": "2026-10-03",
        "distance_hgu_km": 3.697,
        "zone": "3–5 km",
        "location_status": "OUTSIDE HGU"
      }
    },
    {
      "type": "Feature",
      "geometry": {
        "type": "Point",
        "coordinates": [
          115.17821,
          -2.7726
        ]
      },
      "properties": {
        "confidence": "medium",
        "confidence_value": null,
        "sumber": "NASA-SNPP",
        "date_hotspot": "Minggu, 13 September 2026 12:40:00",
        "date_hotspot_ori": "2026-09-13T05:40:00.000000Z",
        "provinsi": null,
        "kabkota": "Hulu Sungai Selatan",
        "desa": "Panjampang Bahagia",
        "hs_id": "2026-09-13T05:40:00.000000Z",
        "provinsi_id": 12,
        "long": 115.17821,
        "ori_sumber": null,
        "desa_id": null,
        "counter": 1,
        "confidence_level": "medium",
        "kawasan": "",
        "kecamatan": "Simpur",
        "nama_provinsi": "Kalimantan Selatan",
        "pulau": "",
        "route_create": "https://opsroom.sipongidata.my.id/daops/laporan/groundcheck/create/form",
        "hotspot_date": "2026-09-13",
        "distance_hgu_km": 0.037,
        "zone": "0–1 km",
        "location_status": "OUTSIDE HGU"
      }
    },
    {
      "type": "Feature",
      "geometry": {
        "type": "Point",
        "coordinates": [
          115.16573,
          -2.6988
        ]
      },
      "properties": {
        "confidence": "medium",
        "confidence_value": null,
        "sumber": "NASA-SNPP",
        "date_hotspot": "Minggu, 13 September 2026 12:40:00",
        "date_hotspot_ori": "2026-09-13T05:40:00.000000Z",
        "provinsi": null,
        "kabkota": "Hulu Sungai Selatan",
        "desa": "Pantai Ulin",
        "hs_id": "2026-09-13T05:40:00.000000Z",
        "provinsi_id": 12,
        "long": 115.16573,
        "ori_sumber": null,
        "desa_id": null,
        "counter": 1,
        "confidence_level": "medium",
        "kawasan": "",
        "kecamatan": "Simpur",
        "nama_provinsi": "Kalimantan Selatan",
        "pulau": "",
        "route_create": "https://opsroom.sipongidata.my.id/daops/laporan/groundcheck/create/form",
        "hotspot_date": "2026-09-13",
        "distance_hgu_km": 2.989,
        "zone": "1–3 km",
        "location_status": "OUTSIDE HGU"
      }
    },
    {
      "type": "Feature",
      "geometry": {
        "type": "Point",
        "coordinates": [
          115.22302,
          -2.76068
        ]
      },
      "properties": {
        "confidence": "medium",
        "confidence_value": null,
        "sumber": "NASA-NOAA20",
        "date_hotspot": "Minggu, 13 September 2026 12:57:00",
        "date_hotspot_ori": "2026-09-13T05:57:00.000000Z",
        "provinsi": null,
        "kabkota": "Hulu Sungai Selatan",
        "desa": "Sungai Paring",
        "hs_id": "2026-09-13T05:57:00.000000Z",
        "provinsi_id": 12,
        "long": 115.22302,
        "ori_sumber": null,
        "desa_id": null,
        "counter": 1,
        "confidence_level": "medium",
        "kawasan": "",
        "kecamatan": "Kandangan",
        "nama_provinsi": "Kalimantan Selatan",
        "pulau": "",
        "route_create": "https://opsroom.sipongidata.my.id/daops/laporan/groundcheck/create/form",
        "hotspot_date": "2026-09-13",
        "distance_hgu_km": 3.162,
        "zone": "3–5 km",
        "location_status": "OUTSIDE HGU"
      }
    },
    {
      "type": "Feature",
      "geometry": {
        "type": "Point",
        "coordinates": [
          115.119,
          -2.72045
        ]
      },
      "properties": {
        "confidence": "medium",
        "confidence_value": null,
        "sumber": "NASA-NOAA20",
        "date_hotspot": "Minggu, 13 September 2026 12:57:00",
        "date_hotspot_ori": "2026-09-13T05:57:00.000000Z",
        "provinsi": null,
        "kabkota": "Hulu Sungai Selatan",
        "desa": "Muning Baru",
        "hs_id": "2026-09-13T05:57:00.000000Z",
        "provinsi_id": 12,
        "long": 115.119,
        "ori_sumber": null,
        "desa_id": null,
        "counter": 1,
        "confidence_level": "medium",
        "kawasan": "",
        "kecamatan": "Daha Selatan",
        "nama_provinsi": "Kalimantan Selatan",
        "pulau": "",
        "route_create": "https://opsroom.sipongidata.my.id/daops/laporan/groundcheck/create/form",
        "hotspot_date": "2026-09-13",
        "distance_hgu_km": 1.461,
        "zone": "1–3 km",
        "location_status": "OUTSIDE HGU"
      }
    },
    {
      "type": "Feature",
      "geometry": {
        "type": "Point",
        "coordinates": [
          115.15917,
          -2.73572
        ]
      },
      "properties": {
        "confidence": "medium",
        "confidence_value": null,
        "sumber": "NASA-NOAA20",
        "date_hotspot": "Minggu, 13 September 2026 12:57:00",
        "date_hotspot_ori": "2026-09-13T05:57:00.000000Z",
        "provinsi": null,
        "kabkota": "Hulu Sungai Selatan",
        "desa": "Panjampang Bahagia",
        "hs_id": "2026-09-13T05:57:00.000000Z",
        "provinsi_id": 12,
        "long": 115.15917,
        "ori_sumber": null,
        "desa_id": null,
        "counter": 1,
        "confidence_level": "medium",
        "kawasan": "",
        "kecamatan": "Simpur",
        "nama_provinsi": "Kalimantan Selatan",
        "pulau": "",
        "route_create": "https://opsroom.sipongidata.my.id/daops/laporan/groundcheck/create/form",
        "hotspot_date": "2026-09-13",
        "distance_hgu_km": 0.0,
        "zone": "Inside HGU",
        "location_status": "INSIDE HGU"
      }
    },
    {
      "type": "Feature",
      "geometry": {
        "type": "Point",
        "coordinates": [
          115.17345,
          -2.68423
        ]
      },
      "properties": {
        "confidence": "medium",
        "confidence_value": null,
        "sumber": "NASA-NOAA20",
        "date_hotspot": "Minggu, 13 September 2026 12:57:00",
        "date_hotspot_ori": "2026-09-13T05:57:00.000000Z",
        "provinsi": null,
        "kabkota": "Hulu Sungai Selatan",
        "desa": "Muning Baru",
        "hs_id": "2026-09-13T05:57:00.000000Z",
        "provinsi_id": 12,
        "long": 115.17345,
        "ori_sumber": null,
        "desa_id": null,
        "counter": 1,
        "confidence_level": "medium",
        "kawasan": "",
        "kecamatan": "Daha Selatan",
        "nama_provinsi": "Kalimantan Selatan",
        "pulau": "",
        "route_create": "https://opsroom.sipongidata.my.id/daops/laporan/groundcheck/create/form",
        "hotspot_date": "2026-09-13",
        "distance_hgu_km": 4.224,
        "zone": "3–5 km",
        "location_status": "OUTSIDE HGU"
      }
    },
    {
      "type": "Feature",
      "geometry": {
        "type": "Point",
        "coordinates": [
          115.15969,
          -2.73912
        ]
      },
      "properties": {
        "confidence": "medium",
        "confidence_value": null,
        "sumber": "NASA-NOAA20",
        "date_hotspot": "Minggu, 13 September 2026 12:57:00",
        "date_hotspot_ori": "2026-09-13T05:57:00.000000Z",
        "provinsi": null,
        "kabkota": "Hulu Sungai Selatan",
        "desa": "Panjampang Bahagia",
        "hs_id": "2026-09-13T05:57:00.000000Z",
        "provinsi_id": 12,
        "long": 115.15969,
        "ori_sumber": null,
        "desa_id": null,
        "counter": 1,
        "confidence_level": "medium",
        "kawasan": "",
        "kecamatan": "Simpur",
        "nama_provinsi": "Kalimantan Selatan",
        "pulau": "",
        "route_create": "https://opsroom.sipongidata.my.id/daops/laporan/groundcheck/create/form",
        "hotspot_date": "2026-09-13",
        "distance_hgu_km": 0.0,
        "zone": "Inside HGU",
        "location_status": "INSIDE HGU"
      }
    },
    {
      "type": "Feature",
      "geometry": {
        "type": "Point",
        "coordinates": [
          115.07954,
          -2.84992
        ]
      },
      "properties": {
        "confidence": "medium",
        "confidence_value": null,
        "sumber": "NASA-NOAA20",
        "date_hotspot": "Minggu, 13 September 2026 12:57:00",
        "date_hotspot_ori": "2026-09-13T05:57:00.000000Z",
        "provinsi": null,
        "kabkota": "Tapin",
        "desa": "Masta",
        "hs_id": "2026-09-13T05:57:00.000000Z",
        "provinsi_id": 12,
        "long": 115.07954,
        "ori_sumber": null,
        "desa_id": null,
        "counter": 1,
        "confidence_level": "medium",
        "kawasan": "",
        "kecamatan": "Bakarangan",
        "nama_provinsi": "Kalimantan Selatan",
        "pulau": "",
        "route_create": "https://opsroom.sipongidata.my.id/daops/laporan/groundcheck/create/form",
        "hotspot_date": "2026-09-13",
        "distance_hgu_km": 1.347,
        "zone": "1–3 km",
        "location_status": "OUTSIDE HGU"
      }
    },
    {
      "type": "Feature",
      "geometry": {
        "type": "Point",
        "coordinates": [
          115.16755,
          -2.83966
        ]
      },
      "properties": {
        "confidence": "medium",
        "confidence_value": null,
        "sumber": "NASA-NOAA20",
        "date_hotspot": "Minggu, 13 September 2026 12:57:00",
        "date_hotspot_ori": "2026-09-13T05:57:00.000000Z",
        "provinsi": null,
        "kabkota": "Hulu Sungai Selatan",
        "desa": "Sirih",
        "hs_id": "2026-09-13T05:57:00.000000Z",
        "provinsi_id": 12,
        "long": 115.16755,
        "ori_sumber": null,
        "desa_id": null,
        "counter": 1,
        "confidence_level": "medium",
        "kawasan": "",
        "kecamatan": "Kalumpang",
        "nama_provinsi": "Kalimantan Selatan",
        "pulau": "",
        "route_create": "https://opsroom.sipongidata.my.id/daops/laporan/groundcheck/create/form",
        "hotspot_date": "2026-09-13",
        "distance_hgu_km": 4.471,
        "zone": "3–5 km",
        "location_status": "OUTSIDE HGU"
      }
    },
    {
      "type": "Feature",
      "geometry": {
        "type": "Point",
        "coordinates": [
          115.18488,
          -2.70071
        ]
      },
      "properties": {
        "confidence": "medium",
        "confidence_value": null,
        "sumber": "NASA-SNPP",
        "date_hotspot": "Sabtu, 03 Oktober 2026 13:03:00",
        "date_hotspot_ori": "2026-10-03T06:03:00.000000Z",
        "provinsi": null,
        "kabkota": "Hulu Sungai Selatan",
        "desa": "Bangkau",
        "hs_id": "2026-10-03T06:03:00.000000Z",
        "provinsi_id": 12,
        "long": 115.18488,
        "ori_sumber": null,
        "desa_id": null,
        "counter": 1,
        "confidence_level": "medium",
        "kawasan": "",
        "kecamatan": "Kandangan",
        "nama_provinsi": "Kalimantan Selatan",
        "pulau": "",
        "route_create": "https://opsroom.sipongidata.my.id/daops/laporan/groundcheck/create/form",
        "hotspot_date": "2026-10-03",
        "distance_hgu_km": 2.11,
        "zone": "1–3 km",
        "location_status": "OUTSIDE HGU"
      }
    },
    {
      "type": "Feature",
      "geometry": {
        "type": "Point",
        "coordinates": [
          115.19109,
          -2.71712
        ]
      },
      "properties": {
        "confidence": "medium",
        "confidence_value": null,
        "sumber": "NASA-SNPP",
        "date_hotspot": "Sabtu, 03 Oktober 2026 13:03:00",
        "date_hotspot_ori": "2026-10-03T06:03:00.000000Z",
        "provinsi": null,
        "kabkota": "Hulu Sungai Selatan",
        "desa": "Lungau",
        "hs_id": "2026-10-03T06:03:00.000000Z",
        "provinsi_id": 12,
        "long": 115.19109,
        "ori_sumber": null,
        "desa_id": null,
        "counter": 1,
        "confidence_level": "medium",
        "kawasan": "",
        "kecamatan": "Kandangan",
        "nama_provinsi": "Kalimantan Selatan",
        "pulau": "",
        "route_create": "https://opsroom.sipongidata.my.id/daops/laporan/groundcheck/create/form",
        "hotspot_date": "2026-10-03",
        "distance_hgu_km": 0.382,
        "zone": "0–1 km",
        "location_status": "OUTSIDE HGU"
      }
    },
    {
      "type": "Feature",
      "geometry": {
        "type": "Point",
        "coordinates": [
          115.13961,
          -2.84893
        ]
      },
      "properties": {
        "confidence": "medium",
        "confidence_value": null,
        "sumber": "NASA-SNPP",
        "date_hotspot": "Senin, 14 September 2026 12:21:00",
        "date_hotspot_ori": "2026-09-14T05:21:00.000000Z",
        "provinsi": null,
        "kabkota": "Tapin",
        "desa": "Masta",
        "hs_id": "2026-09-14T05:21:00.000000Z",
        "provinsi_id": 12,
        "long": 115.13961,
        "ori_sumber": null,
        "desa_id": null,
        "counter": 1,
        "confidence_level": "medium",
        "kawasan": "",
        "kecamatan": "Bakarangan",
        "nama_provinsi": "Kalimantan Selatan",
        "pulau": "",
        "route_create": "https://opsroom.sipongidata.my.id/daops/laporan/groundcheck/create/form",
        "hotspot_date": "2026-09-14",
        "distance_hgu_km": 3.633,
        "zone": "3–5 km",
        "location_status": "OUTSIDE HGU"
      }
    },
    {
      "type": "Feature",
      "geometry": {
        "type": "Point",
        "coordinates": [
          115.16748,
          -2.8392
        ]
      },
      "properties": {
        "confidence": "medium",
        "confidence_value": null,
        "sumber": "NASA-SNPP",
        "date_hotspot": "Senin, 14 September 2026 12:21:00",
        "date_hotspot_ori": "2026-09-14T05:21:00.000000Z",
        "provinsi": null,
        "kabkota": "Hulu Sungai Selatan",
        "desa": "Sirih",
        "hs_id": "2026-09-14T05:21:00.000000Z",
        "provinsi_id": 12,
        "long": 115.16748,
        "ori_sumber": null,
        "desa_id": null,
        "counter": 1,
        "confidence_level": "medium",
        "kawasan": "",
        "kecamatan": "Kalumpang",
        "nama_provinsi": "Kalimantan Selatan",
        "pulau": "",
        "route_create": "https://opsroom.sipongidata.my.id/daops/laporan/groundcheck/create/form",
        "hotspot_date": "2026-09-14",
        "distance_hgu_km": 4.421,
        "zone": "3–5 km",
        "location_status": "OUTSIDE HGU"
      }
    },
    {
      "type": "Feature",
      "geometry": {
        "type": "Point",
        "coordinates": [
          115.04266,
          -2.75623
        ]
      },
      "properties": {
        "confidence": "medium",
        "confidence_value": null,
        "sumber": "NASA-SNPP",
        "date_hotspot": "Senin, 14 September 2026 12:21:00",
        "date_hotspot_ori": "2026-09-14T05:21:00.000000Z",
        "provinsi": null,
        "kabkota": "Hulu Sungai Selatan",
        "desa": "Muning Dalam",
        "hs_id": "2026-09-14T05:21:00.000000Z",
        "provinsi_id": 12,
        "long": 115.04266,
        "ori_sumber": null,
        "desa_id": null,
        "counter": 1,
        "confidence_level": "medium",
        "kawasan": "",
        "kecamatan": "Daha Selatan",
        "nama_provinsi": "Kalimantan Selatan",
        "pulau": "",
        "route_create": "https://opsroom.sipongidata.my.id/daops/laporan/groundcheck/create/form",
        "hotspot_date": "2026-09-14",
        "distance_hgu_km": 3.882,
        "zone": "3–5 km",
        "location_status": "OUTSIDE HGU"
      }
    },
    {
      "type": "Feature",
      "geometry": {
        "type": "Point",
        "coordinates": [
          115.05419,
          -2.81118
        ]
      },
      "properties": {
        "confidence": "medium",
        "confidence_value": null,
        "sumber": "NASA-SNPP",
        "date_hotspot": "Senin, 14 September 2026 12:21:00",
        "date_hotspot_ori": "2026-09-14T05:21:00.000000Z",
        "provinsi": null,
        "kabkota": "Tapin",
        "desa": "Sungai Rutas",
        "hs_id": "2026-09-14T05:21:00.000000Z",
        "provinsi_id": 12,
        "long": 115.05419,
        "ori_sumber": null,
        "desa_id": null,
        "counter": 2,
        "confidence_level": "medium",
        "kawasan": "",
        "kecamatan": "Candi Laras Selatan",
        "nama_provinsi": "Kalimantan Selatan",
        "pulau": "",
        "route_create": "https://opsroom.sipongidata.my.id/daops/laporan/groundcheck/create/form",
        "hotspot_date": "2026-09-14",
        "distance_hgu_km": 2.089,
        "zone": "1–3 km",
        "location_status": "OUTSIDE HGU"
      }
    },
    {
      "type": "Feature",
      "geometry": {
        "type": "Point",
        "coordinates": [
          115.09142,
          -2.71612
        ]
      },
      "properties": {
        "confidence": "medium",
        "confidence_value": null,
        "sumber": "NASA-SNPP",
        "date_hotspot": "Senin, 14 September 2026 12:21:00",
        "date_hotspot_ori": "2026-09-14T05:21:00.000000Z",
        "provinsi": null,
        "kabkota": "Hulu Sungai Selatan",
        "desa": "Muning Dalam",
        "hs_id": "2026-09-14T05:21:00.000000Z",
        "provinsi_id": 12,
        "long": 115.09142,
        "ori_sumber": null,
        "desa_id": null,
        "counter": 1,
        "confidence_level": "medium",
        "kawasan": "",
        "kecamatan": "Daha Selatan",
        "nama_provinsi": "Kalimantan Selatan",
        "pulau": "",
        "route_create": "https://opsroom.sipongidata.my.id/daops/laporan/groundcheck/create/form",
        "hotspot_date": "2026-09-14",
        "distance_hgu_km": 3.768,
        "zone": "3–5 km",
        "location_status": "OUTSIDE HGU"
      }
    },
    {
      "type": "Feature",
      "geometry": {
        "type": "Point",
        "coordinates": [
          115.09501,
          -2.71557
        ]
      },
      "properties": {
        "confidence": "medium",
        "confidence_value": null,
        "sumber": "NASA-SNPP",
        "date_hotspot": "Senin, 14 September 2026 12:21:00",
        "date_hotspot_ori": "2026-09-14T05:21:00.000000Z",
        "provinsi": null,
        "kabkota": "Hulu Sungai Selatan",
        "desa": "Muning Dalam",
        "hs_id": "2026-09-14T05:21:00.000000Z",
        "provinsi_id": 12,
        "long": 115.09501,
        "ori_sumber": null,
        "desa_id": null,
        "counter": 1,
        "confidence_level": "medium",
        "kawasan": "",
        "kecamatan": "Daha Selatan",
        "nama_provinsi": "Kalimantan Selatan",
        "pulau": "",
        "route_create": "https://opsroom.sipongidata.my.id/daops/laporan/groundcheck/create/form",
        "hotspot_date": "2026-09-14",
        "distance_hgu_km": 3.579,
        "zone": "3–5 km",
        "location_status": "OUTSIDE HGU"
      }
    },
    {
      "type": "Feature",
      "geometry": {
        "type": "Point",
        "coordinates": [
          115.1197,
          -2.70075
        ]
      },
      "properties": {
        "confidence": "medium",
        "confidence_value": null,
        "sumber": "NASA-NOAA20",
        "date_hotspot": "Senin, 14 September 2026 12:40:00",
        "date_hotspot_ori": "2026-09-14T05:40:00.000000Z",
        "provinsi": null,
        "kabkota": "Hulu Sungai Selatan",
        "desa": "Muning Baru",
        "hs_id": "2026-09-14T05:40:00.000000Z",
        "provinsi_id": 12,
        "long": 115.1197,
        "ori_sumber": null,
        "desa_id": null,
        "counter": 1,
        "confidence_level": "medium",
        "kawasan": "",
        "kecamatan": "Daha Selatan",
        "nama_provinsi": "Kalimantan Selatan",
        "pulau": "",
        "route_create": "https://opsroom.sipongidata.my.id/daops/laporan/groundcheck/create/form",
        "hotspot_date": "2026-09-14",
        "distance_hgu_km": 2.933,
        "zone": "1–3 km",
        "location_status": "OUTSIDE HGU"
      }
    },
    {
      "type": "Feature",
      "geometry": {
        "type": "Point",
        "coordinates": [
          115.08963,
          -2.72354
        ]
      },
      "properties": {
        "confidence": "medium",
        "confidence_value": null,
        "sumber": "NASA-NOAA20",
        "date_hotspot": "Senin, 14 September 2026 12:40:00",
        "date_hotspot_ori": "2026-09-14T05:40:00.000000Z",
        "provinsi": null,
        "kabkota": "Hulu Sungai Selatan",
        "desa": "Muning Dalam",
        "hs_id": "2026-09-14T05:40:00.000000Z",
        "provinsi_id": 12,
        "long": 115.08963,
        "ori_sumber": null,
        "desa_id": null,
        "counter": 1,
        "confidence_level": "medium",
        "kawasan": "",
        "kecamatan": "Daha Selatan",
        "nama_provinsi": "Kalimantan Selatan",
        "pulau": "",
        "route_create": "https://opsroom.sipongidata.my.id/daops/laporan/groundcheck/create/form",
        "hotspot_date": "2026-09-14",
        "distance_hgu_km": 3.236,
        "zone": "3–5 km",
        "location_status": "OUTSIDE HGU"
      }
    },
    {
      "type": "Feature",
      "geometry": {
        "type": "Point",
        "coordinates": [
          115.07207,
          -2.72927
        ]
      },
      "properties": {
        "confidence": "medium",
        "confidence_value": null,
        "sumber": "NASA-SNPP",
        "date_hotspot": "Senin, 14 September 2026 12:21:00",
        "date_hotspot_ori": "2026-09-14T05:21:00.000000Z",
        "provinsi": null,
        "kabkota": "Hulu Sungai Selatan",
        "desa": "Tanjung Selor",
        "hs_id": "2026-09-14T05:21:00.000000Z",
        "provinsi_id": 12,
        "long": 115.07207,
        "ori_sumber": null,
        "desa_id": null,
        "counter": 1,
        "confidence_level": "medium",
        "kawasan": "",
        "kecamatan": "Daha Barat",
        "nama_provinsi": "Kalimantan Selatan",
        "pulau": "",
        "route_create": "https://opsroom.sipongidata.my.id/daops/laporan/groundcheck/create/form",
        "hotspot_date": "2026-09-14",
        "distance_hgu_km": 3.921,
        "zone": "3–5 km",
        "location_status": "OUTSIDE HGU"
      }
    },
    {
      "type": "Feature",
      "geometry": {
        "type": "Point",
        "coordinates": [
          115.13318,
          -2.72034
        ]
      },
      "properties": {
        "confidence": "medium",
        "confidence_value": null,
        "sumber": "NASA-SNPP",
        "date_hotspot": "Senin, 14 September 2026 12:21:00",
        "date_hotspot_ori": "2026-09-14T05:21:00.000000Z",
        "provinsi": null,
        "kabkota": "Hulu Sungai Selatan",
        "desa": "Muning Baru",
        "hs_id": "2026-09-14T05:21:00.000000Z",
        "provinsi_id": 12,
        "long": 115.13318,
        "ori_sumber": null,
        "desa_id": null,
        "counter": 2,
        "confidence_level": "medium",
        "kawasan": "",
        "kecamatan": "Daha Selatan",
        "nama_provinsi": "Kalimantan Selatan",
        "pulau": "",
        "route_create": "https://opsroom.sipongidata.my.id/daops/laporan/groundcheck/create/form",
        "hotspot_date": "2026-09-14",
        "distance_hgu_km": 0.345,
        "zone": "0–1 km",
        "location_status": "OUTSIDE HGU"
      }
    },
    {
      "type": "Feature",
      "geometry": {
        "type": "Point",
        "coordinates": [
          115.12288,
          -2.70567
        ]
      },
      "properties": {
        "confidence": "medium",
        "confidence_value": null,
        "sumber": "NASA-SNPP",
        "date_hotspot": "Senin, 14 September 2026 12:21:00",
        "date_hotspot_ori": "2026-09-14T05:21:00.000000Z",
        "provinsi": null,
        "kabkota": "Hulu Sungai Selatan",
        "desa": "Muning Baru",
        "hs_id": "2026-09-14T05:21:00.000000Z",
        "provinsi_id": 12,
        "long": 115.12288,
        "ori_sumber": null,
        "desa_id": null,
        "counter": 1,
        "confidence_level": "medium",
        "kawasan": "",
        "kecamatan": "Daha Selatan",
        "nama_provinsi": "Kalimantan Selatan",
        "pulau": "",
        "route_create": "https://opsroom.sipongidata.my.id/daops/laporan/groundcheck/create/form",
        "hotspot_date": "2026-09-14",
        "distance_hgu_km": 2.284,
        "zone": "1–3 km",
        "location_status": "OUTSIDE HGU"
      }
    },
    {
      "type": "Feature",
      "geometry": {
        "type": "Point",
        "coordinates": [
          115.18063,
          -2.79763
        ]
      },
      "properties": {
        "confidence": "medium",
        "confidence_value": null,
        "sumber": "NASA-SNPP",
        "date_hotspot": "Senin, 14 September 2026 12:21:00",
        "date_hotspot_ori": "2026-09-14T05:21:00.000000Z",
        "provinsi": null,
        "kabkota": "Hulu Sungai Selatan",
        "desa": "Garunggang",
        "hs_id": "2026-09-14T05:21:00.000000Z",
        "provinsi_id": 12,
        "long": 115.18063,
        "ori_sumber": null,
        "desa_id": null,
        "counter": 1,
        "confidence_level": "medium",
        "kawasan": "",
        "kecamatan": "Simpur",
        "nama_provinsi": "Kalimantan Selatan",
        "pulau": "",
        "route_create": "https://opsroom.sipongidata.my.id/daops/laporan/groundcheck/create/form",
        "hotspot_date": "2026-09-14",
        "distance_hgu_km": 0.932,
        "zone": "0–1 km",
        "location_status": "OUTSIDE HGU"
      }
    },
    {
      "type": "Feature",
      "geometry": {
        "type": "Point",
        "coordinates": [
          115.18629,
          -2.77046
        ]
      },
      "properties": {
        "confidence": "medium",
        "confidence_value": null,
        "sumber": "NASA-NOAA20",
        "date_hotspot": "Rabu, 16 September 2026 12:01:00",
        "date_hotspot_ori": "2026-09-16T05:01:00.000000Z",
        "provinsi": null,
        "kabkota": "Hulu Sungai Selatan",
        "desa": "Pantai Ulin",
        "hs_id": "2026-09-16T05:01:00.000000Z",
        "provinsi_id": 12,
        "long": 115.18629,
        "ori_sumber": null,
        "desa_id": null,
        "counter": 1,
        "confidence_level": "medium",
        "kawasan": "",
        "kecamatan": "Simpur",
        "nama_provinsi": "Kalimantan Selatan",
        "pulau": "",
        "route_create": "https://opsroom.sipongidata.my.id/daops/laporan/groundcheck/create/form",
        "hotspot_date": "2026-09-16",
        "distance_hgu_km": 0.0,
        "zone": "Inside HGU",
        "location_status": "INSIDE HGU"
      }
    },
    {
      "type": "Feature",
      "geometry": {
        "type": "Point",
        "coordinates": [
          115.18252,
          -2.70537
        ]
      },
      "properties": {
        "confidence": "medium",
        "confidence_value": null,
        "sumber": "NASA-NOAA20",
        "date_hotspot": "Rabu, 16 September 2026 12:01:00",
        "date_hotspot_ori": "2026-09-16T05:01:00.000000Z",
        "provinsi": null,
        "kabkota": "Hulu Sungai Selatan",
        "desa": "Bangkau",
        "hs_id": "2026-09-16T05:01:00.000000Z",
        "provinsi_id": 12,
        "long": 115.18252,
        "ori_sumber": null,
        "desa_id": null,
        "counter": 1,
        "confidence_level": "medium",
        "kawasan": "",
        "kecamatan": "Kandangan",
        "nama_provinsi": "Kalimantan Selatan",
        "pulau": "",
        "route_create": "https://opsroom.sipongidata.my.id/daops/laporan/groundcheck/create/form",
        "hotspot_date": "2026-09-16",
        "distance_hgu_km": 1.687,
        "zone": "1–3 km",
        "location_status": "OUTSIDE HGU"
      }
    },
    {
      "type": "Feature",
      "geometry": {
        "type": "Point",
        "coordinates": [
          115.1357,
          -2.70536
        ]
      },
      "properties": {
        "confidence": "medium",
        "confidence_value": null,
        "sumber": "NASA-NOAA20",
        "date_hotspot": "Rabu, 16 September 2026 12:01:00",
        "date_hotspot_ori": "2026-09-16T05:01:00.000000Z",
        "provinsi": null,
        "kabkota": "Hulu Sungai Selatan",
        "desa": "Muning Baru",
        "hs_id": "2026-09-16T05:01:00.000000Z",
        "provinsi_id": 12,
        "long": 115.1357,
        "ori_sumber": null,
        "desa_id": null,
        "counter": 3,
        "confidence_level": "medium",
        "kawasan": "",
        "kecamatan": "Daha Selatan",
        "nama_provinsi": "Kalimantan Selatan",
        "pulau": "",
        "route_create": "https://opsroom.sipongidata.my.id/daops/laporan/groundcheck/create/form",
        "hotspot_date": "2026-09-16",
        "distance_hgu_km": 2.019,
        "zone": "1–3 km",
        "location_status": "OUTSIDE HGU"
      }
    },
    {
      "type": "Feature",
      "geometry": {
        "type": "Point",
        "coordinates": [
          115.11718,
          -2.86177
        ]
      },
      "properties": {
        "confidence": "medium",
        "confidence_value": null,
        "sumber": "NASA-NOAA20",
        "date_hotspot": "Rabu, 16 September 2026 12:01:00",
        "date_hotspot_ori": "2026-09-16T05:01:00.000000Z",
        "provinsi": null,
        "kabkota": "Tapin",
        "desa": "Masta",
        "hs_id": "2026-09-16T05:01:00.000000Z",
        "provinsi_id": 12,
        "long": 115.11718,
        "ori_sumber": null,
        "desa_id": null,
        "counter": 1,
        "confidence_level": "medium",
        "kawasan": "",
        "kecamatan": "Bakarangan",
        "nama_provinsi": "Kalimantan Selatan",
        "pulau": "",
        "route_create": "https://opsroom.sipongidata.my.id/daops/laporan/groundcheck/create/form",
        "hotspot_date": "2026-09-16",
        "distance_hgu_km": 3.026,
        "zone": "3–5 km",
        "location_status": "OUTSIDE HGU"
      }
    },
    {
      "type": "Feature",
      "geometry": {
        "type": "Point",
        "coordinates": [
          115.13477,
          -2.70834
        ]
      },
      "properties": {
        "confidence": "medium",
        "confidence_value": null,
        "sumber": "NASA-NOAA20",
        "date_hotspot": "Kamis, 01 Oktober 2026 12:23:00",
        "date_hotspot_ori": "2026-10-01T05:23:00.000000Z",
        "provinsi": null,
        "kabkota": "Hulu Sungai Selatan",
        "desa": "Muning Baru",
        "hs_id": "2026-10-01T05:23:00.000000Z",
        "provinsi_id": 12,
        "long": 115.13477,
        "ori_sumber": null,
        "desa_id": null,
        "counter": 1,
        "confidence_level": "medium",
        "kawasan": "",
        "kecamatan": "Daha Selatan",
        "nama_provinsi": "Kalimantan Selatan",
        "pulau": "",
        "route_create": "https://opsroom.sipongidata.my.id/daops/laporan/groundcheck/create/form",
        "hotspot_date": "2026-10-01",
        "distance_hgu_km": 1.679,
        "zone": "1–3 km",
        "location_status": "OUTSIDE HGU"
      }
    },
    {
      "type": "Feature",
      "geometry": {
        "type": "Point",
        "coordinates": [
          115.13328,
          -2.7015
        ]
      },
      "properties": {
        "confidence": "medium",
        "confidence_value": null,
        "sumber": "NASA-NOAA20",
        "date_hotspot": "Rabu, 16 September 2026 12:01:00",
        "date_hotspot_ori": "2026-09-16T05:01:00.000000Z",
        "provinsi": null,
        "kabkota": "Hulu Sungai Selatan",
        "desa": "Muning Baru",
        "hs_id": "2026-09-16T05:01:00.000000Z",
        "provinsi_id": 12,
        "long": 115.13328,
        "ori_sumber": null,
        "desa_id": null,
        "counter": 3,
        "confidence_level": "medium",
        "kawasan": "",
        "kecamatan": "Daha Selatan",
        "nama_provinsi": "Kalimantan Selatan",
        "pulau": "",
        "route_create": "https://opsroom.sipongidata.my.id/daops/laporan/groundcheck/create/form",
        "hotspot_date": "2026-09-16",
        "distance_hgu_km": 2.428,
        "zone": "1–3 km",
        "location_status": "OUTSIDE HGU"
      }
    },
    {
      "type": "Feature",
      "geometry": {
        "type": "Point",
        "coordinates": [
          115.15621,
          -2.69803
        ]
      },
      "properties": {
        "confidence": "medium",
        "confidence_value": null,
        "sumber": "NASA-NOAA20",
        "date_hotspot": "Rabu, 16 September 2026 12:01:00",
        "date_hotspot_ori": "2026-09-16T05:01:00.000000Z",
        "provinsi": null,
        "kabkota": "Hulu Sungai Selatan",
        "desa": "Muning Baru",
        "hs_id": "2026-09-16T05:01:00.000000Z",
        "provinsi_id": 12,
        "long": 115.15621,
        "ori_sumber": null,
        "desa_id": null,
        "counter": 4,
        "confidence_level": "medium",
        "kawasan": "",
        "kecamatan": "Daha Selatan",
        "nama_provinsi": "Kalimantan Selatan",
        "pulau": "",
        "route_create": "https://opsroom.sipongidata.my.id/daops/laporan/groundcheck/create/form",
        "hotspot_date": "2026-09-16",
        "distance_hgu_km": 3.428,
        "zone": "3–5 km",
        "location_status": "OUTSIDE HGU"
      }
    },
    {
      "type": "Feature",
      "geometry": {
        "type": "Point",
        "coordinates": [
          115.16237,
          -2.73214
        ]
      },
      "properties": {
        "confidence": "medium",
        "confidence_value": null,
        "sumber": "NASA-NOAA20",
        "date_hotspot": "Kamis, 01 Oktober 2026 12:23:00",
        "date_hotspot_ori": "2026-10-01T05:23:00.000000Z",
        "provinsi": null,
        "kabkota": "Hulu Sungai Selatan",
        "desa": "Pantai Ulin",
        "hs_id": "2026-10-01T05:23:00.000000Z",
        "provinsi_id": 12,
        "long": 115.16237,
        "ori_sumber": null,
        "desa_id": null,
        "counter": 1,
        "confidence_level": "medium",
        "kawasan": "",
        "kecamatan": "Simpur",
        "nama_provinsi": "Kalimantan Selatan",
        "pulau": "",
        "route_create": "https://opsroom.sipongidata.my.id/daops/laporan/groundcheck/create/form",
        "hotspot_date": "2026-10-01",
        "distance_hgu_km": 0.0,
        "zone": "Inside HGU",
        "location_status": "INSIDE HGU"
      }
    },
    {
      "type": "Feature",
      "geometry": {
        "type": "Point",
        "coordinates": [
          115.03848,
          -2.82287
        ]
      },
      "properties": {
        "confidence": "medium",
        "confidence_value": null,
        "sumber": "NASA-NOAA20",
        "date_hotspot": "Kamis, 01 Oktober 2026 12:23:00",
        "date_hotspot_ori": "2026-10-01T05:23:00.000000Z",
        "provinsi": null,
        "kabkota": "Tapin",
        "desa": "Sungai Rutas",
        "hs_id": "2026-10-01T05:23:00.000000Z",
        "provinsi_id": 12,
        "long": 115.03848,
        "ori_sumber": null,
        "desa_id": null,
        "counter": 1,
        "confidence_level": "medium",
        "kawasan": "",
        "kecamatan": "Candi Laras Selatan",
        "nama_provinsi": "Kalimantan Selatan",
        "pulau": "",
        "route_create": "https://opsroom.sipongidata.my.id/daops/laporan/groundcheck/create/form",
        "hotspot_date": "2026-10-01",
        "distance_hgu_km": 3.99,
        "zone": "3–5 km",
        "location_status": "OUTSIDE HGU"
      }
    },
    {
      "type": "Feature",
      "geometry": {
        "type": "Point",
        "coordinates": [
          115.0376,
          -2.82567
        ]
      },
      "properties": {
        "confidence": "medium",
        "confidence_value": null,
        "sumber": "NASA-NOAA20",
        "date_hotspot": "Kamis, 01 Oktober 2026 12:23:00",
        "date_hotspot_ori": "2026-10-01T05:23:00.000000Z",
        "provinsi": null,
        "kabkota": "Tapin",
        "desa": "Sungai Rutas",
        "hs_id": "2026-10-01T05:23:00.000000Z",
        "provinsi_id": 12,
        "long": 115.0376,
        "ori_sumber": null,
        "desa_id": null,
        "counter": 1,
        "confidence_level": "medium",
        "kawasan": "",
        "kecamatan": "Candi Laras Selatan",
        "nama_provinsi": "Kalimantan Selatan",
        "pulau": "",
        "route_create": "https://opsroom.sipongidata.my.id/daops/laporan/groundcheck/create/form",
        "hotspot_date": "2026-10-01",
        "distance_hgu_km": 4.141,
        "zone": "3–5 km",
        "location_status": "OUTSIDE HGU"
      }
    },
    {
      "type": "Feature",
      "geometry": {
        "type": "Point",
        "coordinates": [
          115.13662,
          -2.70608
        ]
      },
      "properties": {
        "confidence": "medium",
        "confidence_value": null,
        "sumber": "NASA-NOAA20",
        "date_hotspot": "Kamis, 01 Oktober 2026 12:23:00",
        "date_hotspot_ori": "2026-10-01T05:23:00.000000Z",
        "provinsi": null,
        "kabkota": "Hulu Sungai Selatan",
        "desa": "Muning Baru",
        "hs_id": "2026-10-01T05:23:00.000000Z",
        "provinsi_id": 12,
        "long": 115.13662,
        "ori_sumber": null,
        "desa_id": null,
        "counter": 1,
        "confidence_level": "medium",
        "kawasan": "",
        "kecamatan": "Daha Selatan",
        "nama_provinsi": "Kalimantan Selatan",
        "pulau": "",
        "route_create": "https://opsroom.sipongidata.my.id/daops/laporan/groundcheck/create/form",
        "hotspot_date": "2026-10-01",
        "distance_hgu_km": 1.956,
        "zone": "1–3 km",
        "location_status": "OUTSIDE HGU"
      }
    },
    {
      "type": "Feature",
      "geometry": {
        "type": "Point",
        "coordinates": [
          115.12727,
          -2.71739
        ]
      },
      "properties": {
        "confidence": "medium",
        "confidence_value": null,
        "sumber": "NASA-NOAA20",
        "date_hotspot": "Kamis, 01 Oktober 2026 12:23:00",
        "date_hotspot_ori": "2026-10-01T05:23:00.000000Z",
        "provinsi": null,
        "kabkota": "Hulu Sungai Selatan",
        "desa": "Muning Baru",
        "hs_id": "2026-10-01T05:23:00.000000Z",
        "provinsi_id": 12,
        "long": 115.12727,
        "ori_sumber": null,
        "desa_id": null,
        "counter": 1,
        "confidence_level": "medium",
        "kawasan": "",
        "kecamatan": "Daha Selatan",
        "nama_provinsi": "Kalimantan Selatan",
        "pulau": "",
        "route_create": "https://opsroom.sipongidata.my.id/daops/laporan/groundcheck/create/form",
        "hotspot_date": "2026-10-01",
        "distance_hgu_km": 0.95,
        "zone": "0–1 km",
        "location_status": "OUTSIDE HGU"
      }
    },
    {
      "type": "Feature",
      "geometry": {
        "type": "Point",
        "coordinates": [
          115.13079,
          -2.71891
        ]
      },
      "properties": {
        "confidence": "medium",
        "confidence_value": null,
        "sumber": "NASA-NOAA20",
        "date_hotspot": "Kamis, 01 Oktober 2026 12:23:00",
        "date_hotspot_ori": "2026-10-01T05:23:00.000000Z",
        "provinsi": null,
        "kabkota": "Hulu Sungai Selatan",
        "desa": "Muning Baru",
        "hs_id": "2026-10-01T05:23:00.000000Z",
        "provinsi_id": 12,
        "long": 115.13079,
        "ori_sumber": null,
        "desa_id": null,
        "counter": 1,
        "confidence_level": "medium",
        "kawasan": "",
        "kecamatan": "Daha Selatan",
        "nama_provinsi": "Kalimantan Selatan",
        "pulau": "",
        "route_create": "https://opsroom.sipongidata.my.id/daops/laporan/groundcheck/create/form",
        "hotspot_date": "2026-10-01",
        "distance_hgu_km": 0.576,
        "zone": "0–1 km",
        "location_status": "OUTSIDE HGU"
      }
    },
    {
      "type": "Feature",
      "geometry": {
        "type": "Point",
        "coordinates": [
          115.06966,
          -2.81579
        ]
      },
      "properties": {
        "confidence": "medium",
        "confidence_value": null,
        "sumber": "NASA-NOAA20",
        "date_hotspot": "Kamis, 01 Oktober 2026 12:23:00",
        "date_hotspot_ori": "2026-10-01T05:23:00.000000Z",
        "provinsi": null,
        "kabkota": "Tapin",
        "desa": "Sungai Rutas",
        "hs_id": "2026-10-01T05:23:00.000000Z",
        "provinsi_id": 12,
        "long": 115.06966,
        "ori_sumber": null,
        "desa_id": null,
        "counter": 1,
        "confidence_level": "medium",
        "kawasan": "",
        "kecamatan": "Candi Laras Selatan",
        "nama_provinsi": "Kalimantan Selatan",
        "pulau": "",
        "route_create": "https://opsroom.sipongidata.my.id/daops/laporan/groundcheck/create/form",
        "hotspot_date": "2026-10-01",
        "distance_hgu_km": 0.443,
        "zone": "0–1 km",
        "location_status": "OUTSIDE HGU"
      }
    },
    {
      "type": "Feature",
      "geometry": {
        "type": "Point",
        "coordinates": [
          115.16166,
          -2.72728
        ]
      },
      "properties": {
        "confidence": "medium",
        "confidence_value": null,
        "sumber": "NASA-NOAA20",
        "date_hotspot": "Kamis, 01 Oktober 2026 12:23:00",
        "date_hotspot_ori": "2026-10-01T05:23:00.000000Z",
        "provinsi": null,
        "kabkota": "Hulu Sungai Selatan",
        "desa": "Pantai Ulin",
        "hs_id": "2026-10-01T05:23:00.000000Z",
        "provinsi_id": 12,
        "long": 115.16166,
        "ori_sumber": null,
        "desa_id": null,
        "counter": 1,
        "confidence_level": "medium",
        "kawasan": "",
        "kecamatan": "Simpur",
        "nama_provinsi": "Kalimantan Selatan",
        "pulau": "",
        "route_create": "https://opsroom.sipongidata.my.id/daops/laporan/groundcheck/create/form",
        "hotspot_date": "2026-10-01",
        "distance_hgu_km": 0.179,
        "zone": "0–1 km",
        "location_status": "OUTSIDE HGU"
      }
    },
    {
      "type": "Feature",
      "geometry": {
        "type": "Point",
        "coordinates": [
          115.15022,
          -2.72399
        ]
      },
      "properties": {
        "confidence": "medium",
        "confidence_value": null,
        "sumber": "NASA-NOAA20",
        "date_hotspot": "Kamis, 01 Oktober 2026 12:23:00",
        "date_hotspot_ori": "2026-10-01T05:23:00.000000Z",
        "provinsi": null,
        "kabkota": "Hulu Sungai Selatan",
        "desa": "Panjampang Bahagia",
        "hs_id": "2026-10-01T05:23:00.000000Z",
        "provinsi_id": 12,
        "long": 115.15022,
        "ori_sumber": null,
        "desa_id": null,
        "counter": 1,
        "confidence_level": "medium",
        "kawasan": "",
        "kecamatan": "Simpur",
        "nama_provinsi": "Kalimantan Selatan",
        "pulau": "",
        "route_create": "https://opsroom.sipongidata.my.id/daops/laporan/groundcheck/create/form",
        "hotspot_date": "2026-10-01",
        "distance_hgu_km": 1.028,
        "zone": "1–3 km",
        "location_status": "OUTSIDE HGU"
      }
    },
    {
      "type": "Feature",
      "geometry": {
        "type": "Point",
        "coordinates": [
          115.03749,
          -2.82472
        ]
      },
      "properties": {
        "confidence": "medium",
        "confidence_value": null,
        "sumber": "NASA-SNPP",
        "date_hotspot": "Kamis, 01 Oktober 2026 13:42:00",
        "date_hotspot_ori": "2026-10-01T06:42:00.000000Z",
        "provinsi": null,
        "kabkota": "Tapin",
        "desa": "Sungai Rutas",
        "hs_id": "2026-10-01T06:42:00.000000Z",
        "provinsi_id": 12,
        "long": 115.03749,
        "ori_sumber": null,
        "desa_id": null,
        "counter": 1,
        "confidence_level": "medium",
        "kawasan": "",
        "kecamatan": "Candi Laras Selatan",
        "nama_provinsi": "Kalimantan Selatan",
        "pulau": "",
        "route_create": "https://opsroom.sipongidata.my.id/daops/laporan/groundcheck/create/form",
        "hotspot_date": "2026-10-01",
        "distance_hgu_km": 4.134,
        "zone": "3–5 km",
        "location_status": "OUTSIDE HGU"
      }
    },
    {
      "type": "Feature",
      "geometry": {
        "type": "Point",
        "coordinates": [
          115.06514,
          -2.82618
        ]
      },
      "properties": {
        "confidence": "medium",
        "confidence_value": null,
        "sumber": "NASA-SNPP",
        "date_hotspot": "Kamis, 01 Oktober 2026 13:42:00",
        "date_hotspot_ori": "2026-10-01T06:42:00.000000Z",
        "provinsi": null,
        "kabkota": "Tapin",
        "desa": "Sungai Rutas",
        "hs_id": "2026-10-01T06:42:00.000000Z",
        "provinsi_id": 12,
        "long": 115.06514,
        "ori_sumber": null,
        "desa_id": null,
        "counter": 1,
        "confidence_level": "medium",
        "kawasan": "",
        "kecamatan": "Candi Laras Selatan",
        "nama_provinsi": "Kalimantan Selatan",
        "pulau": "",
        "route_create": "https://opsroom.sipongidata.my.id/daops/laporan/groundcheck/create/form",
        "hotspot_date": "2026-10-01",
        "distance_hgu_km": 1.14,
        "zone": "1–3 km",
        "location_status": "OUTSIDE HGU"
      }
    },
    {
      "type": "Feature",
      "geometry": {
        "type": "Point",
        "coordinates": [
          115.06335,
          -2.82466
        ]
      },
      "properties": {
        "confidence": "medium",
        "confidence_value": null,
        "sumber": "NASA-SNPP",
        "date_hotspot": "Kamis, 01 Oktober 2026 13:42:00",
        "date_hotspot_ori": "2026-10-01T06:42:00.000000Z",
        "provinsi": null,
        "kabkota": "Tapin",
        "desa": "Sungai Rutas",
        "hs_id": "2026-10-01T06:42:00.000000Z",
        "provinsi_id": 12,
        "long": 115.06335,
        "ori_sumber": null,
        "desa_id": null,
        "counter": 1,
        "confidence_level": "medium",
        "kawasan": "",
        "kecamatan": "Candi Laras Selatan",
        "nama_provinsi": "Kalimantan Selatan",
        "pulau": "",
        "route_create": "https://opsroom.sipongidata.my.id/daops/laporan/groundcheck/create/form",
        "hotspot_date": "2026-10-01",
        "distance_hgu_km": 1.304,
        "zone": "1–3 km",
        "location_status": "OUTSIDE HGU"
      }
    },
    {
      "type": "Feature",
      "geometry": {
        "type": "Point",
        "coordinates": [
          115.15891,
          -2.72805
        ]
      },
      "properties": {
        "confidence": "medium",
        "confidence_value": null,
        "sumber": "NASA-SNPP",
        "date_hotspot": "Kamis, 01 Oktober 2026 13:42:00",
        "date_hotspot_ori": "2026-10-01T06:42:00.000000Z",
        "provinsi": null,
        "kabkota": "Hulu Sungai Selatan",
        "desa": "Pantai Ulin",
        "hs_id": "2026-10-01T06:42:00.000000Z",
        "provinsi_id": 12,
        "long": 115.15891,
        "ori_sumber": null,
        "desa_id": null,
        "counter": 1,
        "confidence_level": "medium",
        "kawasan": "",
        "kecamatan": "Simpur",
        "nama_provinsi": "Kalimantan Selatan",
        "pulau": "",
        "route_create": "https://opsroom.sipongidata.my.id/daops/laporan/groundcheck/create/form",
        "hotspot_date": "2026-10-01",
        "distance_hgu_km": 0.202,
        "zone": "0–1 km",
        "location_status": "OUTSIDE HGU"
      }
    },
    {
      "type": "Feature",
      "geometry": {
        "type": "Point",
        "coordinates": [
          115.15237,
          -2.83988
        ]
      },
      "properties": {
        "confidence": "medium",
        "confidence_value": null,
        "sumber": "NASA-SNPP",
        "date_hotspot": "Selasa, 22 September 2026 13:10:00",
        "date_hotspot_ori": "2026-09-22T06:10:00.000000Z",
        "provinsi": null,
        "kabkota": "Hulu Sungai Selatan",
        "desa": "Kalumpang",
        "hs_id": "2026-09-22T06:10:00.000000Z",
        "provinsi_id": 12,
        "long": 115.15237,
        "ori_sumber": null,
        "desa_id": null,
        "counter": 2,
        "confidence_level": "medium",
        "kawasan": "",
        "kecamatan": "Kalumpang",
        "nama_provinsi": "Kalimantan Selatan",
        "pulau": "",
        "route_create": "https://opsroom.sipongidata.my.id/daops/laporan/groundcheck/create/form",
        "hotspot_date": "2026-09-22",
        "distance_hgu_km": 3.826,
        "zone": "3–5 km",
        "location_status": "OUTSIDE HGU"
      }
    },
    {
      "type": "Feature",
      "geometry": {
        "type": "Point",
        "coordinates": [
          115.13576,
          -2.84244
        ]
      },
      "properties": {
        "confidence": "medium",
        "confidence_value": null,
        "sumber": "NASA-SNPP",
        "date_hotspot": "Selasa, 22 September 2026 13:10:00",
        "date_hotspot_ori": "2026-09-22T06:10:00.000000Z",
        "provinsi": null,
        "kabkota": "Tapin",
        "desa": "Masta",
        "hs_id": "2026-09-22T06:10:00.000000Z",
        "provinsi_id": 12,
        "long": 115.13576,
        "ori_sumber": null,
        "desa_id": null,
        "counter": 2,
        "confidence_level": "medium",
        "kawasan": "",
        "kecamatan": "Bakarangan",
        "nama_provinsi": "Kalimantan Selatan",
        "pulau": "",
        "route_create": "https://opsroom.sipongidata.my.id/daops/laporan/groundcheck/create/form",
        "hotspot_date": "2026-09-22",
        "distance_hgu_km": 2.963,
        "zone": "1–3 km",
        "location_status": "OUTSIDE HGU"
      }
    },
    {
      "type": "Feature",
      "geometry": {
        "type": "Point",
        "coordinates": [
          115.13501,
          -2.83943
        ]
      },
      "properties": {
        "confidence": "medium",
        "confidence_value": null,
        "sumber": "NASA-SNPP",
        "date_hotspot": "Selasa, 22 September 2026 13:10:00",
        "date_hotspot_ori": "2026-09-22T06:10:00.000000Z",
        "provinsi": null,
        "kabkota": "Hulu Sungai Selatan",
        "desa": "Karang Paci",
        "hs_id": "2026-09-22T06:10:00.000000Z",
        "provinsi_id": 12,
        "long": 115.13501,
        "ori_sumber": null,
        "desa_id": null,
        "counter": 2,
        "confidence_level": "medium",
        "kawasan": "",
        "kecamatan": "Kalumpang",
        "nama_provinsi": "Kalimantan Selatan",
        "pulau": "",
        "route_create": "https://opsroom.sipongidata.my.id/daops/laporan/groundcheck/create/form",
        "hotspot_date": "2026-09-22",
        "distance_hgu_km": 2.798,
        "zone": "1–3 km",
        "location_status": "OUTSIDE HGU"
      }
    },
    {
      "type": "Feature",
      "geometry": {
        "type": "Point",
        "coordinates": [
          115.13107,
          -2.86256
        ]
      },
      "properties": {
        "confidence": "medium",
        "confidence_value": null,
        "sumber": "NASA-SNPP",
        "date_hotspot": "Kamis, 10 September 2026 00:56:00",
        "date_hotspot_ori": "2026-09-09T17:56:00.000000Z",
        "provinsi": null,
        "kabkota": "Tapin",
        "desa": "Masta",
        "hs_id": "2026-09-09T17:56:00.000000Z",
        "provinsi_id": 12,
        "long": 115.13107,
        "ori_sumber": null,
        "desa_id": null,
        "counter": 1,
        "confidence_level": "medium",
        "kawasan": "",
        "kecamatan": "Bakarangan",
        "nama_provinsi": "Kalimantan Selatan",
        "pulau": "",
        "route_create": "https://opsroom.sipongidata.my.id/daops/laporan/groundcheck/create/form",
        "hotspot_date": "2026-09-10",
        "distance_hgu_km": 3.884,
        "zone": "3–5 km",
        "location_status": "OUTSIDE HGU"
      }
    },
    {
      "type": "Feature",
      "geometry": {
        "type": "Point",
        "coordinates": [
          115.15759,
          -2.73518
        ]
      },
      "properties": {
        "confidence": "medium",
        "confidence_value": null,
        "sumber": "NASA-SNPP",
        "date_hotspot": "Selasa, 22 September 2026 13:10:00",
        "date_hotspot_ori": "2026-09-22T06:10:00.000000Z",
        "provinsi": null,
        "kabkota": "Hulu Sungai Selatan",
        "desa": "Panjampang Bahagia",
        "hs_id": "2026-09-22T06:10:00.000000Z",
        "provinsi_id": 12,
        "long": 115.15759,
        "ori_sumber": null,
        "desa_id": null,
        "counter": 1,
        "confidence_level": "medium",
        "kawasan": "",
        "kecamatan": "Simpur",
        "nama_provinsi": "Kalimantan Selatan",
        "pulau": "",
        "route_create": "https://opsroom.sipongidata.my.id/daops/laporan/groundcheck/create/form",
        "hotspot_date": "2026-09-22",
        "distance_hgu_km": 0.0,
        "zone": "Inside HGU",
        "location_status": "INSIDE HGU"
      }
    },
    {
      "type": "Feature",
      "geometry": {
        "type": "Point",
        "coordinates": [
          115.12314,
          -2.84502
        ]
      },
      "properties": {
        "confidence": "medium",
        "confidence_value": null,
        "sumber": "NASA-SNPP",
        "date_hotspot": "Selasa, 22 September 2026 13:10:00",
        "date_hotspot_ori": "2026-09-22T06:10:00.000000Z",
        "provinsi": null,
        "kabkota": "Tapin",
        "desa": "Masta",
        "hs_id": "2026-09-22T06:10:00.000000Z",
        "provinsi_id": 12,
        "long": 115.12314,
        "ori_sumber": null,
        "desa_id": null,
        "counter": 1,
        "confidence_level": "medium",
        "kawasan": "",
        "kecamatan": "Bakarangan",
        "nama_provinsi": "Kalimantan Selatan",
        "pulau": "",
        "route_create": "https://opsroom.sipongidata.my.id/daops/laporan/groundcheck/create/form",
        "hotspot_date": "2026-09-22",
        "distance_hgu_km": 1.852,
        "zone": "1–3 km",
        "location_status": "OUTSIDE HGU"
      }
    },
    {
      "type": "Feature",
      "geometry": {
        "type": "Point",
        "coordinates": [
          115.12077,
          -2.71394
        ]
      },
      "properties": {
        "confidence": "medium",
        "confidence_value": null,
        "sumber": "NASA-SNPP",
        "date_hotspot": "Senin, 28 September 2026 12:57:00",
        "date_hotspot_ori": "2026-09-28T05:57:00.000000Z",
        "provinsi": null,
        "kabkota": "Hulu Sungai Selatan",
        "desa": "Muning Baru",
        "hs_id": "2026-09-28T05:57:00.000000Z",
        "provinsi_id": 12,
        "long": 115.12077,
        "ori_sumber": null,
        "desa_id": null,
        "counter": 1,
        "confidence_level": "medium",
        "kawasan": "",
        "kecamatan": "Daha Selatan",
        "nama_provinsi": "Kalimantan Selatan",
        "pulau": "",
        "route_create": "https://opsroom.sipongidata.my.id/daops/laporan/groundcheck/create/form",
        "hotspot_date": "2026-09-28",
        "distance_hgu_km": 1.747,
        "zone": "1–3 km",
        "location_status": "OUTSIDE HGU"
      }
    },
    {
      "type": "Feature",
      "geometry": {
        "type": "Point",
        "coordinates": [
          115.05996,
          -2.82509
        ]
      },
      "properties": {
        "confidence": "medium",
        "confidence_value": null,
        "sumber": "NASA-SNPP",
        "date_hotspot": "Senin, 28 September 2026 12:57:00",
        "date_hotspot_ori": "2026-09-28T05:57:00.000000Z",
        "provinsi": null,
        "kabkota": "Tapin",
        "desa": "Sungai Rutas",
        "hs_id": "2026-09-28T05:57:00.000000Z",
        "provinsi_id": 12,
        "long": 115.05996,
        "ori_sumber": null,
        "desa_id": null,
        "counter": 1,
        "confidence_level": "medium",
        "kawasan": "",
        "kecamatan": "Candi Laras Selatan",
        "nama_provinsi": "Kalimantan Selatan",
        "pulau": "",
        "route_create": "https://opsroom.sipongidata.my.id/daops/laporan/groundcheck/create/form",
        "hotspot_date": "2026-09-28",
        "distance_hgu_km": 1.684,
        "zone": "1–3 km",
        "location_status": "OUTSIDE HGU"
      }
    },
    {
      "type": "Feature",
      "geometry": {
        "type": "Point",
        "coordinates": [
          115.05343,
          -2.78195
        ]
      },
      "properties": {
        "confidence": "medium",
        "confidence_value": null,
        "sumber": "NASA-SNPP",
        "date_hotspot": "Senin, 28 September 2026 12:57:00",
        "date_hotspot_ori": "2026-09-28T05:57:00.000000Z",
        "provinsi": null,
        "kabkota": "Hulu Sungai Selatan",
        "desa": "Muning Dalam",
        "hs_id": "2026-09-28T05:57:00.000000Z",
        "provinsi_id": 12,
        "long": 115.05343,
        "ori_sumber": null,
        "desa_id": null,
        "counter": 1,
        "confidence_level": "medium",
        "kawasan": "",
        "kecamatan": "Daha Selatan",
        "nama_provinsi": "Kalimantan Selatan",
        "pulau": "",
        "route_create": "https://opsroom.sipongidata.my.id/daops/laporan/groundcheck/create/form",
        "hotspot_date": "2026-09-28",
        "distance_hgu_km": 2.234,
        "zone": "1–3 km",
        "location_status": "OUTSIDE HGU"
      }
    },
    {
      "type": "Feature",
      "geometry": {
        "type": "Point",
        "coordinates": [
          115.13152,
          -2.68725
        ]
      },
      "properties": {
        "confidence": "medium",
        "confidence_value": null,
        "sumber": "NASA-NOAA20",
        "date_hotspot": "Senin, 28 September 2026 13:18:00",
        "date_hotspot_ori": "2026-09-28T06:18:00.000000Z",
        "provinsi": null,
        "kabkota": "Hulu Sungai Selatan",
        "desa": "Muning Baru",
        "hs_id": "2026-09-28T06:18:00.000000Z",
        "provinsi_id": 12,
        "long": 115.13152,
        "ori_sumber": null,
        "desa_id": null,
        "counter": 1,
        "confidence_level": "medium",
        "kawasan": "",
        "kecamatan": "Daha Selatan",
        "nama_provinsi": "Kalimantan Selatan",
        "pulau": "",
        "route_create": "https://opsroom.sipongidata.my.id/daops/laporan/groundcheck/create/form",
        "hotspot_date": "2026-09-28",
        "distance_hgu_km": 4.009,
        "zone": "3–5 km",
        "location_status": "OUTSIDE HGU"
      }
    },
    {
      "type": "Feature",
      "geometry": {
        "type": "Point",
        "coordinates": [
          115.17262,
          -2.69631
        ]
      },
      "properties": {
        "confidence": "medium",
        "confidence_value": null,
        "sumber": "NASA-NOAA20",
        "date_hotspot": "Rabu, 30 September 2026 12:40:00",
        "date_hotspot_ori": "2026-09-30T05:40:00.000000Z",
        "provinsi": null,
        "kabkota": "Hulu Sungai Selatan",
        "desa": "Bangkau",
        "hs_id": "2026-09-30T05:40:00.000000Z",
        "provinsi_id": 12,
        "long": 115.17262,
        "ori_sumber": null,
        "desa_id": null,
        "counter": 1,
        "confidence_level": "medium",
        "kawasan": "",
        "kecamatan": "Kandangan",
        "nama_provinsi": "Kalimantan Selatan",
        "pulau": "",
        "route_create": "https://opsroom.sipongidata.my.id/daops/laporan/groundcheck/create/form",
        "hotspot_date": "2026-09-30",
        "distance_hgu_km": 2.989,
        "zone": "1–3 km",
        "location_status": "OUTSIDE HGU"
      }
    },
    {
      "type": "Feature",
      "geometry": {
        "type": "Point",
        "coordinates": [
          115.06962,
          -2.76356
        ]
      },
      "properties": {
        "confidence": "medium",
        "confidence_value": null,
        "sumber": "NASA-SNPP",
        "date_hotspot": "Senin, 14 September 2026 12:21:00",
        "date_hotspot_ori": "2026-09-14T05:21:00.000000Z",
        "provinsi": null,
        "kabkota": "Hulu Sungai Selatan",
        "desa": "Muning Dalam",
        "hs_id": "2026-09-14T05:21:00.000000Z",
        "provinsi_id": 12,
        "long": 115.06962,
        "ori_sumber": null,
        "desa_id": null,
        "counter": 1,
        "confidence_level": "medium",
        "kawasan": "",
        "kecamatan": "Daha Selatan",
        "nama_provinsi": "Kalimantan Selatan",
        "pulau": "",
        "route_create": "https://opsroom.sipongidata.my.id/daops/laporan/groundcheck/create/form",
        "hotspot_date": "2026-09-14",
        "distance_hgu_km": 0.985,
        "zone": "0–1 km",
        "location_status": "OUTSIDE HGU"
      }
    },
    {
      "type": "Feature",
      "geometry": {
        "type": "Point",
        "coordinates": [
          115.14162,
          -2.83736
        ]
      },
      "properties": {
        "confidence": "medium",
        "confidence_value": null,
        "sumber": "NASA-SNPP",
        "date_hotspot": "Senin, 14 September 2026 12:21:00",
        "date_hotspot_ori": "2026-09-14T05:21:00.000000Z",
        "provinsi": null,
        "kabkota": "Hulu Sungai Selatan",
        "desa": "Kalumpang",
        "hs_id": "2026-09-14T05:21:00.000000Z",
        "provinsi_id": 12,
        "long": 115.14162,
        "ori_sumber": null,
        "desa_id": null,
        "counter": 1,
        "confidence_level": "medium",
        "kawasan": "",
        "kecamatan": "Kalumpang",
        "nama_provinsi": "Kalimantan Selatan",
        "pulau": "",
        "route_create": "https://opsroom.sipongidata.my.id/daops/laporan/groundcheck/create/form",
        "hotspot_date": "2026-09-14",
        "distance_hgu_km": 3.096,
        "zone": "3–5 km",
        "location_status": "OUTSIDE HGU"
      }
    },
    {
      "type": "Feature",
      "geometry": {
        "type": "Point",
        "coordinates": [
          115.10175,
          -2.81438
        ]
      },
      "properties": {
        "confidence": "medium",
        "confidence_value": null,
        "sumber": "NASA-SNPP",
        "date_hotspot": "Selasa, 22 September 2026 13:10:00",
        "date_hotspot_ori": "2026-09-22T06:10:00.000000Z",
        "provinsi": null,
        "kabkota": "Hulu Sungai Selatan",
        "desa": "Balimau",
        "hs_id": "2026-09-22T06:10:00.000000Z",
        "provinsi_id": 12,
        "long": 115.10175,
        "ori_sumber": null,
        "desa_id": null,
        "counter": 1,
        "confidence_level": "medium",
        "kawasan": "",
        "kecamatan": "Kalumpang",
        "nama_provinsi": "Kalimantan Selatan",
        "pulau": "",
        "route_create": "https://opsroom.sipongidata.my.id/daops/laporan/groundcheck/create/form",
        "hotspot_date": "2026-09-22",
        "distance_hgu_km": 0.0,
        "zone": "Inside HGU",
        "location_status": "INSIDE HGU"
      }
    },
    {
      "type": "Feature",
      "geometry": {
        "type": "Point",
        "coordinates": [
          115.16496,
          -2.71494
        ]
      },
      "properties": {
        "confidence": "medium",
        "confidence_value": null,
        "sumber": "NASA-NOAA20",
        "date_hotspot": "Selasa, 15 September 2026 01:21:00",
        "date_hotspot_ori": "2026-09-14T18:21:00.000000Z",
        "provinsi": null,
        "kabkota": "Hulu Sungai Selatan",
        "desa": "Pantai Ulin",
        "hs_id": "2026-09-14T18:21:00.000000Z",
        "provinsi_id": 12,
        "long": 115.16496,
        "ori_sumber": null,
        "desa_id": null,
        "counter": 1,
        "confidence_level": "medium",
        "kawasan": "",
        "kecamatan": "Simpur",
        "nama_provinsi": "Kalimantan Selatan",
        "pulau": "",
        "route_create": "https://opsroom.sipongidata.my.id/daops/laporan/groundcheck/create/form",
        "hotspot_date": "2026-09-15",
        "distance_hgu_km": 1.339,
        "zone": "1–3 km",
        "location_status": "OUTSIDE HGU"
      }
    },
    {
      "type": "Feature",
      "geometry": {
        "type": "Point",
        "coordinates": [
          115.15687,
          -2.69873
        ]
      },
      "properties": {
        "confidence": "medium",
        "confidence_value": null,
        "sumber": "NASA-NOAA20",
        "date_hotspot": "Senin, 21 September 2026 12:08:00",
        "date_hotspot_ori": "2026-09-21T05:08:00.000000Z",
        "provinsi": null,
        "kabkota": "Hulu Sungai Selatan",
        "desa": "Muning Baru",
        "hs_id": "2026-09-21T05:08:00.000000Z",
        "provinsi_id": 12,
        "long": 115.15687,
        "ori_sumber": null,
        "desa_id": null,
        "counter": 1,
        "confidence_level": "medium",
        "kawasan": "",
        "kecamatan": "Daha Selatan",
        "nama_provinsi": "Kalimantan Selatan",
        "pulau": "",
        "route_create": "https://opsroom.sipongidata.my.id/daops/laporan/groundcheck/create/form",
        "hotspot_date": "2026-09-21",
        "distance_hgu_km": 3.33,
        "zone": "3–5 km",
        "location_status": "OUTSIDE HGU"
      }
    },
    {
      "type": "Feature",
      "geometry": {
        "type": "Point",
        "coordinates": [
          115.22613,
          -2.77014
        ]
      },
      "properties": {
        "confidence": "medium",
        "confidence_value": null,
        "sumber": "NASA-SNPP",
        "date_hotspot": "Selasa, 15 September 2026 01:02:00",
        "date_hotspot_ori": "2026-09-14T18:02:00.000000Z",
        "provinsi": null,
        "kabkota": "Hulu Sungai Selatan",
        "desa": "Sungai Paring",
        "hs_id": "2026-09-14T18:02:00.000000Z",
        "provinsi_id": 12,
        "long": 115.22613,
        "ori_sumber": null,
        "desa_id": null,
        "counter": 1,
        "confidence_level": "medium",
        "kawasan": "",
        "kecamatan": "Kandangan",
        "nama_provinsi": "Kalimantan Selatan",
        "pulau": "",
        "route_create": "https://opsroom.sipongidata.my.id/daops/laporan/groundcheck/create/form",
        "hotspot_date": "2026-09-15",
        "distance_hgu_km": 3.774,
        "zone": "3–5 km",
        "location_status": "OUTSIDE HGU"
      }
    },
    {
      "type": "Feature",
      "geometry": {
        "type": "Point",
        "coordinates": [
          115.08716,
          -2.72945
        ]
      },
      "properties": {
        "confidence": "medium",
        "confidence_value": null,
        "sumber": "NASA-SNPP",
        "date_hotspot": "Senin, 21 September 2026 13:31:00",
        "date_hotspot_ori": "2026-09-21T06:31:00.000000Z",
        "provinsi": null,
        "kabkota": "Hulu Sungai Selatan",
        "desa": "Muning Dalam",
        "hs_id": "2026-09-21T06:31:00.000000Z",
        "provinsi_id": 12,
        "long": 115.08716,
        "ori_sumber": null,
        "desa_id": null,
        "counter": 1,
        "confidence_level": "medium",
        "kawasan": "",
        "kecamatan": "Daha Selatan",
        "nama_provinsi": "Kalimantan Selatan",
        "pulau": "",
        "route_create": "https://opsroom.sipongidata.my.id/daops/laporan/groundcheck/create/form",
        "hotspot_date": "2026-09-21",
        "distance_hgu_km": 2.878,
        "zone": "1–3 km",
        "location_status": "OUTSIDE HGU"
      }
    },
    {
      "type": "Feature",
      "geometry": {
        "type": "Point",
        "coordinates": [
          115.09818,
          -2.74423
        ]
      },
      "properties": {
        "confidence": "medium",
        "confidence_value": null,
        "sumber": "NASA-SNPP",
        "date_hotspot": "Senin, 21 September 2026 13:31:00",
        "date_hotspot_ori": "2026-09-21T06:31:00.000000Z",
        "provinsi": null,
        "kabkota": "Hulu Sungai Selatan",
        "desa": "Muning Dalam",
        "hs_id": "2026-09-21T06:31:00.000000Z",
        "provinsi_id": 12,
        "long": 115.09818,
        "ori_sumber": null,
        "desa_id": null,
        "counter": 1,
        "confidence_level": "medium",
        "kawasan": "",
        "kecamatan": "Daha Selatan",
        "nama_provinsi": "Kalimantan Selatan",
        "pulau": "",
        "route_create": "https://opsroom.sipongidata.my.id/daops/laporan/groundcheck/create/form",
        "hotspot_date": "2026-09-21",
        "distance_hgu_km": 0.836,
        "zone": "0–1 km",
        "location_status": "OUTSIDE HGU"
      }
    },
    {
      "type": "Feature",
      "geometry": {
        "type": "Point",
        "coordinates": [
          115.09497,
          -2.74332
        ]
      },
      "properties": {
        "confidence": "medium",
        "confidence_value": null,
        "sumber": "NASA-SNPP",
        "date_hotspot": "Senin, 21 September 2026 13:31:00",
        "date_hotspot_ori": "2026-09-21T06:31:00.000000Z",
        "provinsi": null,
        "kabkota": "Hulu Sungai Selatan",
        "desa": "Muning Dalam",
        "hs_id": "2026-09-21T06:31:00.000000Z",
        "provinsi_id": 12,
        "long": 115.09497,
        "ori_sumber": null,
        "desa_id": null,
        "counter": 1,
        "confidence_level": "medium",
        "kawasan": "",
        "kecamatan": "Daha Selatan",
        "nama_provinsi": "Kalimantan Selatan",
        "pulau": "",
        "route_create": "https://opsroom.sipongidata.my.id/daops/laporan/groundcheck/create/form",
        "hotspot_date": "2026-09-21",
        "distance_hgu_km": 1.14,
        "zone": "1–3 km",
        "location_status": "OUTSIDE HGU"
      }
    },
    {
      "type": "Feature",
      "geometry": {
        "type": "Point",
        "coordinates": [
          115.13105,
          -2.72244
        ]
      },
      "properties": {
        "confidence": "medium",
        "confidence_value": null,
        "sumber": "NASA-SNPP",
        "date_hotspot": "Senin, 21 September 2026 13:31:00",
        "date_hotspot_ori": "2026-09-21T06:31:00.000000Z",
        "provinsi": null,
        "kabkota": "Hulu Sungai Selatan",
        "desa": "Muning Baru",
        "hs_id": "2026-09-21T06:31:00.000000Z",
        "provinsi_id": 12,
        "long": 115.13105,
        "ori_sumber": null,
        "desa_id": null,
        "counter": 1,
        "confidence_level": "medium",
        "kawasan": "",
        "kecamatan": "Daha Selatan",
        "nama_provinsi": "Kalimantan Selatan",
        "pulau": "",
        "route_create": "https://opsroom.sipongidata.my.id/daops/laporan/groundcheck/create/form",
        "hotspot_date": "2026-09-21",
        "distance_hgu_km": 0.266,
        "zone": "0–1 km",
        "location_status": "OUTSIDE HGU"
      }
    },
    {
      "type": "Feature",
      "geometry": {
        "type": "Point",
        "coordinates": [
          115.16494,
          -2.71811
        ]
      },
      "properties": {
        "confidence": "medium",
        "confidence_value": null,
        "sumber": "NASA-SNPP",
        "date_hotspot": "Selasa, 15 September 2026 01:02:00",
        "date_hotspot_ori": "2026-09-14T18:02:00.000000Z",
        "provinsi": null,
        "kabkota": "Hulu Sungai Selatan",
        "desa": "Pantai Ulin",
        "hs_id": "2026-09-14T18:02:00.000000Z",
        "provinsi_id": 12,
        "long": 115.16494,
        "ori_sumber": null,
        "desa_id": null,
        "counter": 1,
        "confidence_level": "medium",
        "kawasan": "",
        "kecamatan": "Simpur",
        "nama_provinsi": "Kalimantan Selatan",
        "pulau": "",
        "route_create": "https://opsroom.sipongidata.my.id/daops/laporan/groundcheck/create/form",
        "hotspot_date": "2026-09-15",
        "distance_hgu_km": 1.01,
        "zone": "1–3 km",
        "location_status": "OUTSIDE HGU"
      }
    },
    {
      "type": "Feature",
      "geometry": {
        "type": "Point",
        "coordinates": [
          115.0901,
          -2.84476
        ]
      },
      "properties": {
        "confidence": "medium",
        "confidence_value": null,
        "sumber": "NASA-NOAA20",
        "date_hotspot": "Selasa, 15 September 2026 12:23:00",
        "date_hotspot_ori": "2026-09-15T05:23:00.000000Z",
        "provinsi": null,
        "kabkota": "Tapin",
        "desa": "Masta",
        "hs_id": "2026-09-15T05:23:00.000000Z",
        "provinsi_id": 12,
        "long": 115.0901,
        "ori_sumber": null,
        "desa_id": null,
        "counter": 1,
        "confidence_level": "medium",
        "kawasan": "",
        "kecamatan": "Bakarangan",
        "nama_provinsi": "Kalimantan Selatan",
        "pulau": "",
        "route_create": "https://opsroom.sipongidata.my.id/daops/laporan/groundcheck/create/form",
        "hotspot_date": "2026-09-15",
        "distance_hgu_km": 0.826,
        "zone": "0–1 km",
        "location_status": "OUTSIDE HGU"
      }
    },
    {
      "type": "Feature",
      "geometry": {
        "type": "Point",
        "coordinates": [
          115.13722,
          -2.85048
        ]
      },
      "properties": {
        "confidence": "medium",
        "confidence_value": null,
        "sumber": "NASA-NOAA20",
        "date_hotspot": "Selasa, 15 September 2026 12:23:00",
        "date_hotspot_ori": "2026-09-15T05:23:00.000000Z",
        "provinsi": null,
        "kabkota": "Tapin",
        "desa": "Masta",
        "hs_id": "2026-09-15T05:23:00.000000Z",
        "provinsi_id": 12,
        "long": 115.13722,
        "ori_sumber": null,
        "desa_id": null,
        "counter": 1,
        "confidence_level": "medium",
        "kawasan": "",
        "kecamatan": "Bakarangan",
        "nama_provinsi": "Kalimantan Selatan",
        "pulau": "",
        "route_create": "https://opsroom.sipongidata.my.id/daops/laporan/groundcheck/create/form",
        "hotspot_date": "2026-09-15",
        "distance_hgu_km": 3.482,
        "zone": "3–5 km",
        "location_status": "OUTSIDE HGU"
      }
    },
    {
      "type": "Feature",
      "geometry": {
        "type": "Point",
        "coordinates": [
          115.13183,
          -2.85126
        ]
      },
      "properties": {
        "confidence": "medium",
        "confidence_value": null,
        "sumber": "NASA-NOAA20",
        "date_hotspot": "Selasa, 15 September 2026 12:23:00",
        "date_hotspot_ori": "2026-09-15T05:23:00.000000Z",
        "provinsi": null,
        "kabkota": "Tapin",
        "desa": "Masta",
        "hs_id": "2026-09-15T05:23:00.000000Z",
        "provinsi_id": 12,
        "long": 115.13183,
        "ori_sumber": null,
        "desa_id": null,
        "counter": 1,
        "confidence_level": "medium",
        "kawasan": "",
        "kecamatan": "Bakarangan",
        "nama_provinsi": "Kalimantan Selatan",
        "pulau": "",
        "route_create": "https://opsroom.sipongidata.my.id/daops/laporan/groundcheck/create/form",
        "hotspot_date": "2026-09-15",
        "distance_hgu_km": 3.037,
        "zone": "3–5 km",
        "location_status": "OUTSIDE HGU"
      }
    },
    {
      "type": "Feature",
      "geometry": {
        "type": "Point",
        "coordinates": [
          115.16881,
          -2.84097
        ]
      },
      "properties": {
        "confidence": "medium",
        "confidence_value": null,
        "sumber": "NASA-NOAA20",
        "date_hotspot": "Selasa, 15 September 2026 12:23:00",
        "date_hotspot_ori": "2026-09-15T05:23:00.000000Z",
        "provinsi": null,
        "kabkota": "Hulu Sungai Selatan",
        "desa": "Sirih",
        "hs_id": "2026-09-15T05:23:00.000000Z",
        "provinsi_id": 12,
        "long": 115.16881,
        "ori_sumber": null,
        "desa_id": null,
        "counter": 3,
        "confidence_level": "medium",
        "kawasan": "",
        "kecamatan": "Kalumpang",
        "nama_provinsi": "Kalimantan Selatan",
        "pulau": "",
        "route_create": "https://opsroom.sipongidata.my.id/daops/laporan/groundcheck/create/form",
        "hotspot_date": "2026-09-15",
        "distance_hgu_km": 4.66,
        "zone": "3–5 km",
        "location_status": "OUTSIDE HGU"
      }
    },
    {
      "type": "Feature",
      "geometry": {
        "type": "Point",
        "coordinates": [
          115.17234,
          -2.84227
        ]
      },
      "properties": {
        "confidence": "medium",
        "confidence_value": null,
        "sumber": "NASA-NOAA20",
        "date_hotspot": "Selasa, 15 September 2026 12:23:00",
        "date_hotspot_ori": "2026-09-15T05:23:00.000000Z",
        "provinsi": null,
        "kabkota": "Hulu Sungai Selatan",
        "desa": "Sirih",
        "hs_id": "2026-09-15T05:23:00.000000Z",
        "provinsi_id": 12,
        "long": 115.17234,
        "ori_sumber": null,
        "desa_id": null,
        "counter": 3,
        "confidence_level": "medium",
        "kawasan": "",
        "kecamatan": "Kalumpang",
        "nama_provinsi": "Kalimantan Selatan",
        "pulau": "",
        "route_create": "https://opsroom.sipongidata.my.id/daops/laporan/groundcheck/create/form",
        "hotspot_date": "2026-09-15",
        "distance_hgu_km": 4.91,
        "zone": "3–5 km",
        "location_status": "OUTSIDE HGU"
      }
    },
    {
      "type": "Feature",
      "geometry": {
        "type": "Point",
        "coordinates": [
          115.19035,
          -2.67728
        ]
      },
      "properties": {
        "confidence": "medium",
        "confidence_value": null,
        "sumber": "NASA-NOAA20",
        "date_hotspot": "Selasa, 15 September 2026 12:23:00",
        "date_hotspot_ori": "2026-09-15T05:23:00.000000Z",
        "provinsi": null,
        "kabkota": "Hulu Sungai Selatan",
        "desa": "Bangkau",
        "hs_id": "2026-09-15T05:23:00.000000Z",
        "provinsi_id": 12,
        "long": 115.19035,
        "ori_sumber": null,
        "desa_id": null,
        "counter": 1,
        "confidence_level": "medium",
        "kawasan": "",
        "kecamatan": "Kandangan",
        "nama_provinsi": "Kalimantan Selatan",
        "pulau": "",
        "route_create": "https://opsroom.sipongidata.my.id/daops/laporan/groundcheck/create/form",
        "hotspot_date": "2026-09-15",
        "distance_hgu_km": 4.666,
        "zone": "3–5 km",
        "location_status": "OUTSIDE HGU"
      }
    },
    {
      "type": "Feature",
      "geometry": {
        "type": "Point",
        "coordinates": [
          115.23434,
          -2.72862
        ]
      },
      "properties": {
        "confidence": "medium",
        "confidence_value": null,
        "sumber": "NASA-SNPP",
        "date_hotspot": "Rabu, 16 September 2026 00:43:00",
        "date_hotspot_ori": "2026-09-15T17:43:00.000000Z",
        "provinsi": null,
        "kabkota": "Hulu Sungai Selatan",
        "desa": "Sungai Kupang",
        "hs_id": "2026-09-15T17:43:00.000000Z",
        "provinsi_id": 12,
        "long": 115.23434,
        "ori_sumber": null,
        "desa_id": null,
        "counter": 1,
        "confidence_level": "medium",
        "kawasan": "",
        "kecamatan": "Kandangan",
        "nama_provinsi": "Kalimantan Selatan",
        "pulau": "",
        "route_create": "https://opsroom.sipongidata.my.id/daops/laporan/groundcheck/create/form",
        "hotspot_date": "2026-09-16",
        "distance_hgu_km": 3.786,
        "zone": "3–5 km",
        "location_status": "OUTSIDE HGU"
      }
    },
    {
      "type": "Feature",
      "geometry": {
        "type": "Point",
        "coordinates": [
          115.23037,
          -2.72797
        ]
      },
      "properties": {
        "confidence": "medium",
        "confidence_value": null,
        "sumber": "NASA-SNPP",
        "date_hotspot": "Rabu, 16 September 2026 00:43:00",
        "date_hotspot_ori": "2026-09-15T17:43:00.000000Z",
        "provinsi": null,
        "kabkota": "Hulu Sungai Selatan",
        "desa": "Sungai Kupang",
        "hs_id": "2026-09-15T17:43:00.000000Z",
        "provinsi_id": 12,
        "long": 115.23037,
        "ori_sumber": null,
        "desa_id": null,
        "counter": 1,
        "confidence_level": "medium",
        "kawasan": "",
        "kecamatan": "Kandangan",
        "nama_provinsi": "Kalimantan Selatan",
        "pulau": "",
        "route_create": "https://opsroom.sipongidata.my.id/daops/laporan/groundcheck/create/form",
        "hotspot_date": "2026-09-16",
        "distance_hgu_km": 3.407,
        "zone": "3–5 km",
        "location_status": "OUTSIDE HGU"
      }
    },
    {
      "type": "Feature",
      "geometry": {
        "type": "Point",
        "coordinates": [
          115.07159,
          -2.72405
        ]
      },
      "properties": {
        "confidence": "medium",
        "confidence_value": null,
        "sumber": "NASA-SNPP",
        "date_hotspot": "Rabu, 16 September 2026 00:43:00",
        "date_hotspot_ori": "2026-09-15T17:43:00.000000Z",
        "provinsi": null,
        "kabkota": "Hulu Sungai Selatan",
        "desa": "Tanjung Selor",
        "hs_id": "2026-09-15T17:43:00.000000Z",
        "provinsi_id": 12,
        "long": 115.07159,
        "ori_sumber": null,
        "desa_id": null,
        "counter": 1,
        "confidence_level": "medium",
        "kawasan": "",
        "kecamatan": "Daha Barat",
        "nama_provinsi": "Kalimantan Selatan",
        "pulau": "",
        "route_create": "https://opsroom.sipongidata.my.id/daops/laporan/groundcheck/create/form",
        "hotspot_date": "2026-09-16",
        "distance_hgu_km": 4.412,
        "zone": "3–5 km",
        "location_status": "OUTSIDE HGU"
      }
    },
    {
      "type": "Feature",
      "geometry": {
        "type": "Point",
        "coordinates": [
          115.15729,
          -2.80346
        ]
      },
      "properties": {
        "confidence": "medium",
        "confidence_value": null,
        "sumber": "NASA-SNPP",
        "date_hotspot": "Rabu, 16 September 2026 00:43:00",
        "date_hotspot_ori": "2026-09-15T17:43:00.000000Z",
        "provinsi": null,
        "kabkota": "Hulu Sungai Selatan",
        "desa": "Balanti",
        "hs_id": "2026-09-15T17:43:00.000000Z",
        "provinsi_id": 12,
        "long": 115.15729,
        "ori_sumber": null,
        "desa_id": null,
        "counter": 1,
        "confidence_level": "medium",
        "kawasan": "",
        "kecamatan": "Kalumpang",
        "nama_provinsi": "Kalimantan Selatan",
        "pulau": "",
        "route_create": "https://opsroom.sipongidata.my.id/daops/laporan/groundcheck/create/form",
        "hotspot_date": "2026-09-16",
        "distance_hgu_km": 0.343,
        "zone": "0–1 km",
        "location_status": "OUTSIDE HGU"
      }
    },
    {
      "type": "Feature",
      "geometry": {
        "type": "Point",
        "coordinates": [
          115.15785,
          -2.79991
        ]
      },
      "properties": {
        "confidence": "medium",
        "confidence_value": null,
        "sumber": "NASA-SNPP",
        "date_hotspot": "Rabu, 16 September 2026 00:43:00",
        "date_hotspot_ori": "2026-09-15T17:43:00.000000Z",
        "provinsi": null,
        "kabkota": "Hulu Sungai Selatan",
        "desa": "Kalumpang",
        "hs_id": "2026-09-15T17:43:00.000000Z",
        "provinsi_id": 12,
        "long": 115.15785,
        "ori_sumber": null,
        "desa_id": null,
        "counter": 1,
        "confidence_level": "medium",
        "kawasan": "",
        "kecamatan": "Kalumpang",
        "nama_provinsi": "Kalimantan Selatan",
        "pulau": "",
        "route_create": "https://opsroom.sipongidata.my.id/daops/laporan/groundcheck/create/form",
        "hotspot_date": "2026-09-16",
        "distance_hgu_km": 0.0,
        "zone": "Inside HGU",
        "location_status": "INSIDE HGU"
      }
    },
    {
      "type": "Feature",
      "geometry": {
        "type": "Point",
        "coordinates": [
          115.09583,
          -2.87852
        ]
      },
      "properties": {
        "confidence": "medium",
        "confidence_value": null,
        "sumber": "NASA-NOAA20",
        "date_hotspot": "Rabu, 16 September 2026 12:01:00",
        "date_hotspot_ori": "2026-09-16T05:01:00.000000Z",
        "provinsi": null,
        "kabkota": "Tapin",
        "desa": "Masta",
        "hs_id": "2026-09-16T05:01:00.000000Z",
        "provinsi_id": 12,
        "long": 115.09583,
        "ori_sumber": null,
        "desa_id": null,
        "counter": 1,
        "confidence_level": "medium",
        "kawasan": "",
        "kecamatan": "Bakarangan",
        "nama_provinsi": "Kalimantan Selatan",
        "pulau": "",
        "route_create": "https://opsroom.sipongidata.my.id/daops/laporan/groundcheck/create/form",
        "hotspot_date": "2026-09-16",
        "distance_hgu_km": 4.512,
        "zone": "3–5 km",
        "location_status": "OUTSIDE HGU"
      }
    },
    {
      "type": "Feature",
      "geometry": {
        "type": "Point",
        "coordinates": [
          115.18096,
          -2.70782
        ]
      },
      "properties": {
        "confidence": "medium",
        "confidence_value": null,
        "sumber": "NASA-NOAA20",
        "date_hotspot": "Rabu, 16 September 2026 12:01:00",
        "date_hotspot_ori": "2026-09-16T05:01:00.000000Z",
        "provinsi": null,
        "kabkota": "Hulu Sungai Selatan",
        "desa": "Bangkau",
        "hs_id": "2026-09-16T05:01:00.000000Z",
        "provinsi_id": 12,
        "long": 115.18096,
        "ori_sumber": null,
        "desa_id": null,
        "counter": 2,
        "confidence_level": "medium",
        "kawasan": "",
        "kecamatan": "Kandangan",
        "nama_provinsi": "Kalimantan Selatan",
        "pulau": "",
        "route_create": "https://opsroom.sipongidata.my.id/daops/laporan/groundcheck/create/form",
        "hotspot_date": "2026-09-16",
        "distance_hgu_km": 1.485,
        "zone": "1–3 km",
        "location_status": "OUTSIDE HGU"
      }
    },
    {
      "type": "Feature",
      "geometry": {
        "type": "Point",
        "coordinates": [
          115.1342,
          -2.70813
        ]
      },
      "properties": {
        "confidence": "medium",
        "confidence_value": null,
        "sumber": "NASA-NOAA20",
        "date_hotspot": "Rabu, 16 September 2026 12:01:00",
        "date_hotspot_ori": "2026-09-16T05:01:00.000000Z",
        "provinsi": null,
        "kabkota": "Hulu Sungai Selatan",
        "desa": "Muning Baru",
        "hs_id": "2026-09-16T05:01:00.000000Z",
        "provinsi_id": 12,
        "long": 115.1342,
        "ori_sumber": null,
        "desa_id": null,
        "counter": 3,
        "confidence_level": "medium",
        "kawasan": "",
        "kecamatan": "Daha Selatan",
        "nama_provinsi": "Kalimantan Selatan",
        "pulau": "",
        "route_create": "https://opsroom.sipongidata.my.id/daops/laporan/groundcheck/create/form",
        "hotspot_date": "2026-09-16",
        "distance_hgu_km": 1.698,
        "zone": "1–3 km",
        "location_status": "OUTSIDE HGU"
      }
    },
    {
      "type": "Feature",
      "geometry": {
        "type": "Point",
        "coordinates": [
          115.07485,
          -2.71763
        ]
      },
      "properties": {
        "confidence": "medium",
        "confidence_value": null,
        "sumber": "NASA-SNPP",
        "date_hotspot": "Selasa, 22 September 2026 13:10:00",
        "date_hotspot_ori": "2026-09-22T06:10:00.000000Z",
        "provinsi": null,
        "kabkota": "Hulu Sungai Selatan",
        "desa": "Tanjung Selor",
        "hs_id": "2026-09-22T06:10:00.000000Z",
        "provinsi_id": 12,
        "long": 115.07485,
        "ori_sumber": null,
        "desa_id": null,
        "counter": 1,
        "confidence_level": "medium",
        "kawasan": "",
        "kecamatan": "Daha Barat",
        "nama_provinsi": "Kalimantan Selatan",
        "pulau": "",
        "route_create": "https://opsroom.sipongidata.my.id/daops/laporan/groundcheck/create/form",
        "hotspot_date": "2026-09-22",
        "distance_hgu_km": 4.756,
        "zone": "3–5 km",
        "location_status": "OUTSIDE HGU"
      }
    },
    {
      "type": "Feature",
      "geometry": {
        "type": "Point",
        "coordinates": [
          115.13428,
          -2.68988
        ]
      },
      "properties": {
        "confidence": "medium",
        "confidence_value": null,
        "sumber": "NASA-SNPP",
        "date_hotspot": "Selasa, 22 September 2026 13:10:00",
        "date_hotspot_ori": "2026-09-22T06:10:00.000000Z",
        "provinsi": null,
        "kabkota": "Hulu Sungai Selatan",
        "desa": "Muning Baru",
        "hs_id": "2026-09-22T06:10:00.000000Z",
        "provinsi_id": 12,
        "long": 115.13428,
        "ori_sumber": null,
        "desa_id": null,
        "counter": 1,
        "confidence_level": "medium",
        "kawasan": "",
        "kecamatan": "Daha Selatan",
        "nama_provinsi": "Kalimantan Selatan",
        "pulau": "",
        "route_create": "https://opsroom.sipongidata.my.id/daops/laporan/groundcheck/create/form",
        "hotspot_date": "2026-09-22",
        "distance_hgu_km": 3.715,
        "zone": "3–5 km",
        "location_status": "OUTSIDE HGU"
      }
    },
    {
      "type": "Feature",
      "geometry": {
        "type": "Point",
        "coordinates": [
          115.13097,
          -2.72377
        ]
      },
      "properties": {
        "confidence": "medium",
        "confidence_value": null,
        "sumber": "NASA-SNPP",
        "date_hotspot": "Selasa, 22 September 2026 13:10:00",
        "date_hotspot_ori": "2026-09-22T06:10:00.000000Z",
        "provinsi": null,
        "kabkota": "Hulu Sungai Selatan",
        "desa": "Muning Baru",
        "hs_id": "2026-09-22T06:10:00.000000Z",
        "provinsi_id": 12,
        "long": 115.13097,
        "ori_sumber": null,
        "desa_id": null,
        "counter": 2,
        "confidence_level": "medium",
        "kawasan": "",
        "kecamatan": "Daha Selatan",
        "nama_provinsi": "Kalimantan Selatan",
        "pulau": "",
        "route_create": "https://opsroom.sipongidata.my.id/daops/laporan/groundcheck/create/form",
        "hotspot_date": "2026-09-22",
        "distance_hgu_km": 0.191,
        "zone": "0–1 km",
        "location_status": "OUTSIDE HGU"
      }
    },
    {
      "type": "Feature",
      "geometry": {
        "type": "Point",
        "coordinates": [
          115.09502,
          -2.87486
        ]
      },
      "properties": {
        "confidence": "medium",
        "confidence_value": null,
        "sumber": "NASA-NOAA20",
        "date_hotspot": "Selasa, 22 September 2026 13:29:00",
        "date_hotspot_ori": "2026-09-22T06:29:00.000000Z",
        "provinsi": null,
        "kabkota": "Tapin",
        "desa": "Masta",
        "hs_id": "2026-09-22T06:29:00.000000Z",
        "provinsi_id": 12,
        "long": 115.09502,
        "ori_sumber": null,
        "desa_id": null,
        "counter": 1,
        "confidence_level": "medium",
        "kawasan": "",
        "kecamatan": "Bakarangan",
        "nama_provinsi": "Kalimantan Selatan",
        "pulau": "",
        "route_create": "https://opsroom.sipongidata.my.id/daops/laporan/groundcheck/create/form",
        "hotspot_date": "2026-09-22",
        "distance_hgu_km": 4.098,
        "zone": "3–5 km",
        "location_status": "OUTSIDE HGU"
      }
    },
    {
      "type": "Feature",
      "geometry": {
        "type": "Point",
        "coordinates": [
          115.09709,
          -2.69909
        ]
      },
      "properties": {
        "confidence": "medium",
        "confidence_value": null,
        "sumber": "NASA-NOAA20",
        "date_hotspot": "Selasa, 22 September 2026 13:29:00",
        "date_hotspot_ori": "2026-09-22T06:29:00.000000Z",
        "provinsi": null,
        "kabkota": "Hulu Sungai Selatan",
        "desa": "Muning Tengah",
        "hs_id": "2026-09-22T06:29:00.000000Z",
        "provinsi_id": 12,
        "long": 115.09709,
        "ori_sumber": null,
        "desa_id": null,
        "counter": 1,
        "confidence_level": "medium",
        "kawasan": "",
        "kecamatan": "Daha Selatan",
        "nama_provinsi": "Kalimantan Selatan",
        "pulau": "",
        "route_create": "https://opsroom.sipongidata.my.id/daops/laporan/groundcheck/create/form",
        "hotspot_date": "2026-09-22",
        "distance_hgu_km": 4.841,
        "zone": "3–5 km",
        "location_status": "OUTSIDE HGU"
      }
    },
    {
      "type": "Feature",
      "geometry": {
        "type": "Point",
        "coordinates": [
          115.06926,
          -2.82311
        ]
      },
      "properties": {
        "confidence": "medium",
        "confidence_value": null,
        "sumber": "NASA-SNPP",
        "date_hotspot": "Selasa, 22 September 2026 13:10:00",
        "date_hotspot_ori": "2026-09-22T06:10:00.000000Z",
        "provinsi": null,
        "kabkota": "Hulu Sungai Selatan",
        "desa": "Balimau",
        "hs_id": "2026-09-22T06:10:00.000000Z",
        "provinsi_id": 12,
        "long": 115.06926,
        "ori_sumber": null,
        "desa_id": null,
        "counter": 1,
        "confidence_level": "medium",
        "kawasan": "",
        "kecamatan": "Kalumpang",
        "nama_provinsi": "Kalimantan Selatan",
        "pulau": "",
        "route_create": "https://opsroom.sipongidata.my.id/daops/laporan/groundcheck/create/form",
        "hotspot_date": "2026-09-22",
        "distance_hgu_km": 0.627,
        "zone": "0–1 km",
        "location_status": "OUTSIDE HGU"
      }
    },
    {
      "type": "Feature",
      "geometry": {
        "type": "Point",
        "coordinates": [
          115.15646,
          -2.76841
        ]
      },
      "properties": {
        "confidence": "medium",
        "confidence_value": null,
        "sumber": "NASA-NOAA20",
        "date_hotspot": "Selasa, 22 September 2026 13:29:00",
        "date_hotspot_ori": "2026-09-22T06:29:00.000000Z",
        "provinsi": null,
        "kabkota": "Hulu Sungai Selatan",
        "desa": "Garunggang",
        "hs_id": "2026-09-22T06:29:00.000000Z",
        "provinsi_id": 12,
        "long": 115.15646,
        "ori_sumber": null,
        "desa_id": null,
        "counter": 1,
        "confidence_level": "medium",
        "kawasan": "",
        "kecamatan": "Simpur",
        "nama_provinsi": "Kalimantan Selatan",
        "pulau": "",
        "route_create": "https://opsroom.sipongidata.my.id/daops/laporan/groundcheck/create/form",
        "hotspot_date": "2026-09-22",
        "distance_hgu_km": 0.0,
        "zone": "Inside HGU",
        "location_status": "INSIDE HGU"
      }
    },
    {
      "type": "Feature",
      "geometry": {
        "type": "Point",
        "coordinates": [
          115.12534,
          -2.84701
        ]
      },
      "properties": {
        "confidence": "medium",
        "confidence_value": null,
        "sumber": "NASA-NOAA20",
        "date_hotspot": "Selasa, 22 September 2026 13:29:00",
        "date_hotspot_ori": "2026-09-22T06:29:00.000000Z",
        "provinsi": null,
        "kabkota": "Tapin",
        "desa": "Masta",
        "hs_id": "2026-09-22T06:29:00.000000Z",
        "provinsi_id": 12,
        "long": 115.12534,
        "ori_sumber": null,
        "desa_id": null,
        "counter": 1,
        "confidence_level": "medium",
        "kawasan": "",
        "kecamatan": "Bakarangan",
        "nama_provinsi": "Kalimantan Selatan",
        "pulau": "",
        "route_create": "https://opsroom.sipongidata.my.id/daops/laporan/groundcheck/create/form",
        "hotspot_date": "2026-09-22",
        "distance_hgu_km": 2.18,
        "zone": "1–3 km",
        "location_status": "OUTSIDE HGU"
      }
    },
    {
      "type": "Feature",
      "geometry": {
        "type": "Point",
        "coordinates": [
          115.05035,
          -2.83711
        ]
      },
      "properties": {
        "confidence": "medium",
        "confidence_value": null,
        "sumber": "NASA-SNPP",
        "date_hotspot": "Selasa, 22 September 2026 13:10:00",
        "date_hotspot_ori": "2026-09-22T06:10:00.000000Z",
        "provinsi": null,
        "kabkota": "Tapin",
        "desa": "Sungai Rutas",
        "hs_id": "2026-09-22T06:10:00.000000Z",
        "provinsi_id": 12,
        "long": 115.05035,
        "ori_sumber": null,
        "desa_id": null,
        "counter": 1,
        "confidence_level": "medium",
        "kawasan": "",
        "kecamatan": "Candi Laras Selatan",
        "nama_provinsi": "Kalimantan Selatan",
        "pulau": "",
        "route_create": "https://opsroom.sipongidata.my.id/daops/laporan/groundcheck/create/form",
        "hotspot_date": "2026-09-22",
        "distance_hgu_km": 2.977,
        "zone": "1–3 km",
        "location_status": "OUTSIDE HGU"
      }
    },
    {
      "type": "Feature",
      "geometry": {
        "type": "Point",
        "coordinates": [
          115.13413,
          -2.72139
        ]
      },
      "properties": {
        "confidence": "medium",
        "confidence_value": null,
        "sumber": "NASA-NOAA20",
        "date_hotspot": "Selasa, 22 September 2026 13:29:00",
        "date_hotspot_ori": "2026-09-22T06:29:00.000000Z",
        "provinsi": null,
        "kabkota": "Hulu Sungai Selatan",
        "desa": "Garunggang",
        "hs_id": "2026-09-22T06:29:00.000000Z",
        "provinsi_id": 12,
        "long": 115.13413,
        "ori_sumber": null,
        "desa_id": null,
        "counter": 1,
        "confidence_level": "medium",
        "kawasan": "",
        "kecamatan": "Simpur",
        "nama_provinsi": "Kalimantan Selatan",
        "pulau": "",
        "route_create": "https://opsroom.sipongidata.my.id/daops/laporan/groundcheck/create/form",
        "hotspot_date": "2026-09-22",
        "distance_hgu_km": 0.246,
        "zone": "0–1 km",
        "location_status": "OUTSIDE HGU"
      }
    },
    {
      "type": "Feature",
      "geometry": {
        "type": "Point",
        "coordinates": [
          115.14438,
          -2.69129
        ]
      },
      "properties": {
        "confidence": "medium",
        "confidence_value": null,
        "sumber": "NASA-NOAA20",
        "date_hotspot": "Selasa, 22 September 2026 13:29:00",
        "date_hotspot_ori": "2026-09-22T06:29:00.000000Z",
        "provinsi": null,
        "kabkota": "Hulu Sungai Selatan",
        "desa": "Muning Baru",
        "hs_id": "2026-09-22T06:29:00.000000Z",
        "provinsi_id": 12,
        "long": 115.14438,
        "ori_sumber": null,
        "desa_id": null,
        "counter": 1,
        "confidence_level": "medium",
        "kawasan": "",
        "kecamatan": "Daha Selatan",
        "nama_provinsi": "Kalimantan Selatan",
        "pulau": "",
        "route_create": "https://opsroom.sipongidata.my.id/daops/laporan/groundcheck/create/form",
        "hotspot_date": "2026-09-22",
        "distance_hgu_km": 3.764,
        "zone": "3–5 km",
        "location_status": "OUTSIDE HGU"
      }
    },
    {
      "type": "Feature",
      "geometry": {
        "type": "Point",
        "coordinates": [
          115.13708,
          -2.69249
        ]
      },
      "properties": {
        "confidence": "medium",
        "confidence_value": null,
        "sumber": "NASA-NOAA20",
        "date_hotspot": "Selasa, 22 September 2026 13:29:00",
        "date_hotspot_ori": "2026-09-22T06:29:00.000000Z",
        "provinsi": null,
        "kabkota": "Hulu Sungai Selatan",
        "desa": "Muning Baru",
        "hs_id": "2026-09-22T06:29:00.000000Z",
        "provinsi_id": 12,
        "long": 115.13708,
        "ori_sumber": null,
        "desa_id": null,
        "counter": 1,
        "confidence_level": "medium",
        "kawasan": "",
        "kecamatan": "Daha Selatan",
        "nama_provinsi": "Kalimantan Selatan",
        "pulau": "",
        "route_create": "https://opsroom.sipongidata.my.id/daops/laporan/groundcheck/create/form",
        "hotspot_date": "2026-09-22",
        "distance_hgu_km": 3.45,
        "zone": "3–5 km",
        "location_status": "OUTSIDE HGU"
      }
    },
    {
      "type": "Feature",
      "geometry": {
        "type": "Point",
        "coordinates": [
          115.18345,
          -2.72475
        ]
      },
      "properties": {
        "confidence": "medium",
        "confidence_value": null,
        "sumber": "NASA-NOAA20",
        "date_hotspot": "Selasa, 22 September 2026 13:29:00",
        "date_hotspot_ori": "2026-09-22T06:29:00.000000Z",
        "provinsi": null,
        "kabkota": "Hulu Sungai Selatan",
        "desa": "Pantai Ulin",
        "hs_id": "2026-09-22T06:29:00.000000Z",
        "provinsi_id": 12,
        "long": 115.18345,
        "ori_sumber": null,
        "desa_id": null,
        "counter": 1,
        "confidence_level": "medium",
        "kawasan": "",
        "kecamatan": "Simpur",
        "nama_provinsi": "Kalimantan Selatan",
        "pulau": "",
        "route_create": "https://opsroom.sipongidata.my.id/daops/laporan/groundcheck/create/form",
        "hotspot_date": "2026-09-22",
        "distance_hgu_km": 0.0,
        "zone": "Inside HGU",
        "location_status": "INSIDE HGU"
      }
    },
    {
      "type": "Feature",
      "geometry": {
        "type": "Point",
        "coordinates": [
          115.12307,
          -2.8647
        ]
      },
      "properties": {
        "confidence": "medium",
        "confidence_value": null,
        "sumber": "NASA-NOAA20",
        "date_hotspot": "Selasa, 22 September 2026 13:29:00",
        "date_hotspot_ori": "2026-09-22T06:29:00.000000Z",
        "provinsi": null,
        "kabkota": "Tapin",
        "desa": "Masta",
        "hs_id": "2026-09-22T06:29:00.000000Z",
        "provinsi_id": 12,
        "long": 115.12307,
        "ori_sumber": null,
        "desa_id": null,
        "counter": 1,
        "confidence_level": "medium",
        "kawasan": "",
        "kecamatan": "Bakarangan",
        "nama_provinsi": "Kalimantan Selatan",
        "pulau": "",
        "route_create": "https://opsroom.sipongidata.my.id/daops/laporan/groundcheck/create/form",
        "hotspot_date": "2026-09-22",
        "distance_hgu_km": 3.604,
        "zone": "3–5 km",
        "location_status": "OUTSIDE HGU"
      }
    },
    {
      "type": "Feature",
      "geometry": {
        "type": "Point",
        "coordinates": [
          115.09613,
          -2.8351
        ]
      },
      "properties": {
        "confidence": "medium",
        "confidence_value": null,
        "sumber": "NASA-NOAA20",
        "date_hotspot": "Selasa, 22 September 2026 13:29:00",
        "date_hotspot_ori": "2026-09-22T06:29:00.000000Z",
        "provinsi": null,
        "kabkota": "Tapin",
        "desa": "Masta",
        "hs_id": "2026-09-22T06:29:00.000000Z",
        "provinsi_id": 12,
        "long": 115.09613,
        "ori_sumber": null,
        "desa_id": null,
        "counter": 1,
        "confidence_level": "medium",
        "kawasan": "",
        "kecamatan": "Bakarangan",
        "nama_provinsi": "Kalimantan Selatan",
        "pulau": "",
        "route_create": "https://opsroom.sipongidata.my.id/daops/laporan/groundcheck/create/form",
        "hotspot_date": "2026-09-22",
        "distance_hgu_km": 0.507,
        "zone": "0–1 km",
        "location_status": "OUTSIDE HGU"
      }
    },
    {
      "type": "Feature",
      "geometry": {
        "type": "Point",
        "coordinates": [
          115.13411,
          -2.84025
        ]
      },
      "properties": {
        "confidence": "medium",
        "confidence_value": null,
        "sumber": "NASA-NOAA20",
        "date_hotspot": "Selasa, 22 September 2026 13:29:00",
        "date_hotspot_ori": "2026-09-22T06:29:00.000000Z",
        "provinsi": null,
        "kabkota": "Hulu Sungai Selatan",
        "desa": "Karang Paci",
        "hs_id": "2026-09-22T06:29:00.000000Z",
        "provinsi_id": 12,
        "long": 115.13411,
        "ori_sumber": null,
        "desa_id": null,
        "counter": 1,
        "confidence_level": "medium",
        "kawasan": "",
        "kecamatan": "Kalumpang",
        "nama_provinsi": "Kalimantan Selatan",
        "pulau": "",
        "route_create": "https://opsroom.sipongidata.my.id/daops/laporan/groundcheck/create/form",
        "hotspot_date": "2026-09-22",
        "distance_hgu_km": 2.72,
        "zone": "1–3 km",
        "location_status": "OUTSIDE HGU"
      }
    },
    {
      "type": "Feature",
      "geometry": {
        "type": "Point",
        "coordinates": [
          115.15141,
          -2.83176
        ]
      },
      "properties": {
        "confidence": "medium",
        "confidence_value": null,
        "sumber": "NASA-NOAA20",
        "date_hotspot": "Selasa, 22 September 2026 13:29:00",
        "date_hotspot_ori": "2026-09-22T06:29:00.000000Z",
        "provinsi": null,
        "kabkota": "Hulu Sungai Selatan",
        "desa": "Kalumpang",
        "hs_id": "2026-09-22T06:29:00.000000Z",
        "provinsi_id": 12,
        "long": 115.15141,
        "ori_sumber": null,
        "desa_id": null,
        "counter": 1,
        "confidence_level": "medium",
        "kawasan": "",
        "kecamatan": "Kalumpang",
        "nama_provinsi": "Kalimantan Selatan",
        "pulau": "",
        "route_create": "https://opsroom.sipongidata.my.id/daops/laporan/groundcheck/create/form",
        "hotspot_date": "2026-09-22",
        "distance_hgu_km": 2.959,
        "zone": "1–3 km",
        "location_status": "OUTSIDE HGU"
      }
    },
    {
      "type": "Feature",
      "geometry": {
        "type": "Point",
        "coordinates": [
          115.1776,
          -2.7543
        ]
      },
      "properties": {
        "confidence": "medium",
        "confidence_value": null,
        "sumber": "NASA-SNPP",
        "date_hotspot": "Selasa, 22 September 2026 13:10:00",
        "date_hotspot_ori": "2026-09-22T06:10:00.000000Z",
        "provinsi": null,
        "kabkota": "Hulu Sungai Selatan",
        "desa": "Pantai Ulin",
        "hs_id": "2026-09-22T06:10:00.000000Z",
        "provinsi_id": 12,
        "long": 115.1776,
        "ori_sumber": null,
        "desa_id": null,
        "counter": 1,
        "confidence_level": "medium",
        "kawasan": "",
        "kecamatan": "Simpur",
        "nama_provinsi": "Kalimantan Selatan",
        "pulau": "",
        "route_create": "https://opsroom.sipongidata.my.id/daops/laporan/groundcheck/create/form",
        "hotspot_date": "2026-09-22",
        "distance_hgu_km": 0.0,
        "zone": "Inside HGU",
        "location_status": "INSIDE HGU"
      }
    },
    {
      "type": "Feature",
      "geometry": {
        "type": "Point",
        "coordinates": [
          115.09872,
          -2.82224
        ]
      },
      "properties": {
        "confidence": "medium",
        "confidence_value": null,
        "sumber": "NASA-SNPP",
        "date_hotspot": "Selasa, 22 September 2026 13:10:00",
        "date_hotspot_ori": "2026-09-22T06:10:00.000000Z",
        "provinsi": null,
        "kabkota": "Hulu Sungai Selatan",
        "desa": "Balimau",
        "hs_id": "2026-09-22T06:10:00.000000Z",
        "provinsi_id": 12,
        "long": 115.09872,
        "ori_sumber": null,
        "desa_id": null,
        "counter": 1,
        "confidence_level": "medium",
        "kawasan": "",
        "kecamatan": "Kalumpang",
        "nama_provinsi": "Kalimantan Selatan",
        "pulau": "",
        "route_create": "https://opsroom.sipongidata.my.id/daops/laporan/groundcheck/create/form",
        "hotspot_date": "2026-09-22",
        "distance_hgu_km": 0.0,
        "zone": "Inside HGU",
        "location_status": "INSIDE HGU"
      }
    },
    {
      "type": "Feature",
      "geometry": {
        "type": "Point",
        "coordinates": [
          115.13971,
          -2.84238
        ]
      },
      "properties": {
        "confidence": "medium",
        "confidence_value": null,
        "sumber": "NASA-SNPP",
        "date_hotspot": "Selasa, 22 September 2026 13:10:00",
        "date_hotspot_ori": "2026-09-22T06:10:00.000000Z",
        "provinsi": null,
        "kabkota": "Hulu Sungai Selatan",
        "desa": "Karang Paci",
        "hs_id": "2026-09-22T06:10:00.000000Z",
        "provinsi_id": 12,
        "long": 115.13971,
        "ori_sumber": null,
        "desa_id": null,
        "counter": 2,
        "confidence_level": "medium",
        "kawasan": "",
        "kecamatan": "Kalumpang",
        "nama_provinsi": "Kalimantan Selatan",
        "pulau": "",
        "route_create": "https://opsroom.sipongidata.my.id/daops/laporan/groundcheck/create/form",
        "hotspot_date": "2026-09-22",
        "distance_hgu_km": 3.383,
        "zone": "3–5 km",
        "location_status": "OUTSIDE HGU"
      }
    },
    {
      "type": "Feature",
      "geometry": {
        "type": "Point",
        "coordinates": [
          115.15214,
          -2.8404
        ]
      },
      "properties": {
        "confidence": "medium",
        "confidence_value": null,
        "sumber": "NASA-SNPP",
        "date_hotspot": "Selasa, 22 September 2026 13:10:00",
        "date_hotspot_ori": "2026-09-22T06:10:00.000000Z",
        "provinsi": null,
        "kabkota": "Hulu Sungai Selatan",
        "desa": "Kalumpang",
        "hs_id": "2026-09-22T06:10:00.000000Z",
        "provinsi_id": 12,
        "long": 115.15214,
        "ori_sumber": null,
        "desa_id": null,
        "counter": 2,
        "confidence_level": "medium",
        "kawasan": "",
        "kecamatan": "Kalumpang",
        "nama_provinsi": "Kalimantan Selatan",
        "pulau": "",
        "route_create": "https://opsroom.sipongidata.my.id/daops/laporan/groundcheck/create/form",
        "hotspot_date": "2026-09-22",
        "distance_hgu_km": 3.869,
        "zone": "3–5 km",
        "location_status": "OUTSIDE HGU"
      }
    },
    {
      "type": "Feature",
      "geometry": {
        "type": "Point",
        "coordinates": [
          115.08121,
          -2.81656
        ]
      },
      "properties": {
        "confidence": "medium",
        "confidence_value": null,
        "sumber": "NASA-NOAA20",
        "date_hotspot": "Minggu, 04 Oktober 2026 13:05:00",
        "date_hotspot_ori": "2026-10-04T06:05:00.000000Z",
        "provinsi": null,
        "kabkota": "Hulu Sungai Selatan",
        "desa": "Balimau",
        "hs_id": "2026-10-04T06:05:00.000000Z",
        "provinsi_id": 12,
        "long": 115.08121,
        "ori_sumber": null,
        "desa_id": null,
        "counter": 1,
        "confidence_level": "medium",
        "kawasan": "",
        "kecamatan": "Kalumpang",
        "nama_provinsi": "Kalimantan Selatan",
        "pulau": "",
        "route_create": "https://opsroom.sipongidata.my.id/daops/laporan/groundcheck/create/form",
        "hotspot_date": "2026-10-04",
        "distance_hgu_km": 0.0,
        "zone": "Inside HGU",
        "location_status": "INSIDE HGU"
      }
    },
    {
      "type": "Feature",
      "geometry": {
        "type": "Point",
        "coordinates": [
          115.15517,
          -2.70759
        ]
      },
      "properties": {
        "confidence": "medium",
        "confidence_value": null,
        "sumber": "NASA-NOAA20",
        "date_hotspot": "Minggu, 04 Oktober 2026 13:05:00",
        "date_hotspot_ori": "2026-10-04T06:05:00.000000Z",
        "provinsi": null,
        "kabkota": "Hulu Sungai Selatan",
        "desa": "Pantai Ulin",
        "hs_id": "2026-10-04T06:05:00.000000Z",
        "provinsi_id": 12,
        "long": 115.15517,
        "ori_sumber": null,
        "desa_id": null,
        "counter": 1,
        "confidence_level": "medium",
        "kawasan": "",
        "kecamatan": "Simpur",
        "nama_provinsi": "Kalimantan Selatan",
        "pulau": "",
        "route_create": "https://opsroom.sipongidata.my.id/daops/laporan/groundcheck/create/form",
        "hotspot_date": "2026-10-04",
        "distance_hgu_km": 2.472,
        "zone": "1–3 km",
        "location_status": "OUTSIDE HGU"
      }
    },
    {
      "type": "Feature",
      "geometry": {
        "type": "Point",
        "coordinates": [
          115.18694,
          -2.68762
        ]
      },
      "properties": {
        "confidence": "medium",
        "confidence_value": null,
        "sumber": "NASA-NOAA20",
        "date_hotspot": "Minggu, 04 Oktober 2026 13:05:00",
        "date_hotspot_ori": "2026-10-04T06:05:00.000000Z",
        "provinsi": null,
        "kabkota": "Hulu Sungai Selatan",
        "desa": "Bangkau",
        "hs_id": "2026-10-04T06:05:00.000000Z",
        "provinsi_id": 12,
        "long": 115.18694,
        "ori_sumber": null,
        "desa_id": null,
        "counter": 1,
        "confidence_level": "medium",
        "kawasan": "",
        "kecamatan": "Kandangan",
        "nama_provinsi": "Kalimantan Selatan",
        "pulau": "",
        "route_create": "https://opsroom.sipongidata.my.id/daops/laporan/groundcheck/create/form",
        "hotspot_date": "2026-10-04",
        "distance_hgu_km": 3.522,
        "zone": "3–5 km",
        "location_status": "OUTSIDE HGU"
      }
    },
    {
      "type": "Feature",
      "geometry": {
        "type": "Point",
        "coordinates": [
          115.2014,
          -2.69656
        ]
      },
      "properties": {
        "confidence": "medium",
        "confidence_value": null,
        "sumber": "NASA-NOAA20",
        "date_hotspot": "Minggu, 04 Oktober 2026 13:05:00",
        "date_hotspot_ori": "2026-10-04T06:05:00.000000Z",
        "provinsi": null,
        "kabkota": "Hulu Sungai Selatan",
        "desa": "Bangkau",
        "hs_id": "2026-10-04T06:05:00.000000Z",
        "provinsi_id": 12,
        "long": 115.2014,
        "ori_sumber": null,
        "desa_id": null,
        "counter": 1,
        "confidence_level": "medium",
        "kawasan": "",
        "kecamatan": "Kandangan",
        "nama_provinsi": "Kalimantan Selatan",
        "pulau": "",
        "route_create": "https://opsroom.sipongidata.my.id/daops/laporan/groundcheck/create/form",
        "hotspot_date": "2026-10-04",
        "distance_hgu_km": 2.906,
        "zone": "1–3 km",
        "location_status": "OUTSIDE HGU"
      }
    },
    {
      "type": "Feature",
      "geometry": {
        "type": "Point",
        "coordinates": [
          115.08485,
          -2.81227
        ]
      },
      "properties": {
        "confidence": "medium",
        "confidence_value": null,
        "sumber": "NASA-NOAA20",
        "date_hotspot": "Minggu, 04 Oktober 2026 13:05:00",
        "date_hotspot_ori": "2026-10-04T06:05:00.000000Z",
        "provinsi": null,
        "kabkota": "Hulu Sungai Selatan",
        "desa": "Balimau",
        "hs_id": "2026-10-04T06:05:00.000000Z",
        "provinsi_id": 12,
        "long": 115.08485,
        "ori_sumber": null,
        "desa_id": null,
        "counter": 1,
        "confidence_level": "medium",
        "kawasan": "",
        "kecamatan": "Kalumpang",
        "nama_provinsi": "Kalimantan Selatan",
        "pulau": "",
        "route_create": "https://opsroom.sipongidata.my.id/daops/laporan/groundcheck/create/form",
        "hotspot_date": "2026-10-04",
        "distance_hgu_km": 0.0,
        "zone": "Inside HGU",
        "location_status": "INSIDE HGU"
      }
    },
    {
      "type": "Feature",
      "geometry": {
        "type": "Point",
        "coordinates": [
          115.15446,
          -2.84256
        ]
      },
      "properties": {
        "confidence": "medium",
        "confidence_value": null,
        "sumber": "NASA-NOAA20",
        "date_hotspot": "Rabu, 23 September 2026 13:12:00",
        "date_hotspot_ori": "2026-09-23T06:12:00.000000Z",
        "provinsi": null,
        "kabkota": "Hulu Sungai Selatan",
        "desa": "Kalumpang",
        "hs_id": "2026-09-23T06:12:00.000000Z",
        "provinsi_id": 12,
        "long": 115.15446,
        "ori_sumber": null,
        "desa_id": null,
        "counter": 1,
        "confidence_level": "medium",
        "kawasan": "",
        "kecamatan": "Kalumpang",
        "nama_provinsi": "Kalimantan Selatan",
        "pulau": "",
        "route_create": "https://opsroom.sipongidata.my.id/daops/laporan/groundcheck/create/form",
        "hotspot_date": "2026-09-23",
        "distance_hgu_km": 4.19,
        "zone": "3–5 km",
        "location_status": "OUTSIDE HGU"
      }
    },
    {
      "type": "Feature",
      "geometry": {
        "type": "Point",
        "coordinates": [
          115.15813,
          -2.68791
        ]
      },
      "properties": {
        "confidence": "medium",
        "confidence_value": null,
        "sumber": "NASA-SNPP",
        "date_hotspot": "Kamis, 24 September 2026 12:33:00",
        "date_hotspot_ori": "2026-09-24T05:33:00.000000Z",
        "provinsi": null,
        "kabkota": "Hulu Sungai Selatan",
        "desa": "Muning Baru",
        "hs_id": "2026-09-24T05:33:00.000000Z",
        "provinsi_id": 12,
        "long": 115.15813,
        "ori_sumber": null,
        "desa_id": null,
        "counter": 1,
        "confidence_level": "medium",
        "kawasan": "",
        "kecamatan": "Daha Selatan",
        "nama_provinsi": "Kalimantan Selatan",
        "pulau": "",
        "route_create": "https://opsroom.sipongidata.my.id/daops/laporan/groundcheck/create/form",
        "hotspot_date": "2026-09-24",
        "distance_hgu_km": 4.409,
        "zone": "3–5 km",
        "location_status": "OUTSIDE HGU"
      }
    },
    {
      "type": "Feature",
      "geometry": {
        "type": "Point",
        "coordinates": [
          115.0818,
          -2.7129
        ]
      },
      "properties": {
        "confidence": "medium",
        "confidence_value": null,
        "sumber": "NASA-SNPP",
        "date_hotspot": "Kamis, 24 September 2026 12:33:00",
        "date_hotspot_ori": "2026-09-24T05:33:00.000000Z",
        "provinsi": null,
        "kabkota": "Hulu Sungai Selatan",
        "desa": "Tanjung Selor",
        "hs_id": "2026-09-24T05:33:00.000000Z",
        "provinsi_id": 12,
        "long": 115.0818,
        "ori_sumber": null,
        "desa_id": null,
        "counter": 1,
        "confidence_level": "medium",
        "kawasan": "",
        "kecamatan": "Daha Barat",
        "nama_provinsi": "Kalimantan Selatan",
        "pulau": "",
        "route_create": "https://opsroom.sipongidata.my.id/daops/laporan/groundcheck/create/form",
        "hotspot_date": "2026-09-24",
        "distance_hgu_km": 4.7,
        "zone": "3–5 km",
        "location_status": "OUTSIDE HGU"
      }
    },
    {
      "type": "Feature",
      "geometry": {
        "type": "Point",
        "coordinates": [
          115.12606,
          -2.71084
        ]
      },
      "properties": {
        "confidence": "medium",
        "confidence_value": null,
        "sumber": "NASA-SNPP",
        "date_hotspot": "Kamis, 24 September 2026 12:33:00",
        "date_hotspot_ori": "2026-09-24T05:33:00.000000Z",
        "provinsi": null,
        "kabkota": "Hulu Sungai Selatan",
        "desa": "Muning Baru",
        "hs_id": "2026-09-24T05:33:00.000000Z",
        "provinsi_id": 12,
        "long": 115.12606,
        "ori_sumber": null,
        "desa_id": null,
        "counter": 1,
        "confidence_level": "medium",
        "kawasan": "",
        "kecamatan": "Daha Selatan",
        "nama_provinsi": "Kalimantan Selatan",
        "pulau": "",
        "route_create": "https://opsroom.sipongidata.my.id/daops/laporan/groundcheck/create/form",
        "hotspot_date": "2026-09-24",
        "distance_hgu_km": 1.612,
        "zone": "1–3 km",
        "location_status": "OUTSIDE HGU"
      }
    },
    {
      "type": "Feature",
      "geometry": {
        "type": "Point",
        "coordinates": [
          115.17293,
          -2.67788
        ]
      },
      "properties": {
        "confidence": "medium",
        "confidence_value": null,
        "sumber": "NASA-NOAA20",
        "date_hotspot": "Kamis, 24 September 2026 12:53:00",
        "date_hotspot_ori": "2026-09-24T05:53:00.000000Z",
        "provinsi": null,
        "kabkota": "Hulu Sungai Selatan",
        "desa": "Muning Baru",
        "hs_id": "2026-09-24T05:53:00.000000Z",
        "provinsi_id": 12,
        "long": 115.17293,
        "ori_sumber": null,
        "desa_id": null,
        "counter": 1,
        "confidence_level": "medium",
        "kawasan": "",
        "kecamatan": "Daha Selatan",
        "nama_provinsi": "Kalimantan Selatan",
        "pulau": "",
        "route_create": "https://opsroom.sipongidata.my.id/daops/laporan/groundcheck/create/form",
        "hotspot_date": "2026-09-24",
        "distance_hgu_km": 4.908,
        "zone": "3–5 km",
        "location_status": "OUTSIDE HGU"
      }
    },
    {
      "type": "Feature",
      "geometry": {
        "type": "Point",
        "coordinates": [
          115.15723,
          -2.69041
        ]
      },
      "properties": {
        "confidence": "medium",
        "confidence_value": null,
        "sumber": "NASA-NOAA20",
        "date_hotspot": "Kamis, 24 September 2026 12:53:00",
        "date_hotspot_ori": "2026-09-24T05:53:00.000000Z",
        "provinsi": null,
        "kabkota": "Hulu Sungai Selatan",
        "desa": "Muning Baru",
        "hs_id": "2026-09-24T05:53:00.000000Z",
        "provinsi_id": 12,
        "long": 115.15723,
        "ori_sumber": null,
        "desa_id": null,
        "counter": 4,
        "confidence_level": "medium",
        "kawasan": "",
        "kecamatan": "Daha Selatan",
        "nama_provinsi": "Kalimantan Selatan",
        "pulau": "",
        "route_create": "https://opsroom.sipongidata.my.id/daops/laporan/groundcheck/create/form",
        "hotspot_date": "2026-09-24",
        "distance_hgu_km": 4.183,
        "zone": "3–5 km",
        "location_status": "OUTSIDE HGU"
      }
    },
    {
      "type": "Feature",
      "geometry": {
        "type": "Point",
        "coordinates": [
          115.16957,
          -2.75379
        ]
      },
      "properties": {
        "confidence": "medium",
        "confidence_value": null,
        "sumber": "NASA-NOAA20",
        "date_hotspot": "Rabu, 09 September 2026 12:33:00",
        "date_hotspot_ori": "2026-09-09T05:33:00.000000Z",
        "provinsi": null,
        "kabkota": "Hulu Sungai Selatan",
        "desa": "Panjampang Bahagia",
        "hs_id": "2026-09-09T05:33:00.000000Z",
        "provinsi_id": 12,
        "long": 115.16957,
        "ori_sumber": null,
        "desa_id": null,
        "counter": 1,
        "confidence_level": "medium",
        "kawasan": "",
        "kecamatan": "Simpur",
        "nama_provinsi": "Kalimantan Selatan",
        "pulau": "",
        "route_create": "https://opsroom.sipongidata.my.id/daops/laporan/groundcheck/create/form",
        "hotspot_date": "2026-09-09",
        "distance_hgu_km": 0.0,
        "zone": "Inside HGU",
        "location_status": "INSIDE HGU"
      }
    },
    {
      "type": "Feature",
      "geometry": {
        "type": "Point",
        "coordinates": [
          115.17838,
          -2.72831
        ]
      },
      "properties": {
        "confidence": "medium",
        "confidence_value": null,
        "sumber": "NASA-NOAA20",
        "date_hotspot": "Rabu, 09 September 2026 12:33:00",
        "date_hotspot_ori": "2026-09-09T05:33:00.000000Z",
        "provinsi": null,
        "kabkota": "Hulu Sungai Selatan",
        "desa": "Pantai Ulin",
        "hs_id": "2026-09-09T05:33:00.000000Z",
        "provinsi_id": 12,
        "long": 115.17838,
        "ori_sumber": null,
        "desa_id": null,
        "counter": 1,
        "confidence_level": "medium",
        "kawasan": "",
        "kecamatan": "Simpur",
        "nama_provinsi": "Kalimantan Selatan",
        "pulau": "",
        "route_create": "https://opsroom.sipongidata.my.id/daops/laporan/groundcheck/create/form",
        "hotspot_date": "2026-09-09",
        "distance_hgu_km": 0.0,
        "zone": "Inside HGU",
        "location_status": "INSIDE HGU"
      }
    },
    {
      "type": "Feature",
      "geometry": {
        "type": "Point",
        "coordinates": [
          115.17781,
          -2.7244
        ]
      },
      "properties": {
        "confidence": "medium",
        "confidence_value": null,
        "sumber": "NASA-NOAA20",
        "date_hotspot": "Rabu, 09 September 2026 12:33:00",
        "date_hotspot_ori": "2026-09-09T05:33:00.000000Z",
        "provinsi": null,
        "kabkota": "Hulu Sungai Selatan",
        "desa": "Pantai Ulin",
        "hs_id": "2026-09-09T05:33:00.000000Z",
        "provinsi_id": 12,
        "long": 115.17781,
        "ori_sumber": null,
        "desa_id": null,
        "counter": 1,
        "confidence_level": "medium",
        "kawasan": "",
        "kecamatan": "Simpur",
        "nama_provinsi": "Kalimantan Selatan",
        "pulau": "",
        "route_create": "https://opsroom.sipongidata.my.id/daops/laporan/groundcheck/create/form",
        "hotspot_date": "2026-09-09",
        "distance_hgu_km": 0.0,
        "zone": "Inside HGU",
        "location_status": "INSIDE HGU"
      }
    },
    {
      "type": "Feature",
      "geometry": {
        "type": "Point",
        "coordinates": [
          115.14697,
          -2.72106
        ]
      },
      "properties": {
        "confidence": "medium",
        "confidence_value": null,
        "sumber": "NASA-NOAA20",
        "date_hotspot": "Rabu, 09 September 2026 12:33:00",
        "date_hotspot_ori": "2026-09-09T05:33:00.000000Z",
        "provinsi": null,
        "kabkota": "Hulu Sungai Selatan",
        "desa": "Panjampang Bahagia",
        "hs_id": "2026-09-09T05:33:00.000000Z",
        "provinsi_id": 12,
        "long": 115.14697,
        "ori_sumber": null,
        "desa_id": null,
        "counter": 2,
        "confidence_level": "medium",
        "kawasan": "",
        "kecamatan": "Simpur",
        "nama_provinsi": "Kalimantan Selatan",
        "pulau": "",
        "route_create": "https://opsroom.sipongidata.my.id/daops/laporan/groundcheck/create/form",
        "hotspot_date": "2026-09-09",
        "distance_hgu_km": 1.268,
        "zone": "1–3 km",
        "location_status": "OUTSIDE HGU"
      }
    },
    {
      "type": "Feature",
      "geometry": {
        "type": "Point",
        "coordinates": [
          115.17286,
          -2.72515
        ]
      },
      "properties": {
        "confidence": "medium",
        "confidence_value": null,
        "sumber": "NASA-NOAA20",
        "date_hotspot": "Rabu, 09 September 2026 12:33:00",
        "date_hotspot_ori": "2026-09-09T05:33:00.000000Z",
        "provinsi": null,
        "kabkota": "Hulu Sungai Selatan",
        "desa": "Pantai Ulin",
        "hs_id": "2026-09-09T05:33:00.000000Z",
        "provinsi_id": 12,
        "long": 115.17286,
        "ori_sumber": null,
        "desa_id": null,
        "counter": 1,
        "confidence_level": "medium",
        "kawasan": "",
        "kecamatan": "Simpur",
        "nama_provinsi": "Kalimantan Selatan",
        "pulau": "",
        "route_create": "https://opsroom.sipongidata.my.id/daops/laporan/groundcheck/create/form",
        "hotspot_date": "2026-09-09",
        "distance_hgu_km": 0.0,
        "zone": "Inside HGU",
        "location_status": "INSIDE HGU"
      }
    },
    {
      "type": "Feature",
      "geometry": {
        "type": "Point",
        "coordinates": [
          115.21713,
          -2.71844
        ]
      },
      "properties": {
        "confidence": "medium",
        "confidence_value": null,
        "sumber": "NASA-NOAA20",
        "date_hotspot": "Rabu, 09 September 2026 12:33:00",
        "date_hotspot_ori": "2026-09-09T05:33:00.000000Z",
        "provinsi": null,
        "kabkota": "Hulu Sungai Selatan",
        "desa": "Sungai Kupang",
        "hs_id": "2026-09-09T05:33:00.000000Z",
        "provinsi_id": 12,
        "long": 115.21713,
        "ori_sumber": null,
        "desa_id": null,
        "counter": 1,
        "confidence_level": "medium",
        "kawasan": "",
        "kecamatan": "Kandangan",
        "nama_provinsi": "Kalimantan Selatan",
        "pulau": "",
        "route_create": "https://opsroom.sipongidata.my.id/daops/laporan/groundcheck/create/form",
        "hotspot_date": "2026-09-09",
        "distance_hgu_km": 2.713,
        "zone": "1–3 km",
        "location_status": "OUTSIDE HGU"
      }
    },
    {
      "type": "Feature",
      "geometry": {
        "type": "Point",
        "coordinates": [
          115.13002,
          -2.8616
        ]
      },
      "properties": {
        "confidence": "medium",
        "confidence_value": null,
        "sumber": "NASA-NOAA20",
        "date_hotspot": "Kamis, 10 September 2026 01:15:00",
        "date_hotspot_ori": "2026-09-09T18:15:00.000000Z",
        "provinsi": null,
        "kabkota": "Tapin",
        "desa": "Masta",
        "hs_id": "2026-09-09T18:15:00.000000Z",
        "provinsi_id": 12,
        "long": 115.13002,
        "ori_sumber": null,
        "desa_id": null,
        "counter": 1,
        "confidence_level": "medium",
        "kawasan": "",
        "kecamatan": "Bakarangan",
        "nama_provinsi": "Kalimantan Selatan",
        "pulau": "",
        "route_create": "https://opsroom.sipongidata.my.id/daops/laporan/groundcheck/create/form",
        "hotspot_date": "2026-09-10",
        "distance_hgu_km": 3.73,
        "zone": "3–5 km",
        "location_status": "OUTSIDE HGU"
      }
    },
    {
      "type": "Feature",
      "geometry": {
        "type": "Point",
        "coordinates": [
          115.11183,
          -2.8422
        ]
      },
      "properties": {
        "confidence": "medium",
        "confidence_value": null,
        "sumber": "NASA-SNPP",
        "date_hotspot": "Kamis, 10 September 2026 13:35:00",
        "date_hotspot_ori": "2026-09-10T06:35:00.000000Z",
        "provinsi": null,
        "kabkota": "Tapin",
        "desa": "Masta",
        "hs_id": "2026-09-10T06:35:00.000000Z",
        "provinsi_id": 12,
        "long": 115.11183,
        "ori_sumber": null,
        "desa_id": null,
        "counter": 1,
        "confidence_level": "medium",
        "kawasan": "",
        "kecamatan": "Bakarangan",
        "nama_provinsi": "Kalimantan Selatan",
        "pulau": "",
        "route_create": "https://opsroom.sipongidata.my.id/daops/laporan/groundcheck/create/form",
        "hotspot_date": "2026-09-10",
        "distance_hgu_km": 0.829,
        "zone": "0–1 km",
        "location_status": "OUTSIDE HGU"
      }
    },
    {
      "type": "Feature",
      "geometry": {
        "type": "Point",
        "coordinates": [
          115.18689,
          -2.74249
        ]
      },
      "properties": {
        "confidence": "medium",
        "confidence_value": null,
        "sumber": "NASA-SNPP",
        "date_hotspot": "Jumat, 11 September 2026 13:16:00",
        "date_hotspot_ori": "2026-09-11T06:16:00.000000Z",
        "provinsi": null,
        "kabkota": "Hulu Sungai Selatan",
        "desa": "Pantai Ulin",
        "hs_id": "2026-09-11T06:16:00.000000Z",
        "provinsi_id": 12,
        "long": 115.18689,
        "ori_sumber": null,
        "desa_id": null,
        "counter": 2,
        "confidence_level": "medium",
        "kawasan": "",
        "kecamatan": "Simpur",
        "nama_provinsi": "Kalimantan Selatan",
        "pulau": "",
        "route_create": "https://opsroom.sipongidata.my.id/daops/laporan/groundcheck/create/form",
        "hotspot_date": "2026-09-11",
        "distance_hgu_km": 0.0,
        "zone": "Inside HGU",
        "location_status": "INSIDE HGU"
      }
    },
    {
      "type": "Feature",
      "geometry": {
        "type": "Point",
        "coordinates": [
          115.11291,
          -2.80714
        ]
      },
      "properties": {
        "confidence": "medium",
        "confidence_value": null,
        "sumber": "NASA-SNPP",
        "date_hotspot": "Jumat, 11 September 2026 13:16:00",
        "date_hotspot_ori": "2026-09-11T06:16:00.000000Z",
        "provinsi": null,
        "kabkota": "Hulu Sungai Selatan",
        "desa": "Balimau",
        "hs_id": "2026-09-11T06:16:00.000000Z",
        "provinsi_id": 12,
        "long": 115.11291,
        "ori_sumber": null,
        "desa_id": null,
        "counter": 1,
        "confidence_level": "medium",
        "kawasan": "",
        "kecamatan": "Kalumpang",
        "nama_provinsi": "Kalimantan Selatan",
        "pulau": "",
        "route_create": "https://opsroom.sipongidata.my.id/daops/laporan/groundcheck/create/form",
        "hotspot_date": "2026-09-11",
        "distance_hgu_km": 0.0,
        "zone": "Inside HGU",
        "location_status": "INSIDE HGU"
      }
    },
    {
      "type": "Feature",
      "geometry": {
        "type": "Point",
        "coordinates": [
          115.15789,
          -2.75857
        ]
      },
      "properties": {
        "confidence": "medium",
        "confidence_value": null,
        "sumber": "NASA-NOAA20",
        "date_hotspot": "Jumat, 11 September 2026 13:35:00",
        "date_hotspot_ori": "2026-09-11T06:35:00.000000Z",
        "provinsi": null,
        "kabkota": "Hulu Sungai Selatan",
        "desa": "Garunggang",
        "hs_id": "2026-09-11T06:35:00.000000Z",
        "provinsi_id": 12,
        "long": 115.15789,
        "ori_sumber": null,
        "desa_id": null,
        "counter": 1,
        "confidence_level": "medium",
        "kawasan": "",
        "kecamatan": "Simpur",
        "nama_provinsi": "Kalimantan Selatan",
        "pulau": "",
        "route_create": "https://opsroom.sipongidata.my.id/daops/laporan/groundcheck/create/form",
        "hotspot_date": "2026-09-11",
        "distance_hgu_km": 0.0,
        "zone": "Inside HGU",
        "location_status": "INSIDE HGU"
      }
    },
    {
      "type": "Feature",
      "geometry": {
        "type": "Point",
        "coordinates": [
          115.06563,
          -2.8117
        ]
      },
      "properties": {
        "confidence": "medium",
        "confidence_value": null,
        "sumber": "NASA-NOAA20",
        "date_hotspot": "Jumat, 11 September 2026 13:35:00",
        "date_hotspot_ori": "2026-09-11T06:35:00.000000Z",
        "provinsi": null,
        "kabkota": "Tapin",
        "desa": "Sungai Rutas",
        "hs_id": "2026-09-11T06:35:00.000000Z",
        "provinsi_id": 12,
        "long": 115.06563,
        "ori_sumber": null,
        "desa_id": null,
        "counter": 1,
        "confidence_level": "medium",
        "kawasan": "",
        "kecamatan": "Candi Laras Selatan",
        "nama_provinsi": "Kalimantan Selatan",
        "pulau": "",
        "route_create": "https://opsroom.sipongidata.my.id/daops/laporan/groundcheck/create/form",
        "hotspot_date": "2026-09-11",
        "distance_hgu_km": 0.818,
        "zone": "0–1 km",
        "location_status": "OUTSIDE HGU"
      }
    },
    {
      "type": "Feature",
      "geometry": {
        "type": "Point",
        "coordinates": [
          115.16193,
          -2.73308
        ]
      },
      "properties": {
        "confidence": "medium",
        "confidence_value": null,
        "sumber": "NASA-NOAA20",
        "date_hotspot": "Jumat, 11 September 2026 13:35:00",
        "date_hotspot_ori": "2026-09-11T06:35:00.000000Z",
        "provinsi": null,
        "kabkota": "Hulu Sungai Selatan",
        "desa": "Pantai Ulin",
        "hs_id": "2026-09-11T06:35:00.000000Z",
        "provinsi_id": 12,
        "long": 115.16193,
        "ori_sumber": null,
        "desa_id": null,
        "counter": 1,
        "confidence_level": "medium",
        "kawasan": "",
        "kecamatan": "Simpur",
        "nama_provinsi": "Kalimantan Selatan",
        "pulau": "",
        "route_create": "https://opsroom.sipongidata.my.id/daops/laporan/groundcheck/create/form",
        "hotspot_date": "2026-09-11",
        "distance_hgu_km": 0.0,
        "zone": "Inside HGU",
        "location_status": "INSIDE HGU"
      }
    },
    {
      "type": "Feature",
      "geometry": {
        "type": "Point",
        "coordinates": [
          115.12535,
          -2.689
        ]
      },
      "properties": {
        "confidence": "medium",
        "confidence_value": null,
        "sumber": "NASA-SNPP",
        "date_hotspot": "Minggu, 20 September 2026 13:48:00",
        "date_hotspot_ori": "2026-09-20T06:48:00.000000Z",
        "provinsi": null,
        "kabkota": "Hulu Sungai Selatan",
        "desa": "Muning Baru",
        "hs_id": "2026-09-20T06:48:00.000000Z",
        "provinsi_id": 12,
        "long": 115.12535,
        "ori_sumber": null,
        "desa_id": null,
        "counter": 1,
        "confidence_level": "medium",
        "kawasan": "",
        "kecamatan": "Daha Selatan",
        "nama_provinsi": "Kalimantan Selatan",
        "pulau": "",
        "route_create": "https://opsroom.sipongidata.my.id/daops/laporan/groundcheck/create/form",
        "hotspot_date": "2026-09-20",
        "distance_hgu_km": 3.912,
        "zone": "3–5 km",
        "location_status": "OUTSIDE HGU"
      }
    },
    {
      "type": "Feature",
      "geometry": {
        "type": "Point",
        "coordinates": [
          115.12037,
          -2.72034
        ]
      },
      "properties": {
        "confidence": "medium",
        "confidence_value": null,
        "sumber": "NASA-SNPP",
        "date_hotspot": "Jumat, 11 September 2026 13:16:00",
        "date_hotspot_ori": "2026-09-11T06:16:00.000000Z",
        "provinsi": null,
        "kabkota": "Hulu Sungai Selatan",
        "desa": "Muning Baru",
        "hs_id": "2026-09-11T06:16:00.000000Z",
        "provinsi_id": 12,
        "long": 115.12037,
        "ori_sumber": null,
        "desa_id": null,
        "counter": 1,
        "confidence_level": "medium",
        "kawasan": "",
        "kecamatan": "Daha Selatan",
        "nama_provinsi": "Kalimantan Selatan",
        "pulau": "",
        "route_create": "https://opsroom.sipongidata.my.id/daops/laporan/groundcheck/create/form",
        "hotspot_date": "2026-09-11",
        "distance_hgu_km": 1.359,
        "zone": "1–3 km",
        "location_status": "OUTSIDE HGU"
      }
    },
    {
      "type": "Feature",
      "geometry": {
        "type": "Point",
        "coordinates": [
          115.18628,
          -2.73849
        ]
      },
      "properties": {
        "confidence": "medium",
        "confidence_value": null,
        "sumber": "NASA-SNPP",
        "date_hotspot": "Jumat, 11 September 2026 13:16:00",
        "date_hotspot_ori": "2026-09-11T06:16:00.000000Z",
        "provinsi": null,
        "kabkota": "Hulu Sungai Selatan",
        "desa": "Pantai Ulin",
        "hs_id": "2026-09-11T06:16:00.000000Z",
        "provinsi_id": 12,
        "long": 115.18628,
        "ori_sumber": null,
        "desa_id": null,
        "counter": 2,
        "confidence_level": "medium",
        "kawasan": "",
        "kecamatan": "Simpur",
        "nama_provinsi": "Kalimantan Selatan",
        "pulau": "",
        "route_create": "https://opsroom.sipongidata.my.id/daops/laporan/groundcheck/create/form",
        "hotspot_date": "2026-09-11",
        "distance_hgu_km": 0.0,
        "zone": "Inside HGU",
        "location_status": "INSIDE HGU"
      }
    },
    {
      "type": "Feature",
      "geometry": {
        "type": "Point",
        "coordinates": [
          115.13079,
          -2.72462
        ]
      },
      "properties": {
        "confidence": "medium",
        "confidence_value": null,
        "sumber": "NASA-SNPP",
        "date_hotspot": "Sabtu, 12 September 2026 00:17:00",
        "date_hotspot_ori": "2026-09-11T17:17:00.000000Z",
        "provinsi": null,
        "kabkota": "Hulu Sungai Selatan",
        "desa": "Muning Baru",
        "hs_id": "2026-09-11T17:17:00.000000Z",
        "provinsi_id": 12,
        "long": 115.13079,
        "ori_sumber": null,
        "desa_id": null,
        "counter": 2,
        "confidence_level": "medium",
        "kawasan": "",
        "kecamatan": "Daha Selatan",
        "nama_provinsi": "Kalimantan Selatan",
        "pulau": "",
        "route_create": "https://opsroom.sipongidata.my.id/daops/laporan/groundcheck/create/form",
        "hotspot_date": "2026-09-12",
        "distance_hgu_km": 0.156,
        "zone": "0–1 km",
        "location_status": "OUTSIDE HGU"
      }
    },
    {
      "type": "Feature",
      "geometry": {
        "type": "Point",
        "coordinates": [
          115.19028,
          -2.76288
        ]
      },
      "properties": {
        "confidence": "medium",
        "confidence_value": null,
        "sumber": "NASA-NOAA20",
        "date_hotspot": "Minggu, 20 September 2026 12:27:00",
        "date_hotspot_ori": "2026-09-20T05:27:00.000000Z",
        "provinsi": null,
        "kabkota": "Hulu Sungai Selatan",
        "desa": "Pantai Ulin",
        "hs_id": "2026-09-20T05:27:00.000000Z",
        "provinsi_id": 12,
        "long": 115.19028,
        "ori_sumber": null,
        "desa_id": null,
        "counter": 1,
        "confidence_level": "medium",
        "kawasan": "",
        "kecamatan": "Simpur",
        "nama_provinsi": "Kalimantan Selatan",
        "pulau": "",
        "route_create": "https://opsroom.sipongidata.my.id/daops/laporan/groundcheck/create/form",
        "hotspot_date": "2026-09-20",
        "distance_hgu_km": 0.0,
        "zone": "Inside HGU",
        "location_status": "INSIDE HGU"
      }
    },
    {
      "type": "Feature",
      "geometry": {
        "type": "Point",
        "coordinates": [
          115.06743,
          -2.7312
        ]
      },
      "properties": {
        "confidence": "medium",
        "confidence_value": null,
        "sumber": "NASA-SNPP",
        "date_hotspot": "Sabtu, 12 September 2026 12:57:00",
        "date_hotspot_ori": "2026-09-12T05:57:00.000000Z",
        "provinsi": null,
        "kabkota": "Hulu Sungai Selatan",
        "desa": "Tanjung Selor",
        "hs_id": "2026-09-12T05:57:00.000000Z",
        "provinsi_id": 12,
        "long": 115.06743,
        "ori_sumber": null,
        "desa_id": null,
        "counter": 1,
        "confidence_level": "medium",
        "kawasan": "",
        "kecamatan": "Daha Barat",
        "nama_provinsi": "Kalimantan Selatan",
        "pulau": "",
        "route_create": "https://opsroom.sipongidata.my.id/daops/laporan/groundcheck/create/form",
        "hotspot_date": "2026-09-12",
        "distance_hgu_km": 4.047,
        "zone": "3–5 km",
        "location_status": "OUTSIDE HGU"
      }
    },
    {
      "type": "Feature",
      "geometry": {
        "type": "Point",
        "coordinates": [
          115.14852,
          -2.69866
        ]
      },
      "properties": {
        "confidence": "medium",
        "confidence_value": null,
        "sumber": "NASA-NOAA20",
        "date_hotspot": "Sabtu, 12 September 2026 13:18:00",
        "date_hotspot_ori": "2026-09-12T06:18:00.000000Z",
        "provinsi": null,
        "kabkota": "Hulu Sungai Selatan",
        "desa": "Muning Baru",
        "hs_id": "2026-09-12T06:18:00.000000Z",
        "provinsi_id": 12,
        "long": 115.14852,
        "ori_sumber": null,
        "desa_id": null,
        "counter": 1,
        "confidence_level": "medium",
        "kawasan": "",
        "kecamatan": "Daha Selatan",
        "nama_provinsi": "Kalimantan Selatan",
        "pulau": "",
        "route_create": "https://opsroom.sipongidata.my.id/daops/laporan/groundcheck/create/form",
        "hotspot_date": "2026-09-12",
        "distance_hgu_km": 3.221,
        "zone": "3–5 km",
        "location_status": "OUTSIDE HGU"
      }
    },
    {
      "type": "Feature",
      "geometry": {
        "type": "Point",
        "coordinates": [
          115.14106,
          -2.709
        ]
      },
      "properties": {
        "confidence": "medium",
        "confidence_value": null,
        "sumber": "NASA-NOAA20",
        "date_hotspot": "Sabtu, 12 September 2026 13:18:00",
        "date_hotspot_ori": "2026-09-12T06:18:00.000000Z",
        "provinsi": null,
        "kabkota": "Hulu Sungai Selatan",
        "desa": "Muning Baru",
        "hs_id": "2026-09-12T06:18:00.000000Z",
        "provinsi_id": 12,
        "long": 115.14106,
        "ori_sumber": null,
        "desa_id": null,
        "counter": 2,
        "confidence_level": "medium",
        "kawasan": "",
        "kecamatan": "Daha Selatan",
        "nama_provinsi": "Kalimantan Selatan",
        "pulau": "",
        "route_create": "https://opsroom.sipongidata.my.id/daops/laporan/groundcheck/create/form",
        "hotspot_date": "2026-09-12",
        "distance_hgu_km": 1.816,
        "zone": "1–3 km",
        "location_status": "OUTSIDE HGU"
      }
    },
    {
      "type": "Feature",
      "geometry": {
        "type": "Point",
        "coordinates": [
          115.21146,
          -2.69319
        ]
      },
      "properties": {
        "confidence": "medium",
        "confidence_value": null,
        "sumber": "NASA-NOAA20",
        "date_hotspot": "Sabtu, 12 September 2026 13:18:00",
        "date_hotspot_ori": "2026-09-12T06:18:00.000000Z",
        "provinsi": null,
        "kabkota": "Hulu Sungai Selatan",
        "desa": "Sungai Kupang",
        "hs_id": "2026-09-12T06:18:00.000000Z",
        "provinsi_id": 12,
        "long": 115.21146,
        "ori_sumber": null,
        "desa_id": null,
        "counter": 2,
        "confidence_level": "medium",
        "kawasan": "",
        "kecamatan": "Kandangan",
        "nama_provinsi": "Kalimantan Selatan",
        "pulau": "",
        "route_create": "https://opsroom.sipongidata.my.id/daops/laporan/groundcheck/create/form",
        "hotspot_date": "2026-09-12",
        "distance_hgu_km": 3.863,
        "zone": "3–5 km",
        "location_status": "OUTSIDE HGU"
      }
    },
    {
      "type": "Feature",
      "geometry": {
        "type": "Point",
        "coordinates": [
          115.16831,
          -2.70924
        ]
      },
      "properties": {
        "confidence": "medium",
        "confidence_value": null,
        "sumber": "NASA-NOAA20",
        "date_hotspot": "Sabtu, 12 September 2026 13:18:00",
        "date_hotspot_ori": "2026-09-12T06:18:00.000000Z",
        "provinsi": null,
        "kabkota": "Hulu Sungai Selatan",
        "desa": "Pantai Ulin",
        "hs_id": "2026-09-12T06:18:00.000000Z",
        "provinsi_id": 12,
        "long": 115.16831,
        "ori_sumber": null,
        "desa_id": null,
        "counter": 1,
        "confidence_level": "medium",
        "kawasan": "",
        "kecamatan": "Simpur",
        "nama_provinsi": "Kalimantan Selatan",
        "pulau": "",
        "route_create": "https://opsroom.sipongidata.my.id/daops/laporan/groundcheck/create/form",
        "hotspot_date": "2026-09-12",
        "distance_hgu_km": 1.806,
        "zone": "1–3 km",
        "location_status": "OUTSIDE HGU"
      }
    },
    {
      "type": "Feature",
      "geometry": {
        "type": "Point",
        "coordinates": [
          115.15199,
          -2.72099
        ]
      },
      "properties": {
        "confidence": "medium",
        "confidence_value": null,
        "sumber": "NASA-NOAA20",
        "date_hotspot": "Sabtu, 12 September 2026 13:18:00",
        "date_hotspot_ori": "2026-09-12T06:18:00.000000Z",
        "provinsi": null,
        "kabkota": "Hulu Sungai Selatan",
        "desa": "Pantai Ulin",
        "hs_id": "2026-09-12T06:18:00.000000Z",
        "provinsi_id": 12,
        "long": 115.15199,
        "ori_sumber": null,
        "desa_id": null,
        "counter": 1,
        "confidence_level": "medium",
        "kawasan": "",
        "kecamatan": "Simpur",
        "nama_provinsi": "Kalimantan Selatan",
        "pulau": "",
        "route_create": "https://opsroom.sipongidata.my.id/daops/laporan/groundcheck/create/form",
        "hotspot_date": "2026-09-12",
        "distance_hgu_km": 1.207,
        "zone": "1–3 km",
        "location_status": "OUTSIDE HGU"
      }
    },
    {
      "type": "Feature",
      "geometry": {
        "type": "Point",
        "coordinates": [
          115.12005,
          -2.86682
        ]
      },
      "properties": {
        "confidence": "medium",
        "confidence_value": null,
        "sumber": "NASA-NOAA20",
        "date_hotspot": "Minggu, 20 September 2026 12:27:00",
        "date_hotspot_ori": "2026-09-20T05:27:00.000000Z",
        "provinsi": null,
        "kabkota": "Tapin",
        "desa": "Masta",
        "hs_id": "2026-09-20T05:27:00.000000Z",
        "provinsi_id": 12,
        "long": 115.12005,
        "ori_sumber": null,
        "desa_id": null,
        "counter": 1,
        "confidence_level": "medium",
        "kawasan": "",
        "kecamatan": "Bakarangan",
        "nama_provinsi": "Kalimantan Selatan",
        "pulau": "",
        "route_create": "https://opsroom.sipongidata.my.id/daops/laporan/groundcheck/create/form",
        "hotspot_date": "2026-09-20",
        "distance_hgu_km": 3.665,
        "zone": "3–5 km",
        "location_status": "OUTSIDE HGU"
      }
    },
    {
      "type": "Feature",
      "geometry": {
        "type": "Point",
        "coordinates": [
          115.10024,
          -2.7215
        ]
      },
      "properties": {
        "confidence": "medium",
        "confidence_value": null,
        "sumber": "NASA-NOAA20",
        "date_hotspot": "Minggu, 20 September 2026 12:27:00",
        "date_hotspot_ori": "2026-09-20T05:27:00.000000Z",
        "provinsi": null,
        "kabkota": "Hulu Sungai Selatan",
        "desa": "Muning Dalam",
        "hs_id": "2026-09-20T05:27:00.000000Z",
        "provinsi_id": 12,
        "long": 115.10024,
        "ori_sumber": null,
        "desa_id": null,
        "counter": 1,
        "confidence_level": "medium",
        "kawasan": "",
        "kecamatan": "Daha Selatan",
        "nama_provinsi": "Kalimantan Selatan",
        "pulau": "",
        "route_create": "https://opsroom.sipongidata.my.id/daops/laporan/groundcheck/create/form",
        "hotspot_date": "2026-09-20",
        "distance_hgu_km": 2.706,
        "zone": "1–3 km",
        "location_status": "OUTSIDE HGU"
      }
    },
    {
      "type": "Feature",
      "geometry": {
        "type": "Point",
        "coordinates": [
          115.0954,
          -2.71776
        ]
      },
      "properties": {
        "confidence": "medium",
        "confidence_value": null,
        "sumber": "NASA-NOAA20",
        "date_hotspot": "Minggu, 20 September 2026 12:27:00",
        "date_hotspot_ori": "2026-09-20T05:27:00.000000Z",
        "provinsi": null,
        "kabkota": "Hulu Sungai Selatan",
        "desa": "Muning Dalam",
        "hs_id": "2026-09-20T05:27:00.000000Z",
        "provinsi_id": 12,
        "long": 115.0954,
        "ori_sumber": null,
        "desa_id": null,
        "counter": 1,
        "confidence_level": "medium",
        "kawasan": "",
        "kecamatan": "Daha Selatan",
        "nama_provinsi": "Kalimantan Selatan",
        "pulau": "",
        "route_create": "https://opsroom.sipongidata.my.id/daops/laporan/groundcheck/create/form",
        "hotspot_date": "2026-09-20",
        "distance_hgu_km": 3.359,
        "zone": "3–5 km",
        "location_status": "OUTSIDE HGU"
      }
    },
    {
      "type": "Feature",
      "geometry": {
        "type": "Point",
        "coordinates": [
          115.17356,
          -2.69724
        ]
      },
      "properties": {
        "confidence": "medium",
        "confidence_value": null,
        "sumber": "NASA-NOAA20",
        "date_hotspot": "Minggu, 20 September 2026 12:27:00",
        "date_hotspot_ori": "2026-09-20T05:27:00.000000Z",
        "provinsi": null,
        "kabkota": "Hulu Sungai Selatan",
        "desa": "Bangkau",
        "hs_id": "2026-09-20T05:27:00.000000Z",
        "provinsi_id": 12,
        "long": 115.17356,
        "ori_sumber": null,
        "desa_id": null,
        "counter": 1,
        "confidence_level": "medium",
        "kawasan": "",
        "kecamatan": "Kandangan",
        "nama_provinsi": "Kalimantan Selatan",
        "pulau": "",
        "route_create": "https://opsroom.sipongidata.my.id/daops/laporan/groundcheck/create/form",
        "hotspot_date": "2026-09-20",
        "distance_hgu_km": 2.858,
        "zone": "1–3 km",
        "location_status": "OUTSIDE HGU"
      }
    },
    {
      "type": "Feature",
      "geometry": {
        "type": "Point",
        "coordinates": [
          115.15882,
          -2.83866
        ]
      },
      "properties": {
        "confidence": "medium",
        "confidence_value": null,
        "sumber": "NASA-NOAA20",
        "date_hotspot": "Minggu, 20 September 2026 12:27:00",
        "date_hotspot_ori": "2026-09-20T05:27:00.000000Z",
        "provinsi": null,
        "kabkota": "Hulu Sungai Selatan",
        "desa": "Kalumpang",
        "hs_id": "2026-09-20T05:27:00.000000Z",
        "provinsi_id": 12,
        "long": 115.15882,
        "ori_sumber": null,
        "desa_id": null,
        "counter": 1,
        "confidence_level": "medium",
        "kawasan": "",
        "kecamatan": "Kalumpang",
        "nama_provinsi": "Kalimantan Selatan",
        "pulau": "",
        "route_create": "https://opsroom.sipongidata.my.id/daops/laporan/groundcheck/create/form",
        "hotspot_date": "2026-09-20",
        "distance_hgu_km": 3.986,
        "zone": "3–5 km",
        "location_status": "OUTSIDE HGU"
      }
    },
    {
      "type": "Feature",
      "geometry": {
        "type": "Point",
        "coordinates": [
          115.13522,
          -2.70342
        ]
      },
      "properties": {
        "confidence": "medium",
        "confidence_value": null,
        "sumber": "NASA-SNPP",
        "date_hotspot": "Minggu, 13 September 2026 12:40:00",
        "date_hotspot_ori": "2026-09-13T05:40:00.000000Z",
        "provinsi": null,
        "kabkota": "Hulu Sungai Selatan",
        "desa": "Muning Baru",
        "hs_id": "2026-09-13T05:40:00.000000Z",
        "provinsi_id": 12,
        "long": 115.13522,
        "ori_sumber": null,
        "desa_id": null,
        "counter": 2,
        "confidence_level": "medium",
        "kawasan": "",
        "kecamatan": "Daha Selatan",
        "nama_provinsi": "Kalimantan Selatan",
        "pulau": "",
        "route_create": "https://opsroom.sipongidata.my.id/daops/laporan/groundcheck/create/form",
        "hotspot_date": "2026-09-13",
        "distance_hgu_km": 2.226,
        "zone": "1–3 km",
        "location_status": "OUTSIDE HGU"
      }
    },
    {
      "type": "Feature",
      "geometry": {
        "type": "Point",
        "coordinates": [
          115.0532,
          -2.80761
        ]
      },
      "properties": {
        "confidence": "medium",
        "confidence_value": null,
        "sumber": "NASA-SNPP",
        "date_hotspot": "Minggu, 13 September 2026 12:40:00",
        "date_hotspot_ori": "2026-09-13T05:40:00.000000Z",
        "provinsi": null,
        "kabkota": "Tapin",
        "desa": "Sungai Rutas",
        "hs_id": "2026-09-13T05:40:00.000000Z",
        "provinsi_id": 12,
        "long": 115.0532,
        "ori_sumber": null,
        "desa_id": null,
        "counter": 1,
        "confidence_level": "medium",
        "kawasan": "",
        "kecamatan": "Candi Laras Selatan",
        "nama_provinsi": "Kalimantan Selatan",
        "pulau": "",
        "route_create": "https://opsroom.sipongidata.my.id/daops/laporan/groundcheck/create/form",
        "hotspot_date": "2026-09-13",
        "distance_hgu_km": 2.22,
        "zone": "1–3 km",
        "location_status": "OUTSIDE HGU"
      }
    },
    {
      "type": "Feature",
      "geometry": {
        "type": "Point",
        "coordinates": [
          115.15224,
          -2.71304
        ]
      },
      "properties": {
        "confidence": "medium",
        "confidence_value": null,
        "sumber": "NASA-SNPP",
        "date_hotspot": "Minggu, 13 September 2026 12:40:00",
        "date_hotspot_ori": "2026-09-13T05:40:00.000000Z",
        "provinsi": null,
        "kabkota": "Hulu Sungai Selatan",
        "desa": "Pantai Ulin",
        "hs_id": "2026-09-13T05:40:00.000000Z",
        "provinsi_id": 12,
        "long": 115.15224,
        "ori_sumber": null,
        "desa_id": null,
        "counter": 1,
        "confidence_level": "medium",
        "kawasan": "",
        "kecamatan": "Simpur",
        "nama_provinsi": "Kalimantan Selatan",
        "pulau": "",
        "route_create": "https://opsroom.sipongidata.my.id/daops/laporan/groundcheck/create/form",
        "hotspot_date": "2026-09-13",
        "distance_hgu_km": 2.014,
        "zone": "1–3 km",
        "location_status": "OUTSIDE HGU"
      }
    },
    {
      "type": "Feature",
      "geometry": {
        "type": "Point",
        "coordinates": [
          115.08006,
          -2.85331
        ]
      },
      "properties": {
        "confidence": "medium",
        "confidence_value": null,
        "sumber": "NASA-NOAA20",
        "date_hotspot": "Minggu, 13 September 2026 12:57:00",
        "date_hotspot_ori": "2026-09-13T05:57:00.000000Z",
        "provinsi": null,
        "kabkota": "Tapin",
        "desa": "Masta",
        "hs_id": "2026-09-13T05:57:00.000000Z",
        "provinsi_id": 12,
        "long": 115.08006,
        "ori_sumber": null,
        "desa_id": null,
        "counter": 1,
        "confidence_level": "medium",
        "kawasan": "",
        "kecamatan": "Bakarangan",
        "nama_provinsi": "Kalimantan Selatan",
        "pulau": "",
        "route_create": "https://opsroom.sipongidata.my.id/daops/laporan/groundcheck/create/form",
        "hotspot_date": "2026-09-13",
        "distance_hgu_km": 1.667,
        "zone": "1–3 km",
        "location_status": "OUTSIDE HGU"
      }
    },
    {
      "type": "Feature",
      "geometry": {
        "type": "Point",
        "coordinates": [
          115.1168,
          -2.80146
        ]
      },
      "properties": {
        "confidence": "medium",
        "confidence_value": null,
        "sumber": "NASA-NOAA20",
        "date_hotspot": "Minggu, 13 September 2026 12:57:00",
        "date_hotspot_ori": "2026-09-13T05:57:00.000000Z",
        "provinsi": null,
        "kabkota": "Hulu Sungai Selatan",
        "desa": "Bago Tanggul",
        "hs_id": "2026-09-13T05:57:00.000000Z",
        "provinsi_id": 12,
        "long": 115.1168,
        "ori_sumber": null,
        "desa_id": null,
        "counter": 1,
        "confidence_level": "medium",
        "kawasan": "",
        "kecamatan": "Kalumpang",
        "nama_provinsi": "Kalimantan Selatan",
        "pulau": "",
        "route_create": "https://opsroom.sipongidata.my.id/daops/laporan/groundcheck/create/form",
        "hotspot_date": "2026-09-13",
        "distance_hgu_km": 0.0,
        "zone": "Inside HGU",
        "location_status": "INSIDE HGU"
      }
    },
    {
      "type": "Feature",
      "geometry": {
        "type": "Point",
        "coordinates": [
          115.06476,
          -2.82683
        ]
      },
      "properties": {
        "confidence": "medium",
        "confidence_value": null,
        "sumber": "NASA-NOAA20",
        "date_hotspot": "Minggu, 13 September 2026 12:57:00",
        "date_hotspot_ori": "2026-09-13T05:57:00.000000Z",
        "provinsi": null,
        "kabkota": "Tapin",
        "desa": "Sungai Rutas",
        "hs_id": "2026-09-13T05:57:00.000000Z",
        "provinsi_id": 12,
        "long": 115.06476,
        "ori_sumber": null,
        "desa_id": null,
        "counter": 1,
        "confidence_level": "medium",
        "kawasan": "",
        "kecamatan": "Candi Laras Selatan",
        "nama_provinsi": "Kalimantan Selatan",
        "pulau": "",
        "route_create": "https://opsroom.sipongidata.my.id/daops/laporan/groundcheck/create/form",
        "hotspot_date": "2026-09-13",
        "distance_hgu_km": 1.194,
        "zone": "1–3 km",
        "location_status": "OUTSIDE HGU"
      }
    },
    {
      "type": "Feature",
      "geometry": {
        "type": "Point",
        "coordinates": [
          115.11168,
          -2.74312
        ]
      },
      "properties": {
        "confidence": "medium",
        "confidence_value": null,
        "sumber": "NASA-NOAA20",
        "date_hotspot": "Minggu, 13 September 2026 12:57:00",
        "date_hotspot_ori": "2026-09-13T05:57:00.000000Z",
        "provinsi": null,
        "kabkota": "Hulu Sungai Selatan",
        "desa": "Karang Bulan",
        "hs_id": "2026-09-13T05:57:00.000000Z",
        "provinsi_id": 12,
        "long": 115.11168,
        "ori_sumber": null,
        "desa_id": null,
        "counter": 1,
        "confidence_level": "medium",
        "kawasan": "",
        "kecamatan": "Kalumpang",
        "nama_provinsi": "Kalimantan Selatan",
        "pulau": "",
        "route_create": "https://opsroom.sipongidata.my.id/daops/laporan/groundcheck/create/form",
        "hotspot_date": "2026-09-13",
        "distance_hgu_km": 0.027,
        "zone": "0–1 km",
        "location_status": "OUTSIDE HGU"
      }
    },
    {
      "type": "Feature",
      "geometry": {
        "type": "Point",
        "coordinates": [
          115.24466,
          -2.72937
        ]
      },
      "properties": {
        "confidence": "medium",
        "confidence_value": null,
        "sumber": "NASA-NOAA20",
        "date_hotspot": "Minggu, 13 September 2026 12:57:00",
        "date_hotspot_ori": "2026-09-13T05:57:00.000000Z",
        "provinsi": null,
        "kabkota": "Hulu Sungai Selatan",
        "desa": "Taniran Selatan",
        "hs_id": "2026-09-13T05:57:00.000000Z",
        "provinsi_id": 12,
        "long": 115.24466,
        "ori_sumber": null,
        "desa_id": null,
        "counter": 1,
        "confidence_level": "medium",
        "kawasan": "",
        "kecamatan": "Angkinang",
        "nama_provinsi": "Kalimantan Selatan",
        "pulau": "",
        "route_create": "https://opsroom.sipongidata.my.id/daops/laporan/groundcheck/create/form",
        "hotspot_date": "2026-09-13",
        "distance_hgu_km": 4.853,
        "zone": "3–5 km",
        "location_status": "OUTSIDE HGU"
      }
    },
    {
      "type": "Feature",
      "geometry": {
        "type": "Point",
        "coordinates": [
          115.04304,
          -2.75728
        ]
      },
      "properties": {
        "confidence": "medium",
        "confidence_value": null,
        "sumber": "NASA-NOAA20",
        "date_hotspot": "Minggu, 13 September 2026 12:57:00",
        "date_hotspot_ori": "2026-09-13T05:57:00.000000Z",
        "provinsi": null,
        "kabkota": "Hulu Sungai Selatan",
        "desa": "Muning Dalam",
        "hs_id": "2026-09-13T05:57:00.000000Z",
        "provinsi_id": 12,
        "long": 115.04304,
        "ori_sumber": null,
        "desa_id": null,
        "counter": 1,
        "confidence_level": "medium",
        "kawasan": "",
        "kecamatan": "Daha Selatan",
        "nama_provinsi": "Kalimantan Selatan",
        "pulau": "",
        "route_create": "https://opsroom.sipongidata.my.id/daops/laporan/groundcheck/create/form",
        "hotspot_date": "2026-09-13",
        "distance_hgu_km": 3.795,
        "zone": "3–5 km",
        "location_status": "OUTSIDE HGU"
      }
    },
    {
      "type": "Feature",
      "geometry": {
        "type": "Point",
        "coordinates": [
          115.06528,
          -2.83022
        ]
      },
      "properties": {
        "confidence": "medium",
        "confidence_value": null,
        "sumber": "NASA-NOAA20",
        "date_hotspot": "Minggu, 13 September 2026 12:57:00",
        "date_hotspot_ori": "2026-09-13T05:57:00.000000Z",
        "provinsi": null,
        "kabkota": "Tapin",
        "desa": "Sungai Rutas",
        "hs_id": "2026-09-13T05:57:00.000000Z",
        "provinsi_id": 12,
        "long": 115.06528,
        "ori_sumber": null,
        "desa_id": null,
        "counter": 1,
        "confidence_level": "medium",
        "kawasan": "",
        "kecamatan": "Candi Laras Selatan",
        "nama_provinsi": "Kalimantan Selatan",
        "pulau": "",
        "route_create": "https://opsroom.sipongidata.my.id/daops/laporan/groundcheck/create/form",
        "hotspot_date": "2026-09-13",
        "distance_hgu_km": 1.205,
        "zone": "1–3 km",
        "location_status": "OUTSIDE HGU"
      }
    },
    {
      "type": "Feature",
      "geometry": {
        "type": "Point",
        "coordinates": [
          115.1237,
          -2.87085
        ]
      },
      "properties": {
        "confidence": "medium",
        "confidence_value": null,
        "sumber": "NASA-NOAA20",
        "date_hotspot": "Minggu, 13 September 2026 12:57:00",
        "date_hotspot_ori": "2026-09-13T05:57:00.000000Z",
        "provinsi": null,
        "kabkota": "Tapin",
        "desa": "Masta",
        "hs_id": "2026-09-13T05:57:00.000000Z",
        "provinsi_id": 12,
        "long": 115.1237,
        "ori_sumber": null,
        "desa_id": null,
        "counter": 1,
        "confidence_level": "medium",
        "kawasan": "",
        "kecamatan": "Bakarangan",
        "nama_provinsi": "Kalimantan Selatan",
        "pulau": "",
        "route_create": "https://opsroom.sipongidata.my.id/daops/laporan/groundcheck/create/form",
        "hotspot_date": "2026-09-13",
        "distance_hgu_km": 4.239,
        "zone": "3–5 km",
        "location_status": "OUTSIDE HGU"
      }
    },
    {
      "type": "Feature",
      "geometry": {
        "type": "Point",
        "coordinates": [
          115.17094,
          -2.70636
        ]
      },
      "properties": {
        "confidence": "medium",
        "confidence_value": null,
        "sumber": "NASA-SNPP",
        "date_hotspot": "Sabtu, 03 Oktober 2026 13:03:00",
        "date_hotspot_ori": "2026-10-03T06:03:00.000000Z",
        "provinsi": null,
        "kabkota": "Hulu Sungai Selatan",
        "desa": "Pantai Ulin",
        "hs_id": "2026-10-03T06:03:00.000000Z",
        "provinsi_id": 12,
        "long": 115.17094,
        "ori_sumber": null,
        "desa_id": null,
        "counter": 1,
        "confidence_level": "medium",
        "kawasan": "",
        "kecamatan": "Simpur",
        "nama_provinsi": "Kalimantan Selatan",
        "pulau": "",
        "route_create": "https://opsroom.sipongidata.my.id/daops/laporan/groundcheck/create/form",
        "hotspot_date": "2026-10-03",
        "distance_hgu_km": 2.006,
        "zone": "1–3 km",
        "location_status": "OUTSIDE HGU"
      }
    },
    {
      "type": "Feature",
      "geometry": {
        "type": "Point",
        "coordinates": [
          115.1817,
          -2.68353
        ]
      },
      "properties": {
        "confidence": "medium",
        "confidence_value": null,
        "sumber": "NASA-SNPP",
        "date_hotspot": "Sabtu, 03 Oktober 2026 13:03:00",
        "date_hotspot_ori": "2026-10-03T06:03:00.000000Z",
        "provinsi": null,
        "kabkota": "Hulu Sungai Selatan",
        "desa": "Bangkau",
        "hs_id": "2026-10-03T06:03:00.000000Z",
        "provinsi_id": 12,
        "long": 115.1817,
        "ori_sumber": null,
        "desa_id": null,
        "counter": 1,
        "confidence_level": "medium",
        "kawasan": "",
        "kecamatan": "Kandangan",
        "nama_provinsi": "Kalimantan Selatan",
        "pulau": "",
        "route_create": "https://opsroom.sipongidata.my.id/daops/laporan/groundcheck/create/form",
        "hotspot_date": "2026-10-03",
        "distance_hgu_km": 4.042,
        "zone": "3–5 km",
        "location_status": "OUTSIDE HGU"
      }
    },
    {
      "type": "Feature",
      "geometry": {
        "type": "Point",
        "coordinates": [
          115.13914,
          -2.69193
        ]
      },
      "properties": {
        "confidence": "medium",
        "confidence_value": null,
        "sumber": "NASA-SNPP",
        "date_hotspot": "Senin, 14 September 2026 12:21:00",
        "date_hotspot_ori": "2026-09-14T05:21:00.000000Z",
        "provinsi": null,
        "kabkota": "Hulu Sungai Selatan",
        "desa": "Muning Baru",
        "hs_id": "2026-09-14T05:21:00.000000Z",
        "provinsi_id": 12,
        "long": 115.13914,
        "ori_sumber": null,
        "desa_id": null,
        "counter": 1,
        "confidence_level": "medium",
        "kawasan": "",
        "kecamatan": "Daha Selatan",
        "nama_provinsi": "Kalimantan Selatan",
        "pulau": "",
        "route_create": "https://opsroom.sipongidata.my.id/daops/laporan/groundcheck/create/form",
        "hotspot_date": "2026-09-14",
        "distance_hgu_km": 3.546,
        "zone": "3–5 km",
        "location_status": "OUTSIDE HGU"
      }
    },
    {
      "type": "Feature",
      "geometry": {
        "type": "Point",
        "coordinates": [
          115.13636,
          -2.69798
        ]
      },
      "properties": {
        "confidence": "medium",
        "confidence_value": null,
        "sumber": "NASA-SNPP",
        "date_hotspot": "Senin, 14 September 2026 12:21:00",
        "date_hotspot_ori": "2026-09-14T05:21:00.000000Z",
        "provinsi": null,
        "kabkota": "Hulu Sungai Selatan",
        "desa": "Muning Baru",
        "hs_id": "2026-09-14T05:21:00.000000Z",
        "provinsi_id": 12,
        "long": 115.13636,
        "ori_sumber": null,
        "desa_id": null,
        "counter": 3,
        "confidence_level": "medium",
        "kawasan": "",
        "kecamatan": "Daha Selatan",
        "nama_provinsi": "Kalimantan Selatan",
        "pulau": "",
        "route_create": "https://opsroom.sipongidata.my.id/daops/laporan/groundcheck/create/form",
        "hotspot_date": "2026-09-14",
        "distance_hgu_km": 2.838,
        "zone": "1–3 km",
        "location_status": "OUTSIDE HGU"
      }
    },
    {
      "type": "Feature",
      "geometry": {
        "type": "Point",
        "coordinates": [
          115.14348,
          -2.69689
        ]
      },
      "properties": {
        "confidence": "medium",
        "confidence_value": null,
        "sumber": "NASA-SNPP",
        "date_hotspot": "Senin, 14 September 2026 12:21:00",
        "date_hotspot_ori": "2026-09-14T05:21:00.000000Z",
        "provinsi": null,
        "kabkota": "Hulu Sungai Selatan",
        "desa": "Muning Baru",
        "hs_id": "2026-09-14T05:21:00.000000Z",
        "provinsi_id": 12,
        "long": 115.14348,
        "ori_sumber": null,
        "desa_id": null,
        "counter": 3,
        "confidence_level": "medium",
        "kawasan": "",
        "kecamatan": "Daha Selatan",
        "nama_provinsi": "Kalimantan Selatan",
        "pulau": "",
        "route_create": "https://opsroom.sipongidata.my.id/daops/laporan/groundcheck/create/form",
        "hotspot_date": "2026-09-14",
        "distance_hgu_km": 3.148,
        "zone": "3–5 km",
        "location_status": "OUTSIDE HGU"
      }
    },
    {
      "type": "Feature",
      "geometry": {
        "type": "Point",
        "coordinates": [
          115.14704,
          -2.69635
        ]
      },
      "properties": {
        "confidence": "medium",
        "confidence_value": null,
        "sumber": "NASA-SNPP",
        "date_hotspot": "Senin, 14 September 2026 12:21:00",
        "date_hotspot_ori": "2026-09-14T05:21:00.000000Z",
        "provinsi": null,
        "kabkota": "Hulu Sungai Selatan",
        "desa": "Muning Baru",
        "hs_id": "2026-09-14T05:21:00.000000Z",
        "provinsi_id": 12,
        "long": 115.14704,
        "ori_sumber": null,
        "desa_id": null,
        "counter": 1,
        "confidence_level": "medium",
        "kawasan": "",
        "kecamatan": "Daha Selatan",
        "nama_provinsi": "Kalimantan Selatan",
        "pulau": "",
        "route_create": "https://opsroom.sipongidata.my.id/daops/laporan/groundcheck/create/form",
        "hotspot_date": "2026-09-14",
        "distance_hgu_km": 3.364,
        "zone": "3–5 km",
        "location_status": "OUTSIDE HGU"
      }
    },
    {
      "type": "Feature",
      "geometry": {
        "type": "Point",
        "coordinates": [
          115.13993,
          -2.69743
        ]
      },
      "properties": {
        "confidence": "medium",
        "confidence_value": null,
        "sumber": "NASA-SNPP",
        "date_hotspot": "Senin, 14 September 2026 12:21:00",
        "date_hotspot_ori": "2026-09-14T05:21:00.000000Z",
        "provinsi": null,
        "kabkota": "Hulu Sungai Selatan",
        "desa": "Muning Baru",
        "hs_id": "2026-09-14T05:21:00.000000Z",
        "provinsi_id": 12,
        "long": 115.13993,
        "ori_sumber": null,
        "desa_id": null,
        "counter": 3,
        "confidence_level": "medium",
        "kawasan": "",
        "kecamatan": "Daha Selatan",
        "nama_provinsi": "Kalimantan Selatan",
        "pulau": "",
        "route_create": "https://opsroom.sipongidata.my.id/daops/laporan/groundcheck/create/form",
        "hotspot_date": "2026-09-14",
        "distance_hgu_km": 2.971,
        "zone": "1–3 km",
        "location_status": "OUTSIDE HGU"
      }
    },
    {
      "type": "Feature",
      "geometry": {
        "type": "Point",
        "coordinates": [
          115.11852,
          -2.7007
        ]
      },
      "properties": {
        "confidence": "medium",
        "confidence_value": null,
        "sumber": "NASA-SNPP",
        "date_hotspot": "Senin, 14 September 2026 12:21:00",
        "date_hotspot_ori": "2026-09-14T05:21:00.000000Z",
        "provinsi": null,
        "kabkota": "Hulu Sungai Selatan",
        "desa": "Muning Baru",
        "hs_id": "2026-09-14T05:21:00.000000Z",
        "provinsi_id": 12,
        "long": 115.11852,
        "ori_sumber": null,
        "desa_id": null,
        "counter": 1,
        "confidence_level": "medium",
        "kawasan": "",
        "kecamatan": "Daha Selatan",
        "nama_provinsi": "Kalimantan Selatan",
        "pulau": "",
        "route_create": "https://opsroom.sipongidata.my.id/daops/laporan/groundcheck/create/form",
        "hotspot_date": "2026-09-14",
        "distance_hgu_km": 3.007,
        "zone": "3–5 km",
        "location_status": "OUTSIDE HGU"
      }
    },
    {
      "type": "Feature",
      "geometry": {
        "type": "Point",
        "coordinates": [
          115.22701,
          -2.77959
        ]
      },
      "properties": {
        "confidence": "medium",
        "confidence_value": null,
        "sumber": "NASA-NOAA20",
        "date_hotspot": "Senin, 14 September 2026 12:40:00",
        "date_hotspot_ori": "2026-09-14T05:40:00.000000Z",
        "provinsi": null,
        "kabkota": "Hulu Sungai Selatan",
        "desa": "Ulin",
        "hs_id": "2026-09-14T05:40:00.000000Z",
        "provinsi_id": 12,
        "long": 115.22701,
        "ori_sumber": null,
        "desa_id": null,
        "counter": 1,
        "confidence_level": "medium",
        "kawasan": "",
        "kecamatan": "Simpur",
        "nama_provinsi": "Kalimantan Selatan",
        "pulau": "",
        "route_create": "https://opsroom.sipongidata.my.id/daops/laporan/groundcheck/create/form",
        "hotspot_date": "2026-09-14",
        "distance_hgu_km": 4.069,
        "zone": "3–5 km",
        "location_status": "OUTSIDE HGU"
      }
    },
    {
      "type": "Feature",
      "geometry": {
        "type": "Point",
        "coordinates": [
          115.09728,
          -2.71873
        ]
      },
      "properties": {
        "confidence": "medium",
        "confidence_value": null,
        "sumber": "NASA-NOAA20",
        "date_hotspot": "Senin, 14 September 2026 12:40:00",
        "date_hotspot_ori": "2026-09-14T05:40:00.000000Z",
        "provinsi": null,
        "kabkota": "Hulu Sungai Selatan",
        "desa": "Muning Dalam",
        "hs_id": "2026-09-14T05:40:00.000000Z",
        "provinsi_id": 12,
        "long": 115.09728,
        "ori_sumber": null,
        "desa_id": null,
        "counter": 2,
        "confidence_level": "medium",
        "kawasan": "",
        "kecamatan": "Daha Selatan",
        "nama_provinsi": "Kalimantan Selatan",
        "pulau": "",
        "route_create": "https://opsroom.sipongidata.my.id/daops/laporan/groundcheck/create/form",
        "hotspot_date": "2026-09-14",
        "distance_hgu_km": 3.148,
        "zone": "3–5 km",
        "location_status": "OUTSIDE HGU"
      }
    },
    {
      "type": "Feature",
      "geometry": {
        "type": "Point",
        "coordinates": [
          115.09616,
          -2.85656
        ]
      },
      "properties": {
        "confidence": "medium",
        "confidence_value": null,
        "sumber": "NASA-NOAA20",
        "date_hotspot": "Senin, 14 September 2026 12:40:00",
        "date_hotspot_ori": "2026-09-14T05:40:00.000000Z",
        "provinsi": null,
        "kabkota": "Tapin",
        "desa": "Masta",
        "hs_id": "2026-09-14T05:40:00.000000Z",
        "provinsi_id": 12,
        "long": 115.09616,
        "ori_sumber": null,
        "desa_id": null,
        "counter": 1,
        "confidence_level": "medium",
        "kawasan": "",
        "kecamatan": "Bakarangan",
        "nama_provinsi": "Kalimantan Selatan",
        "pulau": "",
        "route_create": "https://opsroom.sipongidata.my.id/daops/laporan/groundcheck/create/form",
        "hotspot_date": "2026-09-14",
        "distance_hgu_km": 2.279,
        "zone": "1–3 km",
        "location_status": "OUTSIDE HGU"
      }
    },
    {
      "type": "Feature",
      "geometry": {
        "type": "Point",
        "coordinates": [
          115.09653,
          -2.72005
        ]
      },
      "properties": {
        "confidence": "medium",
        "confidence_value": null,
        "sumber": "NASA-SNPP",
        "date_hotspot": "Senin, 14 September 2026 12:21:00",
        "date_hotspot_ori": "2026-09-14T05:21:00.000000Z",
        "provinsi": null,
        "kabkota": "Hulu Sungai Selatan",
        "desa": "Muning Dalam",
        "hs_id": "2026-09-14T05:21:00.000000Z",
        "provinsi_id": 12,
        "long": 115.09653,
        "ori_sumber": null,
        "desa_id": null,
        "counter": 1,
        "confidence_level": "medium",
        "kawasan": "",
        "kecamatan": "Daha Selatan",
        "nama_provinsi": "Kalimantan Selatan",
        "pulau": "",
        "route_create": "https://opsroom.sipongidata.my.id/daops/laporan/groundcheck/create/form",
        "hotspot_date": "2026-09-14",
        "distance_hgu_km": 3.08,
        "zone": "3–5 km",
        "location_status": "OUTSIDE HGU"
      }
    },
    {
      "type": "Feature",
      "geometry": {
        "type": "Point",
        "coordinates": [
          115.1077,
          -2.74663
        ]
      },
      "properties": {
        "confidence": "medium",
        "confidence_value": null,
        "sumber": "NASA-SNPP",
        "date_hotspot": "Senin, 14 September 2026 12:21:00",
        "date_hotspot_ori": "2026-09-14T05:21:00.000000Z",
        "provinsi": null,
        "kabkota": "Hulu Sungai Selatan",
        "desa": "Karang Bulan",
        "hs_id": "2026-09-14T05:21:00.000000Z",
        "provinsi_id": 12,
        "long": 115.1077,
        "ori_sumber": null,
        "desa_id": null,
        "counter": 1,
        "confidence_level": "medium",
        "kawasan": "",
        "kecamatan": "Kalumpang",
        "nama_provinsi": "Kalimantan Selatan",
        "pulau": "",
        "route_create": "https://opsroom.sipongidata.my.id/daops/laporan/groundcheck/create/form",
        "hotspot_date": "2026-09-14",
        "distance_hgu_km": 0.0,
        "zone": "Inside HGU",
        "location_status": "INSIDE HGU"
      }
    },
    {
      "type": "Feature",
      "geometry": {
        "type": "Point",
        "coordinates": [
          115.09213,
          -2.71505
        ]
      },
      "properties": {
        "confidence": "medium",
        "confidence_value": null,
        "sumber": "NASA-SNPP",
        "date_hotspot": "Senin, 14 September 2026 12:21:00",
        "date_hotspot_ori": "2026-09-14T05:21:00.000000Z",
        "provinsi": null,
        "kabkota": "Hulu Sungai Selatan",
        "desa": "Muning Dalam",
        "hs_id": "2026-09-14T05:21:00.000000Z",
        "provinsi_id": 12,
        "long": 115.09213,
        "ori_sumber": null,
        "desa_id": null,
        "counter": 1,
        "confidence_level": "medium",
        "kawasan": "",
        "kecamatan": "Daha Selatan",
        "nama_provinsi": "Kalimantan Selatan",
        "pulau": "",
        "route_create": "https://opsroom.sipongidata.my.id/daops/laporan/groundcheck/create/form",
        "hotspot_date": "2026-09-14",
        "distance_hgu_km": 3.816,
        "zone": "3–5 km",
        "location_status": "OUTSIDE HGU"
      }
    },
    {
      "type": "Feature",
      "geometry": {
        "type": "Point",
        "coordinates": [
          115.22463,
          -2.70137
        ]
      },
      "properties": {
        "confidence": "medium",
        "confidence_value": null,
        "sumber": "NASA-SNPP",
        "date_hotspot": "Senin, 14 September 2026 12:21:00",
        "date_hotspot_ori": "2026-09-14T05:21:00.000000Z",
        "provinsi": null,
        "kabkota": "Hulu Sungai Selatan",
        "desa": "Sungai Kupang",
        "hs_id": "2026-09-14T05:21:00.000000Z",
        "provinsi_id": 12,
        "long": 115.22463,
        "ori_sumber": null,
        "desa_id": null,
        "counter": 4,
        "confidence_level": "medium",
        "kawasan": "",
        "kecamatan": "Kandangan",
        "nama_provinsi": "Kalimantan Selatan",
        "pulau": "",
        "route_create": "https://opsroom.sipongidata.my.id/daops/laporan/groundcheck/create/form",
        "hotspot_date": "2026-09-14",
        "distance_hgu_km": 4.463,
        "zone": "3–5 km",
        "location_status": "OUTSIDE HGU"
      }
    },
    {
      "type": "Feature",
      "geometry": {
        "type": "Point",
        "coordinates": [
          115.10806,
          -2.85924
        ]
      },
      "properties": {
        "confidence": "medium",
        "confidence_value": null,
        "sumber": "NASA-SNPP",
        "date_hotspot": "Senin, 14 September 2026 12:21:00",
        "date_hotspot_ori": "2026-09-14T05:21:00.000000Z",
        "provinsi": null,
        "kabkota": "Tapin",
        "desa": "Masta",
        "hs_id": "2026-09-14T05:21:00.000000Z",
        "provinsi_id": 12,
        "long": 115.10806,
        "ori_sumber": null,
        "desa_id": null,
        "counter": 1,
        "confidence_level": "medium",
        "kawasan": "",
        "kecamatan": "Bakarangan",
        "nama_provinsi": "Kalimantan Selatan",
        "pulau": "",
        "route_create": "https://opsroom.sipongidata.my.id/daops/laporan/groundcheck/create/form",
        "hotspot_date": "2026-09-14",
        "distance_hgu_km": 2.53,
        "zone": "1–3 km",
        "location_status": "OUTSIDE HGU"
      }
    },
    {
      "type": "Feature",
      "geometry": {
        "type": "Point",
        "coordinates": [
          115.15678,
          -2.81325
        ]
      },
      "properties": {
        "confidence": "medium",
        "confidence_value": null,
        "sumber": "NASA-SNPP",
        "date_hotspot": "Selasa, 22 September 2026 13:10:00",
        "date_hotspot_ori": "2026-09-22T06:10:00.000000Z",
        "provinsi": null,
        "kabkota": "Hulu Sungai Selatan",
        "desa": "Balanti",
        "hs_id": "2026-09-22T06:10:00.000000Z",
        "provinsi_id": 12,
        "long": 115.15678,
        "ori_sumber": null,
        "desa_id": null,
        "counter": 1,
        "confidence_level": "medium",
        "kawasan": "",
        "kecamatan": "Kalumpang",
        "nama_provinsi": "Kalimantan Selatan",
        "pulau": "",
        "route_create": "https://opsroom.sipongidata.my.id/daops/laporan/groundcheck/create/form",
        "hotspot_date": "2026-09-22",
        "distance_hgu_km": 1.315,
        "zone": "1–3 km",
        "location_status": "OUTSIDE HGU"
      }
    },
    {
      "type": "Feature",
      "geometry": {
        "type": "Point",
        "coordinates": [
          115.09841,
          -2.7927
        ]
      },
      "properties": {
        "confidence": "medium",
        "confidence_value": null,
        "sumber": "NASA-SNPP",
        "date_hotspot": "Selasa, 22 September 2026 13:10:00",
        "date_hotspot_ori": "2026-09-22T06:10:00.000000Z",
        "provinsi": null,
        "kabkota": "Hulu Sungai Selatan",
        "desa": "Balimau",
        "hs_id": "2026-09-22T06:10:00.000000Z",
        "provinsi_id": 12,
        "long": 115.09841,
        "ori_sumber": null,
        "desa_id": null,
        "counter": 1,
        "confidence_level": "medium",
        "kawasan": "",
        "kecamatan": "Kalumpang",
        "nama_provinsi": "Kalimantan Selatan",
        "pulau": "",
        "route_create": "https://opsroom.sipongidata.my.id/daops/laporan/groundcheck/create/form",
        "hotspot_date": "2026-09-22",
        "distance_hgu_km": 0.0,
        "zone": "Inside HGU",
        "location_status": "INSIDE HGU"
      }
    },
    {
      "type": "Feature",
      "geometry": {
        "type": "Point",
        "coordinates": [
          115.13374,
          -2.84616
        ]
      },
      "properties": {
        "confidence": "medium",
        "confidence_value": null,
        "sumber": "NASA-SNPP",
        "date_hotspot": "Senin, 21 September 2026 13:31:00",
        "date_hotspot_ori": "2026-09-21T06:31:00.000000Z",
        "provinsi": null,
        "kabkota": "Tapin",
        "desa": "Masta",
        "hs_id": "2026-09-21T06:31:00.000000Z",
        "provinsi_id": 12,
        "long": 115.13374,
        "ori_sumber": null,
        "desa_id": null,
        "counter": 1,
        "confidence_level": "medium",
        "kawasan": "",
        "kecamatan": "Bakarangan",
        "nama_provinsi": "Kalimantan Selatan",
        "pulau": "",
        "route_create": "https://opsroom.sipongidata.my.id/daops/laporan/groundcheck/create/form",
        "hotspot_date": "2026-09-21",
        "distance_hgu_km": 2.912,
        "zone": "1–3 km",
        "location_status": "OUTSIDE HGU"
      }
    },
    {
      "type": "Feature",
      "geometry": {
        "type": "Point",
        "coordinates": [
          115.16663,
          -2.84068
        ]
      },
      "properties": {
        "confidence": "medium",
        "confidence_value": null,
        "sumber": "NASA-SNPP",
        "date_hotspot": "Senin, 21 September 2026 13:31:00",
        "date_hotspot_ori": "2026-09-21T06:31:00.000000Z",
        "provinsi": null,
        "kabkota": "Hulu Sungai Selatan",
        "desa": "Sirih",
        "hs_id": "2026-09-21T06:31:00.000000Z",
        "provinsi_id": 12,
        "long": 115.16663,
        "ori_sumber": null,
        "desa_id": null,
        "counter": 1,
        "confidence_level": "medium",
        "kawasan": "",
        "kecamatan": "Kalumpang",
        "nama_provinsi": "Kalimantan Selatan",
        "pulau": "",
        "route_create": "https://opsroom.sipongidata.my.id/daops/laporan/groundcheck/create/form",
        "hotspot_date": "2026-09-21",
        "distance_hgu_km": 4.534,
        "zone": "3–5 km",
        "location_status": "OUTSIDE HGU"
      }
    },
    {
      "type": "Feature",
      "geometry": {
        "type": "Point",
        "coordinates": [
          115.2103,
          -2.68435
        ]
      },
      "properties": {
        "confidence": "medium",
        "confidence_value": null,
        "sumber": "NASA-SNPP",
        "date_hotspot": "Senin, 21 September 2026 13:31:00",
        "date_hotspot_ori": "2026-09-21T06:31:00.000000Z",
        "provinsi": null,
        "kabkota": "Hulu Sungai Selatan",
        "desa": "Bangkau",
        "hs_id": "2026-09-21T06:31:00.000000Z",
        "provinsi_id": 12,
        "long": 115.2103,
        "ori_sumber": null,
        "desa_id": null,
        "counter": 1,
        "confidence_level": "medium",
        "kawasan": "",
        "kecamatan": "Kandangan",
        "nama_provinsi": "Kalimantan Selatan",
        "pulau": "",
        "route_create": "https://opsroom.sipongidata.my.id/daops/laporan/groundcheck/create/form",
        "hotspot_date": "2026-09-21",
        "distance_hgu_km": 4.573,
        "zone": "3–5 km",
        "location_status": "OUTSIDE HGU"
      }
    },
    {
      "type": "Feature",
      "geometry": {
        "type": "Point",
        "coordinates": [
          115.16608,
          -2.68905
        ]
      },
      "properties": {
        "confidence": "medium",
        "confidence_value": null,
        "sumber": "NASA-NOAA20",
        "date_hotspot": "Senin, 21 September 2026 12:08:00",
        "date_hotspot_ori": "2026-09-21T05:08:00.000000Z",
        "provinsi": null,
        "kabkota": "Hulu Sungai Selatan",
        "desa": "Muning Baru",
        "hs_id": "2026-09-21T05:08:00.000000Z",
        "provinsi_id": 12,
        "long": 115.16608,
        "ori_sumber": null,
        "desa_id": null,
        "counter": 1,
        "confidence_level": "medium",
        "kawasan": "",
        "kecamatan": "Daha Selatan",
        "nama_provinsi": "Kalimantan Selatan",
        "pulau": "",
        "route_create": "https://opsroom.sipongidata.my.id/daops/laporan/groundcheck/create/form",
        "hotspot_date": "2026-09-21",
        "distance_hgu_km": 3.99,
        "zone": "3–5 km",
        "location_status": "OUTSIDE HGU"
      }
    },
    {
      "type": "Feature",
      "geometry": {
        "type": "Point",
        "coordinates": [
          115.16942,
          -2.72003
        ]
      },
      "properties": {
        "confidence": "medium",
        "confidence_value": null,
        "sumber": "NASA-NOAA20",
        "date_hotspot": "Selasa, 15 September 2026 12:23:00",
        "date_hotspot_ori": "2026-09-15T05:23:00.000000Z",
        "provinsi": null,
        "kabkota": "Hulu Sungai Selatan",
        "desa": "Pantai Ulin",
        "hs_id": "2026-09-15T05:23:00.000000Z",
        "provinsi_id": 12,
        "long": 115.16942,
        "ori_sumber": null,
        "desa_id": null,
        "counter": 1,
        "confidence_level": "medium",
        "kawasan": "",
        "kecamatan": "Simpur",
        "nama_provinsi": "Kalimantan Selatan",
        "pulau": "",
        "route_create": "https://opsroom.sipongidata.my.id/daops/laporan/groundcheck/create/form",
        "hotspot_date": "2026-09-15",
        "distance_hgu_km": 0.642,
        "zone": "0–1 km",
        "location_status": "OUTSIDE HGU"
      }
    },
    {
      "type": "Feature",
      "geometry": {
        "type": "Point",
        "coordinates": [
          115.21436,
          -2.69348
        ]
      },
      "properties": {
        "confidence": "medium",
        "confidence_value": null,
        "sumber": "NASA-NOAA20",
        "date_hotspot": "Selasa, 15 September 2026 12:23:00",
        "date_hotspot_ori": "2026-09-15T05:23:00.000000Z",
        "provinsi": null,
        "kabkota": "Hulu Sungai Selatan",
        "desa": "Sungai Kupang",
        "hs_id": "2026-09-15T05:23:00.000000Z",
        "provinsi_id": 12,
        "long": 115.21436,
        "ori_sumber": null,
        "desa_id": null,
        "counter": 1,
        "confidence_level": "medium",
        "kawasan": "",
        "kecamatan": "Kandangan",
        "nama_provinsi": "Kalimantan Selatan",
        "pulau": "",
        "route_create": "https://opsroom.sipongidata.my.id/daops/laporan/groundcheck/create/form",
        "hotspot_date": "2026-09-15",
        "distance_hgu_km": 4.06,
        "zone": "3–5 km",
        "location_status": "OUTSIDE HGU"
      }
    },
    {
      "type": "Feature",
      "geometry": {
        "type": "Point",
        "coordinates": [
          115.19316,
          -2.69665
        ]
      },
      "properties": {
        "confidence": "medium",
        "confidence_value": null,
        "sumber": "NASA-NOAA20",
        "date_hotspot": "Selasa, 15 September 2026 12:23:00",
        "date_hotspot_ori": "2026-09-15T05:23:00.000000Z",
        "provinsi": null,
        "kabkota": "Hulu Sungai Selatan",
        "desa": "Bangkau",
        "hs_id": "2026-09-15T05:23:00.000000Z",
        "provinsi_id": 12,
        "long": 115.19316,
        "ori_sumber": null,
        "desa_id": null,
        "counter": 1,
        "confidence_level": "medium",
        "kawasan": "",
        "kecamatan": "Kandangan",
        "nama_provinsi": "Kalimantan Selatan",
        "pulau": "",
        "route_create": "https://opsroom.sipongidata.my.id/daops/laporan/groundcheck/create/form",
        "hotspot_date": "2026-09-15",
        "distance_hgu_km": 2.571,
        "zone": "1–3 km",
        "location_status": "OUTSIDE HGU"
      }
    },
    {
      "type": "Feature",
      "geometry": {
        "type": "Point",
        "coordinates": [
          115.16656,
          -2.70063
        ]
      },
      "properties": {
        "confidence": "medium",
        "confidence_value": null,
        "sumber": "NASA-NOAA20",
        "date_hotspot": "Selasa, 15 September 2026 12:23:00",
        "date_hotspot_ori": "2026-09-15T05:23:00.000000Z",
        "provinsi": null,
        "kabkota": "Hulu Sungai Selatan",
        "desa": "Pantai Ulin",
        "hs_id": "2026-09-15T05:23:00.000000Z",
        "provinsi_id": 12,
        "long": 115.16656,
        "ori_sumber": null,
        "desa_id": null,
        "counter": 3,
        "confidence_level": "medium",
        "kawasan": "",
        "kecamatan": "Simpur",
        "nama_provinsi": "Kalimantan Selatan",
        "pulau": "",
        "route_create": "https://opsroom.sipongidata.my.id/daops/laporan/groundcheck/create/form",
        "hotspot_date": "2026-09-15",
        "distance_hgu_km": 2.768,
        "zone": "1–3 km",
        "location_status": "OUTSIDE HGU"
      }
    },
    {
      "type": "Feature",
      "geometry": {
        "type": "Point",
        "coordinates": [
          115.13126,
          -2.72082
        ]
      },
      "properties": {
        "confidence": "medium",
        "confidence_value": null,
        "sumber": "NASA-NOAA20",
        "date_hotspot": "Selasa, 15 September 2026 12:23:00",
        "date_hotspot_ori": "2026-09-15T05:23:00.000000Z",
        "provinsi": null,
        "kabkota": "Hulu Sungai Selatan",
        "desa": "Muning Baru",
        "hs_id": "2026-09-15T05:23:00.000000Z",
        "provinsi_id": 12,
        "long": 115.13126,
        "ori_sumber": null,
        "desa_id": null,
        "counter": 1,
        "confidence_level": "medium",
        "kawasan": "",
        "kecamatan": "Daha Selatan",
        "nama_provinsi": "Kalimantan Selatan",
        "pulau": "",
        "route_create": "https://opsroom.sipongidata.my.id/daops/laporan/groundcheck/create/form",
        "hotspot_date": "2026-09-15",
        "distance_hgu_km": 0.371,
        "zone": "0–1 km",
        "location_status": "OUTSIDE HGU"
      }
    },
    {
      "type": "Feature",
      "geometry": {
        "type": "Point",
        "coordinates": [
          115.19707,
          -2.68618
        ]
      },
      "properties": {
        "confidence": "medium",
        "confidence_value": null,
        "sumber": "NASA-NOAA20",
        "date_hotspot": "Selasa, 15 September 2026 12:23:00",
        "date_hotspot_ori": "2026-09-15T05:23:00.000000Z",
        "provinsi": null,
        "kabkota": "Hulu Sungai Selatan",
        "desa": "Bangkau",
        "hs_id": "2026-09-15T05:23:00.000000Z",
        "provinsi_id": 12,
        "long": 115.19707,
        "ori_sumber": null,
        "desa_id": null,
        "counter": 1,
        "confidence_level": "medium",
        "kawasan": "",
        "kecamatan": "Kandangan",
        "nama_provinsi": "Kalimantan Selatan",
        "pulau": "",
        "route_create": "https://opsroom.sipongidata.my.id/daops/laporan/groundcheck/create/form",
        "hotspot_date": "2026-09-15",
        "distance_hgu_km": 3.798,
        "zone": "3–5 km",
        "location_status": "OUTSIDE HGU"
      }
    },
    {
      "type": "Feature",
      "geometry": {
        "type": "Point",
        "coordinates": [
          115.19106,
          -2.68212
        ]
      },
      "properties": {
        "confidence": "medium",
        "confidence_value": null,
        "sumber": "NASA-NOAA20",
        "date_hotspot": "Selasa, 15 September 2026 12:23:00",
        "date_hotspot_ori": "2026-09-15T05:23:00.000000Z",
        "provinsi": null,
        "kabkota": "Hulu Sungai Selatan",
        "desa": "Bangkau",
        "hs_id": "2026-09-15T05:23:00.000000Z",
        "provinsi_id": 12,
        "long": 115.19106,
        "ori_sumber": null,
        "desa_id": null,
        "counter": 1,
        "confidence_level": "medium",
        "kawasan": "",
        "kecamatan": "Kandangan",
        "nama_provinsi": "Kalimantan Selatan",
        "pulau": "",
        "route_create": "https://opsroom.sipongidata.my.id/daops/laporan/groundcheck/create/form",
        "hotspot_date": "2026-09-15",
        "distance_hgu_km": 4.136,
        "zone": "3–5 km",
        "location_status": "OUTSIDE HGU"
      }
    },
    {
      "type": "Feature",
      "geometry": {
        "type": "Point",
        "coordinates": [
          115.16554,
          -2.72187
        ]
      },
      "properties": {
        "confidence": "medium",
        "confidence_value": null,
        "sumber": "NASA-SNPP",
        "date_hotspot": "Selasa, 15 September 2026 13:42:00",
        "date_hotspot_ori": "2026-09-15T06:42:00.000000Z",
        "provinsi": null,
        "kabkota": "Hulu Sungai Selatan",
        "desa": "Pantai Ulin",
        "hs_id": "2026-09-15T06:42:00.000000Z",
        "provinsi_id": 12,
        "long": 115.16554,
        "ori_sumber": null,
        "desa_id": null,
        "counter": 1,
        "confidence_level": "medium",
        "kawasan": "",
        "kecamatan": "Simpur",
        "nama_provinsi": "Kalimantan Selatan",
        "pulau": "",
        "route_create": "https://opsroom.sipongidata.my.id/daops/laporan/groundcheck/create/form",
        "hotspot_date": "2026-09-15",
        "distance_hgu_km": 0.596,
        "zone": "0–1 km",
        "location_status": "OUTSIDE HGU"
      }
    },
    {
      "type": "Feature",
      "geometry": {
        "type": "Point",
        "coordinates": [
          115.16458,
          -2.71576
        ]
      },
      "properties": {
        "confidence": "medium",
        "confidence_value": null,
        "sumber": "NASA-SNPP",
        "date_hotspot": "Selasa, 15 September 2026 13:42:00",
        "date_hotspot_ori": "2026-09-15T06:42:00.000000Z",
        "provinsi": null,
        "kabkota": "Hulu Sungai Selatan",
        "desa": "Pantai Ulin",
        "hs_id": "2026-09-15T06:42:00.000000Z",
        "provinsi_id": 12,
        "long": 115.16458,
        "ori_sumber": null,
        "desa_id": null,
        "counter": 1,
        "confidence_level": "medium",
        "kawasan": "",
        "kecamatan": "Simpur",
        "nama_provinsi": "Kalimantan Selatan",
        "pulau": "",
        "route_create": "https://opsroom.sipongidata.my.id/daops/laporan/groundcheck/create/form",
        "hotspot_date": "2026-09-15",
        "distance_hgu_km": 1.268,
        "zone": "1–3 km",
        "location_status": "OUTSIDE HGU"
      }
    },
    {
      "type": "Feature",
      "geometry": {
        "type": "Point",
        "coordinates": [
          115.19036,
          -2.69883
        ]
      },
      "properties": {
        "confidence": "medium",
        "confidence_value": null,
        "sumber": "NASA-SNPP",
        "date_hotspot": "Selasa, 15 September 2026 13:42:00",
        "date_hotspot_ori": "2026-09-15T06:42:00.000000Z",
        "provinsi": null,
        "kabkota": "Hulu Sungai Selatan",
        "desa": "Bangkau",
        "hs_id": "2026-09-15T06:42:00.000000Z",
        "provinsi_id": 12,
        "long": 115.19036,
        "ori_sumber": null,
        "desa_id": null,
        "counter": 1,
        "confidence_level": "medium",
        "kawasan": "",
        "kecamatan": "Kandangan",
        "nama_provinsi": "Kalimantan Selatan",
        "pulau": "",
        "route_create": "https://opsroom.sipongidata.my.id/daops/laporan/groundcheck/create/form",
        "hotspot_date": "2026-09-15",
        "distance_hgu_km": 2.287,
        "zone": "1–3 km",
        "location_status": "OUTSIDE HGU"
      }
    },
    {
      "type": "Feature",
      "geometry": {
        "type": "Point",
        "coordinates": [
          115.13083,
          -2.70233
        ]
      },
      "properties": {
        "confidence": "medium",
        "confidence_value": null,
        "sumber": "NASA-SNPP",
        "date_hotspot": "Selasa, 15 September 2026 13:42:00",
        "date_hotspot_ori": "2026-09-15T06:42:00.000000Z",
        "provinsi": null,
        "kabkota": "Hulu Sungai Selatan",
        "desa": "Muning Baru",
        "hs_id": "2026-09-15T06:42:00.000000Z",
        "provinsi_id": 12,
        "long": 115.13083,
        "ori_sumber": null,
        "desa_id": null,
        "counter": 4,
        "confidence_level": "medium",
        "kawasan": "",
        "kecamatan": "Daha Selatan",
        "nama_provinsi": "Kalimantan Selatan",
        "pulau": "",
        "route_create": "https://opsroom.sipongidata.my.id/daops/laporan/groundcheck/create/form",
        "hotspot_date": "2026-09-15",
        "distance_hgu_km": 2.353,
        "zone": "1–3 km",
        "location_status": "OUTSIDE HGU"
      }
    },
    {
      "type": "Feature",
      "geometry": {
        "type": "Point",
        "coordinates": [
          115.18722,
          -2.69941
        ]
      },
      "properties": {
        "confidence": "medium",
        "confidence_value": null,
        "sumber": "NASA-SNPP",
        "date_hotspot": "Selasa, 15 September 2026 13:42:00",
        "date_hotspot_ori": "2026-09-15T06:42:00.000000Z",
        "provinsi": null,
        "kabkota": "Hulu Sungai Selatan",
        "desa": "Bangkau",
        "hs_id": "2026-09-15T06:42:00.000000Z",
        "provinsi_id": 12,
        "long": 115.18722,
        "ori_sumber": null,
        "desa_id": null,
        "counter": 1,
        "confidence_level": "medium",
        "kawasan": "",
        "kecamatan": "Kandangan",
        "nama_provinsi": "Kalimantan Selatan",
        "pulau": "",
        "route_create": "https://opsroom.sipongidata.my.id/daops/laporan/groundcheck/create/form",
        "hotspot_date": "2026-09-15",
        "distance_hgu_km": 2.219,
        "zone": "1–3 km",
        "location_status": "OUTSIDE HGU"
      }
    },
    {
      "type": "Feature",
      "geometry": {
        "type": "Point",
        "coordinates": [
          115.1571,
          -2.69821
        ]
      },
      "properties": {
        "confidence": "medium",
        "confidence_value": null,
        "sumber": "NASA-SNPP",
        "date_hotspot": "Selasa, 15 September 2026 13:42:00",
        "date_hotspot_ori": "2026-09-15T06:42:00.000000Z",
        "provinsi": null,
        "kabkota": "Hulu Sungai Selatan",
        "desa": "Muning Baru",
        "hs_id": "2026-09-15T06:42:00.000000Z",
        "provinsi_id": 12,
        "long": 115.1571,
        "ori_sumber": null,
        "desa_id": null,
        "counter": 2,
        "confidence_level": "medium",
        "kawasan": "",
        "kecamatan": "Daha Selatan",
        "nama_provinsi": "Kalimantan Selatan",
        "pulau": "",
        "route_create": "https://opsroom.sipongidata.my.id/daops/laporan/groundcheck/create/form",
        "hotspot_date": "2026-09-15",
        "distance_hgu_km": 3.376,
        "zone": "3–5 km",
        "location_status": "OUTSIDE HGU"
      }
    },
    {
      "type": "Feature",
      "geometry": {
        "type": "Point",
        "coordinates": [
          115.14127,
          -2.71434
        ]
      },
      "properties": {
        "confidence": "medium",
        "confidence_value": null,
        "sumber": "NASA-NOAA20",
        "date_hotspot": "Selasa, 15 September 2026 12:23:00",
        "date_hotspot_ori": "2026-09-15T05:23:00.000000Z",
        "provinsi": null,
        "kabkota": "Hulu Sungai Selatan",
        "desa": "Panjampang Bahagia",
        "hs_id": "2026-09-15T05:23:00.000000Z",
        "provinsi_id": 12,
        "long": 115.14127,
        "ori_sumber": null,
        "desa_id": null,
        "counter": 1,
        "confidence_level": "medium",
        "kawasan": "",
        "kecamatan": "Simpur",
        "nama_provinsi": "Kalimantan Selatan",
        "pulau": "",
        "route_create": "https://opsroom.sipongidata.my.id/daops/laporan/groundcheck/create/form",
        "hotspot_date": "2026-09-15",
        "distance_hgu_km": 1.341,
        "zone": "1–3 km",
        "location_status": "OUTSIDE HGU"
      }
    },
    {
      "type": "Feature",
      "geometry": {
        "type": "Point",
        "coordinates": [
          115.07664,
          -2.72405
        ]
      },
      "properties": {
        "confidence": "medium",
        "confidence_value": null,
        "sumber": "NASA-NOAA20",
        "date_hotspot": "Selasa, 15 September 2026 12:23:00",
        "date_hotspot_ori": "2026-09-15T05:23:00.000000Z",
        "provinsi": null,
        "kabkota": "Hulu Sungai Selatan",
        "desa": "Tanjung Selor",
        "hs_id": "2026-09-15T05:23:00.000000Z",
        "provinsi_id": 12,
        "long": 115.07664,
        "ori_sumber": null,
        "desa_id": null,
        "counter": 2,
        "confidence_level": "medium",
        "kawasan": "",
        "kecamatan": "Daha Barat",
        "nama_provinsi": "Kalimantan Selatan",
        "pulau": "",
        "route_create": "https://opsroom.sipongidata.my.id/daops/laporan/groundcheck/create/form",
        "hotspot_date": "2026-09-15",
        "distance_hgu_km": 4.075,
        "zone": "3–5 km",
        "location_status": "OUTSIDE HGU"
      }
    },
    {
      "type": "Feature",
      "geometry": {
        "type": "Point",
        "coordinates": [
          115.23102,
          -2.72619
        ]
      },
      "properties": {
        "confidence": "medium",
        "confidence_value": null,
        "sumber": "NASA-NOAA20",
        "date_hotspot": "Rabu, 16 September 2026 01:04:00",
        "date_hotspot_ori": "2026-09-15T18:04:00.000000Z",
        "provinsi": null,
        "kabkota": "Hulu Sungai Selatan",
        "desa": "Sungai Kupang",
        "hs_id": "2026-09-15T18:04:00.000000Z",
        "provinsi_id": 12,
        "long": 115.23102,
        "ori_sumber": null,
        "desa_id": null,
        "counter": 1,
        "confidence_level": "medium",
        "kawasan": "",
        "kecamatan": "Kandangan",
        "nama_provinsi": "Kalimantan Selatan",
        "pulau": "",
        "route_create": "https://opsroom.sipongidata.my.id/daops/laporan/groundcheck/create/form",
        "hotspot_date": "2026-09-16",
        "distance_hgu_km": 3.558,
        "zone": "3–5 km",
        "location_status": "OUTSIDE HGU"
      }
    },
    {
      "type": "Feature",
      "geometry": {
        "type": "Point",
        "coordinates": [
          115.16042,
          -2.69324
        ]
      },
      "properties": {
        "confidence": "medium",
        "confidence_value": null,
        "sumber": "NASA-SNPP",
        "date_hotspot": "Selasa, 22 September 2026 13:10:00",
        "date_hotspot_ori": "2026-09-22T06:10:00.000000Z",
        "provinsi": null,
        "kabkota": "Hulu Sungai Selatan",
        "desa": "Muning Baru",
        "hs_id": "2026-09-22T06:10:00.000000Z",
        "provinsi_id": 12,
        "long": 115.16042,
        "ori_sumber": null,
        "desa_id": null,
        "counter": 1,
        "confidence_level": "medium",
        "kawasan": "",
        "kecamatan": "Daha Selatan",
        "nama_provinsi": "Kalimantan Selatan",
        "pulau": "",
        "route_create": "https://opsroom.sipongidata.my.id/daops/laporan/groundcheck/create/form",
        "hotspot_date": "2026-09-22",
        "distance_hgu_km": 3.768,
        "zone": "3–5 km",
        "location_status": "OUTSIDE HGU"
      }
    },
    {
      "type": "Feature",
      "geometry": {
        "type": "Point",
        "coordinates": [
          115.12396,
          -2.72652
        ]
      },
      "properties": {
        "confidence": "medium",
        "confidence_value": null,
        "sumber": "NASA-NOAA20",
        "date_hotspot": "Jumat, 11 September 2026 13:35:00",
        "date_hotspot_ori": "2026-09-11T06:35:00.000000Z",
        "provinsi": null,
        "kabkota": "Hulu Sungai Selatan",
        "desa": "Muning Baru",
        "hs_id": "2026-09-11T06:35:00.000000Z",
        "provinsi_id": 12,
        "long": 115.12396,
        "ori_sumber": null,
        "desa_id": null,
        "counter": 1,
        "confidence_level": "medium",
        "kawasan": "",
        "kecamatan": "Daha Selatan",
        "nama_provinsi": "Kalimantan Selatan",
        "pulau": "",
        "route_create": "https://opsroom.sipongidata.my.id/daops/laporan/groundcheck/create/form",
        "hotspot_date": "2026-09-11",
        "distance_hgu_km": 0.594,
        "zone": "0–1 km",
        "location_status": "OUTSIDE HGU"
      }
    },
    {
      "type": "Feature",
      "geometry": {
        "type": "Point",
        "coordinates": [
          115.11927,
          -2.72732
        ]
      },
      "properties": {
        "confidence": "medium",
        "confidence_value": null,
        "sumber": "NASA-NOAA20",
        "date_hotspot": "Jumat, 11 September 2026 13:35:00",
        "date_hotspot_ori": "2026-09-11T06:35:00.000000Z",
        "provinsi": null,
        "kabkota": "Hulu Sungai Selatan",
        "desa": "Muning Baru",
        "hs_id": "2026-09-11T06:35:00.000000Z",
        "provinsi_id": 12,
        "long": 115.11927,
        "ori_sumber": null,
        "desa_id": null,
        "counter": 1,
        "confidence_level": "medium",
        "kawasan": "",
        "kecamatan": "Daha Selatan",
        "nama_provinsi": "Kalimantan Selatan",
        "pulau": "",
        "route_create": "https://opsroom.sipongidata.my.id/daops/laporan/groundcheck/create/form",
        "hotspot_date": "2026-09-11",
        "distance_hgu_km": 0.881,
        "zone": "0–1 km",
        "location_status": "OUTSIDE HGU"
      }
    },
    {
      "type": "Feature",
      "geometry": {
        "type": "Point",
        "coordinates": [
          115.13177,
          -2.68926
        ]
      },
      "properties": {
        "confidence": "medium",
        "confidence_value": null,
        "sumber": "NASA-NOAA20",
        "date_hotspot": "Minggu, 06 September 2026 00:49:00",
        "date_hotspot_ori": "2026-09-05T17:49:00.000000Z",
        "provinsi": null,
        "kabkota": "Hulu Sungai Selatan",
        "desa": "Muning Baru",
        "hs_id": "2026-09-05T17:49:00.000000Z",
        "provinsi_id": 12,
        "long": 115.13177,
        "ori_sumber": null,
        "desa_id": null,
        "counter": 1,
        "confidence_level": "medium",
        "kawasan": "",
        "kecamatan": "Daha Selatan",
        "nama_provinsi": "Kalimantan Selatan",
        "pulau": "",
        "route_create": "https://opsroom.sipongidata.my.id/daops/laporan/groundcheck/create/form",
        "hotspot_date": "2026-09-06",
        "distance_hgu_km": 3.786,
        "zone": "3–5 km",
        "location_status": "OUTSIDE HGU"
      }
    },
    {
      "type": "Feature",
      "geometry": {
        "type": "Point",
        "coordinates": [
          115.12343,
          -2.85777
        ]
      },
      "properties": {
        "confidence": "medium",
        "confidence_value": null,
        "sumber": "NASA-NOAA20",
        "date_hotspot": "Minggu, 06 September 2026 00:49:00",
        "date_hotspot_ori": "2026-09-05T17:49:00.000000Z",
        "provinsi": null,
        "kabkota": "Tapin",
        "desa": "Masta",
        "hs_id": "2026-09-05T17:49:00.000000Z",
        "provinsi_id": 12,
        "long": 115.12343,
        "ori_sumber": null,
        "desa_id": null,
        "counter": 1,
        "confidence_level": "medium",
        "kawasan": "",
        "kecamatan": "Bakarangan",
        "nama_provinsi": "Kalimantan Selatan",
        "pulau": "",
        "route_create": "https://opsroom.sipongidata.my.id/daops/laporan/groundcheck/create/form",
        "hotspot_date": "2026-09-06",
        "distance_hgu_km": 2.973,
        "zone": "1–3 km",
        "location_status": "OUTSIDE HGU"
      }
    },
    {
      "type": "Feature",
      "geometry": {
        "type": "Point",
        "coordinates": [
          115.05344,
          -2.84269
        ]
      },
      "properties": {
        "confidence": "medium",
        "confidence_value": null,
        "sumber": "NASA-NOAA20",
        "date_hotspot": "Senin, 07 September 2026 00:32:00",
        "date_hotspot_ori": "2026-09-06T17:32:00.000000Z",
        "provinsi": null,
        "kabkota": "Tapin",
        "desa": "Sungai Rutas",
        "hs_id": "2026-09-06T17:32:00.000000Z",
        "provinsi_id": 12,
        "long": 115.05344,
        "ori_sumber": null,
        "desa_id": null,
        "counter": 1,
        "confidence_level": "medium",
        "kawasan": "",
        "kecamatan": "Candi Laras Selatan",
        "nama_provinsi": "Kalimantan Selatan",
        "pulau": "",
        "route_create": "https://opsroom.sipongidata.my.id/daops/laporan/groundcheck/create/form",
        "hotspot_date": "2026-09-07",
        "distance_hgu_km": 2.778,
        "zone": "1–3 km",
        "location_status": "OUTSIDE HGU"
      }
    },
    {
      "type": "Feature",
      "geometry": {
        "type": "Point",
        "coordinates": [
          115.09744,
          -2.78509
        ]
      },
      "properties": {
        "confidence": "medium",
        "confidence_value": null,
        "sumber": "NASA-SNPP",
        "date_hotspot": "Minggu, 06 September 2026 13:10:00",
        "date_hotspot_ori": "2026-09-06T06:10:00.000000Z",
        "provinsi": null,
        "kabkota": "Hulu Sungai Selatan",
        "desa": "Bago Tanggul",
        "hs_id": "2026-09-06T06:10:00.000000Z",
        "provinsi_id": 12,
        "long": 115.09744,
        "ori_sumber": null,
        "desa_id": null,
        "counter": 1,
        "confidence_level": "medium",
        "kawasan": "",
        "kecamatan": "Kalumpang",
        "nama_provinsi": "Kalimantan Selatan",
        "pulau": "",
        "route_create": "https://opsroom.sipongidata.my.id/daops/laporan/groundcheck/create/form",
        "hotspot_date": "2026-09-06",
        "distance_hgu_km": 0.0,
        "zone": "Inside HGU",
        "location_status": "INSIDE HGU"
      }
    },
    {
      "type": "Feature",
      "geometry": {
        "type": "Point",
        "coordinates": [
          115.188,
          -2.75966
        ]
      },
      "properties": {
        "confidence": "medium",
        "confidence_value": null,
        "sumber": "NASA-SNPP",
        "date_hotspot": "Minggu, 06 September 2026 13:10:00",
        "date_hotspot_ori": "2026-09-06T06:10:00.000000Z",
        "provinsi": null,
        "kabkota": "Hulu Sungai Selatan",
        "desa": "Pantai Ulin",
        "hs_id": "2026-09-06T06:10:00.000000Z",
        "provinsi_id": 12,
        "long": 115.188,
        "ori_sumber": null,
        "desa_id": null,
        "counter": 1,
        "confidence_level": "medium",
        "kawasan": "",
        "kecamatan": "Simpur",
        "nama_provinsi": "Kalimantan Selatan",
        "pulau": "",
        "route_create": "https://opsroom.sipongidata.my.id/daops/laporan/groundcheck/create/form",
        "hotspot_date": "2026-09-06",
        "distance_hgu_km": 0.07,
        "zone": "0–1 km",
        "location_status": "OUTSIDE HGU"
      }
    },
    {
      "type": "Feature",
      "geometry": {
        "type": "Point",
        "coordinates": [
          115.14278,
          -2.73679
        ]
      },
      "properties": {
        "confidence": "medium",
        "confidence_value": null,
        "sumber": "NASA-SNPP",
        "date_hotspot": "Minggu, 06 September 2026 13:10:00",
        "date_hotspot_ori": "2026-09-06T06:10:00.000000Z",
        "provinsi": null,
        "kabkota": "Hulu Sungai Selatan",
        "desa": "Garunggang",
        "hs_id": "2026-09-06T06:10:00.000000Z",
        "provinsi_id": 12,
        "long": 115.14278,
        "ori_sumber": null,
        "desa_id": null,
        "counter": 1,
        "confidence_level": "medium",
        "kawasan": "",
        "kecamatan": "Simpur",
        "nama_provinsi": "Kalimantan Selatan",
        "pulau": "",
        "route_create": "https://opsroom.sipongidata.my.id/daops/laporan/groundcheck/create/form",
        "hotspot_date": "2026-09-06",
        "distance_hgu_km": 0.0,
        "zone": "Inside HGU",
        "location_status": "INSIDE HGU"
      }
    },
    {
      "type": "Feature",
      "geometry": {
        "type": "Point",
        "coordinates": [
          115.15765,
          -2.69348
        ]
      },
      "properties": {
        "confidence": "medium",
        "confidence_value": null,
        "sumber": "NASA-SNPP",
        "date_hotspot": "Minggu, 06 September 2026 13:10:00",
        "date_hotspot_ori": "2026-09-06T06:10:00.000000Z",
        "provinsi": null,
        "kabkota": "Hulu Sungai Selatan",
        "desa": "Muning Baru",
        "hs_id": "2026-09-06T06:10:00.000000Z",
        "provinsi_id": 12,
        "long": 115.15765,
        "ori_sumber": null,
        "desa_id": null,
        "counter": 2,
        "confidence_level": "medium",
        "kawasan": "",
        "kecamatan": "Daha Selatan",
        "nama_provinsi": "Kalimantan Selatan",
        "pulau": "",
        "route_create": "https://opsroom.sipongidata.my.id/daops/laporan/groundcheck/create/form",
        "hotspot_date": "2026-09-06",
        "distance_hgu_km": 3.847,
        "zone": "3–5 km",
        "location_status": "OUTSIDE HGU"
      }
    },
    {
      "type": "Feature",
      "geometry": {
        "type": "Point",
        "coordinates": [
          115.10922,
          -2.68612
        ]
      },
      "properties": {
        "confidence": "medium",
        "confidence_value": null,
        "sumber": "NASA-SNPP",
        "date_hotspot": "Minggu, 06 September 2026 13:10:00",
        "date_hotspot_ori": "2026-09-06T06:10:00.000000Z",
        "provinsi": null,
        "kabkota": "Hulu Sungai Selatan",
        "desa": "Muning Tengah",
        "hs_id": "2026-09-06T06:10:00.000000Z",
        "provinsi_id": 12,
        "long": 115.10922,
        "ori_sumber": null,
        "desa_id": null,
        "counter": 1,
        "confidence_level": "medium",
        "kawasan": "",
        "kecamatan": "Daha Selatan",
        "nama_provinsi": "Kalimantan Selatan",
        "pulau": "",
        "route_create": "https://opsroom.sipongidata.my.id/daops/laporan/groundcheck/create/form",
        "hotspot_date": "2026-09-06",
        "distance_hgu_km": 4.923,
        "zone": "3–5 km",
        "location_status": "OUTSIDE HGU"
      }
    },
    {
      "type": "Feature",
      "geometry": {
        "type": "Point",
        "coordinates": [
          115.18043,
          -2.73845
        ]
      },
      "properties": {
        "confidence": "medium",
        "confidence_value": null,
        "sumber": "NASA-SNPP",
        "date_hotspot": "Minggu, 06 September 2026 13:10:00",
        "date_hotspot_ori": "2026-09-06T06:10:00.000000Z",
        "provinsi": null,
        "kabkota": "Hulu Sungai Selatan",
        "desa": "Pantai Ulin",
        "hs_id": "2026-09-06T06:10:00.000000Z",
        "provinsi_id": 12,
        "long": 115.18043,
        "ori_sumber": null,
        "desa_id": null,
        "counter": 1,
        "confidence_level": "medium",
        "kawasan": "",
        "kecamatan": "Simpur",
        "nama_provinsi": "Kalimantan Selatan",
        "pulau": "",
        "route_create": "https://opsroom.sipongidata.my.id/daops/laporan/groundcheck/create/form",
        "hotspot_date": "2026-09-06",
        "distance_hgu_km": 0.0,
        "zone": "Inside HGU",
        "location_status": "INSIDE HGU"
      }
    },
    {
      "type": "Feature",
      "geometry": {
        "type": "Point",
        "coordinates": [
          115.17622,
          -2.73911
        ]
      },
      "properties": {
        "confidence": "medium",
        "confidence_value": null,
        "sumber": "NASA-SNPP",
        "date_hotspot": "Minggu, 06 September 2026 13:10:00",
        "date_hotspot_ori": "2026-09-06T06:10:00.000000Z",
        "provinsi": null,
        "kabkota": "Hulu Sungai Selatan",
        "desa": "Pantai Ulin",
        "hs_id": "2026-09-06T06:10:00.000000Z",
        "provinsi_id": 12,
        "long": 115.17622,
        "ori_sumber": null,
        "desa_id": null,
        "counter": 1,
        "confidence_level": "medium",
        "kawasan": "",
        "kecamatan": "Simpur",
        "nama_provinsi": "Kalimantan Selatan",
        "pulau": "",
        "route_create": "https://opsroom.sipongidata.my.id/daops/laporan/groundcheck/create/form",
        "hotspot_date": "2026-09-06",
        "distance_hgu_km": 0.0,
        "zone": "Inside HGU",
        "location_status": "INSIDE HGU"
      }
    },
    {
      "type": "Feature",
      "geometry": {
        "type": "Point",
        "coordinates": [
          115.1468,
          -2.74379
        ]
      },
      "properties": {
        "confidence": "medium",
        "confidence_value": null,
        "sumber": "NASA-SNPP",
        "date_hotspot": "Minggu, 06 September 2026 13:10:00",
        "date_hotspot_ori": "2026-09-06T06:10:00.000000Z",
        "provinsi": null,
        "kabkota": "Hulu Sungai Selatan",
        "desa": "Garunggang",
        "hs_id": "2026-09-06T06:10:00.000000Z",
        "provinsi_id": 12,
        "long": 115.1468,
        "ori_sumber": null,
        "desa_id": null,
        "counter": 1,
        "confidence_level": "medium",
        "kawasan": "",
        "kecamatan": "Simpur",
        "nama_provinsi": "Kalimantan Selatan",
        "pulau": "",
        "route_create": "https://opsroom.sipongidata.my.id/daops/laporan/groundcheck/create/form",
        "hotspot_date": "2026-09-06",
        "distance_hgu_km": 0.0,
        "zone": "Inside HGU",
        "location_status": "INSIDE HGU"
      }
    },
    {
      "type": "Feature",
      "geometry": {
        "type": "Point",
        "coordinates": [
          115.15998,
          -2.80485
        ]
      },
      "properties": {
        "confidence": "medium",
        "confidence_value": null,
        "sumber": "NASA-NOAA20",
        "date_hotspot": "Minggu, 06 September 2026 13:29:00",
        "date_hotspot_ori": "2026-09-06T06:29:00.000000Z",
        "provinsi": null,
        "kabkota": "Hulu Sungai Selatan",
        "desa": "Balanti",
        "hs_id": "2026-09-06T06:29:00.000000Z",
        "provinsi_id": 12,
        "long": 115.15998,
        "ori_sumber": null,
        "desa_id": null,
        "counter": 1,
        "confidence_level": "medium",
        "kawasan": "",
        "kecamatan": "Kalumpang",
        "nama_provinsi": "Kalimantan Selatan",
        "pulau": "",
        "route_create": "https://opsroom.sipongidata.my.id/daops/laporan/groundcheck/create/form",
        "hotspot_date": "2026-09-06",
        "distance_hgu_km": 0.563,
        "zone": "0–1 km",
        "location_status": "OUTSIDE HGU"
      }
    },
    {
      "type": "Feature",
      "geometry": {
        "type": "Point",
        "coordinates": [
          115.16083,
          -2.80989
        ]
      },
      "properties": {
        "confidence": "medium",
        "confidence_value": null,
        "sumber": "NASA-NOAA20",
        "date_hotspot": "Minggu, 06 September 2026 13:29:00",
        "date_hotspot_ori": "2026-09-06T06:29:00.000000Z",
        "provinsi": null,
        "kabkota": "Hulu Sungai Selatan",
        "desa": "Kalumpang",
        "hs_id": "2026-09-06T06:29:00.000000Z",
        "provinsi_id": 12,
        "long": 115.16083,
        "ori_sumber": null,
        "desa_id": null,
        "counter": 1,
        "confidence_level": "medium",
        "kawasan": "",
        "kecamatan": "Kalumpang",
        "nama_provinsi": "Kalimantan Selatan",
        "pulau": "",
        "route_create": "https://opsroom.sipongidata.my.id/daops/laporan/groundcheck/create/form",
        "hotspot_date": "2026-09-06",
        "distance_hgu_km": 1.127,
        "zone": "1–3 km",
        "location_status": "OUTSIDE HGU"
      }
    },
    {
      "type": "Feature",
      "geometry": {
        "type": "Point",
        "coordinates": [
          115.15754,
          -2.76544
        ]
      },
      "properties": {
        "confidence": "medium",
        "confidence_value": null,
        "sumber": "NASA-NOAA20",
        "date_hotspot": "Minggu, 06 September 2026 13:29:00",
        "date_hotspot_ori": "2026-09-06T06:29:00.000000Z",
        "provinsi": null,
        "kabkota": "Hulu Sungai Selatan",
        "desa": "Garunggang",
        "hs_id": "2026-09-06T06:29:00.000000Z",
        "provinsi_id": 12,
        "long": 115.15754,
        "ori_sumber": null,
        "desa_id": null,
        "counter": 1,
        "confidence_level": "medium",
        "kawasan": "",
        "kecamatan": "Simpur",
        "nama_provinsi": "Kalimantan Selatan",
        "pulau": "",
        "route_create": "https://opsroom.sipongidata.my.id/daops/laporan/groundcheck/create/form",
        "hotspot_date": "2026-09-06",
        "distance_hgu_km": 0.0,
        "zone": "Inside HGU",
        "location_status": "INSIDE HGU"
      }
    },
    {
      "type": "Feature",
      "geometry": {
        "type": "Point",
        "coordinates": [
          115.16171,
          -2.81594
        ]
      },
      "properties": {
        "confidence": "medium",
        "confidence_value": null,
        "sumber": "NASA-NOAA20",
        "date_hotspot": "Minggu, 06 September 2026 13:29:00",
        "date_hotspot_ori": "2026-09-06T06:29:00.000000Z",
        "provinsi": null,
        "kabkota": "Hulu Sungai Selatan",
        "desa": "Kalumpang",
        "hs_id": "2026-09-06T06:29:00.000000Z",
        "provinsi_id": 12,
        "long": 115.16171,
        "ori_sumber": null,
        "desa_id": null,
        "counter": 1,
        "confidence_level": "medium",
        "kawasan": "",
        "kecamatan": "Kalumpang",
        "nama_provinsi": "Kalimantan Selatan",
        "pulau": "",
        "route_create": "https://opsroom.sipongidata.my.id/daops/laporan/groundcheck/create/form",
        "hotspot_date": "2026-09-06",
        "distance_hgu_km": 1.8,
        "zone": "1–3 km",
        "location_status": "OUTSIDE HGU"
      }
    },
    {
      "type": "Feature",
      "geometry": {
        "type": "Point",
        "coordinates": [
          115.07861,
          -2.76143
        ]
      },
      "properties": {
        "confidence": "medium",
        "confidence_value": null,
        "sumber": "NASA-NOAA20",
        "date_hotspot": "Minggu, 06 September 2026 13:29:00",
        "date_hotspot_ori": "2026-09-06T06:29:00.000000Z",
        "provinsi": null,
        "kabkota": "Hulu Sungai Selatan",
        "desa": "Muning Dalam",
        "hs_id": "2026-09-06T06:29:00.000000Z",
        "provinsi_id": 12,
        "long": 115.07861,
        "ori_sumber": null,
        "desa_id": null,
        "counter": 1,
        "confidence_level": "medium",
        "kawasan": "",
        "kecamatan": "Daha Selatan",
        "nama_provinsi": "Kalimantan Selatan",
        "pulau": "",
        "route_create": "https://opsroom.sipongidata.my.id/daops/laporan/groundcheck/create/form",
        "hotspot_date": "2026-09-06",
        "distance_hgu_km": 0.597,
        "zone": "0–1 km",
        "location_status": "OUTSIDE HGU"
      }
    },
    {
      "type": "Feature",
      "geometry": {
        "type": "Point",
        "coordinates": [
          115.16077,
          -2.69748
        ]
      },
      "properties": {
        "confidence": "medium",
        "confidence_value": null,
        "sumber": "NASA-NOAA20",
        "date_hotspot": "Minggu, 06 September 2026 13:29:00",
        "date_hotspot_ori": "2026-09-06T06:29:00.000000Z",
        "provinsi": null,
        "kabkota": "Hulu Sungai Selatan",
        "desa": "Muning Baru",
        "hs_id": "2026-09-06T06:29:00.000000Z",
        "provinsi_id": 12,
        "long": 115.16077,
        "ori_sumber": null,
        "desa_id": null,
        "counter": 3,
        "confidence_level": "medium",
        "kawasan": "",
        "kecamatan": "Daha Selatan",
        "nama_provinsi": "Kalimantan Selatan",
        "pulau": "",
        "route_create": "https://opsroom.sipongidata.my.id/daops/laporan/groundcheck/create/form",
        "hotspot_date": "2026-09-06",
        "distance_hgu_km": 3.314,
        "zone": "3–5 km",
        "location_status": "OUTSIDE HGU"
      }
    },
    {
      "type": "Feature",
      "geometry": {
        "type": "Point",
        "coordinates": [
          115.08313,
          -2.72699
        ]
      },
      "properties": {
        "confidence": "medium",
        "confidence_value": null,
        "sumber": "NASA-NOAA20",
        "date_hotspot": "Minggu, 06 September 2026 13:29:00",
        "date_hotspot_ori": "2026-09-06T06:29:00.000000Z",
        "provinsi": null,
        "kabkota": "Hulu Sungai Selatan",
        "desa": "Muning Dalam",
        "hs_id": "2026-09-06T06:29:00.000000Z",
        "provinsi_id": 12,
        "long": 115.08313,
        "ori_sumber": null,
        "desa_id": null,
        "counter": 1,
        "confidence_level": "medium",
        "kawasan": "",
        "kecamatan": "Daha Selatan",
        "nama_provinsi": "Kalimantan Selatan",
        "pulau": "",
        "route_create": "https://opsroom.sipongidata.my.id/daops/laporan/groundcheck/create/form",
        "hotspot_date": "2026-09-06",
        "distance_hgu_km": 3.372,
        "zone": "3–5 km",
        "location_status": "OUTSIDE HGU"
      }
    },
    {
      "type": "Feature",
      "geometry": {
        "type": "Point",
        "coordinates": [
          115.09473,
          -2.70327
        ]
      },
      "properties": {
        "confidence": "medium",
        "confidence_value": null,
        "sumber": "NASA-SNPP",
        "date_hotspot": "Minggu, 06 September 2026 13:10:00",
        "date_hotspot_ori": "2026-09-06T06:10:00.000000Z",
        "provinsi": null,
        "kabkota": "Hulu Sungai Selatan",
        "desa": "Muning Tengah",
        "hs_id": "2026-09-06T06:10:00.000000Z",
        "provinsi_id": 12,
        "long": 115.09473,
        "ori_sumber": null,
        "desa_id": null,
        "counter": 1,
        "confidence_level": "medium",
        "kawasan": "",
        "kecamatan": "Daha Selatan",
        "nama_provinsi": "Kalimantan Selatan",
        "pulau": "",
        "route_create": "https://opsroom.sipongidata.my.id/daops/laporan/groundcheck/create/form",
        "hotspot_date": "2026-09-06",
        "distance_hgu_km": 4.68,
        "zone": "3–5 km",
        "location_status": "OUTSIDE HGU"
      }
    },
    {
      "type": "Feature",
      "geometry": {
        "type": "Point",
        "coordinates": [
          115.11172,
          -2.84042
        ]
      },
      "properties": {
        "confidence": "medium",
        "confidence_value": null,
        "sumber": "NASA-NOAA20",
        "date_hotspot": "Senin, 07 September 2026 00:32:00",
        "date_hotspot_ori": "2026-09-06T17:32:00.000000Z",
        "provinsi": null,
        "kabkota": "Tapin",
        "desa": "Masta",
        "hs_id": "2026-09-06T17:32:00.000000Z",
        "provinsi_id": 12,
        "long": 115.11172,
        "ori_sumber": null,
        "desa_id": null,
        "counter": 2,
        "confidence_level": "medium",
        "kawasan": "",
        "kecamatan": "Bakarangan",
        "nama_provinsi": "Kalimantan Selatan",
        "pulau": "",
        "route_create": "https://opsroom.sipongidata.my.id/daops/laporan/groundcheck/create/form",
        "hotspot_date": "2026-09-07",
        "distance_hgu_km": 0.656,
        "zone": "0–1 km",
        "location_status": "OUTSIDE HGU"
      }
    },
    {
      "type": "Feature",
      "geometry": {
        "type": "Point",
        "coordinates": [
          115.14056,
          -2.68629
        ]
      },
      "properties": {
        "confidence": "medium",
        "confidence_value": null,
        "sumber": "NASA-SNPP",
        "date_hotspot": "Senin, 07 September 2026 00:11:00",
        "date_hotspot_ori": "2026-09-06T17:11:00.000000Z",
        "provinsi": null,
        "kabkota": "Hulu Sungai Selatan",
        "desa": "Muning Baru",
        "hs_id": "2026-09-06T17:11:00.000000Z",
        "provinsi_id": 12,
        "long": 115.14056,
        "ori_sumber": null,
        "desa_id": null,
        "counter": 1,
        "confidence_level": "medium",
        "kawasan": "",
        "kecamatan": "Daha Selatan",
        "nama_provinsi": "Kalimantan Selatan",
        "pulau": "",
        "route_create": "https://opsroom.sipongidata.my.id/daops/laporan/groundcheck/create/form",
        "hotspot_date": "2026-09-07",
        "distance_hgu_km": 4.188,
        "zone": "3–5 km",
        "location_status": "OUTSIDE HGU"
      }
    },
    {
      "type": "Feature",
      "geometry": {
        "type": "Point",
        "coordinates": [
          115.1586,
          -2.68327
        ]
      },
      "properties": {
        "confidence": "medium",
        "confidence_value": null,
        "sumber": "NASA-SNPP",
        "date_hotspot": "Senin, 07 September 2026 00:11:00",
        "date_hotspot_ori": "2026-09-06T17:11:00.000000Z",
        "provinsi": null,
        "kabkota": "Hulu Sungai Selatan",
        "desa": "Muning Baru",
        "hs_id": "2026-09-06T17:11:00.000000Z",
        "provinsi_id": 12,
        "long": 115.1586,
        "ori_sumber": null,
        "desa_id": null,
        "counter": 1,
        "confidence_level": "medium",
        "kawasan": "",
        "kecamatan": "Daha Selatan",
        "nama_provinsi": "Kalimantan Selatan",
        "pulau": "",
        "route_create": "https://opsroom.sipongidata.my.id/daops/laporan/groundcheck/create/form",
        "hotspot_date": "2026-09-07",
        "distance_hgu_km": 4.874,
        "zone": "3–5 km",
        "location_status": "OUTSIDE HGU"
      }
    },
    {
      "type": "Feature",
      "geometry": {
        "type": "Point",
        "coordinates": [
          115.16419,
          -2.69055
        ]
      },
      "properties": {
        "confidence": "medium",
        "confidence_value": null,
        "sumber": "NASA-NOAA20",
        "date_hotspot": "Senin, 07 September 2026 00:32:00",
        "date_hotspot_ori": "2026-09-06T17:32:00.000000Z",
        "provinsi": null,
        "kabkota": "Hulu Sungai Selatan",
        "desa": "Muning Baru",
        "hs_id": "2026-09-06T17:32:00.000000Z",
        "provinsi_id": 12,
        "long": 115.16419,
        "ori_sumber": null,
        "desa_id": null,
        "counter": 4,
        "confidence_level": "medium",
        "kawasan": "",
        "kecamatan": "Daha Selatan",
        "nama_provinsi": "Kalimantan Selatan",
        "pulau": "",
        "route_create": "https://opsroom.sipongidata.my.id/daops/laporan/groundcheck/create/form",
        "hotspot_date": "2026-09-07",
        "distance_hgu_km": 3.906,
        "zone": "3–5 km",
        "location_status": "OUTSIDE HGU"
      }
    },
    {
      "type": "Feature",
      "geometry": {
        "type": "Point",
        "coordinates": [
          115.10572,
          -2.69186
        ]
      },
      "properties": {
        "confidence": "medium",
        "confidence_value": null,
        "sumber": "NASA-NOAA20",
        "date_hotspot": "Senin, 07 September 2026 13:10:00",
        "date_hotspot_ori": "2026-09-07T06:10:00.000000Z",
        "provinsi": null,
        "kabkota": "Hulu Sungai Selatan",
        "desa": "Muning Tengah",
        "hs_id": "2026-09-07T06:10:00.000000Z",
        "provinsi_id": 12,
        "long": 115.10572,
        "ori_sumber": null,
        "desa_id": null,
        "counter": 1,
        "confidence_level": "medium",
        "kawasan": "",
        "kecamatan": "Daha Selatan",
        "nama_provinsi": "Kalimantan Selatan",
        "pulau": "",
        "route_create": "https://opsroom.sipongidata.my.id/daops/laporan/groundcheck/create/form",
        "hotspot_date": "2026-09-07",
        "distance_hgu_km": 4.651,
        "zone": "3–5 km",
        "location_status": "OUTSIDE HGU"
      }
    },
    {
      "type": "Feature",
      "geometry": {
        "type": "Point",
        "coordinates": [
          115.12976,
          -2.6861
        ]
      },
      "properties": {
        "confidence": "medium",
        "confidence_value": null,
        "sumber": "NASA-SNPP",
        "date_hotspot": "Senin, 28 September 2026 12:57:00",
        "date_hotspot_ori": "2026-09-28T05:57:00.000000Z",
        "provinsi": null,
        "kabkota": "Hulu Sungai Selatan",
        "desa": "Muning Baru",
        "hs_id": "2026-09-28T05:57:00.000000Z",
        "provinsi_id": 12,
        "long": 115.12976,
        "ori_sumber": null,
        "desa_id": null,
        "counter": 1,
        "confidence_level": "medium",
        "kawasan": "",
        "kecamatan": "Daha Selatan",
        "nama_provinsi": "Kalimantan Selatan",
        "pulau": "",
        "route_create": "https://opsroom.sipongidata.my.id/daops/laporan/groundcheck/create/form",
        "hotspot_date": "2026-09-28",
        "distance_hgu_km": 4.15,
        "zone": "3–5 km",
        "location_status": "OUTSIDE HGU"
      }
    },
    {
      "type": "Feature",
      "geometry": {
        "type": "Point",
        "coordinates": [
          115.12926,
          -2.68279
        ]
      },
      "properties": {
        "confidence": "medium",
        "confidence_value": null,
        "sumber": "NASA-SNPP",
        "date_hotspot": "Senin, 28 September 2026 12:57:00",
        "date_hotspot_ori": "2026-09-28T05:57:00.000000Z",
        "provinsi": null,
        "kabkota": "Hulu Sungai Selatan",
        "desa": "Muning Baru",
        "hs_id": "2026-09-28T05:57:00.000000Z",
        "provinsi_id": 12,
        "long": 115.12926,
        "ori_sumber": null,
        "desa_id": null,
        "counter": 1,
        "confidence_level": "medium",
        "kawasan": "",
        "kecamatan": "Daha Selatan",
        "nama_provinsi": "Kalimantan Selatan",
        "pulau": "",
        "route_create": "https://opsroom.sipongidata.my.id/daops/laporan/groundcheck/create/form",
        "hotspot_date": "2026-09-28",
        "distance_hgu_km": 4.52,
        "zone": "3–5 km",
        "location_status": "OUTSIDE HGU"
      }
    },
    {
      "type": "Feature",
      "geometry": {
        "type": "Point",
        "coordinates": [
          115.03664,
          -2.76414
        ]
      },
      "properties": {
        "confidence": "medium",
        "confidence_value": null,
        "sumber": "NASA-SNPP",
        "date_hotspot": "Senin, 28 September 2026 12:57:00",
        "date_hotspot_ori": "2026-09-28T05:57:00.000000Z",
        "provinsi": null,
        "kabkota": "Hulu Sungai Selatan",
        "desa": "Muning Dalam",
        "hs_id": "2026-09-28T05:57:00.000000Z",
        "provinsi_id": 12,
        "long": 115.03664,
        "ori_sumber": null,
        "desa_id": null,
        "counter": 1,
        "confidence_level": "medium",
        "kawasan": "",
        "kecamatan": "Daha Selatan",
        "nama_provinsi": "Kalimantan Selatan",
        "pulau": "",
        "route_create": "https://opsroom.sipongidata.my.id/daops/laporan/groundcheck/create/form",
        "hotspot_date": "2026-09-28",
        "distance_hgu_km": 4.251,
        "zone": "3–5 km",
        "location_status": "OUTSIDE HGU"
      }
    },
    {
      "type": "Feature",
      "geometry": {
        "type": "Point",
        "coordinates": [
          115.13083,
          -2.68279
        ]
      },
      "properties": {
        "confidence": "medium",
        "confidence_value": null,
        "sumber": "NASA-NOAA20",
        "date_hotspot": "Senin, 28 September 2026 13:18:00",
        "date_hotspot_ori": "2026-09-28T06:18:00.000000Z",
        "provinsi": null,
        "kabkota": "Hulu Sungai Selatan",
        "desa": "Muning Baru",
        "hs_id": "2026-09-28T06:18:00.000000Z",
        "provinsi_id": 12,
        "long": 115.13083,
        "ori_sumber": null,
        "desa_id": null,
        "counter": 1,
        "confidence_level": "medium",
        "kawasan": "",
        "kecamatan": "Daha Selatan",
        "nama_provinsi": "Kalimantan Selatan",
        "pulau": "",
        "route_create": "https://opsroom.sipongidata.my.id/daops/laporan/groundcheck/create/form",
        "hotspot_date": "2026-09-28",
        "distance_hgu_km": 4.506,
        "zone": "3–5 km",
        "location_status": "OUTSIDE HGU"
      }
    },
    {
      "type": "Feature",
      "geometry": {
        "type": "Point",
        "coordinates": [
          115.07047,
          -2.76569
        ]
      },
      "properties": {
        "confidence": "medium",
        "confidence_value": null,
        "sumber": "NASA-NOAA20",
        "date_hotspot": "Selasa, 22 September 2026 13:29:00",
        "date_hotspot_ori": "2026-09-22T06:29:00.000000Z",
        "provinsi": null,
        "kabkota": "Hulu Sungai Selatan",
        "desa": "Muning Dalam",
        "hs_id": "2026-09-22T06:29:00.000000Z",
        "provinsi_id": 12,
        "long": 115.07047,
        "ori_sumber": null,
        "desa_id": null,
        "counter": 1,
        "confidence_level": "medium",
        "kawasan": "",
        "kecamatan": "Daha Selatan",
        "nama_provinsi": "Kalimantan Selatan",
        "pulau": "",
        "route_create": "https://opsroom.sipongidata.my.id/daops/laporan/groundcheck/create/form",
        "hotspot_date": "2026-09-22",
        "distance_hgu_km": 0.739,
        "zone": "0–1 km",
        "location_status": "OUTSIDE HGU"
      }
    },
    {
      "type": "Feature",
      "geometry": {
        "type": "Point",
        "coordinates": [
          115.13992,
          -2.8418
        ]
      },
      "properties": {
        "confidence": "medium",
        "confidence_value": null,
        "sumber": "NASA-SNPP",
        "date_hotspot": "Selasa, 22 September 2026 13:10:00",
        "date_hotspot_ori": "2026-09-22T06:10:00.000000Z",
        "provinsi": null,
        "kabkota": "Hulu Sungai Selatan",
        "desa": "Karang Paci",
        "hs_id": "2026-09-22T06:10:00.000000Z",
        "provinsi_id": 12,
        "long": 115.13992,
        "ori_sumber": null,
        "desa_id": null,
        "counter": 2,
        "confidence_level": "medium",
        "kawasan": "",
        "kecamatan": "Kalumpang",
        "nama_provinsi": "Kalimantan Selatan",
        "pulau": "",
        "route_create": "https://opsroom.sipongidata.my.id/daops/laporan/groundcheck/create/form",
        "hotspot_date": "2026-09-22",
        "distance_hgu_km": 3.389,
        "zone": "3–5 km",
        "location_status": "OUTSIDE HGU"
      }
    },
    {
      "type": "Feature",
      "geometry": {
        "type": "Point",
        "coordinates": [
          115.13945,
          -2.86836
        ]
      },
      "properties": {
        "confidence": "medium",
        "confidence_value": null,
        "sumber": "NASA-SNPP",
        "date_hotspot": "Selasa, 22 September 2026 13:10:00",
        "date_hotspot_ori": "2026-09-22T06:10:00.000000Z",
        "provinsi": null,
        "kabkota": "Tapin",
        "desa": "Bundung",
        "hs_id": "2026-09-22T06:10:00.000000Z",
        "provinsi_id": 12,
        "long": 115.13945,
        "ori_sumber": null,
        "desa_id": null,
        "counter": 1,
        "confidence_level": "medium",
        "kawasan": "",
        "kecamatan": "Bakarangan",
        "nama_provinsi": "Kalimantan Selatan",
        "pulau": "",
        "route_create": "https://opsroom.sipongidata.my.id/daops/laporan/groundcheck/create/form",
        "hotspot_date": "2026-09-22",
        "distance_hgu_km": 4.967,
        "zone": "3–5 km",
        "location_status": "OUTSIDE HGU"
      }
    },
    {
      "type": "Feature",
      "geometry": {
        "type": "Point",
        "coordinates": [
          115.15972,
          -2.81335
        ]
      },
      "properties": {
        "confidence": "medium",
        "confidence_value": null,
        "sumber": "NASA-NOAA20",
        "date_hotspot": "Selasa, 22 September 2026 13:29:00",
        "date_hotspot_ori": "2026-09-22T06:29:00.000000Z",
        "provinsi": null,
        "kabkota": "Hulu Sungai Selatan",
        "desa": "Kalumpang",
        "hs_id": "2026-09-22T06:29:00.000000Z",
        "provinsi_id": 12,
        "long": 115.15972,
        "ori_sumber": null,
        "desa_id": null,
        "counter": 1,
        "confidence_level": "medium",
        "kawasan": "",
        "kecamatan": "Kalumpang",
        "nama_provinsi": "Kalimantan Selatan",
        "pulau": "",
        "route_create": "https://opsroom.sipongidata.my.id/daops/laporan/groundcheck/create/form",
        "hotspot_date": "2026-09-22",
        "distance_hgu_km": 1.454,
        "zone": "1–3 km",
        "location_status": "OUTSIDE HGU"
      }
    },
    {
      "type": "Feature",
      "geometry": {
        "type": "Point",
        "coordinates": [
          115.13049,
          -2.72198
        ]
      },
      "properties": {
        "confidence": "medium",
        "confidence_value": null,
        "sumber": "NASA-NOAA20",
        "date_hotspot": "Selasa, 22 September 2026 13:29:00",
        "date_hotspot_ori": "2026-09-22T06:29:00.000000Z",
        "provinsi": null,
        "kabkota": "Hulu Sungai Selatan",
        "desa": "Muning Baru",
        "hs_id": "2026-09-22T06:29:00.000000Z",
        "provinsi_id": 12,
        "long": 115.13049,
        "ori_sumber": null,
        "desa_id": null,
        "counter": 1,
        "confidence_level": "medium",
        "kawasan": "",
        "kecamatan": "Daha Selatan",
        "nama_provinsi": "Kalimantan Selatan",
        "pulau": "",
        "route_create": "https://opsroom.sipongidata.my.id/daops/laporan/groundcheck/create/form",
        "hotspot_date": "2026-09-22",
        "distance_hgu_km": 0.347,
        "zone": "0–1 km",
        "location_status": "OUTSIDE HGU"
      }
    },
    {
      "type": "Feature",
      "geometry": {
        "type": "Point",
        "coordinates": [
          115.12408,
          -2.84754
        ]
      },
      "properties": {
        "confidence": "medium",
        "confidence_value": null,
        "sumber": "NASA-NOAA20",
        "date_hotspot": "Selasa, 22 September 2026 13:29:00",
        "date_hotspot_ori": "2026-09-22T06:29:00.000000Z",
        "provinsi": null,
        "kabkota": "Tapin",
        "desa": "Masta",
        "hs_id": "2026-09-22T06:29:00.000000Z",
        "provinsi_id": 12,
        "long": 115.12408,
        "ori_sumber": null,
        "desa_id": null,
        "counter": 1,
        "confidence_level": "medium",
        "kawasan": "",
        "kecamatan": "Bakarangan",
        "nama_provinsi": "Kalimantan Selatan",
        "pulau": "",
        "route_create": "https://opsroom.sipongidata.my.id/daops/laporan/groundcheck/create/form",
        "hotspot_date": "2026-09-22",
        "distance_hgu_km": 2.116,
        "zone": "1–3 km",
        "location_status": "OUTSIDE HGU"
      }
    },
    {
      "type": "Feature",
      "geometry": {
        "type": "Point",
        "coordinates": [
          115.18204,
          -2.76414
        ]
      },
      "properties": {
        "confidence": "medium",
        "confidence_value": null,
        "sumber": "NASA-NOAA20",
        "date_hotspot": "Selasa, 22 September 2026 13:29:00",
        "date_hotspot_ori": "2026-09-22T06:29:00.000000Z",
        "provinsi": null,
        "kabkota": "Hulu Sungai Selatan",
        "desa": "Pantai Ulin",
        "hs_id": "2026-09-22T06:29:00.000000Z",
        "provinsi_id": 12,
        "long": 115.18204,
        "ori_sumber": null,
        "desa_id": null,
        "counter": 1,
        "confidence_level": "medium",
        "kawasan": "",
        "kecamatan": "Simpur",
        "nama_provinsi": "Kalimantan Selatan",
        "pulau": "",
        "route_create": "https://opsroom.sipongidata.my.id/daops/laporan/groundcheck/create/form",
        "hotspot_date": "2026-09-22",
        "distance_hgu_km": 0.0,
        "zone": "Inside HGU",
        "location_status": "INSIDE HGU"
      }
    },
    {
      "type": "Feature",
      "geometry": {
        "type": "Point",
        "coordinates": [
          115.12109,
          -2.68313
        ]
      },
      "properties": {
        "confidence": "medium",
        "confidence_value": null,
        "sumber": "NASA-NOAA20",
        "date_hotspot": "Minggu, 04 Oktober 2026 13:05:00",
        "date_hotspot_ori": "2026-10-04T06:05:00.000000Z",
        "provinsi": null,
        "kabkota": "Hulu Sungai Selatan",
        "desa": "Muning Baru",
        "hs_id": "2026-10-04T06:05:00.000000Z",
        "provinsi_id": 12,
        "long": 115.12109,
        "ori_sumber": null,
        "desa_id": null,
        "counter": 1,
        "confidence_level": "medium",
        "kawasan": "",
        "kecamatan": "Daha Selatan",
        "nama_provinsi": "Kalimantan Selatan",
        "pulau": "",
        "route_create": "https://opsroom.sipongidata.my.id/daops/laporan/groundcheck/create/form",
        "hotspot_date": "2026-10-04",
        "distance_hgu_km": 4.663,
        "zone": "3–5 km",
        "location_status": "OUTSIDE HGU"
      }
    },
    {
      "type": "Feature",
      "geometry": {
        "type": "Point",
        "coordinates": [
          115.11685,
          -2.6838
        ]
      },
      "properties": {
        "confidence": "medium",
        "confidence_value": null,
        "sumber": "NASA-NOAA20",
        "date_hotspot": "Minggu, 04 Oktober 2026 13:05:00",
        "date_hotspot_ori": "2026-10-04T06:05:00.000000Z",
        "provinsi": null,
        "kabkota": "Hulu Sungai Selatan",
        "desa": "Muning Tengah",
        "hs_id": "2026-10-04T06:05:00.000000Z",
        "provinsi_id": 12,
        "long": 115.11685,
        "ori_sumber": null,
        "desa_id": null,
        "counter": 1,
        "confidence_level": "medium",
        "kawasan": "",
        "kecamatan": "Daha Selatan",
        "nama_provinsi": "Kalimantan Selatan",
        "pulau": "",
        "route_create": "https://opsroom.sipongidata.my.id/daops/laporan/groundcheck/create/form",
        "hotspot_date": "2026-10-04",
        "distance_hgu_km": 4.753,
        "zone": "3–5 km",
        "location_status": "OUTSIDE HGU"
      }
    },
    {
      "type": "Feature",
      "geometry": {
        "type": "Point",
        "coordinates": [
          115.16302,
          -2.69601
        ]
      },
      "properties": {
        "confidence": "medium",
        "confidence_value": null,
        "sumber": "NASA-NOAA20",
        "date_hotspot": "Rabu, 23 September 2026 13:12:00",
        "date_hotspot_ori": "2026-09-23T06:12:00.000000Z",
        "provinsi": null,
        "kabkota": "Hulu Sungai Selatan",
        "desa": "Muning Baru",
        "hs_id": "2026-09-23T06:12:00.000000Z",
        "provinsi_id": 12,
        "long": 115.16302,
        "ori_sumber": null,
        "desa_id": null,
        "counter": 3,
        "confidence_level": "medium",
        "kawasan": "",
        "kecamatan": "Daha Selatan",
        "nama_provinsi": "Kalimantan Selatan",
        "pulau": "",
        "route_create": "https://opsroom.sipongidata.my.id/daops/laporan/groundcheck/create/form",
        "hotspot_date": "2026-09-23",
        "distance_hgu_km": 3.382,
        "zone": "3–5 km",
        "location_status": "OUTSIDE HGU"
      }
    },
    {
      "type": "Feature",
      "geometry": {
        "type": "Point",
        "coordinates": [
          115.06488,
          -2.8402
        ]
      },
      "properties": {
        "confidence": "medium",
        "confidence_value": null,
        "sumber": "NASA-NOAA20",
        "date_hotspot": "Rabu, 23 September 2026 13:12:00",
        "date_hotspot_ori": "2026-09-23T06:12:00.000000Z",
        "provinsi": null,
        "kabkota": "Hulu Sungai Selatan",
        "desa": "Balimau",
        "hs_id": "2026-09-23T06:12:00.000000Z",
        "provinsi_id": 12,
        "long": 115.06488,
        "ori_sumber": null,
        "desa_id": null,
        "counter": 1,
        "confidence_level": "medium",
        "kawasan": "",
        "kecamatan": "Kalumpang",
        "nama_provinsi": "Kalimantan Selatan",
        "pulau": "",
        "route_create": "https://opsroom.sipongidata.my.id/daops/laporan/groundcheck/create/form",
        "hotspot_date": "2026-09-23",
        "distance_hgu_km": 1.49,
        "zone": "1–3 km",
        "location_status": "OUTSIDE HGU"
      }
    },
    {
      "type": "Feature",
      "geometry": {
        "type": "Point",
        "coordinates": [
          115.12535,
          -2.71219
        ]
      },
      "properties": {
        "confidence": "medium",
        "confidence_value": null,
        "sumber": "NASA-NOAA20",
        "date_hotspot": "Kamis, 24 September 2026 12:53:00",
        "date_hotspot_ori": "2026-09-24T05:53:00.000000Z",
        "provinsi": null,
        "kabkota": "Hulu Sungai Selatan",
        "desa": "Muning Baru",
        "hs_id": "2026-09-24T05:53:00.000000Z",
        "provinsi_id": 12,
        "long": 115.12535,
        "ori_sumber": null,
        "desa_id": null,
        "counter": 1,
        "confidence_level": "medium",
        "kawasan": "",
        "kecamatan": "Daha Selatan",
        "nama_provinsi": "Kalimantan Selatan",
        "pulau": "",
        "route_create": "https://opsroom.sipongidata.my.id/daops/laporan/groundcheck/create/form",
        "hotspot_date": "2026-09-24",
        "distance_hgu_km": 1.529,
        "zone": "1–3 km",
        "location_status": "OUTSIDE HGU"
      }
    },
    {
      "type": "Feature",
      "geometry": {
        "type": "Point",
        "coordinates": [
          115.12495,
          -2.68784
        ]
      },
      "properties": {
        "confidence": "medium",
        "confidence_value": null,
        "sumber": "NASA-SNPP",
        "date_hotspot": "Senin, 05 Oktober 2026 01:28:00",
        "date_hotspot_ori": "2026-10-04T18:28:00.000000Z",
        "provinsi": null,
        "kabkota": "Hulu Sungai Selatan",
        "desa": "Muning Baru",
        "hs_id": "2026-10-04T18:28:00.000000Z",
        "provinsi_id": 12,
        "long": 115.12495,
        "ori_sumber": null,
        "desa_id": null,
        "counter": 1,
        "confidence_level": "medium",
        "kawasan": "",
        "kecamatan": "Daha Selatan",
        "nama_provinsi": "Kalimantan Selatan",
        "pulau": "",
        "route_create": "https://opsroom.sipongidata.my.id/daops/laporan/groundcheck/create/form",
        "hotspot_date": "2026-10-05",
        "distance_hgu_km": 4.047,
        "zone": "3–5 km",
        "location_status": "OUTSIDE HGU"
      }
    },
    {
      "type": "Feature",
      "geometry": {
        "type": "Point",
        "coordinates": [
          115.0874,
          -2.7111
        ]
      },
      "properties": {
        "confidence": "medium",
        "confidence_value": null,
        "sumber": "NASA-NOAA20",
        "date_hotspot": "Senin, 07 September 2026 13:10:00",
        "date_hotspot_ori": "2026-09-07T06:10:00.000000Z",
        "provinsi": null,
        "kabkota": "Hulu Sungai Selatan",
        "desa": "Muning Dalam",
        "hs_id": "2026-09-07T06:10:00.000000Z",
        "provinsi_id": 12,
        "long": 115.0874,
        "ori_sumber": null,
        "desa_id": null,
        "counter": 1,
        "confidence_level": "medium",
        "kawasan": "",
        "kecamatan": "Daha Selatan",
        "nama_provinsi": "Kalimantan Selatan",
        "pulau": "",
        "route_create": "https://opsroom.sipongidata.my.id/daops/laporan/groundcheck/create/form",
        "hotspot_date": "2026-09-07",
        "distance_hgu_km": 4.481,
        "zone": "3–5 km",
        "location_status": "OUTSIDE HGU"
      }
    },
    {
      "type": "Feature",
      "geometry": {
        "type": "Point",
        "coordinates": [
          115.15221,
          -2.72103
        ]
      },
      "properties": {
        "confidence": "medium",
        "confidence_value": null,
        "sumber": "NASA-NOAA20",
        "date_hotspot": "Selasa, 08 September 2026 12:53:00",
        "date_hotspot_ori": "2026-09-08T05:53:00.000000Z",
        "provinsi": null,
        "kabkota": "Hulu Sungai Selatan",
        "desa": "Pantai Ulin",
        "hs_id": "2026-09-08T05:53:00.000000Z",
        "provinsi_id": 12,
        "long": 115.15221,
        "ori_sumber": null,
        "desa_id": null,
        "counter": 1,
        "confidence_level": "medium",
        "kawasan": "",
        "kecamatan": "Simpur",
        "nama_provinsi": "Kalimantan Selatan",
        "pulau": "",
        "route_create": "https://opsroom.sipongidata.my.id/daops/laporan/groundcheck/create/form",
        "hotspot_date": "2026-09-08",
        "distance_hgu_km": 1.192,
        "zone": "1–3 km",
        "location_status": "OUTSIDE HGU"
      }
    },
    {
      "type": "Feature",
      "geometry": {
        "type": "Point",
        "coordinates": [
          115.18269,
          -2.74656
        ]
      },
      "properties": {
        "confidence": "medium",
        "confidence_value": null,
        "sumber": "NASA-SNPP",
        "date_hotspot": "Kamis, 10 September 2026 13:35:00",
        "date_hotspot_ori": "2026-09-10T06:35:00.000000Z",
        "provinsi": null,
        "kabkota": "Hulu Sungai Selatan",
        "desa": "Pantai Ulin",
        "hs_id": "2026-09-10T06:35:00.000000Z",
        "provinsi_id": 12,
        "long": 115.18269,
        "ori_sumber": null,
        "desa_id": null,
        "counter": 1,
        "confidence_level": "medium",
        "kawasan": "",
        "kecamatan": "Simpur",
        "nama_provinsi": "Kalimantan Selatan",
        "pulau": "",
        "route_create": "https://opsroom.sipongidata.my.id/daops/laporan/groundcheck/create/form",
        "hotspot_date": "2026-09-10",
        "distance_hgu_km": 0.0,
        "zone": "Inside HGU",
        "location_status": "INSIDE HGU"
      }
    },
    {
      "type": "Feature",
      "geometry": {
        "type": "Point",
        "coordinates": [
          115.1981,
          -2.69735
        ]
      },
      "properties": {
        "confidence": "medium",
        "confidence_value": null,
        "sumber": "NASA-NOAA20",
        "date_hotspot": "Jumat, 11 September 2026 00:56:00",
        "date_hotspot_ori": "2026-09-10T17:56:00.000000Z",
        "provinsi": null,
        "kabkota": "Hulu Sungai Selatan",
        "desa": "Bangkau",
        "hs_id": "2026-09-10T17:56:00.000000Z",
        "provinsi_id": 12,
        "long": 115.1981,
        "ori_sumber": null,
        "desa_id": null,
        "counter": 1,
        "confidence_level": "medium",
        "kawasan": "",
        "kecamatan": "Kandangan",
        "nama_provinsi": "Kalimantan Selatan",
        "pulau": "",
        "route_create": "https://opsroom.sipongidata.my.id/daops/laporan/groundcheck/create/form",
        "hotspot_date": "2026-09-11",
        "distance_hgu_km": 2.663,
        "zone": "1–3 km",
        "location_status": "OUTSIDE HGU"
      }
    },
    {
      "type": "Feature",
      "geometry": {
        "type": "Point",
        "coordinates": [
          115.04698,
          -2.77888
        ]
      },
      "properties": {
        "confidence": "medium",
        "confidence_value": null,
        "sumber": "NASA-NOAA20",
        "date_hotspot": "Jumat, 11 September 2026 00:56:00",
        "date_hotspot_ori": "2026-09-10T17:56:00.000000Z",
        "provinsi": null,
        "kabkota": "Hulu Sungai Selatan",
        "desa": "Muning Dalam",
        "hs_id": "2026-09-10T17:56:00.000000Z",
        "provinsi_id": 12,
        "long": 115.04698,
        "ori_sumber": null,
        "desa_id": null,
        "counter": 1,
        "confidence_level": "medium",
        "kawasan": "",
        "kecamatan": "Daha Selatan",
        "nama_provinsi": "Kalimantan Selatan",
        "pulau": "",
        "route_create": "https://opsroom.sipongidata.my.id/daops/laporan/groundcheck/create/form",
        "hotspot_date": "2026-09-11",
        "distance_hgu_km": 2.964,
        "zone": "1–3 km",
        "location_status": "OUTSIDE HGU"
      }
    },
    {
      "type": "Feature",
      "geometry": {
        "type": "Point",
        "coordinates": [
          115.1624,
          -2.75454
        ]
      },
      "properties": {
        "confidence": "medium",
        "confidence_value": null,
        "sumber": "NASA-SNPP",
        "date_hotspot": "Jumat, 11 September 2026 13:16:00",
        "date_hotspot_ori": "2026-09-11T06:16:00.000000Z",
        "provinsi": null,
        "kabkota": "Hulu Sungai Selatan",
        "desa": "Amparaya",
        "hs_id": "2026-09-11T06:16:00.000000Z",
        "provinsi_id": 12,
        "long": 115.1624,
        "ori_sumber": null,
        "desa_id": null,
        "counter": 1,
        "confidence_level": "medium",
        "kawasan": "",
        "kecamatan": "Simpur",
        "nama_provinsi": "Kalimantan Selatan",
        "pulau": "",
        "route_create": "https://opsroom.sipongidata.my.id/daops/laporan/groundcheck/create/form",
        "hotspot_date": "2026-09-11",
        "distance_hgu_km": 0.0,
        "zone": "Inside HGU",
        "location_status": "INSIDE HGU"
      }
    },
    {
      "type": "Feature",
      "geometry": {
        "type": "Point",
        "coordinates": [
          115.1805,
          -2.73531
        ]
      },
      "properties": {
        "confidence": "medium",
        "confidence_value": null,
        "sumber": "NASA-SNPP",
        "date_hotspot": "Jumat, 11 September 2026 13:16:00",
        "date_hotspot_ori": "2026-09-11T06:16:00.000000Z",
        "provinsi": null,
        "kabkota": "Hulu Sungai Selatan",
        "desa": "Pantai Ulin",
        "hs_id": "2026-09-11T06:16:00.000000Z",
        "provinsi_id": 12,
        "long": 115.1805,
        "ori_sumber": null,
        "desa_id": null,
        "counter": 2,
        "confidence_level": "medium",
        "kawasan": "",
        "kecamatan": "Simpur",
        "nama_provinsi": "Kalimantan Selatan",
        "pulau": "",
        "route_create": "https://opsroom.sipongidata.my.id/daops/laporan/groundcheck/create/form",
        "hotspot_date": "2026-09-11",
        "distance_hgu_km": 0.0,
        "zone": "Inside HGU",
        "location_status": "INSIDE HGU"
      }
    },
    {
      "type": "Feature",
      "geometry": {
        "type": "Point",
        "coordinates": [
          115.19267,
          -2.74568
        ]
      },
      "properties": {
        "confidence": "medium",
        "confidence_value": null,
        "sumber": "NASA-SNPP",
        "date_hotspot": "Jumat, 11 September 2026 13:16:00",
        "date_hotspot_ori": "2026-09-11T06:16:00.000000Z",
        "provinsi": null,
        "kabkota": "Hulu Sungai Selatan",
        "desa": "Pantai Ulin",
        "hs_id": "2026-09-11T06:16:00.000000Z",
        "provinsi_id": 12,
        "long": 115.19267,
        "ori_sumber": null,
        "desa_id": null,
        "counter": 1,
        "confidence_level": "medium",
        "kawasan": "",
        "kecamatan": "Simpur",
        "nama_provinsi": "Kalimantan Selatan",
        "pulau": "",
        "route_create": "https://opsroom.sipongidata.my.id/daops/laporan/groundcheck/create/form",
        "hotspot_date": "2026-09-11",
        "distance_hgu_km": 0.159,
        "zone": "0–1 km",
        "location_status": "OUTSIDE HGU"
      }
    },
    {
      "type": "Feature",
      "geometry": {
        "type": "Point",
        "coordinates": [
          115.18752,
          -2.74649
        ]
      },
      "properties": {
        "confidence": "medium",
        "confidence_value": null,
        "sumber": "NASA-SNPP",
        "date_hotspot": "Jumat, 11 September 2026 13:16:00",
        "date_hotspot_ori": "2026-09-11T06:16:00.000000Z",
        "provinsi": null,
        "kabkota": "Hulu Sungai Selatan",
        "desa": "Pantai Ulin",
        "hs_id": "2026-09-11T06:16:00.000000Z",
        "provinsi_id": 12,
        "long": 115.18752,
        "ori_sumber": null,
        "desa_id": null,
        "counter": 2,
        "confidence_level": "medium",
        "kawasan": "",
        "kecamatan": "Simpur",
        "nama_provinsi": "Kalimantan Selatan",
        "pulau": "",
        "route_create": "https://opsroom.sipongidata.my.id/daops/laporan/groundcheck/create/form",
        "hotspot_date": "2026-09-11",
        "distance_hgu_km": 0.0,
        "zone": "Inside HGU",
        "location_status": "INSIDE HGU"
      }
    },
    {
      "type": "Feature",
      "geometry": {
        "type": "Point",
        "coordinates": [
          115.19205,
          -2.74168
        ]
      },
      "properties": {
        "confidence": "medium",
        "confidence_value": null,
        "sumber": "NASA-SNPP",
        "date_hotspot": "Jumat, 11 September 2026 13:16:00",
        "date_hotspot_ori": "2026-09-11T06:16:00.000000Z",
        "provinsi": null,
        "kabkota": "Hulu Sungai Selatan",
        "desa": "Pantai Ulin",
        "hs_id": "2026-09-11T06:16:00.000000Z",
        "provinsi_id": 12,
        "long": 115.19205,
        "ori_sumber": null,
        "desa_id": null,
        "counter": 1,
        "confidence_level": "medium",
        "kawasan": "",
        "kecamatan": "Simpur",
        "nama_provinsi": "Kalimantan Selatan",
        "pulau": "",
        "route_create": "https://opsroom.sipongidata.my.id/daops/laporan/groundcheck/create/form",
        "hotspot_date": "2026-09-11",
        "distance_hgu_km": 0.0,
        "zone": "Inside HGU",
        "location_status": "INSIDE HGU"
      }
    },
    {
      "type": "Feature",
      "geometry": {
        "type": "Point",
        "coordinates": [
          115.11859,
          -2.73385
        ]
      },
      "properties": {
        "confidence": "medium",
        "confidence_value": null,
        "sumber": "NASA-NOAA20",
        "date_hotspot": "Jumat, 11 September 2026 13:35:00",
        "date_hotspot_ori": "2026-09-11T06:35:00.000000Z",
        "provinsi": null,
        "kabkota": "Hulu Sungai Selatan",
        "desa": "Muning Baru",
        "hs_id": "2026-09-11T06:35:00.000000Z",
        "provinsi_id": 12,
        "long": 115.11859,
        "ori_sumber": null,
        "desa_id": null,
        "counter": 1,
        "confidence_level": "medium",
        "kawasan": "",
        "kecamatan": "Daha Selatan",
        "nama_provinsi": "Kalimantan Selatan",
        "pulau": "",
        "route_create": "https://opsroom.sipongidata.my.id/daops/laporan/groundcheck/create/form",
        "hotspot_date": "2026-09-11",
        "distance_hgu_km": 0.385,
        "zone": "0–1 km",
        "location_status": "OUTSIDE HGU"
      }
    },
    {
      "type": "Feature",
      "geometry": {
        "type": "Point",
        "coordinates": [
          115.128,
          -2.68689
        ]
      },
      "properties": {
        "confidence": "medium",
        "confidence_value": null,
        "sumber": "NASA-SNPP",
        "date_hotspot": "Minggu, 20 September 2026 12:08:00",
        "date_hotspot_ori": "2026-09-20T05:08:00.000000Z",
        "provinsi": null,
        "kabkota": "Hulu Sungai Selatan",
        "desa": "Muning Baru",
        "hs_id": "2026-09-20T05:08:00.000000Z",
        "provinsi_id": 12,
        "long": 115.128,
        "ori_sumber": null,
        "desa_id": null,
        "counter": 1,
        "confidence_level": "medium",
        "kawasan": "",
        "kecamatan": "Daha Selatan",
        "nama_provinsi": "Kalimantan Selatan",
        "pulau": "",
        "route_create": "https://opsroom.sipongidata.my.id/daops/laporan/groundcheck/create/form",
        "hotspot_date": "2026-09-20",
        "distance_hgu_km": 4.087,
        "zone": "3–5 km",
        "location_status": "OUTSIDE HGU"
      }
    },
    {
      "type": "Feature",
      "geometry": {
        "type": "Point",
        "coordinates": [
          115.09592,
          -2.71935
        ]
      },
      "properties": {
        "confidence": "medium",
        "confidence_value": null,
        "sumber": "NASA-SNPP",
        "date_hotspot": "Minggu, 20 September 2026 12:08:00",
        "date_hotspot_ori": "2026-09-20T05:08:00.000000Z",
        "provinsi": null,
        "kabkota": "Hulu Sungai Selatan",
        "desa": "Muning Dalam",
        "hs_id": "2026-09-20T05:08:00.000000Z",
        "provinsi_id": 12,
        "long": 115.09592,
        "ori_sumber": null,
        "desa_id": null,
        "counter": 1,
        "confidence_level": "medium",
        "kawasan": "",
        "kecamatan": "Daha Selatan",
        "nama_provinsi": "Kalimantan Selatan",
        "pulau": "",
        "route_create": "https://opsroom.sipongidata.my.id/daops/laporan/groundcheck/create/form",
        "hotspot_date": "2026-09-20",
        "distance_hgu_km": 3.183,
        "zone": "3–5 km",
        "location_status": "OUTSIDE HGU"
      }
    },
    {
      "type": "Feature",
      "geometry": {
        "type": "Point",
        "coordinates": [
          115.09829,
          -2.72143
        ]
      },
      "properties": {
        "confidence": "medium",
        "confidence_value": null,
        "sumber": "NASA-SNPP",
        "date_hotspot": "Minggu, 20 September 2026 12:08:00",
        "date_hotspot_ori": "2026-09-20T05:08:00.000000Z",
        "provinsi": null,
        "kabkota": "Hulu Sungai Selatan",
        "desa": "Muning Dalam",
        "hs_id": "2026-09-20T05:08:00.000000Z",
        "provinsi_id": 12,
        "long": 115.09829,
        "ori_sumber": null,
        "desa_id": null,
        "counter": 1,
        "confidence_level": "medium",
        "kawasan": "",
        "kecamatan": "Daha Selatan",
        "nama_provinsi": "Kalimantan Selatan",
        "pulau": "",
        "route_create": "https://opsroom.sipongidata.my.id/daops/laporan/groundcheck/create/form",
        "hotspot_date": "2026-09-20",
        "distance_hgu_km": 2.841,
        "zone": "1–3 km",
        "location_status": "OUTSIDE HGU"
      }
    },
    {
      "type": "Feature",
      "geometry": {
        "type": "Point",
        "coordinates": [
          115.12418,
          -2.73145
        ]
      },
      "properties": {
        "confidence": "medium",
        "confidence_value": null,
        "sumber": "NASA-SNPP",
        "date_hotspot": "Minggu, 20 September 2026 12:08:00",
        "date_hotspot_ori": "2026-09-20T05:08:00.000000Z",
        "provinsi": null,
        "kabkota": "Hulu Sungai Selatan",
        "desa": "Muning Baru",
        "hs_id": "2026-09-20T05:08:00.000000Z",
        "provinsi_id": 12,
        "long": 115.12418,
        "ori_sumber": null,
        "desa_id": null,
        "counter": 1,
        "confidence_level": "medium",
        "kawasan": "",
        "kecamatan": "Daha Selatan",
        "nama_provinsi": "Kalimantan Selatan",
        "pulau": "",
        "route_create": "https://opsroom.sipongidata.my.id/daops/laporan/groundcheck/create/form",
        "hotspot_date": "2026-09-20",
        "distance_hgu_km": 0.176,
        "zone": "0–1 km",
        "location_status": "OUTSIDE HGU"
      }
    },
    {
      "type": "Feature",
      "geometry": {
        "type": "Point",
        "coordinates": [
          115.1442,
          -2.70098
        ]
      },
      "properties": {
        "confidence": "medium",
        "confidence_value": null,
        "sumber": "NASA-SNPP",
        "date_hotspot": "Minggu, 20 September 2026 12:08:00",
        "date_hotspot_ori": "2026-09-20T05:08:00.000000Z",
        "provinsi": null,
        "kabkota": "Hulu Sungai Selatan",
        "desa": "Muning Baru",
        "hs_id": "2026-09-20T05:08:00.000000Z",
        "provinsi_id": 12,
        "long": 115.1442,
        "ori_sumber": null,
        "desa_id": null,
        "counter": 1,
        "confidence_level": "medium",
        "kawasan": "",
        "kecamatan": "Daha Selatan",
        "nama_provinsi": "Kalimantan Selatan",
        "pulau": "",
        "route_create": "https://opsroom.sipongidata.my.id/daops/laporan/groundcheck/create/form",
        "hotspot_date": "2026-09-20",
        "distance_hgu_km": 2.764,
        "zone": "1–3 km",
        "location_status": "OUTSIDE HGU"
      }
    },
    {
      "type": "Feature",
      "geometry": {
        "type": "Point",
        "coordinates": [
          115.14178,
          -2.69859
        ]
      },
      "properties": {
        "confidence": "medium",
        "confidence_value": null,
        "sumber": "NASA-SNPP",
        "date_hotspot": "Minggu, 20 September 2026 12:08:00",
        "date_hotspot_ori": "2026-09-20T05:08:00.000000Z",
        "provinsi": null,
        "kabkota": "Hulu Sungai Selatan",
        "desa": "Muning Baru",
        "hs_id": "2026-09-20T05:08:00.000000Z",
        "provinsi_id": 12,
        "long": 115.14178,
        "ori_sumber": null,
        "desa_id": null,
        "counter": 1,
        "confidence_level": "medium",
        "kawasan": "",
        "kecamatan": "Daha Selatan",
        "nama_provinsi": "Kalimantan Selatan",
        "pulau": "",
        "route_create": "https://opsroom.sipongidata.my.id/daops/laporan/groundcheck/create/form",
        "hotspot_date": "2026-09-20",
        "distance_hgu_km": 2.906,
        "zone": "1–3 km",
        "location_status": "OUTSIDE HGU"
      }
    },
    {
      "type": "Feature",
      "geometry": {
        "type": "Point",
        "coordinates": [
          115.13049,
          -2.81583
        ]
      },
      "properties": {
        "confidence": "medium",
        "confidence_value": null,
        "sumber": "NASA-SNPP",
        "date_hotspot": "Sabtu, 12 September 2026 12:57:00",
        "date_hotspot_ori": "2026-09-12T05:57:00.000000Z",
        "provinsi": null,
        "kabkota": "Hulu Sungai Selatan",
        "desa": "Bago Tanggul",
        "hs_id": "2026-09-12T05:57:00.000000Z",
        "provinsi_id": 12,
        "long": 115.13049,
        "ori_sumber": null,
        "desa_id": null,
        "counter": 1,
        "confidence_level": "medium",
        "kawasan": "",
        "kecamatan": "Kalumpang",
        "nama_provinsi": "Kalimantan Selatan",
        "pulau": "",
        "route_create": "https://opsroom.sipongidata.my.id/daops/laporan/groundcheck/create/form",
        "hotspot_date": "2026-09-12",
        "distance_hgu_km": 0.413,
        "zone": "0–1 km",
        "location_status": "OUTSIDE HGU"
      }
    },
    {
      "type": "Feature",
      "geometry": {
        "type": "Point",
        "coordinates": [
          115.10929,
          -2.81568
        ]
      },
      "properties": {
        "confidence": "medium",
        "confidence_value": null,
        "sumber": "NASA-SNPP",
        "date_hotspot": "Sabtu, 12 September 2026 12:57:00",
        "date_hotspot_ori": "2026-09-12T05:57:00.000000Z",
        "provinsi": null,
        "kabkota": "Hulu Sungai Selatan",
        "desa": "Balimau",
        "hs_id": "2026-09-12T05:57:00.000000Z",
        "provinsi_id": 12,
        "long": 115.10929,
        "ori_sumber": null,
        "desa_id": null,
        "counter": 2,
        "confidence_level": "medium",
        "kawasan": "",
        "kecamatan": "Kalumpang",
        "nama_provinsi": "Kalimantan Selatan",
        "pulau": "",
        "route_create": "https://opsroom.sipongidata.my.id/daops/laporan/groundcheck/create/form",
        "hotspot_date": "2026-09-12",
        "distance_hgu_km": 0.0,
        "zone": "Inside HGU",
        "location_status": "INSIDE HGU"
      }
    },
    {
      "type": "Feature",
      "geometry": {
        "type": "Point",
        "coordinates": [
          115.11764,
          -2.80081
        ]
      },
      "properties": {
        "confidence": "medium",
        "confidence_value": null,
        "sumber": "NASA-SNPP",
        "date_hotspot": "Sabtu, 12 September 2026 12:57:00",
        "date_hotspot_ori": "2026-09-12T05:57:00.000000Z",
        "provinsi": null,
        "kabkota": "Hulu Sungai Selatan",
        "desa": "Bago Tanggul",
        "hs_id": "2026-09-12T05:57:00.000000Z",
        "provinsi_id": 12,
        "long": 115.11764,
        "ori_sumber": null,
        "desa_id": null,
        "counter": 2,
        "confidence_level": "medium",
        "kawasan": "",
        "kecamatan": "Kalumpang",
        "nama_provinsi": "Kalimantan Selatan",
        "pulau": "",
        "route_create": "https://opsroom.sipongidata.my.id/daops/laporan/groundcheck/create/form",
        "hotspot_date": "2026-09-12",
        "distance_hgu_km": 0.0,
        "zone": "Inside HGU",
        "location_status": "INSIDE HGU"
      }
    },
    {
      "type": "Feature",
      "geometry": {
        "type": "Point",
        "coordinates": [
          115.12855,
          -2.82633
        ]
      },
      "properties": {
        "confidence": "medium",
        "confidence_value": null,
        "sumber": "NASA-SNPP",
        "date_hotspot": "Sabtu, 12 September 2026 12:57:00",
        "date_hotspot_ori": "2026-09-12T05:57:00.000000Z",
        "provinsi": null,
        "kabkota": "Hulu Sungai Selatan",
        "desa": "Bago Tanggul",
        "hs_id": "2026-09-12T05:57:00.000000Z",
        "provinsi_id": 12,
        "long": 115.12855,
        "ori_sumber": null,
        "desa_id": null,
        "counter": 1,
        "confidence_level": "medium",
        "kawasan": "",
        "kecamatan": "Kalumpang",
        "nama_provinsi": "Kalimantan Selatan",
        "pulau": "",
        "route_create": "https://opsroom.sipongidata.my.id/daops/laporan/groundcheck/create/form",
        "hotspot_date": "2026-09-12",
        "distance_hgu_km": 1.385,
        "zone": "1–3 km",
        "location_status": "OUTSIDE HGU"
      }
    },
    {
      "type": "Feature",
      "geometry": {
        "type": "Point",
        "coordinates": [
          115.09605,
          -2.84489
        ]
      },
      "properties": {
        "confidence": "medium",
        "confidence_value": null,
        "sumber": "NASA-SNPP",
        "date_hotspot": "Sabtu, 12 September 2026 12:57:00",
        "date_hotspot_ori": "2026-09-12T05:57:00.000000Z",
        "provinsi": null,
        "kabkota": "Tapin",
        "desa": "Masta",
        "hs_id": "2026-09-12T05:57:00.000000Z",
        "provinsi_id": 12,
        "long": 115.09605,
        "ori_sumber": null,
        "desa_id": null,
        "counter": 2,
        "confidence_level": "medium",
        "kawasan": "",
        "kecamatan": "Bakarangan",
        "nama_provinsi": "Kalimantan Selatan",
        "pulau": "",
        "route_create": "https://opsroom.sipongidata.my.id/daops/laporan/groundcheck/create/form",
        "hotspot_date": "2026-09-12",
        "distance_hgu_km": 1.211,
        "zone": "1–3 km",
        "location_status": "OUTSIDE HGU"
      }
    },
    {
      "type": "Feature",
      "geometry": {
        "type": "Point",
        "coordinates": [
          115.12315,
          -2.83734
        ]
      },
      "properties": {
        "confidence": "medium",
        "confidence_value": null,
        "sumber": "NASA-SNPP",
        "date_hotspot": "Sabtu, 12 September 2026 12:57:00",
        "date_hotspot_ori": "2026-09-12T05:57:00.000000Z",
        "provinsi": null,
        "kabkota": "Hulu Sungai Selatan",
        "desa": "Karang Paci",
        "hs_id": "2026-09-12T05:57:00.000000Z",
        "provinsi_id": 12,
        "long": 115.12315,
        "ori_sumber": null,
        "desa_id": null,
        "counter": 2,
        "confidence_level": "medium",
        "kawasan": "",
        "kecamatan": "Kalumpang",
        "nama_provinsi": "Kalimantan Selatan",
        "pulau": "",
        "route_create": "https://opsroom.sipongidata.my.id/daops/laporan/groundcheck/create/form",
        "hotspot_date": "2026-09-12",
        "distance_hgu_km": 1.46,
        "zone": "1–3 km",
        "location_status": "OUTSIDE HGU"
      }
    },
    {
      "type": "Feature",
      "geometry": {
        "type": "Point",
        "coordinates": [
          115.20983,
          -2.69243
        ]
      },
      "properties": {
        "confidence": "medium",
        "confidence_value": null,
        "sumber": "NASA-SNPP",
        "date_hotspot": "Sabtu, 12 September 2026 12:57:00",
        "date_hotspot_ori": "2026-09-12T05:57:00.000000Z",
        "provinsi": null,
        "kabkota": "Hulu Sungai Selatan",
        "desa": "Sungai Kupang",
        "hs_id": "2026-09-12T05:57:00.000000Z",
        "provinsi_id": 12,
        "long": 115.20983,
        "ori_sumber": null,
        "desa_id": null,
        "counter": 1,
        "confidence_level": "medium",
        "kawasan": "",
        "kecamatan": "Kandangan",
        "nama_provinsi": "Kalimantan Selatan",
        "pulau": "",
        "route_create": "https://opsroom.sipongidata.my.id/daops/laporan/groundcheck/create/form",
        "hotspot_date": "2026-09-12",
        "distance_hgu_km": 3.811,
        "zone": "3–5 km",
        "location_status": "OUTSIDE HGU"
      }
    },
    {
      "type": "Feature",
      "geometry": {
        "type": "Point",
        "coordinates": [
          115.08269,
          -2.87697
        ]
      },
      "properties": {
        "confidence": "medium",
        "confidence_value": null,
        "sumber": "NASA-NOAA20",
        "date_hotspot": "Minggu, 20 September 2026 12:27:00",
        "date_hotspot_ori": "2026-09-20T05:27:00.000000Z",
        "provinsi": null,
        "kabkota": "Tapin",
        "desa": "Hiyung",
        "hs_id": "2026-09-20T05:27:00.000000Z",
        "provinsi_id": 12,
        "long": 115.08269,
        "ori_sumber": null,
        "desa_id": null,
        "counter": 1,
        "confidence_level": "medium",
        "kawasan": "",
        "kecamatan": "Tapin Tengah",
        "nama_provinsi": "Kalimantan Selatan",
        "pulau": "",
        "route_create": "https://opsroom.sipongidata.my.id/daops/laporan/groundcheck/create/form",
        "hotspot_date": "2026-09-20",
        "distance_hgu_km": 4.192,
        "zone": "3–5 km",
        "location_status": "OUTSIDE HGU"
      }
    },
    {
      "type": "Feature",
      "geometry": {
        "type": "Point",
        "coordinates": [
          115.12659,
          -2.82863
        ]
      },
      "properties": {
        "confidence": "medium",
        "confidence_value": null,
        "sumber": "NASA-NOAA20",
        "date_hotspot": "Sabtu, 12 September 2026 13:18:00",
        "date_hotspot_ori": "2026-09-12T06:18:00.000000Z",
        "provinsi": null,
        "kabkota": "Hulu Sungai Selatan",
        "desa": "Bago Tanggul",
        "hs_id": "2026-09-12T06:18:00.000000Z",
        "provinsi_id": 12,
        "long": 115.12659,
        "ori_sumber": null,
        "desa_id": null,
        "counter": 1,
        "confidence_level": "medium",
        "kawasan": "",
        "kecamatan": "Kalumpang",
        "nama_provinsi": "Kalimantan Selatan",
        "pulau": "",
        "route_create": "https://opsroom.sipongidata.my.id/daops/laporan/groundcheck/create/form",
        "hotspot_date": "2026-09-12",
        "distance_hgu_km": 1.534,
        "zone": "1–3 km",
        "location_status": "OUTSIDE HGU"
      }
    },
    {
      "type": "Feature",
      "geometry": {
        "type": "Point",
        "coordinates": [
          115.09414,
          -2.79282
        ]
      },
      "properties": {
        "confidence": "medium",
        "confidence_value": null,
        "sumber": "NASA-NOAA20",
        "date_hotspot": "Sabtu, 12 September 2026 13:18:00",
        "date_hotspot_ori": "2026-09-12T06:18:00.000000Z",
        "provinsi": null,
        "kabkota": "Hulu Sungai Selatan",
        "desa": "Bago Tanggul",
        "hs_id": "2026-09-12T06:18:00.000000Z",
        "provinsi_id": 12,
        "long": 115.09414,
        "ori_sumber": null,
        "desa_id": null,
        "counter": 1,
        "confidence_level": "medium",
        "kawasan": "",
        "kecamatan": "Kalumpang",
        "nama_provinsi": "Kalimantan Selatan",
        "pulau": "",
        "route_create": "https://opsroom.sipongidata.my.id/daops/laporan/groundcheck/create/form",
        "hotspot_date": "2026-09-12",
        "distance_hgu_km": 0.0,
        "zone": "Inside HGU",
        "location_status": "INSIDE HGU"
      }
    },
    {
      "type": "Feature",
      "geometry": {
        "type": "Point",
        "coordinates": [
          115.21047,
          -2.71633
        ]
      },
      "properties": {
        "confidence": "medium",
        "confidence_value": null,
        "sumber": "NASA-NOAA20",
        "date_hotspot": "Sabtu, 12 September 2026 13:18:00",
        "date_hotspot_ori": "2026-09-12T06:18:00.000000Z",
        "provinsi": null,
        "kabkota": "Hulu Sungai Selatan",
        "desa": "Lungau",
        "hs_id": "2026-09-12T06:18:00.000000Z",
        "provinsi_id": 12,
        "long": 115.21047,
        "ori_sumber": null,
        "desa_id": null,
        "counter": 1,
        "confidence_level": "medium",
        "kawasan": "",
        "kecamatan": "Kandangan",
        "nama_provinsi": "Kalimantan Selatan",
        "pulau": "",
        "route_create": "https://opsroom.sipongidata.my.id/daops/laporan/groundcheck/create/form",
        "hotspot_date": "2026-09-12",
        "distance_hgu_km": 2.195,
        "zone": "1–3 km",
        "location_status": "OUTSIDE HGU"
      }
    },
    {
      "type": "Feature",
      "geometry": {
        "type": "Point",
        "coordinates": [
          115.1293,
          -2.68599
        ]
      },
      "properties": {
        "confidence": "medium",
        "confidence_value": null,
        "sumber": "NASA-NOAA20",
        "date_hotspot": "Minggu, 20 September 2026 12:27:00",
        "date_hotspot_ori": "2026-09-20T05:27:00.000000Z",
        "provinsi": null,
        "kabkota": "Hulu Sungai Selatan",
        "desa": "Muning Baru",
        "hs_id": "2026-09-20T05:27:00.000000Z",
        "provinsi_id": 12,
        "long": 115.1293,
        "ori_sumber": null,
        "desa_id": null,
        "counter": 1,
        "confidence_level": "medium",
        "kawasan": "",
        "kecamatan": "Daha Selatan",
        "nama_provinsi": "Kalimantan Selatan",
        "pulau": "",
        "route_create": "https://opsroom.sipongidata.my.id/daops/laporan/groundcheck/create/form",
        "hotspot_date": "2026-09-20",
        "distance_hgu_km": 4.167,
        "zone": "3–5 km",
        "location_status": "OUTSIDE HGU"
      }
    },
    {
      "type": "Feature",
      "geometry": {
        "type": "Point",
        "coordinates": [
          115.12576,
          -2.69097
        ]
      },
      "properties": {
        "confidence": "medium",
        "confidence_value": null,
        "sumber": "NASA-NOAA20",
        "date_hotspot": "Minggu, 20 September 2026 12:27:00",
        "date_hotspot_ori": "2026-09-20T05:27:00.000000Z",
        "provinsi": null,
        "kabkota": "Hulu Sungai Selatan",
        "desa": "Muning Baru",
        "hs_id": "2026-09-20T05:27:00.000000Z",
        "provinsi_id": 12,
        "long": 115.12576,
        "ori_sumber": null,
        "desa_id": null,
        "counter": 1,
        "confidence_level": "medium",
        "kawasan": "",
        "kecamatan": "Daha Selatan",
        "nama_provinsi": "Kalimantan Selatan",
        "pulau": "",
        "route_create": "https://opsroom.sipongidata.my.id/daops/laporan/groundcheck/create/form",
        "hotspot_date": "2026-09-20",
        "distance_hgu_km": 3.69,
        "zone": "3–5 km",
        "location_status": "OUTSIDE HGU"
      }
    },
    {
      "type": "Feature",
      "geometry": {
        "type": "Point",
        "coordinates": [
          115.1152,
          -2.86309
        ]
      },
      "properties": {
        "confidence": "medium",
        "confidence_value": null,
        "sumber": "NASA-NOAA20",
        "date_hotspot": "Minggu, 20 September 2026 12:27:00",
        "date_hotspot_ori": "2026-09-20T05:27:00.000000Z",
        "provinsi": null,
        "kabkota": "Tapin",
        "desa": "Masta",
        "hs_id": "2026-09-20T05:27:00.000000Z",
        "provinsi_id": 12,
        "long": 115.1152,
        "ori_sumber": null,
        "desa_id": null,
        "counter": 1,
        "confidence_level": "medium",
        "kawasan": "",
        "kecamatan": "Bakarangan",
        "nama_provinsi": "Kalimantan Selatan",
        "pulau": "",
        "route_create": "https://opsroom.sipongidata.my.id/daops/laporan/groundcheck/create/form",
        "hotspot_date": "2026-09-20",
        "distance_hgu_km": 3.09,
        "zone": "3–5 km",
        "location_status": "OUTSIDE HGU"
      }
    },
    {
      "type": "Feature",
      "geometry": {
        "type": "Point",
        "coordinates": [
          115.19093,
          -2.72402
        ]
      },
      "properties": {
        "confidence": "medium",
        "confidence_value": null,
        "sumber": "NASA-NOAA20",
        "date_hotspot": "Sabtu, 03 Oktober 2026 13:25:00",
        "date_hotspot_ori": "2026-10-03T06:25:00.000000Z",
        "provinsi": null,
        "kabkota": "Hulu Sungai Selatan",
        "desa": "Lungau",
        "hs_id": "2026-10-03T06:25:00.000000Z",
        "provinsi_id": 12,
        "long": 115.19093,
        "ori_sumber": null,
        "desa_id": null,
        "counter": 1,
        "confidence_level": "medium",
        "kawasan": "",
        "kecamatan": "Kandangan",
        "nama_provinsi": "Kalimantan Selatan",
        "pulau": "",
        "route_create": "https://opsroom.sipongidata.my.id/daops/laporan/groundcheck/create/form",
        "hotspot_date": "2026-10-03",
        "distance_hgu_km": 0.02,
        "zone": "0–1 km",
        "location_status": "OUTSIDE HGU"
      }
    },
    {
      "type": "Feature",
      "geometry": {
        "type": "Point",
        "coordinates": [
          115.16504,
          -2.70296
        ]
      },
      "properties": {
        "confidence": "medium",
        "confidence_value": null,
        "sumber": "NASA-NOAA20",
        "date_hotspot": "Minggu, 13 September 2026 12:57:00",
        "date_hotspot_ori": "2026-09-13T05:57:00.000000Z",
        "provinsi": null,
        "kabkota": "Hulu Sungai Selatan",
        "desa": "Pantai Ulin",
        "hs_id": "2026-09-13T05:57:00.000000Z",
        "provinsi_id": 12,
        "long": 115.16504,
        "ori_sumber": null,
        "desa_id": null,
        "counter": 2,
        "confidence_level": "medium",
        "kawasan": "",
        "kecamatan": "Simpur",
        "nama_provinsi": "Kalimantan Selatan",
        "pulau": "",
        "route_create": "https://opsroom.sipongidata.my.id/daops/laporan/groundcheck/create/form",
        "hotspot_date": "2026-09-13",
        "distance_hgu_km": 2.583,
        "zone": "1–3 km",
        "location_status": "OUTSIDE HGU"
      }
    },
    {
      "type": "Feature",
      "geometry": {
        "type": "Point",
        "coordinates": [
          115.131,
          -2.72558
        ]
      },
      "properties": {
        "confidence": "medium",
        "confidence_value": null,
        "sumber": "NASA-NOAA20",
        "date_hotspot": "Minggu, 13 September 2026 12:57:00",
        "date_hotspot_ori": "2026-09-13T05:57:00.000000Z",
        "provinsi": null,
        "kabkota": "Hulu Sungai Selatan",
        "desa": "Garunggang",
        "hs_id": "2026-09-13T05:57:00.000000Z",
        "provinsi_id": 12,
        "long": 115.131,
        "ori_sumber": null,
        "desa_id": null,
        "counter": 3,
        "confidence_level": "medium",
        "kawasan": "",
        "kecamatan": "Simpur",
        "nama_provinsi": "Kalimantan Selatan",
        "pulau": "",
        "route_create": "https://opsroom.sipongidata.my.id/daops/laporan/groundcheck/create/form",
        "hotspot_date": "2026-09-13",
        "distance_hgu_km": 0.077,
        "zone": "0–1 km",
        "location_status": "OUTSIDE HGU"
      }
    },
    {
      "type": "Feature",
      "geometry": {
        "type": "Point",
        "coordinates": [
          115.09811,
          -2.7306
        ]
      },
      "properties": {
        "confidence": "medium",
        "confidence_value": null,
        "sumber": "NASA-NOAA20",
        "date_hotspot": "Minggu, 13 September 2026 12:57:00",
        "date_hotspot_ori": "2026-09-13T05:57:00.000000Z",
        "provinsi": null,
        "kabkota": "Hulu Sungai Selatan",
        "desa": "Muning Dalam",
        "hs_id": "2026-09-13T05:57:00.000000Z",
        "provinsi_id": 12,
        "long": 115.09811,
        "ori_sumber": null,
        "desa_id": null,
        "counter": 1,
        "confidence_level": "medium",
        "kawasan": "",
        "kecamatan": "Daha Selatan",
        "nama_provinsi": "Kalimantan Selatan",
        "pulau": "",
        "route_create": "https://opsroom.sipongidata.my.id/daops/laporan/groundcheck/create/form",
        "hotspot_date": "2026-09-13",
        "distance_hgu_km": 2.044,
        "zone": "1–3 km",
        "location_status": "OUTSIDE HGU"
      }
    },
    {
      "type": "Feature",
      "geometry": {
        "type": "Point",
        "coordinates": [
          115.13049,
          -2.72218
        ]
      },
      "properties": {
        "confidence": "medium",
        "confidence_value": null,
        "sumber": "NASA-NOAA20",
        "date_hotspot": "Minggu, 13 September 2026 12:57:00",
        "date_hotspot_ori": "2026-09-13T05:57:00.000000Z",
        "provinsi": null,
        "kabkota": "Hulu Sungai Selatan",
        "desa": "Muning Baru",
        "hs_id": "2026-09-13T05:57:00.000000Z",
        "provinsi_id": 12,
        "long": 115.13049,
        "ori_sumber": null,
        "desa_id": null,
        "counter": 3,
        "confidence_level": "medium",
        "kawasan": "",
        "kecamatan": "Daha Selatan",
        "nama_provinsi": "Kalimantan Selatan",
        "pulau": "",
        "route_create": "https://opsroom.sipongidata.my.id/daops/laporan/groundcheck/create/form",
        "hotspot_date": "2026-09-13",
        "distance_hgu_km": 0.333,
        "zone": "0–1 km",
        "location_status": "OUTSIDE HGU"
      }
    },
    {
      "type": "Feature",
      "geometry": {
        "type": "Point",
        "coordinates": [
          115.07783,
          -2.7198
        ]
      },
      "properties": {
        "confidence": "medium",
        "confidence_value": null,
        "sumber": "NASA-NOAA20",
        "date_hotspot": "Minggu, 13 September 2026 12:57:00",
        "date_hotspot_ori": "2026-09-13T05:57:00.000000Z",
        "provinsi": null,
        "kabkota": "Hulu Sungai Selatan",
        "desa": "Tanjung Selor",
        "hs_id": "2026-09-13T05:57:00.000000Z",
        "provinsi_id": 12,
        "long": 115.07783,
        "ori_sumber": null,
        "desa_id": null,
        "counter": 1,
        "confidence_level": "medium",
        "kawasan": "",
        "kecamatan": "Daha Barat",
        "nama_provinsi": "Kalimantan Selatan",
        "pulau": "",
        "route_create": "https://opsroom.sipongidata.my.id/daops/laporan/groundcheck/create/form",
        "hotspot_date": "2026-09-13",
        "distance_hgu_km": 4.36,
        "zone": "3–5 km",
        "location_status": "OUTSIDE HGU"
      }
    },
    {
      "type": "Feature",
      "geometry": {
        "type": "Point",
        "coordinates": [
          115.15762,
          -2.84818
        ]
      },
      "properties": {
        "confidence": "medium",
        "confidence_value": null,
        "sumber": "NASA-NOAA20",
        "date_hotspot": "Minggu, 13 September 2026 12:57:00",
        "date_hotspot_ori": "2026-09-13T05:57:00.000000Z",
        "provinsi": null,
        "kabkota": "Hulu Sungai Selatan",
        "desa": "Kalumpang",
        "hs_id": "2026-09-13T05:57:00.000000Z",
        "provinsi_id": 12,
        "long": 115.15762,
        "ori_sumber": null,
        "desa_id": null,
        "counter": 1,
        "confidence_level": "medium",
        "kawasan": "",
        "kecamatan": "Kalumpang",
        "nama_provinsi": "Kalimantan Selatan",
        "pulau": "",
        "route_create": "https://opsroom.sipongidata.my.id/daops/laporan/groundcheck/create/form",
        "hotspot_date": "2026-09-13",
        "distance_hgu_km": 4.9,
        "zone": "3–5 km",
        "location_status": "OUTSIDE HGU"
      }
    },
    {
      "type": "Feature",
      "geometry": {
        "type": "Point",
        "coordinates": [
          115.13644,
          -2.82685
        ]
      },
      "properties": {
        "confidence": "medium",
        "confidence_value": null,
        "sumber": "NASA-SNPP",
        "date_hotspot": "Senin, 14 September 2026 12:21:00",
        "date_hotspot_ori": "2026-09-14T05:21:00.000000Z",
        "provinsi": null,
        "kabkota": "Hulu Sungai Selatan",
        "desa": "Karang Paci",
        "hs_id": "2026-09-14T05:21:00.000000Z",
        "provinsi_id": 12,
        "long": 115.13644,
        "ori_sumber": null,
        "desa_id": null,
        "counter": 1,
        "confidence_level": "medium",
        "kawasan": "",
        "kecamatan": "Kalumpang",
        "nama_provinsi": "Kalimantan Selatan",
        "pulau": "",
        "route_create": "https://opsroom.sipongidata.my.id/daops/laporan/groundcheck/create/form",
        "hotspot_date": "2026-09-14",
        "distance_hgu_km": 1.799,
        "zone": "1–3 km",
        "location_status": "OUTSIDE HGU"
      }
    },
    {
      "type": "Feature",
      "geometry": {
        "type": "Point",
        "coordinates": [
          115.11849,
          -2.82947
        ]
      },
      "properties": {
        "confidence": "medium",
        "confidence_value": null,
        "sumber": "NASA-SNPP",
        "date_hotspot": "Senin, 14 September 2026 12:21:00",
        "date_hotspot_ori": "2026-09-14T05:21:00.000000Z",
        "provinsi": null,
        "kabkota": "Hulu Sungai Selatan",
        "desa": "Balimau",
        "hs_id": "2026-09-14T05:21:00.000000Z",
        "provinsi_id": 12,
        "long": 115.11849,
        "ori_sumber": null,
        "desa_id": null,
        "counter": 1,
        "confidence_level": "medium",
        "kawasan": "",
        "kecamatan": "Kalumpang",
        "nama_provinsi": "Kalimantan Selatan",
        "pulau": "",
        "route_create": "https://opsroom.sipongidata.my.id/daops/laporan/groundcheck/create/form",
        "hotspot_date": "2026-09-14",
        "distance_hgu_km": 0.936,
        "zone": "0–1 km",
        "location_status": "OUTSIDE HGU"
      }
    },
    {
      "type": "Feature",
      "geometry": {
        "type": "Point",
        "coordinates": [
          115.08933,
          -2.7211
        ]
      },
      "properties": {
        "confidence": "medium",
        "confidence_value": null,
        "sumber": "NASA-SNPP",
        "date_hotspot": "Senin, 14 September 2026 12:21:00",
        "date_hotspot_ori": "2026-09-14T05:21:00.000000Z",
        "provinsi": null,
        "kabkota": "Hulu Sungai Selatan",
        "desa": "Muning Dalam",
        "hs_id": "2026-09-14T05:21:00.000000Z",
        "provinsi_id": 12,
        "long": 115.08933,
        "ori_sumber": null,
        "desa_id": null,
        "counter": 1,
        "confidence_level": "medium",
        "kawasan": "",
        "kecamatan": "Daha Selatan",
        "nama_provinsi": "Kalimantan Selatan",
        "pulau": "",
        "route_create": "https://opsroom.sipongidata.my.id/daops/laporan/groundcheck/create/form",
        "hotspot_date": "2026-09-14",
        "distance_hgu_km": 3.471,
        "zone": "3–5 km",
        "location_status": "OUTSIDE HGU"
      }
    },
    {
      "type": "Feature",
      "geometry": {
        "type": "Point",
        "coordinates": [
          115.12962,
          -2.72086
        ]
      },
      "properties": {
        "confidence": "medium",
        "confidence_value": null,
        "sumber": "NASA-SNPP",
        "date_hotspot": "Senin, 14 September 2026 12:21:00",
        "date_hotspot_ori": "2026-09-14T05:21:00.000000Z",
        "provinsi": null,
        "kabkota": "Hulu Sungai Selatan",
        "desa": "Muning Baru",
        "hs_id": "2026-09-14T05:21:00.000000Z",
        "provinsi_id": 12,
        "long": 115.12962,
        "ori_sumber": null,
        "desa_id": null,
        "counter": 2,
        "confidence_level": "medium",
        "kawasan": "",
        "kecamatan": "Daha Selatan",
        "nama_provinsi": "Kalimantan Selatan",
        "pulau": "",
        "route_create": "https://opsroom.sipongidata.my.id/daops/laporan/groundcheck/create/form",
        "hotspot_date": "2026-09-14",
        "distance_hgu_km": 0.5,
        "zone": "0–1 km",
        "location_status": "OUTSIDE HGU"
      }
    },
    {
      "type": "Feature",
      "geometry": {
        "type": "Point",
        "coordinates": [
          115.06122,
          -2.73085
        ]
      },
      "properties": {
        "confidence": "medium",
        "confidence_value": null,
        "sumber": "NASA-SNPP",
        "date_hotspot": "Senin, 14 September 2026 12:21:00",
        "date_hotspot_ori": "2026-09-14T05:21:00.000000Z",
        "provinsi": null,
        "kabkota": "Hulu Sungai Selatan",
        "desa": "Tanjung Selor",
        "hs_id": "2026-09-14T05:21:00.000000Z",
        "provinsi_id": 12,
        "long": 115.06122,
        "ori_sumber": null,
        "desa_id": null,
        "counter": 1,
        "confidence_level": "medium",
        "kawasan": "",
        "kecamatan": "Daha Barat",
        "nama_provinsi": "Kalimantan Selatan",
        "pulau": "",
        "route_create": "https://opsroom.sipongidata.my.id/daops/laporan/groundcheck/create/form",
        "hotspot_date": "2026-09-14",
        "distance_hgu_km": 4.473,
        "zone": "3–5 km",
        "location_status": "OUTSIDE HGU"
      }
    },
    {
      "type": "Feature",
      "geometry": {
        "type": "Point",
        "coordinates": [
          115.10452,
          -2.72453
        ]
      },
      "properties": {
        "confidence": "medium",
        "confidence_value": null,
        "sumber": "NASA-SNPP",
        "date_hotspot": "Senin, 14 September 2026 12:21:00",
        "date_hotspot_ori": "2026-09-14T05:21:00.000000Z",
        "provinsi": null,
        "kabkota": "Hulu Sungai Selatan",
        "desa": "Muning Dalam",
        "hs_id": "2026-09-14T05:21:00.000000Z",
        "provinsi_id": 12,
        "long": 115.10452,
        "ori_sumber": null,
        "desa_id": null,
        "counter": 1,
        "confidence_level": "medium",
        "kawasan": "",
        "kecamatan": "Daha Selatan",
        "nama_provinsi": "Kalimantan Selatan",
        "pulau": "",
        "route_create": "https://opsroom.sipongidata.my.id/daops/laporan/groundcheck/create/form",
        "hotspot_date": "2026-09-14",
        "distance_hgu_km": 2.153,
        "zone": "1–3 km",
        "location_status": "OUTSIDE HGU"
      }
    },
    {
      "type": "Feature",
      "geometry": {
        "type": "Point",
        "coordinates": [
          115.12881,
          -2.71535
        ]
      },
      "properties": {
        "confidence": "medium",
        "confidence_value": null,
        "sumber": "NASA-SNPP",
        "date_hotspot": "Senin, 14 September 2026 12:21:00",
        "date_hotspot_ori": "2026-09-14T05:21:00.000000Z",
        "provinsi": null,
        "kabkota": "Hulu Sungai Selatan",
        "desa": "Muning Baru",
        "hs_id": "2026-09-14T05:21:00.000000Z",
        "provinsi_id": 12,
        "long": 115.12881,
        "ori_sumber": null,
        "desa_id": null,
        "counter": 2,
        "confidence_level": "medium",
        "kawasan": "",
        "kecamatan": "Daha Selatan",
        "nama_provinsi": "Kalimantan Selatan",
        "pulau": "",
        "route_create": "https://opsroom.sipongidata.my.id/daops/laporan/groundcheck/create/form",
        "hotspot_date": "2026-09-14",
        "distance_hgu_km": 1.027,
        "zone": "1–3 km",
        "location_status": "OUTSIDE HGU"
      }
    },
    {
      "type": "Feature",
      "geometry": {
        "type": "Point",
        "coordinates": [
          115.06483,
          -2.73033
        ]
      },
      "properties": {
        "confidence": "medium",
        "confidence_value": null,
        "sumber": "NASA-SNPP",
        "date_hotspot": "Senin, 14 September 2026 12:21:00",
        "date_hotspot_ori": "2026-09-14T05:21:00.000000Z",
        "provinsi": null,
        "kabkota": "Hulu Sungai Selatan",
        "desa": "Tanjung Selor",
        "hs_id": "2026-09-14T05:21:00.000000Z",
        "provinsi_id": 12,
        "long": 115.06483,
        "ori_sumber": null,
        "desa_id": null,
        "counter": 1,
        "confidence_level": "medium",
        "kawasan": "",
        "kecamatan": "Daha Barat",
        "nama_provinsi": "Kalimantan Selatan",
        "pulau": "",
        "route_create": "https://opsroom.sipongidata.my.id/daops/laporan/groundcheck/create/form",
        "hotspot_date": "2026-09-14",
        "distance_hgu_km": 4.29,
        "zone": "3–5 km",
        "location_status": "OUTSIDE HGU"
      }
    },
    {
      "type": "Feature",
      "geometry": {
        "type": "Point",
        "coordinates": [
          115.06767,
          -2.72426
        ]
      },
      "properties": {
        "confidence": "medium",
        "confidence_value": null,
        "sumber": "NASA-SNPP",
        "date_hotspot": "Senin, 14 September 2026 12:21:00",
        "date_hotspot_ori": "2026-09-14T05:21:00.000000Z",
        "provinsi": null,
        "kabkota": "Hulu Sungai Selatan",
        "desa": "Tanjung Selor",
        "hs_id": "2026-09-14T05:21:00.000000Z",
        "provinsi_id": 12,
        "long": 115.06767,
        "ori_sumber": null,
        "desa_id": null,
        "counter": 1,
        "confidence_level": "medium",
        "kawasan": "",
        "kecamatan": "Daha Barat",
        "nama_provinsi": "Kalimantan Selatan",
        "pulau": "",
        "route_create": "https://opsroom.sipongidata.my.id/daops/laporan/groundcheck/create/form",
        "hotspot_date": "2026-09-14",
        "distance_hgu_km": 4.659,
        "zone": "3–5 km",
        "location_status": "OUTSIDE HGU"
      }
    },
    {
      "type": "Feature",
      "geometry": {
        "type": "Point",
        "coordinates": [
          115.12524,
          -2.71587
        ]
      },
      "properties": {
        "confidence": "medium",
        "confidence_value": null,
        "sumber": "NASA-SNPP",
        "date_hotspot": "Senin, 14 September 2026 12:21:00",
        "date_hotspot_ori": "2026-09-14T05:21:00.000000Z",
        "provinsi": null,
        "kabkota": "Hulu Sungai Selatan",
        "desa": "Muning Baru",
        "hs_id": "2026-09-14T05:21:00.000000Z",
        "provinsi_id": 12,
        "long": 115.12524,
        "ori_sumber": null,
        "desa_id": null,
        "counter": 2,
        "confidence_level": "medium",
        "kawasan": "",
        "kecamatan": "Daha Selatan",
        "nama_provinsi": "Kalimantan Selatan",
        "pulau": "",
        "route_create": "https://opsroom.sipongidata.my.id/daops/laporan/groundcheck/create/form",
        "hotspot_date": "2026-09-14",
        "distance_hgu_km": 1.229,
        "zone": "1–3 km",
        "location_status": "OUTSIDE HGU"
      }
    },
    {
      "type": "Feature",
      "geometry": {
        "type": "Point",
        "coordinates": [
          115.19992,
          -2.70498
        ]
      },
      "properties": {
        "confidence": "medium",
        "confidence_value": null,
        "sumber": "NASA-SNPP",
        "date_hotspot": "Senin, 14 September 2026 12:21:00",
        "date_hotspot_ori": "2026-09-14T05:21:00.000000Z",
        "provinsi": null,
        "kabkota": "Hulu Sungai Selatan",
        "desa": "Lungau",
        "hs_id": "2026-09-14T05:21:00.000000Z",
        "provinsi_id": 12,
        "long": 115.19992,
        "ori_sumber": null,
        "desa_id": null,
        "counter": 1,
        "confidence_level": "medium",
        "kawasan": "",
        "kecamatan": "Kandangan",
        "nama_provinsi": "Kalimantan Selatan",
        "pulau": "",
        "route_create": "https://opsroom.sipongidata.my.id/daops/laporan/groundcheck/create/form",
        "hotspot_date": "2026-09-14",
        "distance_hgu_km": 2.039,
        "zone": "1–3 km",
        "location_status": "OUTSIDE HGU"
      }
    },
    {
      "type": "Feature",
      "geometry": {
        "type": "Point",
        "coordinates": [
          115.23563,
          -2.72772
        ]
      },
      "properties": {
        "confidence": "medium",
        "confidence_value": null,
        "sumber": "NASA-SNPP",
        "date_hotspot": "Senin, 14 September 2026 12:21:00",
        "date_hotspot_ori": "2026-09-14T05:21:00.000000Z",
        "provinsi": null,
        "kabkota": "Hulu Sungai Selatan",
        "desa": "Taniran Selatan",
        "hs_id": "2026-09-14T05:21:00.000000Z",
        "provinsi_id": 12,
        "long": 115.23563,
        "ori_sumber": null,
        "desa_id": null,
        "counter": 1,
        "confidence_level": "medium",
        "kawasan": "",
        "kecamatan": "Angkinang",
        "nama_provinsi": "Kalimantan Selatan",
        "pulau": "",
        "route_create": "https://opsroom.sipongidata.my.id/daops/laporan/groundcheck/create/form",
        "hotspot_date": "2026-09-14",
        "distance_hgu_km": 3.956,
        "zone": "3–5 km",
        "location_status": "OUTSIDE HGU"
      }
    },
    {
      "type": "Feature",
      "geometry": {
        "type": "Point",
        "coordinates": [
          115.05797,
          -2.75963
        ]
      },
      "properties": {
        "confidence": "medium",
        "confidence_value": null,
        "sumber": "NASA-SNPP",
        "date_hotspot": "Senin, 14 September 2026 12:21:00",
        "date_hotspot_ori": "2026-09-14T05:21:00.000000Z",
        "provinsi": null,
        "kabkota": "Hulu Sungai Selatan",
        "desa": "Muning Dalam",
        "hs_id": "2026-09-14T05:21:00.000000Z",
        "provinsi_id": 12,
        "long": 115.05797,
        "ori_sumber": null,
        "desa_id": null,
        "counter": 1,
        "confidence_level": "medium",
        "kawasan": "",
        "kecamatan": "Daha Selatan",
        "nama_provinsi": "Kalimantan Selatan",
        "pulau": "",
        "route_create": "https://opsroom.sipongidata.my.id/daops/laporan/groundcheck/create/form",
        "hotspot_date": "2026-09-14",
        "distance_hgu_km": 2.218,
        "zone": "1–3 km",
        "location_status": "OUTSIDE HGU"
      }
    },
    {
      "type": "Feature",
      "geometry": {
        "type": "Point",
        "coordinates": [
          115.13715,
          -2.69725
        ]
      },
      "properties": {
        "confidence": "medium",
        "confidence_value": null,
        "sumber": "NASA-SNPP",
        "date_hotspot": "Senin, 14 September 2026 12:21:00",
        "date_hotspot_ori": "2026-09-14T05:21:00.000000Z",
        "provinsi": null,
        "kabkota": "Hulu Sungai Selatan",
        "desa": "Muning Baru",
        "hs_id": "2026-09-14T05:21:00.000000Z",
        "provinsi_id": 12,
        "long": 115.13715,
        "ori_sumber": null,
        "desa_id": null,
        "counter": 3,
        "confidence_level": "medium",
        "kawasan": "",
        "kecamatan": "Daha Selatan",
        "nama_provinsi": "Kalimantan Selatan",
        "pulau": "",
        "route_create": "https://opsroom.sipongidata.my.id/daops/laporan/groundcheck/create/form",
        "hotspot_date": "2026-09-14",
        "distance_hgu_km": 2.929,
        "zone": "1–3 km",
        "location_status": "OUTSIDE HGU"
      }
    },
    {
      "type": "Feature",
      "geometry": {
        "type": "Point",
        "coordinates": [
          115.12364,
          -2.70484
        ]
      },
      "properties": {
        "confidence": "medium",
        "confidence_value": null,
        "sumber": "NASA-SNPP",
        "date_hotspot": "Senin, 14 September 2026 12:21:00",
        "date_hotspot_ori": "2026-09-14T05:21:00.000000Z",
        "provinsi": null,
        "kabkota": "Hulu Sungai Selatan",
        "desa": "Muning Baru",
        "hs_id": "2026-09-14T05:21:00.000000Z",
        "provinsi_id": 12,
        "long": 115.12364,
        "ori_sumber": null,
        "desa_id": null,
        "counter": 1,
        "confidence_level": "medium",
        "kawasan": "",
        "kecamatan": "Daha Selatan",
        "nama_provinsi": "Kalimantan Selatan",
        "pulau": "",
        "route_create": "https://opsroom.sipongidata.my.id/daops/laporan/groundcheck/create/form",
        "hotspot_date": "2026-09-14",
        "distance_hgu_km": 2.323,
        "zone": "1–3 km",
        "location_status": "OUTSIDE HGU"
      }
    },
    {
      "type": "Feature",
      "geometry": {
        "type": "Point",
        "coordinates": [
          115.06564,
          -2.73587
        ]
      },
      "properties": {
        "confidence": "medium",
        "confidence_value": null,
        "sumber": "NASA-SNPP",
        "date_hotspot": "Senin, 14 September 2026 12:21:00",
        "date_hotspot_ori": "2026-09-14T05:21:00.000000Z",
        "provinsi": null,
        "kabkota": "Hulu Sungai Selatan",
        "desa": "Muning Dalam",
        "hs_id": "2026-09-14T05:21:00.000000Z",
        "provinsi_id": 12,
        "long": 115.06564,
        "ori_sumber": null,
        "desa_id": null,
        "counter": 1,
        "confidence_level": "medium",
        "kawasan": "",
        "kecamatan": "Daha Selatan",
        "nama_provinsi": "Kalimantan Selatan",
        "pulau": "",
        "route_create": "https://opsroom.sipongidata.my.id/daops/laporan/groundcheck/create/form",
        "hotspot_date": "2026-09-14",
        "distance_hgu_km": 3.736,
        "zone": "3–5 km",
        "location_status": "OUTSIDE HGU"
      }
    },
    {
      "type": "Feature",
      "geometry": {
        "type": "Point",
        "coordinates": [
          115.18896,
          -2.72901
        ]
      },
      "properties": {
        "confidence": "medium",
        "confidence_value": null,
        "sumber": "NASA-SNPP",
        "date_hotspot": "Senin, 14 September 2026 12:21:00",
        "date_hotspot_ori": "2026-09-14T05:21:00.000000Z",
        "provinsi": null,
        "kabkota": "Hulu Sungai Selatan",
        "desa": "Lungau",
        "hs_id": "2026-09-14T05:21:00.000000Z",
        "provinsi_id": 12,
        "long": 115.18896,
        "ori_sumber": null,
        "desa_id": null,
        "counter": 3,
        "confidence_level": "medium",
        "kawasan": "",
        "kecamatan": "Kandangan",
        "nama_provinsi": "Kalimantan Selatan",
        "pulau": "",
        "route_create": "https://opsroom.sipongidata.my.id/daops/laporan/groundcheck/create/form",
        "hotspot_date": "2026-09-14",
        "distance_hgu_km": 0.0,
        "zone": "Inside HGU",
        "location_status": "INSIDE HGU"
      }
    },
    {
      "type": "Feature",
      "geometry": {
        "type": "Point",
        "coordinates": [
          115.23913,
          -2.7272
        ]
      },
      "properties": {
        "confidence": "medium",
        "confidence_value": null,
        "sumber": "NASA-SNPP",
        "date_hotspot": "Senin, 14 September 2026 12:21:00",
        "date_hotspot_ori": "2026-09-14T05:21:00.000000Z",
        "provinsi": null,
        "kabkota": "Hulu Sungai Selatan",
        "desa": "Taniran Selatan",
        "hs_id": "2026-09-14T05:21:00.000000Z",
        "provinsi_id": 12,
        "long": 115.23913,
        "ori_sumber": null,
        "desa_id": null,
        "counter": 1,
        "confidence_level": "medium",
        "kawasan": "",
        "kecamatan": "Angkinang",
        "nama_provinsi": "Kalimantan Selatan",
        "pulau": "",
        "route_create": "https://opsroom.sipongidata.my.id/daops/laporan/groundcheck/create/form",
        "hotspot_date": "2026-09-14",
        "distance_hgu_km": 4.34,
        "zone": "3–5 km",
        "location_status": "OUTSIDE HGU"
      }
    },
    {
      "type": "Feature",
      "geometry": {
        "type": "Point",
        "coordinates": [
          115.07967,
          -2.75642
        ]
      },
      "properties": {
        "confidence": "medium",
        "confidence_value": null,
        "sumber": "NASA-SNPP",
        "date_hotspot": "Senin, 14 September 2026 12:21:00",
        "date_hotspot_ori": "2026-09-14T05:21:00.000000Z",
        "provinsi": null,
        "kabkota": "Hulu Sungai Selatan",
        "desa": "Muning Dalam",
        "hs_id": "2026-09-14T05:21:00.000000Z",
        "provinsi_id": 12,
        "long": 115.07967,
        "ori_sumber": null,
        "desa_id": null,
        "counter": 1,
        "confidence_level": "medium",
        "kawasan": "",
        "kecamatan": "Daha Selatan",
        "nama_provinsi": "Kalimantan Selatan",
        "pulau": "",
        "route_create": "https://opsroom.sipongidata.my.id/daops/laporan/groundcheck/create/form",
        "hotspot_date": "2026-09-14",
        "distance_hgu_km": 0.979,
        "zone": "0–1 km",
        "location_status": "OUTSIDE HGU"
      }
    },
    {
      "type": "Feature",
      "geometry": {
        "type": "Point",
        "coordinates": [
          115.14427,
          -2.7024
        ]
      },
      "properties": {
        "confidence": "medium",
        "confidence_value": null,
        "sumber": "NASA-SNPP",
        "date_hotspot": "Senin, 14 September 2026 12:21:00",
        "date_hotspot_ori": "2026-09-14T05:21:00.000000Z",
        "provinsi": null,
        "kabkota": "Hulu Sungai Selatan",
        "desa": "Muning Baru",
        "hs_id": "2026-09-14T05:21:00.000000Z",
        "provinsi_id": 12,
        "long": 115.14427,
        "ori_sumber": null,
        "desa_id": null,
        "counter": 3,
        "confidence_level": "medium",
        "kawasan": "",
        "kecamatan": "Daha Selatan",
        "nama_provinsi": "Kalimantan Selatan",
        "pulau": "",
        "route_create": "https://opsroom.sipongidata.my.id/daops/laporan/groundcheck/create/form",
        "hotspot_date": "2026-09-14",
        "distance_hgu_km": 2.628,
        "zone": "1–3 km",
        "location_status": "OUTSIDE HGU"
      }
    },
    {
      "type": "Feature",
      "geometry": {
        "type": "Point",
        "coordinates": [
          115.18108,
          -2.72456
        ]
      },
      "properties": {
        "confidence": "medium",
        "confidence_value": null,
        "sumber": "NASA-SNPP",
        "date_hotspot": "Senin, 14 September 2026 12:21:00",
        "date_hotspot_ori": "2026-09-14T05:21:00.000000Z",
        "provinsi": null,
        "kabkota": "Hulu Sungai Selatan",
        "desa": "Pantai Ulin",
        "hs_id": "2026-09-14T05:21:00.000000Z",
        "provinsi_id": 12,
        "long": 115.18108,
        "ori_sumber": null,
        "desa_id": null,
        "counter": 1,
        "confidence_level": "medium",
        "kawasan": "",
        "kecamatan": "Simpur",
        "nama_provinsi": "Kalimantan Selatan",
        "pulau": "",
        "route_create": "https://opsroom.sipongidata.my.id/daops/laporan/groundcheck/create/form",
        "hotspot_date": "2026-09-14",
        "distance_hgu_km": 0.0,
        "zone": "Inside HGU",
        "location_status": "INSIDE HGU"
      }
    },
    {
      "type": "Feature",
      "geometry": {
        "type": "Point",
        "coordinates": [
          115.13235,
          -2.85467
        ]
      },
      "properties": {
        "confidence": "medium",
        "confidence_value": null,
        "sumber": "NASA-SNPP",
        "date_hotspot": "Senin, 21 September 2026 13:31:00",
        "date_hotspot_ori": "2026-09-21T06:31:00.000000Z",
        "provinsi": null,
        "kabkota": "Tapin",
        "desa": "Masta",
        "hs_id": "2026-09-21T06:31:00.000000Z",
        "provinsi_id": 12,
        "long": 115.13235,
        "ori_sumber": null,
        "desa_id": null,
        "counter": 2,
        "confidence_level": "medium",
        "kawasan": "",
        "kecamatan": "Bakarangan",
        "nama_provinsi": "Kalimantan Selatan",
        "pulau": "",
        "route_create": "https://opsroom.sipongidata.my.id/daops/laporan/groundcheck/create/form",
        "hotspot_date": "2026-09-21",
        "distance_hgu_km": 3.326,
        "zone": "3–5 km",
        "location_status": "OUTSIDE HGU"
      }
    },
    {
      "type": "Feature",
      "geometry": {
        "type": "Point",
        "coordinates": [
          115.12872,
          -2.72398
        ]
      },
      "properties": {
        "confidence": "medium",
        "confidence_value": null,
        "sumber": "NASA-SNPP",
        "date_hotspot": "Senin, 21 September 2026 13:31:00",
        "date_hotspot_ori": "2026-09-21T06:31:00.000000Z",
        "provinsi": null,
        "kabkota": "Hulu Sungai Selatan",
        "desa": "Muning Baru",
        "hs_id": "2026-09-21T06:31:00.000000Z",
        "provinsi_id": 12,
        "long": 115.12872,
        "ori_sumber": null,
        "desa_id": null,
        "counter": 2,
        "confidence_level": "medium",
        "kawasan": "",
        "kecamatan": "Daha Selatan",
        "nama_provinsi": "Kalimantan Selatan",
        "pulau": "",
        "route_create": "https://opsroom.sipongidata.my.id/daops/laporan/groundcheck/create/form",
        "hotspot_date": "2026-09-21",
        "distance_hgu_km": 0.386,
        "zone": "0–1 km",
        "location_status": "OUTSIDE HGU"
      }
    },
    {
      "type": "Feature",
      "geometry": {
        "type": "Point",
        "coordinates": [
          115.163,
          -2.7175
        ]
      },
      "properties": {
        "confidence": "medium",
        "confidence_value": null,
        "sumber": "NASA-NOAA20",
        "date_hotspot": "Selasa, 15 September 2026 01:21:00",
        "date_hotspot_ori": "2026-09-14T18:21:00.000000Z",
        "provinsi": null,
        "kabkota": "Hulu Sungai Selatan",
        "desa": "Pantai Ulin",
        "hs_id": "2026-09-14T18:21:00.000000Z",
        "provinsi_id": 12,
        "long": 115.163,
        "ori_sumber": null,
        "desa_id": null,
        "counter": 1,
        "confidence_level": "medium",
        "kawasan": "",
        "kecamatan": "Simpur",
        "nama_provinsi": "Kalimantan Selatan",
        "pulau": "",
        "route_create": "https://opsroom.sipongidata.my.id/daops/laporan/groundcheck/create/form",
        "hotspot_date": "2026-09-15",
        "distance_hgu_km": 1.146,
        "zone": "1–3 km",
        "location_status": "OUTSIDE HGU"
      }
    },
    {
      "type": "Feature",
      "geometry": {
        "type": "Point",
        "coordinates": [
          115.13474,
          -2.84798
        ]
      },
      "properties": {
        "confidence": "medium",
        "confidence_value": null,
        "sumber": "NASA-NOAA20",
        "date_hotspot": "Selasa, 15 September 2026 12:23:00",
        "date_hotspot_ori": "2026-09-15T05:23:00.000000Z",
        "provinsi": null,
        "kabkota": "Tapin",
        "desa": "Masta",
        "hs_id": "2026-09-15T05:23:00.000000Z",
        "provinsi_id": 12,
        "long": 115.13474,
        "ori_sumber": null,
        "desa_id": null,
        "counter": 1,
        "confidence_level": "medium",
        "kawasan": "",
        "kecamatan": "Bakarangan",
        "nama_provinsi": "Kalimantan Selatan",
        "pulau": "",
        "route_create": "https://opsroom.sipongidata.my.id/daops/laporan/groundcheck/create/form",
        "hotspot_date": "2026-09-15",
        "distance_hgu_km": 3.105,
        "zone": "3–5 km",
        "location_status": "OUTSIDE HGU"
      }
    },
    {
      "type": "Feature",
      "geometry": {
        "type": "Point",
        "coordinates": [
          115.13544,
          -2.85285
        ]
      },
      "properties": {
        "confidence": "medium",
        "confidence_value": null,
        "sumber": "NASA-NOAA20",
        "date_hotspot": "Selasa, 15 September 2026 12:23:00",
        "date_hotspot_ori": "2026-09-15T05:23:00.000000Z",
        "provinsi": null,
        "kabkota": "Tapin",
        "desa": "Masta",
        "hs_id": "2026-09-15T05:23:00.000000Z",
        "provinsi_id": 12,
        "long": 115.13544,
        "ori_sumber": null,
        "desa_id": null,
        "counter": 1,
        "confidence_level": "medium",
        "kawasan": "",
        "kecamatan": "Bakarangan",
        "nama_provinsi": "Kalimantan Selatan",
        "pulau": "",
        "route_create": "https://opsroom.sipongidata.my.id/daops/laporan/groundcheck/create/form",
        "hotspot_date": "2026-09-15",
        "distance_hgu_km": 3.463,
        "zone": "3–5 km",
        "location_status": "OUTSIDE HGU"
      }
    },
    {
      "type": "Feature",
      "geometry": {
        "type": "Point",
        "coordinates": [
          115.19177,
          -2.68697
        ]
      },
      "properties": {
        "confidence": "medium",
        "confidence_value": null,
        "sumber": "NASA-NOAA20",
        "date_hotspot": "Selasa, 15 September 2026 12:23:00",
        "date_hotspot_ori": "2026-09-15T05:23:00.000000Z",
        "provinsi": null,
        "kabkota": "Hulu Sungai Selatan",
        "desa": "Bangkau",
        "hs_id": "2026-09-15T05:23:00.000000Z",
        "provinsi_id": 12,
        "long": 115.19177,
        "ori_sumber": null,
        "desa_id": null,
        "counter": 1,
        "confidence_level": "medium",
        "kawasan": "",
        "kecamatan": "Kandangan",
        "nama_provinsi": "Kalimantan Selatan",
        "pulau": "",
        "route_create": "https://opsroom.sipongidata.my.id/daops/laporan/groundcheck/create/form",
        "hotspot_date": "2026-09-15",
        "distance_hgu_km": 3.608,
        "zone": "3–5 km",
        "location_status": "OUTSIDE HGU"
      }
    },
    {
      "type": "Feature",
      "geometry": {
        "type": "Point",
        "coordinates": [
          115.1552,
          -2.69737
        ]
      },
      "properties": {
        "confidence": "medium",
        "confidence_value": null,
        "sumber": "NASA-NOAA20",
        "date_hotspot": "Selasa, 15 September 2026 12:23:00",
        "date_hotspot_ori": "2026-09-15T05:23:00.000000Z",
        "provinsi": null,
        "kabkota": "Hulu Sungai Selatan",
        "desa": "Muning Baru",
        "hs_id": "2026-09-15T05:23:00.000000Z",
        "provinsi_id": 12,
        "long": 115.1552,
        "ori_sumber": null,
        "desa_id": null,
        "counter": 3,
        "confidence_level": "medium",
        "kawasan": "",
        "kecamatan": "Daha Selatan",
        "nama_provinsi": "Kalimantan Selatan",
        "pulau": "",
        "route_create": "https://opsroom.sipongidata.my.id/daops/laporan/groundcheck/create/form",
        "hotspot_date": "2026-09-15",
        "distance_hgu_km": 3.535,
        "zone": "3–5 km",
        "location_status": "OUTSIDE HGU"
      }
    },
    {
      "type": "Feature",
      "geometry": {
        "type": "Point",
        "coordinates": [
          115.16053,
          -2.69657
        ]
      },
      "properties": {
        "confidence": "medium",
        "confidence_value": null,
        "sumber": "NASA-NOAA20",
        "date_hotspot": "Selasa, 15 September 2026 12:23:00",
        "date_hotspot_ori": "2026-09-15T05:23:00.000000Z",
        "provinsi": null,
        "kabkota": "Hulu Sungai Selatan",
        "desa": "Muning Baru",
        "hs_id": "2026-09-15T05:23:00.000000Z",
        "provinsi_id": 12,
        "long": 115.16053,
        "ori_sumber": null,
        "desa_id": null,
        "counter": 3,
        "confidence_level": "medium",
        "kawasan": "",
        "kecamatan": "Daha Selatan",
        "nama_provinsi": "Kalimantan Selatan",
        "pulau": "",
        "route_create": "https://opsroom.sipongidata.my.id/daops/laporan/groundcheck/create/form",
        "hotspot_date": "2026-09-15",
        "distance_hgu_km": 3.417,
        "zone": "3–5 km",
        "location_status": "OUTSIDE HGU"
      }
    },
    {
      "type": "Feature",
      "geometry": {
        "type": "Point",
        "coordinates": [
          115.14666,
          -2.81632
        ]
      },
      "properties": {
        "confidence": "medium",
        "confidence_value": null,
        "sumber": "NASA-NOAA20",
        "date_hotspot": "Selasa, 15 September 2026 12:23:00",
        "date_hotspot_ori": "2026-09-15T05:23:00.000000Z",
        "provinsi": null,
        "kabkota": "Hulu Sungai Selatan",
        "desa": "Karang Bulan",
        "hs_id": "2026-09-15T05:23:00.000000Z",
        "provinsi_id": 12,
        "long": 115.14666,
        "ori_sumber": null,
        "desa_id": null,
        "counter": 1,
        "confidence_level": "medium",
        "kawasan": "",
        "kecamatan": "Kalumpang",
        "nama_provinsi": "Kalimantan Selatan",
        "pulau": "",
        "route_create": "https://opsroom.sipongidata.my.id/daops/laporan/groundcheck/create/form",
        "hotspot_date": "2026-09-15",
        "distance_hgu_km": 1.182,
        "zone": "1–3 km",
        "location_status": "OUTSIDE HGU"
      }
    },
    {
      "type": "Feature",
      "geometry": {
        "type": "Point",
        "coordinates": [
          115.17262,
          -2.70468
        ]
      },
      "properties": {
        "confidence": "medium",
        "confidence_value": null,
        "sumber": "NASA-NOAA20",
        "date_hotspot": "Selasa, 15 September 2026 12:23:00",
        "date_hotspot_ori": "2026-09-15T05:23:00.000000Z",
        "provinsi": null,
        "kabkota": "Hulu Sungai Selatan",
        "desa": "Bangkau",
        "hs_id": "2026-09-15T05:23:00.000000Z",
        "provinsi_id": 12,
        "long": 115.17262,
        "ori_sumber": null,
        "desa_id": null,
        "counter": 1,
        "confidence_level": "medium",
        "kawasan": "",
        "kecamatan": "Kandangan",
        "nama_provinsi": "Kalimantan Selatan",
        "pulau": "",
        "route_create": "https://opsroom.sipongidata.my.id/daops/laporan/groundcheck/create/form",
        "hotspot_date": "2026-09-15",
        "distance_hgu_km": 2.117,
        "zone": "1–3 km",
        "location_status": "OUTSIDE HGU"
      }
    },
    {
      "type": "Feature",
      "geometry": {
        "type": "Point",
        "coordinates": [
          115.13866,
          -2.86023
        ]
      },
      "properties": {
        "confidence": "medium",
        "confidence_value": null,
        "sumber": "NASA-NOAA20",
        "date_hotspot": "Selasa, 15 September 2026 12:23:00",
        "date_hotspot_ori": "2026-09-15T05:23:00.000000Z",
        "provinsi": null,
        "kabkota": "Tapin",
        "desa": "Masta",
        "hs_id": "2026-09-15T05:23:00.000000Z",
        "provinsi_id": 12,
        "long": 115.13866,
        "ori_sumber": null,
        "desa_id": null,
        "counter": 1,
        "confidence_level": "medium",
        "kawasan": "",
        "kecamatan": "Bakarangan",
        "nama_provinsi": "Kalimantan Selatan",
        "pulau": "",
        "route_create": "https://opsroom.sipongidata.my.id/daops/laporan/groundcheck/create/form",
        "hotspot_date": "2026-09-15",
        "distance_hgu_km": 4.259,
        "zone": "3–5 km",
        "location_status": "OUTSIDE HGU"
      }
    },
    {
      "type": "Feature",
      "geometry": {
        "type": "Point",
        "coordinates": [
          115.06532,
          -2.79537
        ]
      },
      "properties": {
        "confidence": "medium",
        "confidence_value": null,
        "sumber": "NASA-SNPP",
        "date_hotspot": "Selasa, 15 September 2026 13:42:00",
        "date_hotspot_ori": "2026-09-15T06:42:00.000000Z",
        "provinsi": null,
        "kabkota": "Tapin",
        "desa": "Sungai Rutas",
        "hs_id": "2026-09-15T06:42:00.000000Z",
        "provinsi_id": 12,
        "long": 115.06532,
        "ori_sumber": null,
        "desa_id": null,
        "counter": 1,
        "confidence_level": "medium",
        "kawasan": "",
        "kecamatan": "Candi Laras Selatan",
        "nama_provinsi": "Kalimantan Selatan",
        "pulau": "",
        "route_create": "https://opsroom.sipongidata.my.id/daops/laporan/groundcheck/create/form",
        "hotspot_date": "2026-09-15",
        "distance_hgu_km": 1.059,
        "zone": "1–3 km",
        "location_status": "OUTSIDE HGU"
      }
    },
    {
      "type": "Feature",
      "geometry": {
        "type": "Point",
        "coordinates": [
          115.12051,
          -2.72243
        ]
      },
      "properties": {
        "confidence": "medium",
        "confidence_value": null,
        "sumber": "NASA-NOAA20",
        "date_hotspot": "Selasa, 15 September 2026 12:23:00",
        "date_hotspot_ori": "2026-09-15T05:23:00.000000Z",
        "provinsi": null,
        "kabkota": "Hulu Sungai Selatan",
        "desa": "Muning Baru",
        "hs_id": "2026-09-15T05:23:00.000000Z",
        "provinsi_id": 12,
        "long": 115.12051,
        "ori_sumber": null,
        "desa_id": null,
        "counter": 1,
        "confidence_level": "medium",
        "kawasan": "",
        "kecamatan": "Daha Selatan",
        "nama_provinsi": "Kalimantan Selatan",
        "pulau": "",
        "route_create": "https://opsroom.sipongidata.my.id/daops/laporan/groundcheck/create/form",
        "hotspot_date": "2026-09-15",
        "distance_hgu_km": 1.187,
        "zone": "1–3 km",
        "location_status": "OUTSIDE HGU"
      }
    },
    {
      "type": "Feature",
      "geometry": {
        "type": "Point",
        "coordinates": [
          115.14198,
          -2.7192
        ]
      },
      "properties": {
        "confidence": "medium",
        "confidence_value": null,
        "sumber": "NASA-NOAA20",
        "date_hotspot": "Selasa, 15 September 2026 12:23:00",
        "date_hotspot_ori": "2026-09-15T05:23:00.000000Z",
        "provinsi": null,
        "kabkota": "Hulu Sungai Selatan",
        "desa": "Amparaya",
        "hs_id": "2026-09-15T05:23:00.000000Z",
        "provinsi_id": 12,
        "long": 115.14198,
        "ori_sumber": null,
        "desa_id": null,
        "counter": 1,
        "confidence_level": "medium",
        "kawasan": "",
        "kecamatan": "Simpur",
        "nama_provinsi": "Kalimantan Selatan",
        "pulau": "",
        "route_create": "https://opsroom.sipongidata.my.id/daops/laporan/groundcheck/create/form",
        "hotspot_date": "2026-09-15",
        "distance_hgu_km": 1.014,
        "zone": "1–3 km",
        "location_status": "OUTSIDE HGU"
      }
    },
    {
      "type": "Feature",
      "geometry": {
        "type": "Point",
        "coordinates": [
          115.09429,
          -2.73137
        ]
      },
      "properties": {
        "confidence": "medium",
        "confidence_value": null,
        "sumber": "NASA-NOAA20",
        "date_hotspot": "Selasa, 15 September 2026 12:23:00",
        "date_hotspot_ori": "2026-09-15T05:23:00.000000Z",
        "provinsi": null,
        "kabkota": "Hulu Sungai Selatan",
        "desa": "Muning Dalam",
        "hs_id": "2026-09-15T05:23:00.000000Z",
        "provinsi_id": 12,
        "long": 115.09429,
        "ori_sumber": null,
        "desa_id": null,
        "counter": 1,
        "confidence_level": "medium",
        "kawasan": "",
        "kecamatan": "Daha Selatan",
        "nama_provinsi": "Kalimantan Selatan",
        "pulau": "",
        "route_create": "https://opsroom.sipongidata.my.id/daops/laporan/groundcheck/create/form",
        "hotspot_date": "2026-09-15",
        "distance_hgu_km": 2.233,
        "zone": "1–3 km",
        "location_status": "OUTSIDE HGU"
      }
    },
    {
      "type": "Feature",
      "geometry": {
        "type": "Point",
        "coordinates": [
          115.23042,
          -2.72994
        ]
      },
      "properties": {
        "confidence": "medium",
        "confidence_value": null,
        "sumber": "NASA-NOAA20",
        "date_hotspot": "Rabu, 16 September 2026 01:04:00",
        "date_hotspot_ori": "2026-09-15T18:04:00.000000Z",
        "provinsi": null,
        "kabkota": "Hulu Sungai Selatan",
        "desa": "Sungai Kupang",
        "hs_id": "2026-09-15T18:04:00.000000Z",
        "provinsi_id": 12,
        "long": 115.23042,
        "ori_sumber": null,
        "desa_id": null,
        "counter": 1,
        "confidence_level": "medium",
        "kawasan": "",
        "kecamatan": "Kandangan",
        "nama_provinsi": "Kalimantan Selatan",
        "pulau": "",
        "route_create": "https://opsroom.sipongidata.my.id/daops/laporan/groundcheck/create/form",
        "hotspot_date": "2026-09-16",
        "distance_hgu_km": 3.327,
        "zone": "3–5 km",
        "location_status": "OUTSIDE HGU"
      }
    },
    {
      "type": "Feature",
      "geometry": {
        "type": "Point",
        "coordinates": [
          115.19204,
          -2.731
        ]
      },
      "properties": {
        "confidence": "medium",
        "confidence_value": null,
        "sumber": "NASA-NOAA20",
        "date_hotspot": "Rabu, 16 September 2026 12:01:00",
        "date_hotspot_ori": "2026-09-16T05:01:00.000000Z",
        "provinsi": null,
        "kabkota": "Hulu Sungai Selatan",
        "desa": "Lungau",
        "hs_id": "2026-09-16T05:01:00.000000Z",
        "provinsi_id": 12,
        "long": 115.19204,
        "ori_sumber": null,
        "desa_id": null,
        "counter": 1,
        "confidence_level": "medium",
        "kawasan": "",
        "kecamatan": "Kandangan",
        "nama_provinsi": "Kalimantan Selatan",
        "pulau": "",
        "route_create": "https://opsroom.sipongidata.my.id/daops/laporan/groundcheck/create/form",
        "hotspot_date": "2026-09-16",
        "distance_hgu_km": 0.0,
        "zone": "Inside HGU",
        "location_status": "INSIDE HGU"
      }
    },
    {
      "type": "Feature",
      "geometry": {
        "type": "Point",
        "coordinates": [
          115.09423,
          -2.74532
        ]
      },
      "properties": {
        "confidence": "medium",
        "confidence_value": null,
        "sumber": "NASA-NOAA20",
        "date_hotspot": "Rabu, 16 September 2026 12:01:00",
        "date_hotspot_ori": "2026-09-16T05:01:00.000000Z",
        "provinsi": null,
        "kabkota": "Hulu Sungai Selatan",
        "desa": "Muning Dalam",
        "hs_id": "2026-09-16T05:01:00.000000Z",
        "provinsi_id": 12,
        "long": 115.09423,
        "ori_sumber": null,
        "desa_id": null,
        "counter": 1,
        "confidence_level": "medium",
        "kawasan": "",
        "kecamatan": "Daha Selatan",
        "nama_provinsi": "Kalimantan Selatan",
        "pulau": "",
        "route_create": "https://opsroom.sipongidata.my.id/daops/laporan/groundcheck/create/form",
        "hotspot_date": "2026-09-16",
        "distance_hgu_km": 1.018,
        "zone": "1–3 km",
        "location_status": "OUTSIDE HGU"
      }
    },
    {
      "type": "Feature",
      "geometry": {
        "type": "Point",
        "coordinates": [
          115.13475,
          -2.69873
        ]
      },
      "properties": {
        "confidence": "medium",
        "confidence_value": null,
        "sumber": "NASA-NOAA20",
        "date_hotspot": "Rabu, 16 September 2026 12:01:00",
        "date_hotspot_ori": "2026-09-16T05:01:00.000000Z",
        "provinsi": null,
        "kabkota": "Hulu Sungai Selatan",
        "desa": "Muning Baru",
        "hs_id": "2026-09-16T05:01:00.000000Z",
        "provinsi_id": 12,
        "long": 115.13475,
        "ori_sumber": null,
        "desa_id": null,
        "counter": 3,
        "confidence_level": "medium",
        "kawasan": "",
        "kecamatan": "Daha Selatan",
        "nama_provinsi": "Kalimantan Selatan",
        "pulau": "",
        "route_create": "https://opsroom.sipongidata.my.id/daops/laporan/groundcheck/create/form",
        "hotspot_date": "2026-09-16",
        "distance_hgu_km": 2.739,
        "zone": "1–3 km",
        "location_status": "OUTSIDE HGU"
      }
    },
    {
      "type": "Feature",
      "geometry": {
        "type": "Point",
        "coordinates": [
          115.16441,
          -2.74182
        ]
      },
      "properties": {
        "confidence": "medium",
        "confidence_value": null,
        "sumber": "NASA-NOAA20",
        "date_hotspot": "Rabu, 16 September 2026 12:01:00",
        "date_hotspot_ori": "2026-09-16T05:01:00.000000Z",
        "provinsi": null,
        "kabkota": "Hulu Sungai Selatan",
        "desa": "Pantai Ulin",
        "hs_id": "2026-09-16T05:01:00.000000Z",
        "provinsi_id": 12,
        "long": 115.16441,
        "ori_sumber": null,
        "desa_id": null,
        "counter": 2,
        "confidence_level": "medium",
        "kawasan": "",
        "kecamatan": "Simpur",
        "nama_provinsi": "Kalimantan Selatan",
        "pulau": "",
        "route_create": "https://opsroom.sipongidata.my.id/daops/laporan/groundcheck/create/form",
        "hotspot_date": "2026-09-16",
        "distance_hgu_km": 0.0,
        "zone": "Inside HGU",
        "location_status": "INSIDE HGU"
      }
    },
    {
      "type": "Feature",
      "geometry": {
        "type": "Point",
        "coordinates": [
          115.17397,
          -2.72689
        ]
      },
      "properties": {
        "confidence": "medium",
        "confidence_value": null,
        "sumber": "NASA-NOAA20",
        "date_hotspot": "Rabu, 16 September 2026 12:01:00",
        "date_hotspot_ori": "2026-09-16T05:01:00.000000Z",
        "provinsi": null,
        "kabkota": "Hulu Sungai Selatan",
        "desa": "Pantai Ulin",
        "hs_id": "2026-09-16T05:01:00.000000Z",
        "provinsi_id": 12,
        "long": 115.17397,
        "ori_sumber": null,
        "desa_id": null,
        "counter": 2,
        "confidence_level": "medium",
        "kawasan": "",
        "kecamatan": "Simpur",
        "nama_provinsi": "Kalimantan Selatan",
        "pulau": "",
        "route_create": "https://opsroom.sipongidata.my.id/daops/laporan/groundcheck/create/form",
        "hotspot_date": "2026-09-16",
        "distance_hgu_km": 0.0,
        "zone": "Inside HGU",
        "location_status": "INSIDE HGU"
      }
    },
    {
      "type": "Feature",
      "geometry": {
        "type": "Point",
        "coordinates": [
          115.15771,
          -2.69542
        ]
      },
      "properties": {
        "confidence": "medium",
        "confidence_value": null,
        "sumber": "NASA-NOAA20",
        "date_hotspot": "Rabu, 16 September 2026 12:01:00",
        "date_hotspot_ori": "2026-09-16T05:01:00.000000Z",
        "provinsi": null,
        "kabkota": "Hulu Sungai Selatan",
        "desa": "Muning Baru",
        "hs_id": "2026-09-16T05:01:00.000000Z",
        "provinsi_id": 12,
        "long": 115.15771,
        "ori_sumber": null,
        "desa_id": null,
        "counter": 4,
        "confidence_level": "medium",
        "kawasan": "",
        "kecamatan": "Daha Selatan",
        "nama_provinsi": "Kalimantan Selatan",
        "pulau": "",
        "route_create": "https://opsroom.sipongidata.my.id/daops/laporan/groundcheck/create/form",
        "hotspot_date": "2026-09-16",
        "distance_hgu_km": 3.643,
        "zone": "3–5 km",
        "location_status": "OUTSIDE HGU"
      }
    },
    {
      "type": "Feature",
      "geometry": {
        "type": "Point",
        "coordinates": [
          115.14678,
          -2.68793
        ]
      },
      "properties": {
        "confidence": "medium",
        "confidence_value": null,
        "sumber": "NASA-SNPP",
        "date_hotspot": "Selasa, 22 September 2026 13:10:00",
        "date_hotspot_ori": "2026-09-22T06:10:00.000000Z",
        "provinsi": null,
        "kabkota": "Hulu Sungai Selatan",
        "desa": "Muning Baru",
        "hs_id": "2026-09-22T06:10:00.000000Z",
        "provinsi_id": 12,
        "long": 115.14678,
        "ori_sumber": null,
        "desa_id": null,
        "counter": 1,
        "confidence_level": "medium",
        "kawasan": "",
        "kecamatan": "Daha Selatan",
        "nama_provinsi": "Kalimantan Selatan",
        "pulau": "",
        "route_create": "https://opsroom.sipongidata.my.id/daops/laporan/groundcheck/create/form",
        "hotspot_date": "2026-09-22",
        "distance_hgu_km": 4.204,
        "zone": "3–5 km",
        "location_status": "OUTSIDE HGU"
      }
    },
    {
      "type": "Feature",
      "geometry": {
        "type": "Point",
        "coordinates": [
          115.10105,
          -2.69506
        ]
      },
      "properties": {
        "confidence": "medium",
        "confidence_value": null,
        "sumber": "NASA-SNPP",
        "date_hotspot": "Selasa, 22 September 2026 13:10:00",
        "date_hotspot_ori": "2026-09-22T06:10:00.000000Z",
        "provinsi": null,
        "kabkota": "Hulu Sungai Selatan",
        "desa": "Muning Tengah",
        "hs_id": "2026-09-22T06:10:00.000000Z",
        "provinsi_id": 12,
        "long": 115.10105,
        "ori_sumber": null,
        "desa_id": null,
        "counter": 1,
        "confidence_level": "medium",
        "kawasan": "",
        "kecamatan": "Daha Selatan",
        "nama_provinsi": "Kalimantan Selatan",
        "pulau": "",
        "route_create": "https://opsroom.sipongidata.my.id/daops/laporan/groundcheck/create/form",
        "hotspot_date": "2026-09-22",
        "distance_hgu_km": 4.769,
        "zone": "3–5 km",
        "location_status": "OUTSIDE HGU"
      }
    },
    {
      "type": "Feature",
      "geometry": {
        "type": "Point",
        "coordinates": [
          115.13986,
          -2.72611
        ]
      },
      "properties": {
        "confidence": "medium",
        "confidence_value": null,
        "sumber": "NASA-SNPP",
        "date_hotspot": "Selasa, 22 September 2026 13:10:00",
        "date_hotspot_ori": "2026-09-22T06:10:00.000000Z",
        "provinsi": null,
        "kabkota": "Hulu Sungai Selatan",
        "desa": "Garunggang",
        "hs_id": "2026-09-22T06:10:00.000000Z",
        "provinsi_id": 12,
        "long": 115.13986,
        "ori_sumber": null,
        "desa_id": null,
        "counter": 1,
        "confidence_level": "medium",
        "kawasan": "",
        "kecamatan": "Simpur",
        "nama_provinsi": "Kalimantan Selatan",
        "pulau": "",
        "route_create": "https://opsroom.sipongidata.my.id/daops/laporan/groundcheck/create/form",
        "hotspot_date": "2026-09-22",
        "distance_hgu_km": 0.313,
        "zone": "0–1 km",
        "location_status": "OUTSIDE HGU"
      }
    },
    {
      "type": "Feature",
      "geometry": {
        "type": "Point",
        "coordinates": [
          115.17762,
          -2.69463
        ]
      },
      "properties": {
        "confidence": "medium",
        "confidence_value": null,
        "sumber": "NASA-SNPP",
        "date_hotspot": "Jumat, 02 Oktober 2026 13:25:00",
        "date_hotspot_ori": "2026-10-02T06:25:00.000000Z",
        "provinsi": null,
        "kabkota": "Hulu Sungai Selatan",
        "desa": "Bangkau",
        "hs_id": "2026-10-02T06:25:00.000000Z",
        "provinsi_id": 12,
        "long": 115.17762,
        "ori_sumber": null,
        "desa_id": null,
        "counter": 1,
        "confidence_level": "medium",
        "kawasan": "",
        "kecamatan": "Kandangan",
        "nama_provinsi": "Kalimantan Selatan",
        "pulau": "",
        "route_create": "https://opsroom.sipongidata.my.id/daops/laporan/groundcheck/create/form",
        "hotspot_date": "2026-10-02",
        "distance_hgu_km": 2.986,
        "zone": "1–3 km",
        "location_status": "OUTSIDE HGU"
      }
    },
    {
      "type": "Feature",
      "geometry": {
        "type": "Point",
        "coordinates": [
          115.10206,
          -2.87511
        ]
      },
      "properties": {
        "confidence": "medium",
        "confidence_value": null,
        "sumber": "NASA-NOAA20",
        "date_hotspot": "Jumat, 11 September 2026 13:35:00",
        "date_hotspot_ori": "2026-09-11T06:35:00.000000Z",
        "provinsi": null,
        "kabkota": "Tapin",
        "desa": "Masta",
        "hs_id": "2026-09-11T06:35:00.000000Z",
        "provinsi_id": 12,
        "long": 115.10206,
        "ori_sumber": null,
        "desa_id": null,
        "counter": 1,
        "confidence_level": "medium",
        "kawasan": "",
        "kecamatan": "Bakarangan",
        "nama_provinsi": "Kalimantan Selatan",
        "pulau": "",
        "route_create": "https://opsroom.sipongidata.my.id/daops/laporan/groundcheck/create/form",
        "hotspot_date": "2026-09-11",
        "distance_hgu_km": 4.318,
        "zone": "3–5 km",
        "location_status": "OUTSIDE HGU"
      }
    },
    {
      "type": "Feature",
      "geometry": {
        "type": "Point",
        "coordinates": [
          115.1177,
          -2.82221
        ]
      },
      "properties": {
        "confidence": "medium",
        "confidence_value": null,
        "sumber": "NASA-NOAA20",
        "date_hotspot": "Jumat, 11 September 2026 13:35:00",
        "date_hotspot_ori": "2026-09-11T06:35:00.000000Z",
        "provinsi": null,
        "kabkota": "Hulu Sungai Selatan",
        "desa": "Balimau",
        "hs_id": "2026-09-11T06:35:00.000000Z",
        "provinsi_id": 12,
        "long": 115.1177,
        "ori_sumber": null,
        "desa_id": null,
        "counter": 1,
        "confidence_level": "medium",
        "kawasan": "",
        "kecamatan": "Kalumpang",
        "nama_provinsi": "Kalimantan Selatan",
        "pulau": "",
        "route_create": "https://opsroom.sipongidata.my.id/daops/laporan/groundcheck/create/form",
        "hotspot_date": "2026-09-11",
        "distance_hgu_km": 0.495,
        "zone": "0–1 km",
        "location_status": "OUTSIDE HGU"
      }
    },
    {
      "type": "Feature",
      "geometry": {
        "type": "Point",
        "coordinates": [
          115.13707,
          -2.71798
        ]
      },
      "properties": {
        "confidence": "medium",
        "confidence_value": null,
        "sumber": "NASA-NOAA20",
        "date_hotspot": "Jumat, 11 September 2026 13:35:00",
        "date_hotspot_ori": "2026-09-11T06:35:00.000000Z",
        "provinsi": null,
        "kabkota": "Hulu Sungai Selatan",
        "desa": "Amparaya",
        "hs_id": "2026-09-11T06:35:00.000000Z",
        "provinsi_id": 12,
        "long": 115.13707,
        "ori_sumber": null,
        "desa_id": null,
        "counter": 1,
        "confidence_level": "medium",
        "kawasan": "",
        "kecamatan": "Simpur",
        "nama_provinsi": "Kalimantan Selatan",
        "pulau": "",
        "route_create": "https://opsroom.sipongidata.my.id/daops/laporan/groundcheck/create/form",
        "hotspot_date": "2026-09-11",
        "distance_hgu_km": 0.735,
        "zone": "0–1 km",
        "location_status": "OUTSIDE HGU"
      }
    },
    {
      "type": "Feature",
      "geometry": {
        "type": "Point",
        "coordinates": [
          115.06795,
          -2.76217
        ]
      },
      "properties": {
        "confidence": "medium",
        "confidence_value": null,
        "sumber": "NASA-NOAA20",
        "date_hotspot": "Jumat, 18 September 2026 13:03:00",
        "date_hotspot_ori": "2026-09-18T06:03:00.000000Z",
        "provinsi": null,
        "kabkota": "Hulu Sungai Selatan",
        "desa": "Muning Dalam",
        "hs_id": "2026-09-18T06:03:00.000000Z",
        "provinsi_id": 12,
        "long": 115.06795,
        "ori_sumber": null,
        "desa_id": null,
        "counter": 1,
        "confidence_level": "medium",
        "kawasan": "",
        "kecamatan": "Daha Selatan",
        "nama_provinsi": "Kalimantan Selatan",
        "pulau": "",
        "route_create": "https://opsroom.sipongidata.my.id/daops/laporan/groundcheck/create/form",
        "hotspot_date": "2026-09-18",
        "distance_hgu_km": 1.218,
        "zone": "1–3 km",
        "location_status": "OUTSIDE HGU"
      }
    },
    {
      "type": "Feature",
      "geometry": {
        "type": "Point",
        "coordinates": [
          115.06817,
          -2.76279
        ]
      },
      "properties": {
        "confidence": "medium",
        "confidence_value": null,
        "sumber": "NASA-NOAA20",
        "date_hotspot": "Jumat, 18 September 2026 13:03:00",
        "date_hotspot_ori": "2026-09-18T06:03:00.000000Z",
        "provinsi": null,
        "kabkota": "Hulu Sungai Selatan",
        "desa": "Muning Dalam",
        "hs_id": "2026-09-18T06:03:00.000000Z",
        "provinsi_id": 12,
        "long": 115.06817,
        "ori_sumber": null,
        "desa_id": null,
        "counter": 1,
        "confidence_level": "medium",
        "kawasan": "",
        "kecamatan": "Daha Selatan",
        "nama_provinsi": "Kalimantan Selatan",
        "pulau": "",
        "route_create": "https://opsroom.sipongidata.my.id/daops/laporan/groundcheck/create/form",
        "hotspot_date": "2026-09-18",
        "distance_hgu_km": 1.149,
        "zone": "1–3 km",
        "location_status": "OUTSIDE HGU"
      }
    },
    {
      "type": "Feature",
      "geometry": {
        "type": "Point",
        "coordinates": [
          115.15483,
          -2.68906
        ]
      },
      "properties": {
        "confidence": "medium",
        "confidence_value": null,
        "sumber": "NASA-NOAA20",
        "date_hotspot": "Senin, 07 September 2026 00:32:00",
        "date_hotspot_ori": "2026-09-06T17:32:00.000000Z",
        "provinsi": null,
        "kabkota": "Hulu Sungai Selatan",
        "desa": "Muning Baru",
        "hs_id": "2026-09-06T17:32:00.000000Z",
        "provinsi_id": 12,
        "long": 115.15483,
        "ori_sumber": null,
        "desa_id": null,
        "counter": 1,
        "confidence_level": "medium",
        "kawasan": "",
        "kecamatan": "Daha Selatan",
        "nama_provinsi": "Kalimantan Selatan",
        "pulau": "",
        "route_create": "https://opsroom.sipongidata.my.id/daops/laporan/groundcheck/create/form",
        "hotspot_date": "2026-09-07",
        "distance_hgu_km": 4.413,
        "zone": "3–5 km",
        "location_status": "OUTSIDE HGU"
      }
    },
    {
      "type": "Feature",
      "geometry": {
        "type": "Point",
        "coordinates": [
          115.1648,
          -2.68674
        ]
      },
      "properties": {
        "confidence": "medium",
        "confidence_value": null,
        "sumber": "NASA-NOAA20",
        "date_hotspot": "Senin, 07 September 2026 00:32:00",
        "date_hotspot_ori": "2026-09-06T17:32:00.000000Z",
        "provinsi": null,
        "kabkota": "Hulu Sungai Selatan",
        "desa": "Muning Baru",
        "hs_id": "2026-09-06T17:32:00.000000Z",
        "provinsi_id": 12,
        "long": 115.1648,
        "ori_sumber": null,
        "desa_id": null,
        "counter": 1,
        "confidence_level": "medium",
        "kawasan": "",
        "kecamatan": "Daha Selatan",
        "nama_provinsi": "Kalimantan Selatan",
        "pulau": "",
        "route_create": "https://opsroom.sipongidata.my.id/daops/laporan/groundcheck/create/form",
        "hotspot_date": "2026-09-07",
        "distance_hgu_km": 4.279,
        "zone": "3–5 km",
        "location_status": "OUTSIDE HGU"
      }
    },
    {
      "type": "Feature",
      "geometry": {
        "type": "Point",
        "coordinates": [
          115.08303,
          -2.85788
        ]
      },
      "properties": {
        "confidence": "medium",
        "confidence_value": null,
        "sumber": "NASA-SNPP",
        "date_hotspot": "Minggu, 06 September 2026 13:10:00",
        "date_hotspot_ori": "2026-09-06T06:10:00.000000Z",
        "provinsi": null,
        "kabkota": "Tapin",
        "desa": "Masta",
        "hs_id": "2026-09-06T06:10:00.000000Z",
        "provinsi_id": 12,
        "long": 115.08303,
        "ori_sumber": null,
        "desa_id": null,
        "counter": 1,
        "confidence_level": "medium",
        "kawasan": "",
        "kecamatan": "Bakarangan",
        "nama_provinsi": "Kalimantan Selatan",
        "pulau": "",
        "route_create": "https://opsroom.sipongidata.my.id/daops/laporan/groundcheck/create/form",
        "hotspot_date": "2026-09-06",
        "distance_hgu_km": 2.085,
        "zone": "1–3 km",
        "location_status": "OUTSIDE HGU"
      }
    },
    {
      "type": "Feature",
      "geometry": {
        "type": "Point",
        "coordinates": [
          115.08683,
          -2.85754
        ]
      },
      "properties": {
        "confidence": "medium",
        "confidence_value": null,
        "sumber": "NASA-SNPP",
        "date_hotspot": "Minggu, 06 September 2026 13:10:00",
        "date_hotspot_ori": "2026-09-06T06:10:00.000000Z",
        "provinsi": null,
        "kabkota": "Tapin",
        "desa": "Masta",
        "hs_id": "2026-09-06T06:10:00.000000Z",
        "provinsi_id": 12,
        "long": 115.08683,
        "ori_sumber": null,
        "desa_id": null,
        "counter": 1,
        "confidence_level": "medium",
        "kawasan": "",
        "kecamatan": "Bakarangan",
        "nama_provinsi": "Kalimantan Selatan",
        "pulau": "",
        "route_create": "https://opsroom.sipongidata.my.id/daops/laporan/groundcheck/create/form",
        "hotspot_date": "2026-09-06",
        "distance_hgu_km": 2.042,
        "zone": "1–3 km",
        "location_status": "OUTSIDE HGU"
      }
    },
    {
      "type": "Feature",
      "geometry": {
        "type": "Point",
        "coordinates": [
          115.08266,
          -2.85821
        ]
      },
      "properties": {
        "confidence": "medium",
        "confidence_value": null,
        "sumber": "NASA-SNPP",
        "date_hotspot": "Minggu, 06 September 2026 13:10:00",
        "date_hotspot_ori": "2026-09-06T06:10:00.000000Z",
        "provinsi": null,
        "kabkota": "Tapin",
        "desa": "Masta",
        "hs_id": "2026-09-06T06:10:00.000000Z",
        "provinsi_id": 12,
        "long": 115.08266,
        "ori_sumber": null,
        "desa_id": null,
        "counter": 1,
        "confidence_level": "medium",
        "kawasan": "",
        "kecamatan": "Bakarangan",
        "nama_provinsi": "Kalimantan Selatan",
        "pulau": "",
        "route_create": "https://opsroom.sipongidata.my.id/daops/laporan/groundcheck/create/form",
        "hotspot_date": "2026-09-06",
        "distance_hgu_km": 2.126,
        "zone": "1–3 km",
        "location_status": "OUTSIDE HGU"
      }
    },
    {
      "type": "Feature",
      "geometry": {
        "type": "Point",
        "coordinates": [
          115.06499,
          -2.82357
        ]
      },
      "properties": {
        "confidence": "medium",
        "confidence_value": null,
        "sumber": "NASA-SNPP",
        "date_hotspot": "Minggu, 06 September 2026 13:10:00",
        "date_hotspot_ori": "2026-09-06T06:10:00.000000Z",
        "provinsi": null,
        "kabkota": "Tapin",
        "desa": "Sungai Rutas",
        "hs_id": "2026-09-06T06:10:00.000000Z",
        "provinsi_id": 12,
        "long": 115.06499,
        "ori_sumber": null,
        "desa_id": null,
        "counter": 2,
        "confidence_level": "medium",
        "kawasan": "",
        "kecamatan": "Candi Laras Selatan",
        "nama_provinsi": "Kalimantan Selatan",
        "pulau": "",
        "route_create": "https://opsroom.sipongidata.my.id/daops/laporan/groundcheck/create/form",
        "hotspot_date": "2026-09-06",
        "distance_hgu_km": 1.103,
        "zone": "1–3 km",
        "location_status": "OUTSIDE HGU"
      }
    },
    {
      "type": "Feature",
      "geometry": {
        "type": "Point",
        "coordinates": [
          115.19979,
          -2.78023
        ]
      },
      "properties": {
        "confidence": "medium",
        "confidence_value": null,
        "sumber": "NASA-SNPP",
        "date_hotspot": "Minggu, 06 September 2026 13:10:00",
        "date_hotspot_ori": "2026-09-06T06:10:00.000000Z",
        "provinsi": null,
        "kabkota": "Hulu Sungai Selatan",
        "desa": "Pantai Ulin",
        "hs_id": "2026-09-06T06:10:00.000000Z",
        "provinsi_id": 12,
        "long": 115.19979,
        "ori_sumber": null,
        "desa_id": null,
        "counter": 1,
        "confidence_level": "medium",
        "kawasan": "",
        "kecamatan": "Simpur",
        "nama_provinsi": "Kalimantan Selatan",
        "pulau": "",
        "route_create": "https://opsroom.sipongidata.my.id/daops/laporan/groundcheck/create/form",
        "hotspot_date": "2026-09-06",
        "distance_hgu_km": 1.579,
        "zone": "1–3 km",
        "location_status": "OUTSIDE HGU"
      }
    },
    {
      "type": "Feature",
      "geometry": {
        "type": "Point",
        "coordinates": [
          115.21592,
          -2.70686
        ]
      },
      "properties": {
        "confidence": "medium",
        "confidence_value": null,
        "sumber": "NASA-SNPP",
        "date_hotspot": "Minggu, 06 September 2026 13:10:00",
        "date_hotspot_ori": "2026-09-06T06:10:00.000000Z",
        "provinsi": null,
        "kabkota": "Hulu Sungai Selatan",
        "desa": "Sungai Kupang",
        "hs_id": "2026-09-06T06:10:00.000000Z",
        "provinsi_id": 12,
        "long": 115.21592,
        "ori_sumber": null,
        "desa_id": null,
        "counter": 1,
        "confidence_level": "medium",
        "kawasan": "",
        "kecamatan": "Kandangan",
        "nama_provinsi": "Kalimantan Selatan",
        "pulau": "",
        "route_create": "https://opsroom.sipongidata.my.id/daops/laporan/groundcheck/create/form",
        "hotspot_date": "2026-09-06",
        "distance_hgu_km": 3.342,
        "zone": "3–5 km",
        "location_status": "OUTSIDE HGU"
      }
    },
    {
      "type": "Feature",
      "geometry": {
        "type": "Point",
        "coordinates": [
          115.08498,
          -2.72336
        ]
      },
      "properties": {
        "confidence": "medium",
        "confidence_value": null,
        "sumber": "NASA-SNPP",
        "date_hotspot": "Minggu, 06 September 2026 13:10:00",
        "date_hotspot_ori": "2026-09-06T06:10:00.000000Z",
        "provinsi": null,
        "kabkota": "Hulu Sungai Selatan",
        "desa": "Muning Dalam",
        "hs_id": "2026-09-06T06:10:00.000000Z",
        "provinsi_id": 12,
        "long": 115.08498,
        "ori_sumber": null,
        "desa_id": null,
        "counter": 1,
        "confidence_level": "medium",
        "kawasan": "",
        "kecamatan": "Daha Selatan",
        "nama_provinsi": "Kalimantan Selatan",
        "pulau": "",
        "route_create": "https://opsroom.sipongidata.my.id/daops/laporan/groundcheck/create/form",
        "hotspot_date": "2026-09-06",
        "distance_hgu_km": 3.562,
        "zone": "3–5 km",
        "location_status": "OUTSIDE HGU"
      }
    },
    {
      "type": "Feature",
      "geometry": {
        "type": "Point",
        "coordinates": [
          115.14674,
          -2.74446
        ]
      },
      "properties": {
        "confidence": "medium",
        "confidence_value": null,
        "sumber": "NASA-NOAA20",
        "date_hotspot": "Minggu, 06 September 2026 13:29:00",
        "date_hotspot_ori": "2026-09-06T06:29:00.000000Z",
        "provinsi": null,
        "kabkota": "Hulu Sungai Selatan",
        "desa": "Garunggang",
        "hs_id": "2026-09-06T06:29:00.000000Z",
        "provinsi_id": 12,
        "long": 115.14674,
        "ori_sumber": null,
        "desa_id": null,
        "counter": 1,
        "confidence_level": "medium",
        "kawasan": "",
        "kecamatan": "Simpur",
        "nama_provinsi": "Kalimantan Selatan",
        "pulau": "",
        "route_create": "https://opsroom.sipongidata.my.id/daops/laporan/groundcheck/create/form",
        "hotspot_date": "2026-09-06",
        "distance_hgu_km": 0.0,
        "zone": "Inside HGU",
        "location_status": "INSIDE HGU"
      }
    },
    {
      "type": "Feature",
      "geometry": {
        "type": "Point",
        "coordinates": [
          115.15041,
          -2.74386
        ]
      },
      "properties": {
        "confidence": "medium",
        "confidence_value": null,
        "sumber": "NASA-NOAA20",
        "date_hotspot": "Minggu, 06 September 2026 13:29:00",
        "date_hotspot_ori": "2026-09-06T06:29:00.000000Z",
        "provinsi": null,
        "kabkota": "Hulu Sungai Selatan",
        "desa": "Garunggang",
        "hs_id": "2026-09-06T06:29:00.000000Z",
        "provinsi_id": 12,
        "long": 115.15041,
        "ori_sumber": null,
        "desa_id": null,
        "counter": 2,
        "confidence_level": "medium",
        "kawasan": "",
        "kecamatan": "Simpur",
        "nama_provinsi": "Kalimantan Selatan",
        "pulau": "",
        "route_create": "https://opsroom.sipongidata.my.id/daops/laporan/groundcheck/create/form",
        "hotspot_date": "2026-09-06",
        "distance_hgu_km": 0.0,
        "zone": "Inside HGU",
        "location_status": "INSIDE HGU"
      }
    },
    {
      "type": "Feature",
      "geometry": {
        "type": "Point",
        "coordinates": [
          115.14204,
          -2.74082
        ]
      },
      "properties": {
        "confidence": "medium",
        "confidence_value": null,
        "sumber": "NASA-SNPP",
        "date_hotspot": "Minggu, 06 September 2026 13:10:00",
        "date_hotspot_ori": "2026-09-06T06:10:00.000000Z",
        "provinsi": null,
        "kabkota": "Hulu Sungai Selatan",
        "desa": "Garunggang",
        "hs_id": "2026-09-06T06:10:00.000000Z",
        "provinsi_id": 12,
        "long": 115.14204,
        "ori_sumber": null,
        "desa_id": null,
        "counter": 1,
        "confidence_level": "medium",
        "kawasan": "",
        "kecamatan": "Simpur",
        "nama_provinsi": "Kalimantan Selatan",
        "pulau": "",
        "route_create": "https://opsroom.sipongidata.my.id/daops/laporan/groundcheck/create/form",
        "hotspot_date": "2026-09-06",
        "distance_hgu_km": 0.0,
        "zone": "Inside HGU",
        "location_status": "INSIDE HGU"
      }
    },
    {
      "type": "Feature",
      "geometry": {
        "type": "Point",
        "coordinates": [
          115.10636,
          -2.84316
        ]
      },
      "properties": {
        "confidence": "medium",
        "confidence_value": null,
        "sumber": "NASA-SNPP",
        "date_hotspot": "Minggu, 06 September 2026 13:10:00",
        "date_hotspot_ori": "2026-09-06T06:10:00.000000Z",
        "provinsi": null,
        "kabkota": "Tapin",
        "desa": "Masta",
        "hs_id": "2026-09-06T06:10:00.000000Z",
        "provinsi_id": 12,
        "long": 115.10636,
        "ori_sumber": null,
        "desa_id": null,
        "counter": 1,
        "confidence_level": "medium",
        "kawasan": "",
        "kecamatan": "Bakarangan",
        "nama_provinsi": "Kalimantan Selatan",
        "pulau": "",
        "route_create": "https://opsroom.sipongidata.my.id/daops/laporan/groundcheck/create/form",
        "hotspot_date": "2026-09-06",
        "distance_hgu_km": 0.753,
        "zone": "0–1 km",
        "location_status": "OUTSIDE HGU"
      }
    },
    {
      "type": "Feature",
      "geometry": {
        "type": "Point",
        "coordinates": [
          115.09497,
          -2.85234
        ]
      },
      "properties": {
        "confidence": "medium",
        "confidence_value": null,
        "sumber": "NASA-SNPP",
        "date_hotspot": "Minggu, 06 September 2026 13:10:00",
        "date_hotspot_ori": "2026-09-06T06:10:00.000000Z",
        "provinsi": null,
        "kabkota": "Tapin",
        "desa": "Masta",
        "hs_id": "2026-09-06T06:10:00.000000Z",
        "provinsi_id": 12,
        "long": 115.09497,
        "ori_sumber": null,
        "desa_id": null,
        "counter": 1,
        "confidence_level": "medium",
        "kawasan": "",
        "kecamatan": "Bakarangan",
        "nama_provinsi": "Kalimantan Selatan",
        "pulau": "",
        "route_create": "https://opsroom.sipongidata.my.id/daops/laporan/groundcheck/create/form",
        "hotspot_date": "2026-09-06",
        "distance_hgu_km": 1.819,
        "zone": "1–3 km",
        "location_status": "OUTSIDE HGU"
      }
    },
    {
      "type": "Feature",
      "geometry": {
        "type": "Point",
        "coordinates": [
          115.09946,
          -2.83131
        ]
      },
      "properties": {
        "confidence": "medium",
        "confidence_value": null,
        "sumber": "NASA-NOAA20",
        "date_hotspot": "Sabtu, 19 September 2026 12:46:00",
        "date_hotspot_ori": "2026-09-19T05:46:00.000000Z",
        "provinsi": null,
        "kabkota": "Hulu Sungai Selatan",
        "desa": "Balimau",
        "hs_id": "2026-09-19T05:46:00.000000Z",
        "provinsi_id": 12,
        "long": 115.09946,
        "ori_sumber": null,
        "desa_id": null,
        "counter": 1,
        "confidence_level": "medium",
        "kawasan": "",
        "kecamatan": "Kalumpang",
        "nama_provinsi": "Kalimantan Selatan",
        "pulau": "",
        "route_create": "https://opsroom.sipongidata.my.id/daops/laporan/groundcheck/create/form",
        "hotspot_date": "2026-09-19",
        "distance_hgu_km": 0.0,
        "zone": "Inside HGU",
        "location_status": "INSIDE HGU"
      }
    },
    {
      "type": "Feature",
      "geometry": {
        "type": "Point",
        "coordinates": [
          115.17111,
          -2.67978
        ]
      },
      "properties": {
        "confidence": "medium",
        "confidence_value": null,
        "sumber": "NASA-SNPP",
        "date_hotspot": "Senin, 28 September 2026 12:57:00",
        "date_hotspot_ori": "2026-09-28T05:57:00.000000Z",
        "provinsi": null,
        "kabkota": "Hulu Sungai Selatan",
        "desa": "Muning Baru",
        "hs_id": "2026-09-28T05:57:00.000000Z",
        "provinsi_id": 12,
        "long": 115.17111,
        "ori_sumber": null,
        "desa_id": null,
        "counter": 1,
        "confidence_level": "medium",
        "kawasan": "",
        "kecamatan": "Daha Selatan",
        "nama_provinsi": "Kalimantan Selatan",
        "pulau": "",
        "route_create": "https://opsroom.sipongidata.my.id/daops/laporan/groundcheck/create/form",
        "hotspot_date": "2026-09-28",
        "distance_hgu_km": 4.773,
        "zone": "3–5 km",
        "location_status": "OUTSIDE HGU"
      }
    },
    {
      "type": "Feature",
      "geometry": {
        "type": "Point",
        "coordinates": [
          115.15488,
          -2.68905
        ]
      },
      "properties": {
        "confidence": "medium",
        "confidence_value": null,
        "sumber": "NASA-SNPP",
        "date_hotspot": "Senin, 28 September 2026 12:57:00",
        "date_hotspot_ori": "2026-09-28T05:57:00.000000Z",
        "provinsi": null,
        "kabkota": "Hulu Sungai Selatan",
        "desa": "Muning Baru",
        "hs_id": "2026-09-28T05:57:00.000000Z",
        "provinsi_id": 12,
        "long": 115.15488,
        "ori_sumber": null,
        "desa_id": null,
        "counter": 1,
        "confidence_level": "medium",
        "kawasan": "",
        "kecamatan": "Daha Selatan",
        "nama_provinsi": "Kalimantan Selatan",
        "pulau": "",
        "route_create": "https://opsroom.sipongidata.my.id/daops/laporan/groundcheck/create/form",
        "hotspot_date": "2026-09-28",
        "distance_hgu_km": 4.413,
        "zone": "3–5 km",
        "location_status": "OUTSIDE HGU"
      }
    },
    {
      "type": "Feature",
      "geometry": {
        "type": "Point",
        "coordinates": [
          115.13271,
          -2.68226
        ]
      },
      "properties": {
        "confidence": "medium",
        "confidence_value": null,
        "sumber": "NASA-SNPP",
        "date_hotspot": "Senin, 28 September 2026 12:57:00",
        "date_hotspot_ori": "2026-09-28T05:57:00.000000Z",
        "provinsi": null,
        "kabkota": "Hulu Sungai Selatan",
        "desa": "Muning Baru",
        "hs_id": "2026-09-28T05:57:00.000000Z",
        "provinsi_id": 12,
        "long": 115.13271,
        "ori_sumber": null,
        "desa_id": null,
        "counter": 1,
        "confidence_level": "medium",
        "kawasan": "",
        "kecamatan": "Daha Selatan",
        "nama_provinsi": "Kalimantan Selatan",
        "pulau": "",
        "route_create": "https://opsroom.sipongidata.my.id/daops/laporan/groundcheck/create/form",
        "hotspot_date": "2026-09-28",
        "distance_hgu_km": 4.556,
        "zone": "3–5 km",
        "location_status": "OUTSIDE HGU"
      }
    },
    {
      "type": "Feature",
      "geometry": {
        "type": "Point",
        "coordinates": [
          115.1757,
          -2.68019
        ]
      },
      "properties": {
        "confidence": "medium",
        "confidence_value": null,
        "sumber": "NASA-NOAA20",
        "date_hotspot": "Senin, 28 September 2026 13:18:00",
        "date_hotspot_ori": "2026-09-28T06:18:00.000000Z",
        "provinsi": null,
        "kabkota": "Hulu Sungai Selatan",
        "desa": "Muning Baru",
        "hs_id": "2026-09-28T06:18:00.000000Z",
        "provinsi_id": 12,
        "long": 115.1757,
        "ori_sumber": null,
        "desa_id": null,
        "counter": 1,
        "confidence_level": "medium",
        "kawasan": "",
        "kecamatan": "Daha Selatan",
        "nama_provinsi": "Kalimantan Selatan",
        "pulau": "",
        "route_create": "https://opsroom.sipongidata.my.id/daops/laporan/groundcheck/create/form",
        "hotspot_date": "2026-09-28",
        "distance_hgu_km": 4.568,
        "zone": "3–5 km",
        "location_status": "OUTSIDE HGU"
      }
    },
    {
      "type": "Feature",
      "geometry": {
        "type": "Point",
        "coordinates": [
          115.17208,
          -2.72012
        ]
      },
      "properties": {
        "confidence": "medium",
        "confidence_value": null,
        "sumber": "NASA-NOAA20",
        "date_hotspot": "Senin, 28 September 2026 13:18:00",
        "date_hotspot_ori": "2026-09-28T06:18:00.000000Z",
        "provinsi": null,
        "kabkota": "Hulu Sungai Selatan",
        "desa": "Pantai Ulin",
        "hs_id": "2026-09-28T06:18:00.000000Z",
        "provinsi_id": 12,
        "long": 115.17208,
        "ori_sumber": null,
        "desa_id": null,
        "counter": 1,
        "confidence_level": "medium",
        "kawasan": "",
        "kecamatan": "Simpur",
        "nama_provinsi": "Kalimantan Selatan",
        "pulau": "",
        "route_create": "https://opsroom.sipongidata.my.id/daops/laporan/groundcheck/create/form",
        "hotspot_date": "2026-09-28",
        "distance_hgu_km": 0.532,
        "zone": "0–1 km",
        "location_status": "OUTSIDE HGU"
      }
    },
    {
      "type": "Feature",
      "geometry": {
        "type": "Point",
        "coordinates": [
          115.11349,
          -2.86506
        ]
      },
      "properties": {
        "confidence": "medium",
        "confidence_value": null,
        "sumber": "NASA-SNPP",
        "date_hotspot": "Selasa, 22 September 2026 13:10:00",
        "date_hotspot_ori": "2026-09-22T06:10:00.000000Z",
        "provinsi": null,
        "kabkota": "Tapin",
        "desa": "Masta",
        "hs_id": "2026-09-22T06:10:00.000000Z",
        "provinsi_id": 12,
        "long": 115.11349,
        "ori_sumber": null,
        "desa_id": null,
        "counter": 1,
        "confidence_level": "medium",
        "kawasan": "",
        "kecamatan": "Bakarangan",
        "nama_provinsi": "Kalimantan Selatan",
        "pulau": "",
        "route_create": "https://opsroom.sipongidata.my.id/daops/laporan/groundcheck/create/form",
        "hotspot_date": "2026-09-22",
        "distance_hgu_km": 3.252,
        "zone": "3–5 km",
        "location_status": "OUTSIDE HGU"
      }
    },
    {
      "type": "Feature",
      "geometry": {
        "type": "Point",
        "coordinates": [
          115.17683,
          -2.75429
        ]
      },
      "properties": {
        "confidence": "medium",
        "confidence_value": null,
        "sumber": "NASA-NOAA20",
        "date_hotspot": "Selasa, 22 September 2026 13:29:00",
        "date_hotspot_ori": "2026-09-22T06:29:00.000000Z",
        "provinsi": null,
        "kabkota": "Hulu Sungai Selatan",
        "desa": "Pantai Ulin",
        "hs_id": "2026-09-22T06:29:00.000000Z",
        "provinsi_id": 12,
        "long": 115.17683,
        "ori_sumber": null,
        "desa_id": null,
        "counter": 1,
        "confidence_level": "medium",
        "kawasan": "",
        "kecamatan": "Simpur",
        "nama_provinsi": "Kalimantan Selatan",
        "pulau": "",
        "route_create": "https://opsroom.sipongidata.my.id/daops/laporan/groundcheck/create/form",
        "hotspot_date": "2026-09-22",
        "distance_hgu_km": 0.0,
        "zone": "Inside HGU",
        "location_status": "INSIDE HGU"
      }
    },
    {
      "type": "Feature",
      "geometry": {
        "type": "Point",
        "coordinates": [
          115.12963,
          -2.87463
        ]
      },
      "properties": {
        "confidence": "medium",
        "confidence_value": null,
        "sumber": "NASA-NOAA20",
        "date_hotspot": "Selasa, 22 September 2026 13:29:00",
        "date_hotspot_ori": "2026-09-22T06:29:00.000000Z",
        "provinsi": null,
        "kabkota": "Tapin",
        "desa": "Bundung",
        "hs_id": "2026-09-22T06:29:00.000000Z",
        "provinsi_id": 12,
        "long": 115.12963,
        "ori_sumber": null,
        "desa_id": null,
        "counter": 1,
        "confidence_level": "medium",
        "kawasan": "",
        "kecamatan": "Bakarangan",
        "nama_provinsi": "Kalimantan Selatan",
        "pulau": "",
        "route_create": "https://opsroom.sipongidata.my.id/daops/laporan/groundcheck/create/form",
        "hotspot_date": "2026-09-22",
        "distance_hgu_km": 4.92,
        "zone": "3–5 km",
        "location_status": "OUTSIDE HGU"
      }
    },
    {
      "type": "Feature",
      "geometry": {
        "type": "Point",
        "coordinates": [
          115.14804,
          -2.69068
        ]
      },
      "properties": {
        "confidence": "medium",
        "confidence_value": null,
        "sumber": "NASA-NOAA20",
        "date_hotspot": "Selasa, 22 September 2026 13:29:00",
        "date_hotspot_ori": "2026-09-22T06:29:00.000000Z",
        "provinsi": null,
        "kabkota": "Hulu Sungai Selatan",
        "desa": "Muning Baru",
        "hs_id": "2026-09-22T06:29:00.000000Z",
        "provinsi_id": 12,
        "long": 115.14804,
        "ori_sumber": null,
        "desa_id": null,
        "counter": 1,
        "confidence_level": "medium",
        "kawasan": "",
        "kecamatan": "Daha Selatan",
        "nama_provinsi": "Kalimantan Selatan",
        "pulau": "",
        "route_create": "https://opsroom.sipongidata.my.id/daops/laporan/groundcheck/create/form",
        "hotspot_date": "2026-09-22",
        "distance_hgu_km": 3.977,
        "zone": "3–5 km",
        "location_status": "OUTSIDE HGU"
      }
    },
    {
      "type": "Feature",
      "geometry": {
        "type": "Point",
        "coordinates": [
          115.19016,
          -2.69514
        ]
      },
      "properties": {
        "confidence": "medium",
        "confidence_value": null,
        "sumber": "NASA-NOAA20",
        "date_hotspot": "Selasa, 22 September 2026 13:29:00",
        "date_hotspot_ori": "2026-09-22T06:29:00.000000Z",
        "provinsi": null,
        "kabkota": "Hulu Sungai Selatan",
        "desa": "Bangkau",
        "hs_id": "2026-09-22T06:29:00.000000Z",
        "provinsi_id": 12,
        "long": 115.19016,
        "ori_sumber": null,
        "desa_id": null,
        "counter": 1,
        "confidence_level": "medium",
        "kawasan": "",
        "kecamatan": "Kandangan",
        "nama_provinsi": "Kalimantan Selatan",
        "pulau": "",
        "route_create": "https://opsroom.sipongidata.my.id/daops/laporan/groundcheck/create/form",
        "hotspot_date": "2026-09-22",
        "distance_hgu_km": 2.692,
        "zone": "1–3 km",
        "location_status": "OUTSIDE HGU"
      }
    },
    {
      "type": "Feature",
      "geometry": {
        "type": "Point",
        "coordinates": [
          115.15734,
          -2.81687
        ]
      },
      "properties": {
        "confidence": "medium",
        "confidence_value": null,
        "sumber": "NASA-SNPP",
        "date_hotspot": "Selasa, 22 September 2026 13:10:00",
        "date_hotspot_ori": "2026-09-22T06:10:00.000000Z",
        "provinsi": null,
        "kabkota": "Hulu Sungai Selatan",
        "desa": "Balanti",
        "hs_id": "2026-09-22T06:10:00.000000Z",
        "provinsi_id": 12,
        "long": 115.15734,
        "ori_sumber": null,
        "desa_id": null,
        "counter": 1,
        "confidence_level": "medium",
        "kawasan": "",
        "kecamatan": "Kalumpang",
        "nama_provinsi": "Kalimantan Selatan",
        "pulau": "",
        "route_create": "https://opsroom.sipongidata.my.id/daops/laporan/groundcheck/create/form",
        "hotspot_date": "2026-09-22",
        "distance_hgu_km": 1.707,
        "zone": "1–3 km",
        "location_status": "OUTSIDE HGU"
      }
    },
    {
      "type": "Feature",
      "geometry": {
        "type": "Point",
        "coordinates": [
          115.13622,
          -2.68695
        ]
      },
      "properties": {
        "confidence": "medium",
        "confidence_value": null,
        "sumber": "NASA-NOAA20",
        "date_hotspot": "Selasa, 22 September 2026 13:29:00",
        "date_hotspot_ori": "2026-09-22T06:29:00.000000Z",
        "provinsi": null,
        "kabkota": "Hulu Sungai Selatan",
        "desa": "Muning Baru",
        "hs_id": "2026-09-22T06:29:00.000000Z",
        "provinsi_id": 12,
        "long": 115.13622,
        "ori_sumber": null,
        "desa_id": null,
        "counter": 1,
        "confidence_level": "medium",
        "kawasan": "",
        "kecamatan": "Daha Selatan",
        "nama_provinsi": "Kalimantan Selatan",
        "pulau": "",
        "route_create": "https://opsroom.sipongidata.my.id/daops/laporan/groundcheck/create/form",
        "hotspot_date": "2026-09-22",
        "distance_hgu_km": 4.05,
        "zone": "3–5 km",
        "location_status": "OUTSIDE HGU"
      }
    },
    {
      "type": "Feature",
      "geometry": {
        "type": "Point",
        "coordinates": [
          115.15815,
          -2.73881
        ]
      },
      "properties": {
        "confidence": "medium",
        "confidence_value": null,
        "sumber": "NASA-SNPP",
        "date_hotspot": "Selasa, 22 September 2026 13:10:00",
        "date_hotspot_ori": "2026-09-22T06:10:00.000000Z",
        "provinsi": null,
        "kabkota": "Hulu Sungai Selatan",
        "desa": "Panjampang Bahagia",
        "hs_id": "2026-09-22T06:10:00.000000Z",
        "provinsi_id": 12,
        "long": 115.15815,
        "ori_sumber": null,
        "desa_id": null,
        "counter": 1,
        "confidence_level": "medium",
        "kawasan": "",
        "kecamatan": "Simpur",
        "nama_provinsi": "Kalimantan Selatan",
        "pulau": "",
        "route_create": "https://opsroom.sipongidata.my.id/daops/laporan/groundcheck/create/form",
        "hotspot_date": "2026-09-22",
        "distance_hgu_km": 0.0,
        "zone": "Inside HGU",
        "location_status": "INSIDE HGU"
      }
    },
    {
      "type": "Feature",
      "geometry": {
        "type": "Point",
        "coordinates": [
          115.14023,
          -2.69502
        ]
      },
      "properties": {
        "confidence": "medium",
        "confidence_value": null,
        "sumber": "NASA-NOAA20",
        "date_hotspot": "Minggu, 04 Oktober 2026 13:05:00",
        "date_hotspot_ori": "2026-10-04T06:05:00.000000Z",
        "provinsi": null,
        "kabkota": "Hulu Sungai Selatan",
        "desa": "Muning Baru",
        "hs_id": "2026-10-04T06:05:00.000000Z",
        "provinsi_id": 12,
        "long": 115.14023,
        "ori_sumber": null,
        "desa_id": null,
        "counter": 1,
        "confidence_level": "medium",
        "kawasan": "",
        "kecamatan": "Daha Selatan",
        "nama_provinsi": "Kalimantan Selatan",
        "pulau": "",
        "route_create": "https://opsroom.sipongidata.my.id/daops/laporan/groundcheck/create/form",
        "hotspot_date": "2026-10-04",
        "distance_hgu_km": 3.237,
        "zone": "3–5 km",
        "location_status": "OUTSIDE HGU"
      }
    },
    {
      "type": "Feature",
      "geometry": {
        "type": "Point",
        "coordinates": [
          115.17899,
          -2.69262
        ]
      },
      "properties": {
        "confidence": "medium",
        "confidence_value": null,
        "sumber": "NASA-NOAA20",
        "date_hotspot": "Minggu, 04 Oktober 2026 13:05:00",
        "date_hotspot_ori": "2026-10-04T06:05:00.000000Z",
        "provinsi": null,
        "kabkota": "Hulu Sungai Selatan",
        "desa": "Bangkau",
        "hs_id": "2026-10-04T06:05:00.000000Z",
        "provinsi_id": 12,
        "long": 115.17899,
        "ori_sumber": null,
        "desa_id": null,
        "counter": 1,
        "confidence_level": "medium",
        "kawasan": "",
        "kecamatan": "Kandangan",
        "nama_provinsi": "Kalimantan Selatan",
        "pulau": "",
        "route_create": "https://opsroom.sipongidata.my.id/daops/laporan/groundcheck/create/form",
        "hotspot_date": "2026-10-04",
        "distance_hgu_km": 3.148,
        "zone": "3–5 km",
        "location_status": "OUTSIDE HGU"
      }
    },
    {
      "type": "Feature",
      "geometry": {
        "type": "Point",
        "coordinates": [
          115.18324,
          -2.69195
        ]
      },
      "properties": {
        "confidence": "medium",
        "confidence_value": null,
        "sumber": "NASA-NOAA20",
        "date_hotspot": "Minggu, 04 Oktober 2026 13:05:00",
        "date_hotspot_ori": "2026-10-04T06:05:00.000000Z",
        "provinsi": null,
        "kabkota": "Hulu Sungai Selatan",
        "desa": "Bangkau",
        "hs_id": "2026-10-04T06:05:00.000000Z",
        "provinsi_id": 12,
        "long": 115.18324,
        "ori_sumber": null,
        "desa_id": null,
        "counter": 1,
        "confidence_level": "medium",
        "kawasan": "",
        "kecamatan": "Kandangan",
        "nama_provinsi": "Kalimantan Selatan",
        "pulau": "",
        "route_create": "https://opsroom.sipongidata.my.id/daops/laporan/groundcheck/create/form",
        "hotspot_date": "2026-10-04",
        "distance_hgu_km": 3.095,
        "zone": "3–5 km",
        "location_status": "OUTSIDE HGU"
      }
    },
    {
      "type": "Feature",
      "geometry": {
        "type": "Point",
        "coordinates": [
          115.16164,
          -2.72151
        ]
      },
      "properties": {
        "confidence": "medium",
        "confidence_value": null,
        "sumber": "NASA-NOAA20",
        "date_hotspot": "Minggu, 04 Oktober 2026 13:05:00",
        "date_hotspot_ori": "2026-10-04T06:05:00.000000Z",
        "provinsi": null,
        "kabkota": "Hulu Sungai Selatan",
        "desa": "Pantai Ulin",
        "hs_id": "2026-10-04T06:05:00.000000Z",
        "provinsi_id": 12,
        "long": 115.16164,
        "ori_sumber": null,
        "desa_id": null,
        "counter": 1,
        "confidence_level": "medium",
        "kawasan": "",
        "kecamatan": "Simpur",
        "nama_provinsi": "Kalimantan Selatan",
        "pulau": "",
        "route_create": "https://opsroom.sipongidata.my.id/daops/laporan/groundcheck/create/form",
        "hotspot_date": "2026-10-04",
        "distance_hgu_km": 0.78,
        "zone": "0–1 km",
        "location_status": "OUTSIDE HGU"
      }
    },
    {
      "type": "Feature",
      "geometry": {
        "type": "Point",
        "coordinates": [
          115.15099,
          -2.8431
        ]
      },
      "properties": {
        "confidence": "medium",
        "confidence_value": null,
        "sumber": "NASA-NOAA20",
        "date_hotspot": "Rabu, 23 September 2026 13:12:00",
        "date_hotspot_ori": "2026-09-23T06:12:00.000000Z",
        "provinsi": null,
        "kabkota": "Hulu Sungai Selatan",
        "desa": "Kalumpang",
        "hs_id": "2026-09-23T06:12:00.000000Z",
        "provinsi_id": 12,
        "long": 115.15099,
        "ori_sumber": null,
        "desa_id": null,
        "counter": 1,
        "confidence_level": "medium",
        "kawasan": "",
        "kecamatan": "Kalumpang",
        "nama_provinsi": "Kalimantan Selatan",
        "pulau": "",
        "route_create": "https://opsroom.sipongidata.my.id/daops/laporan/groundcheck/create/form",
        "hotspot_date": "2026-09-23",
        "distance_hgu_km": 4.093,
        "zone": "3–5 km",
        "location_status": "OUTSIDE HGU"
      }
    },
    {
      "type": "Feature",
      "geometry": {
        "type": "Point",
        "coordinates": [
          115.13998,
          -2.84072
        ]
      },
      "properties": {
        "confidence": "medium",
        "confidence_value": null,
        "sumber": "NASA-NOAA20",
        "date_hotspot": "Rabu, 23 September 2026 13:12:00",
        "date_hotspot_ori": "2026-09-23T06:12:00.000000Z",
        "provinsi": null,
        "kabkota": "Hulu Sungai Selatan",
        "desa": "Karang Paci",
        "hs_id": "2026-09-23T06:12:00.000000Z",
        "provinsi_id": 12,
        "long": 115.13998,
        "ori_sumber": null,
        "desa_id": null,
        "counter": 2,
        "confidence_level": "medium",
        "kawasan": "",
        "kecamatan": "Kalumpang",
        "nama_provinsi": "Kalimantan Selatan",
        "pulau": "",
        "route_create": "https://opsroom.sipongidata.my.id/daops/laporan/groundcheck/create/form",
        "hotspot_date": "2026-09-23",
        "distance_hgu_km": 3.353,
        "zone": "3–5 km",
        "location_status": "OUTSIDE HGU"
      }
    },
    {
      "type": "Feature",
      "geometry": {
        "type": "Point",
        "coordinates": [
          115.1178,
          -2.70316
        ]
      },
      "properties": {
        "confidence": "medium",
        "confidence_value": null,
        "sumber": "NASA-NOAA20",
        "date_hotspot": "Rabu, 23 September 2026 13:12:00",
        "date_hotspot_ori": "2026-09-23T06:12:00.000000Z",
        "provinsi": null,
        "kabkota": "Hulu Sungai Selatan",
        "desa": "Muning Baru",
        "hs_id": "2026-09-23T06:12:00.000000Z",
        "provinsi_id": 12,
        "long": 115.1178,
        "ori_sumber": null,
        "desa_id": null,
        "counter": 1,
        "confidence_level": "medium",
        "kawasan": "",
        "kecamatan": "Daha Selatan",
        "nama_provinsi": "Kalimantan Selatan",
        "pulau": "",
        "route_create": "https://opsroom.sipongidata.my.id/daops/laporan/groundcheck/create/form",
        "hotspot_date": "2026-09-23",
        "distance_hgu_km": 2.831,
        "zone": "1–3 km",
        "location_status": "OUTSIDE HGU"
      }
    },
    {
      "type": "Feature",
      "geometry": {
        "type": "Point",
        "coordinates": [
          115.16606,
          -2.73325
        ]
      },
      "properties": {
        "confidence": "medium",
        "confidence_value": null,
        "sumber": "NASA-NOAA20",
        "date_hotspot": "Senin, 07 September 2026 13:10:00",
        "date_hotspot_ori": "2026-09-07T06:10:00.000000Z",
        "provinsi": null,
        "kabkota": "Hulu Sungai Selatan",
        "desa": "Pantai Ulin",
        "hs_id": "2026-09-07T06:10:00.000000Z",
        "provinsi_id": 12,
        "long": 115.16606,
        "ori_sumber": null,
        "desa_id": null,
        "counter": 1,
        "confidence_level": "medium",
        "kawasan": "",
        "kecamatan": "Simpur",
        "nama_provinsi": "Kalimantan Selatan",
        "pulau": "",
        "route_create": "https://opsroom.sipongidata.my.id/daops/laporan/groundcheck/create/form",
        "hotspot_date": "2026-09-07",
        "distance_hgu_km": 0.0,
        "zone": "Inside HGU",
        "location_status": "INSIDE HGU"
      }
    },
    {
      "type": "Feature",
      "geometry": {
        "type": "Point",
        "coordinates": [
          115.20544,
          -2.70309
        ]
      },
      "properties": {
        "confidence": "medium",
        "confidence_value": null,
        "sumber": "NASA-SNPP",
        "date_hotspot": "Kamis, 10 September 2026 13:35:00",
        "date_hotspot_ori": "2026-09-10T06:35:00.000000Z",
        "provinsi": null,
        "kabkota": "Hulu Sungai Selatan",
        "desa": "Sungai Kupang",
        "hs_id": "2026-09-10T06:35:00.000000Z",
        "provinsi_id": 12,
        "long": 115.20544,
        "ori_sumber": null,
        "desa_id": null,
        "counter": 1,
        "confidence_level": "medium",
        "kawasan": "",
        "kecamatan": "Kandangan",
        "nama_provinsi": "Kalimantan Selatan",
        "pulau": "",
        "route_create": "https://opsroom.sipongidata.my.id/daops/laporan/groundcheck/create/form",
        "hotspot_date": "2026-09-10",
        "distance_hgu_km": 2.608,
        "zone": "1–3 km",
        "location_status": "OUTSIDE HGU"
      }
    },
    {
      "type": "Feature",
      "geometry": {
        "type": "Point",
        "coordinates": [
          115.21355,
          -2.70743
        ]
      },
      "properties": {
        "confidence": "medium",
        "confidence_value": null,
        "sumber": "NASA-SNPP",
        "date_hotspot": "Kamis, 10 September 2026 13:35:00",
        "date_hotspot_ori": "2026-09-10T06:35:00.000000Z",
        "provinsi": null,
        "kabkota": "Hulu Sungai Selatan",
        "desa": "Sungai Kupang",
        "hs_id": "2026-09-10T06:35:00.000000Z",
        "provinsi_id": 12,
        "long": 115.21355,
        "ori_sumber": null,
        "desa_id": null,
        "counter": 1,
        "confidence_level": "medium",
        "kawasan": "",
        "kecamatan": "Kandangan",
        "nama_provinsi": "Kalimantan Selatan",
        "pulau": "",
        "route_create": "https://opsroom.sipongidata.my.id/daops/laporan/groundcheck/create/form",
        "hotspot_date": "2026-09-10",
        "distance_hgu_km": 3.082,
        "zone": "3–5 km",
        "location_status": "OUTSIDE HGU"
      }
    },
    {
      "type": "Feature",
      "geometry": {
        "type": "Point",
        "coordinates": [
          115.19862,
          -2.69388
        ]
      },
      "properties": {
        "confidence": "medium",
        "confidence_value": null,
        "sumber": "NASA-NOAA20",
        "date_hotspot": "Jumat, 11 September 2026 00:56:00",
        "date_hotspot_ori": "2026-09-10T17:56:00.000000Z",
        "provinsi": null,
        "kabkota": "Hulu Sungai Selatan",
        "desa": "Bangkau",
        "hs_id": "2026-09-10T17:56:00.000000Z",
        "provinsi_id": 12,
        "long": 115.19862,
        "ori_sumber": null,
        "desa_id": null,
        "counter": 1,
        "confidence_level": "medium",
        "kawasan": "",
        "kecamatan": "Kandangan",
        "nama_provinsi": "Kalimantan Selatan",
        "pulau": "",
        "route_create": "https://opsroom.sipongidata.my.id/daops/laporan/groundcheck/create/form",
        "hotspot_date": "2026-09-11",
        "distance_hgu_km": 3.04,
        "zone": "3–5 km",
        "location_status": "OUTSIDE HGU"
      }
    },
    {
      "type": "Feature",
      "geometry": {
        "type": "Point",
        "coordinates": [
          115.20026,
          -2.69742
        ]
      },
      "properties": {
        "confidence": "medium",
        "confidence_value": null,
        "sumber": "NASA-SNPP",
        "date_hotspot": "Jumat, 11 September 2026 00:39:00",
        "date_hotspot_ori": "2026-09-10T17:39:00.000000Z",
        "provinsi": null,
        "kabkota": "Hulu Sungai Selatan",
        "desa": "Bangkau",
        "hs_id": "2026-09-10T17:39:00.000000Z",
        "provinsi_id": 12,
        "long": 115.20026,
        "ori_sumber": null,
        "desa_id": null,
        "counter": 2,
        "confidence_level": "medium",
        "kawasan": "",
        "kecamatan": "Kandangan",
        "nama_provinsi": "Kalimantan Selatan",
        "pulau": "",
        "route_create": "https://opsroom.sipongidata.my.id/daops/laporan/groundcheck/create/form",
        "hotspot_date": "2026-09-11",
        "distance_hgu_km": 2.761,
        "zone": "1–3 km",
        "location_status": "OUTSIDE HGU"
      }
    },
    {
      "type": "Feature",
      "geometry": {
        "type": "Point",
        "coordinates": [
          115.10456,
          -2.83511
        ]
      },
      "properties": {
        "confidence": "medium",
        "confidence_value": null,
        "sumber": "NASA-SNPP",
        "date_hotspot": "Jumat, 11 September 2026 13:16:00",
        "date_hotspot_ori": "2026-09-11T06:16:00.000000Z",
        "provinsi": null,
        "kabkota": "Hulu Sungai Selatan",
        "desa": "Balimau",
        "hs_id": "2026-09-11T06:16:00.000000Z",
        "provinsi_id": 12,
        "long": 115.10456,
        "ori_sumber": null,
        "desa_id": null,
        "counter": 1,
        "confidence_level": "medium",
        "kawasan": "",
        "kecamatan": "Kalumpang",
        "nama_provinsi": "Kalimantan Selatan",
        "pulau": "",
        "route_create": "https://opsroom.sipongidata.my.id/daops/laporan/groundcheck/create/form",
        "hotspot_date": "2026-09-11",
        "distance_hgu_km": 0.021,
        "zone": "0–1 km",
        "location_status": "OUTSIDE HGU"
      }
    },
    {
      "type": "Feature",
      "geometry": {
        "type": "Point",
        "coordinates": [
          115.10472,
          -2.78804
        ]
      },
      "properties": {
        "confidence": "medium",
        "confidence_value": null,
        "sumber": "NASA-SNPP",
        "date_hotspot": "Jumat, 11 September 2026 13:16:00",
        "date_hotspot_ori": "2026-09-11T06:16:00.000000Z",
        "provinsi": null,
        "kabkota": "Hulu Sungai Selatan",
        "desa": "Bago Tanggul",
        "hs_id": "2026-09-11T06:16:00.000000Z",
        "provinsi_id": 12,
        "long": 115.10472,
        "ori_sumber": null,
        "desa_id": null,
        "counter": 1,
        "confidence_level": "medium",
        "kawasan": "",
        "kecamatan": "Kalumpang",
        "nama_provinsi": "Kalimantan Selatan",
        "pulau": "",
        "route_create": "https://opsroom.sipongidata.my.id/daops/laporan/groundcheck/create/form",
        "hotspot_date": "2026-09-11",
        "distance_hgu_km": 0.0,
        "zone": "Inside HGU",
        "location_status": "INSIDE HGU"
      }
    },
    {
      "type": "Feature",
      "geometry": {
        "type": "Point",
        "coordinates": [
          115.1357,
          -2.71789
        ]
      },
      "properties": {
        "confidence": "medium",
        "confidence_value": null,
        "sumber": "NASA-SNPP",
        "date_hotspot": "Jumat, 11 September 2026 13:16:00",
        "date_hotspot_ori": "2026-09-11T06:16:00.000000Z",
        "provinsi": null,
        "kabkota": "Hulu Sungai Selatan",
        "desa": "Amparaya",
        "hs_id": "2026-09-11T06:16:00.000000Z",
        "provinsi_id": 12,
        "long": 115.1357,
        "ori_sumber": null,
        "desa_id": null,
        "counter": 1,
        "confidence_level": "medium",
        "kawasan": "",
        "kecamatan": "Simpur",
        "nama_provinsi": "Kalimantan Selatan",
        "pulau": "",
        "route_create": "https://opsroom.sipongidata.my.id/daops/laporan/groundcheck/create/form",
        "hotspot_date": "2026-09-11",
        "distance_hgu_km": 0.67,
        "zone": "0–1 km",
        "location_status": "OUTSIDE HGU"
      }
    },
    {
      "type": "Feature",
      "geometry": {
        "type": "Point",
        "coordinates": [
          115.09369,
          -2.70247
        ]
      },
      "properties": {
        "confidence": "medium",
        "confidence_value": null,
        "sumber": "NASA-SNPP",
        "date_hotspot": "Jumat, 11 September 2026 13:16:00",
        "date_hotspot_ori": "2026-09-11T06:16:00.000000Z",
        "provinsi": null,
        "kabkota": "Hulu Sungai Selatan",
        "desa": "Muning Tengah",
        "hs_id": "2026-09-11T06:16:00.000000Z",
        "provinsi_id": 12,
        "long": 115.09369,
        "ori_sumber": null,
        "desa_id": null,
        "counter": 1,
        "confidence_level": "medium",
        "kawasan": "",
        "kecamatan": "Daha Selatan",
        "nama_provinsi": "Kalimantan Selatan",
        "pulau": "",
        "route_create": "https://opsroom.sipongidata.my.id/daops/laporan/groundcheck/create/form",
        "hotspot_date": "2026-09-11",
        "distance_hgu_km": 4.823,
        "zone": "3–5 km",
        "location_status": "OUTSIDE HGU"
      }
    },
    {
      "type": "Feature",
      "geometry": {
        "type": "Point",
        "coordinates": [
          115.17561,
          -2.70099
        ]
      },
      "properties": {
        "confidence": "medium",
        "confidence_value": null,
        "sumber": "NASA-SNPP",
        "date_hotspot": "Minggu, 20 September 2026 13:48:00",
        "date_hotspot_ori": "2026-09-20T06:48:00.000000Z",
        "provinsi": null,
        "kabkota": "Hulu Sungai Selatan",
        "desa": "Bangkau",
        "hs_id": "2026-09-20T06:48:00.000000Z",
        "provinsi_id": 12,
        "long": 115.17561,
        "ori_sumber": null,
        "desa_id": null,
        "counter": 1,
        "confidence_level": "medium",
        "kawasan": "",
        "kecamatan": "Kandangan",
        "nama_provinsi": "Kalimantan Selatan",
        "pulau": "",
        "route_create": "https://opsroom.sipongidata.my.id/daops/laporan/groundcheck/create/form",
        "hotspot_date": "2026-09-20",
        "distance_hgu_km": 2.392,
        "zone": "1–3 km",
        "location_status": "OUTSIDE HGU"
      }
    },
    {
      "type": "Feature",
      "geometry": {
        "type": "Point",
        "coordinates": [
          115.11774,
          -2.80934
        ]
      },
      "properties": {
        "confidence": "medium",
        "confidence_value": null,
        "sumber": "NASA-NOAA20",
        "date_hotspot": "Jumat, 11 September 2026 13:35:00",
        "date_hotspot_ori": "2026-09-11T06:35:00.000000Z",
        "provinsi": null,
        "kabkota": "Hulu Sungai Selatan",
        "desa": "Balimau",
        "hs_id": "2026-09-11T06:35:00.000000Z",
        "provinsi_id": 12,
        "long": 115.11774,
        "ori_sumber": null,
        "desa_id": null,
        "counter": 1,
        "confidence_level": "medium",
        "kawasan": "",
        "kecamatan": "Kalumpang",
        "nama_provinsi": "Kalimantan Selatan",
        "pulau": "",
        "route_create": "https://opsroom.sipongidata.my.id/daops/laporan/groundcheck/create/form",
        "hotspot_date": "2026-09-11",
        "distance_hgu_km": 0.0,
        "zone": "Inside HGU",
        "location_status": "INSIDE HGU"
      }
    },
    {
      "type": "Feature",
      "geometry": {
        "type": "Point",
        "coordinates": [
          115.22917,
          -2.7197
        ]
      },
      "properties": {
        "confidence": "medium",
        "confidence_value": null,
        "sumber": "NASA-NOAA20",
        "date_hotspot": "Sabtu, 12 September 2026 00:37:00",
        "date_hotspot_ori": "2026-09-11T17:37:00.000000Z",
        "provinsi": null,
        "kabkota": "Hulu Sungai Selatan",
        "desa": "Sungai Kupang",
        "hs_id": "2026-09-11T17:37:00.000000Z",
        "provinsi_id": 12,
        "long": 115.22917,
        "ori_sumber": null,
        "desa_id": null,
        "counter": 1,
        "confidence_level": "medium",
        "kawasan": "",
        "kecamatan": "Kandangan",
        "nama_provinsi": "Kalimantan Selatan",
        "pulau": "",
        "route_create": "https://opsroom.sipongidata.my.id/daops/laporan/groundcheck/create/form",
        "hotspot_date": "2026-09-12",
        "distance_hgu_km": 3.773,
        "zone": "3–5 km",
        "location_status": "OUTSIDE HGU"
      }
    },
    {
      "type": "Feature",
      "geometry": {
        "type": "Point",
        "coordinates": [
          115.07332,
          -2.84254
        ]
      },
      "properties": {
        "confidence": "medium",
        "confidence_value": null,
        "sumber": "NASA-NOAA20",
        "date_hotspot": "Minggu, 20 September 2026 12:27:00",
        "date_hotspot_ori": "2026-09-20T05:27:00.000000Z",
        "provinsi": null,
        "kabkota": "Hulu Sungai Selatan",
        "desa": "Balimau",
        "hs_id": "2026-09-20T05:27:00.000000Z",
        "provinsi_id": 12,
        "long": 115.07332,
        "ori_sumber": null,
        "desa_id": null,
        "counter": 1,
        "confidence_level": "medium",
        "kawasan": "",
        "kecamatan": "Kalumpang",
        "nama_provinsi": "Kalimantan Selatan",
        "pulau": "",
        "route_create": "https://opsroom.sipongidata.my.id/daops/laporan/groundcheck/create/form",
        "hotspot_date": "2026-09-20",
        "distance_hgu_km": 0.959,
        "zone": "0–1 km",
        "location_status": "OUTSIDE HGU"
      }
    },
    {
      "type": "Feature",
      "geometry": {
        "type": "Point",
        "coordinates": [
          115.14182,
          -2.70963
        ]
      },
      "properties": {
        "confidence": "medium",
        "confidence_value": null,
        "sumber": "NASA-SNPP",
        "date_hotspot": "Sabtu, 12 September 2026 12:57:00",
        "date_hotspot_ori": "2026-09-12T05:57:00.000000Z",
        "provinsi": null,
        "kabkota": "Hulu Sungai Selatan",
        "desa": "Muning Baru",
        "hs_id": "2026-09-12T05:57:00.000000Z",
        "provinsi_id": 12,
        "long": 115.14182,
        "ori_sumber": null,
        "desa_id": null,
        "counter": 2,
        "confidence_level": "medium",
        "kawasan": "",
        "kecamatan": "Daha Selatan",
        "nama_provinsi": "Kalimantan Selatan",
        "pulau": "",
        "route_create": "https://opsroom.sipongidata.my.id/daops/laporan/groundcheck/create/form",
        "hotspot_date": "2026-09-12",
        "distance_hgu_km": 1.798,
        "zone": "1–3 km",
        "location_status": "OUTSIDE HGU"
      }
    },
    {
      "type": "Feature",
      "geometry": {
        "type": "Point",
        "coordinates": [
          115.12914,
          -2.8562
        ]
      },
      "properties": {
        "confidence": "medium",
        "confidence_value": null,
        "sumber": "NASA-SNPP",
        "date_hotspot": "Minggu, 20 September 2026 13:48:00",
        "date_hotspot_ori": "2026-09-20T06:48:00.000000Z",
        "provinsi": null,
        "kabkota": "Tapin",
        "desa": "Masta",
        "hs_id": "2026-09-20T06:48:00.000000Z",
        "provinsi_id": 12,
        "long": 115.12914,
        "ori_sumber": null,
        "desa_id": null,
        "counter": 1,
        "confidence_level": "medium",
        "kawasan": "",
        "kecamatan": "Bakarangan",
        "nama_provinsi": "Kalimantan Selatan",
        "pulau": "",
        "route_create": "https://opsroom.sipongidata.my.id/daops/laporan/groundcheck/create/form",
        "hotspot_date": "2026-09-20",
        "distance_hgu_km": 3.2,
        "zone": "3–5 km",
        "location_status": "OUTSIDE HGU"
      }
    },
    {
      "type": "Feature",
      "geometry": {
        "type": "Point",
        "coordinates": [
          115.0481,
          -2.84109
        ]
      },
      "properties": {
        "confidence": "medium",
        "confidence_value": null,
        "sumber": "NASA-NOAA20",
        "date_hotspot": "Sabtu, 12 September 2026 13:18:00",
        "date_hotspot_ori": "2026-09-12T06:18:00.000000Z",
        "provinsi": null,
        "kabkota": "Tapin",
        "desa": "Sungai Rutas",
        "hs_id": "2026-09-12T06:18:00.000000Z",
        "provinsi_id": 12,
        "long": 115.0481,
        "ori_sumber": null,
        "desa_id": null,
        "counter": 1,
        "confidence_level": "medium",
        "kawasan": "",
        "kecamatan": "Candi Laras Selatan",
        "nama_provinsi": "Kalimantan Selatan",
        "pulau": "",
        "route_create": "https://opsroom.sipongidata.my.id/daops/laporan/groundcheck/create/form",
        "hotspot_date": "2026-09-12",
        "distance_hgu_km": 3.304,
        "zone": "3–5 km",
        "location_status": "OUTSIDE HGU"
      }
    },
    {
      "type": "Feature",
      "geometry": {
        "type": "Point",
        "coordinates": [
          115.131,
          -2.82794
        ]
      },
      "properties": {
        "confidence": "medium",
        "confidence_value": null,
        "sumber": "NASA-NOAA20",
        "date_hotspot": "Sabtu, 12 September 2026 13:18:00",
        "date_hotspot_ori": "2026-09-12T06:18:00.000000Z",
        "provinsi": null,
        "kabkota": "Hulu Sungai Selatan",
        "desa": "Bago Tanggul",
        "hs_id": "2026-09-12T06:18:00.000000Z",
        "provinsi_id": 12,
        "long": 115.131,
        "ori_sumber": null,
        "desa_id": null,
        "counter": 1,
        "confidence_level": "medium",
        "kawasan": "",
        "kecamatan": "Kalumpang",
        "nama_provinsi": "Kalimantan Selatan",
        "pulau": "",
        "route_create": "https://opsroom.sipongidata.my.id/daops/laporan/groundcheck/create/form",
        "hotspot_date": "2026-09-12",
        "distance_hgu_km": 1.655,
        "zone": "1–3 km",
        "location_status": "OUTSIDE HGU"
      }
    },
    {
      "type": "Feature",
      "geometry": {
        "type": "Point",
        "coordinates": [
          115.10071,
          -2.79375
        ]
      },
      "properties": {
        "confidence": "medium",
        "confidence_value": null,
        "sumber": "NASA-NOAA20",
        "date_hotspot": "Minggu, 20 September 2026 12:27:00",
        "date_hotspot_ori": "2026-09-20T05:27:00.000000Z",
        "provinsi": null,
        "kabkota": "Hulu Sungai Selatan",
        "desa": "Balimau",
        "hs_id": "2026-09-20T05:27:00.000000Z",
        "provinsi_id": 12,
        "long": 115.10071,
        "ori_sumber": null,
        "desa_id": null,
        "counter": 1,
        "confidence_level": "medium",
        "kawasan": "",
        "kecamatan": "Kalumpang",
        "nama_provinsi": "Kalimantan Selatan",
        "pulau": "",
        "route_create": "https://opsroom.sipongidata.my.id/daops/laporan/groundcheck/create/form",
        "hotspot_date": "2026-09-20",
        "distance_hgu_km": 0.0,
        "zone": "Inside HGU",
        "location_status": "INSIDE HGU"
      }
    },
    {
      "type": "Feature",
      "geometry": {
        "type": "Point",
        "coordinates": [
          115.06198,
          -2.79494
        ]
      },
      "properties": {
        "confidence": "medium",
        "confidence_value": null,
        "sumber": "NASA-NOAA20",
        "date_hotspot": "Minggu, 20 September 2026 12:27:00",
        "date_hotspot_ori": "2026-09-20T05:27:00.000000Z",
        "provinsi": null,
        "kabkota": "Tapin",
        "desa": "Sungai Rutas",
        "hs_id": "2026-09-20T05:27:00.000000Z",
        "provinsi_id": 12,
        "long": 115.06198,
        "ori_sumber": null,
        "desa_id": null,
        "counter": 1,
        "confidence_level": "medium",
        "kawasan": "",
        "kecamatan": "Candi Laras Selatan",
        "nama_provinsi": "Kalimantan Selatan",
        "pulau": "",
        "route_create": "https://opsroom.sipongidata.my.id/daops/laporan/groundcheck/create/form",
        "hotspot_date": "2026-09-20",
        "distance_hgu_km": 1.418,
        "zone": "1–3 km",
        "location_status": "OUTSIDE HGU"
      }
    },
    {
      "type": "Feature",
      "geometry": {
        "type": "Point",
        "coordinates": [
          115.09974,
          -2.69719
        ]
      },
      "properties": {
        "confidence": "medium",
        "confidence_value": null,
        "sumber": "NASA-SNPP",
        "date_hotspot": "Minggu, 20 September 2026 13:48:00",
        "date_hotspot_ori": "2026-09-20T06:48:00.000000Z",
        "provinsi": null,
        "kabkota": "Hulu Sungai Selatan",
        "desa": "Muning Tengah",
        "hs_id": "2026-09-20T06:48:00.000000Z",
        "provinsi_id": 12,
        "long": 115.09974,
        "ori_sumber": null,
        "desa_id": null,
        "counter": 1,
        "confidence_level": "medium",
        "kawasan": "",
        "kecamatan": "Daha Selatan",
        "nama_provinsi": "Kalimantan Selatan",
        "pulau": "",
        "route_create": "https://opsroom.sipongidata.my.id/daops/laporan/groundcheck/create/form",
        "hotspot_date": "2026-09-20",
        "distance_hgu_km": 4.73,
        "zone": "3–5 km",
        "location_status": "OUTSIDE HGU"
      }
    },
    {
      "type": "Feature",
      "geometry": {
        "type": "Point",
        "coordinates": [
          115.18799,
          -2.72108
        ]
      },
      "properties": {
        "confidence": "medium",
        "confidence_value": null,
        "sumber": "NASA-SNPP",
        "date_hotspot": "Sabtu, 03 Oktober 2026 13:03:00",
        "date_hotspot_ori": "2026-10-03T06:03:00.000000Z",
        "provinsi": null,
        "kabkota": "Hulu Sungai Selatan",
        "desa": "Lungau",
        "hs_id": "2026-10-03T06:03:00.000000Z",
        "provinsi_id": 12,
        "long": 115.18799,
        "ori_sumber": null,
        "desa_id": null,
        "counter": 1,
        "confidence_level": "medium",
        "kawasan": "",
        "kecamatan": "Kandangan",
        "nama_provinsi": "Kalimantan Selatan",
        "pulau": "",
        "route_create": "https://opsroom.sipongidata.my.id/daops/laporan/groundcheck/create/form",
        "hotspot_date": "2026-10-03",
        "distance_hgu_km": 0.0,
        "zone": "Inside HGU",
        "location_status": "INSIDE HGU"
      }
    },
    {
      "type": "Feature",
      "geometry": {
        "type": "Point",
        "coordinates": [
          115.16846,
          -2.69192
        ]
      },
      "properties": {
        "confidence": "medium",
        "confidence_value": null,
        "sumber": "NASA-NOAA20",
        "date_hotspot": "Sabtu, 03 Oktober 2026 13:25:00",
        "date_hotspot_ori": "2026-10-03T06:25:00.000000Z",
        "provinsi": null,
        "kabkota": "Hulu Sungai Selatan",
        "desa": "Muning Baru",
        "hs_id": "2026-10-03T06:25:00.000000Z",
        "provinsi_id": 12,
        "long": 115.16846,
        "ori_sumber": null,
        "desa_id": null,
        "counter": 1,
        "confidence_level": "medium",
        "kawasan": "",
        "kecamatan": "Daha Selatan",
        "nama_provinsi": "Kalimantan Selatan",
        "pulau": "",
        "route_create": "https://opsroom.sipongidata.my.id/daops/laporan/groundcheck/create/form",
        "hotspot_date": "2026-10-03",
        "distance_hgu_km": 3.601,
        "zone": "3–5 km",
        "location_status": "OUTSIDE HGU"
      }
    },
    {
      "type": "Feature",
      "geometry": {
        "type": "Point",
        "coordinates": [
          115.13128,
          -2.71216
        ]
      },
      "properties": {
        "confidence": "medium",
        "confidence_value": null,
        "sumber": "NASA-SNPP",
        "date_hotspot": "Minggu, 13 September 2026 12:40:00",
        "date_hotspot_ori": "2026-09-13T05:40:00.000000Z",
        "provinsi": null,
        "kabkota": "Hulu Sungai Selatan",
        "desa": "Muning Baru",
        "hs_id": "2026-09-13T05:40:00.000000Z",
        "provinsi_id": 12,
        "long": 115.13128,
        "ori_sumber": null,
        "desa_id": null,
        "counter": 1,
        "confidence_level": "medium",
        "kawasan": "",
        "kecamatan": "Daha Selatan",
        "nama_provinsi": "Kalimantan Selatan",
        "pulau": "",
        "route_create": "https://opsroom.sipongidata.my.id/daops/laporan/groundcheck/create/form",
        "hotspot_date": "2026-09-13",
        "distance_hgu_km": 1.27,
        "zone": "1–3 km",
        "location_status": "OUTSIDE HGU"
      }
    },
    {
      "type": "Feature",
      "geometry": {
        "type": "Point",
        "coordinates": [
          115.15908,
          -2.72556
        ]
      },
      "properties": {
        "confidence": "medium",
        "confidence_value": null,
        "sumber": "NASA-SNPP",
        "date_hotspot": "Sabtu, 03 Oktober 2026 13:03:00",
        "date_hotspot_ori": "2026-10-03T06:03:00.000000Z",
        "provinsi": null,
        "kabkota": "Hulu Sungai Selatan",
        "desa": "Pantai Ulin",
        "hs_id": "2026-10-03T06:03:00.000000Z",
        "provinsi_id": 12,
        "long": 115.15908,
        "ori_sumber": null,
        "desa_id": null,
        "counter": 3,
        "confidence_level": "medium",
        "kawasan": "",
        "kecamatan": "Simpur",
        "nama_provinsi": "Kalimantan Selatan",
        "pulau": "",
        "route_create": "https://opsroom.sipongidata.my.id/daops/laporan/groundcheck/create/form",
        "hotspot_date": "2026-10-03",
        "distance_hgu_km": 0.455,
        "zone": "0–1 km",
        "location_status": "OUTSIDE HGU"
      }
    },
    {
      "type": "Feature",
      "geometry": {
        "type": "Point",
        "coordinates": [
          115.16218,
          -2.7459
        ]
      },
      "properties": {
        "confidence": "medium",
        "confidence_value": null,
        "sumber": "NASA-SNPP",
        "date_hotspot": "Sabtu, 03 Oktober 2026 13:03:00",
        "date_hotspot_ori": "2026-10-03T06:03:00.000000Z",
        "provinsi": null,
        "kabkota": "Hulu Sungai Selatan",
        "desa": "Panjampang Bahagia",
        "hs_id": "2026-10-03T06:03:00.000000Z",
        "provinsi_id": 12,
        "long": 115.16218,
        "ori_sumber": null,
        "desa_id": null,
        "counter": 1,
        "confidence_level": "medium",
        "kawasan": "",
        "kecamatan": "Simpur",
        "nama_provinsi": "Kalimantan Selatan",
        "pulau": "",
        "route_create": "https://opsroom.sipongidata.my.id/daops/laporan/groundcheck/create/form",
        "hotspot_date": "2026-10-03",
        "distance_hgu_km": 0.0,
        "zone": "Inside HGU",
        "location_status": "INSIDE HGU"
      }
    },
    {
      "type": "Feature",
      "geometry": {
        "type": "Point",
        "coordinates": [
          115.05853,
          -2.83571
        ]
      },
      "properties": {
        "confidence": "medium",
        "confidence_value": null,
        "sumber": "NASA-SNPP",
        "date_hotspot": "Sabtu, 03 Oktober 2026 13:03:00",
        "date_hotspot_ori": "2026-10-03T06:03:00.000000Z",
        "provinsi": null,
        "kabkota": "Tapin",
        "desa": "Sungai Rutas",
        "hs_id": "2026-10-03T06:03:00.000000Z",
        "provinsi_id": 12,
        "long": 115.05853,
        "ori_sumber": null,
        "desa_id": null,
        "counter": 1,
        "confidence_level": "medium",
        "kawasan": "",
        "kecamatan": "Candi Laras Selatan",
        "nama_provinsi": "Kalimantan Selatan",
        "pulau": "",
        "route_create": "https://opsroom.sipongidata.my.id/daops/laporan/groundcheck/create/form",
        "hotspot_date": "2026-10-03",
        "distance_hgu_km": 2.054,
        "zone": "1–3 km",
        "location_status": "OUTSIDE HGU"
      }
    },
    {
      "type": "Feature",
      "geometry": {
        "type": "Point",
        "coordinates": [
          115.13007,
          -2.83342
        ]
      },
      "properties": {
        "confidence": "medium",
        "confidence_value": null,
        "sumber": "NASA-SNPP",
        "date_hotspot": "Senin, 14 September 2026 12:21:00",
        "date_hotspot_ori": "2026-09-14T05:21:00.000000Z",
        "provinsi": null,
        "kabkota": "Hulu Sungai Selatan",
        "desa": "Karang Paci",
        "hs_id": "2026-09-14T05:21:00.000000Z",
        "provinsi_id": 12,
        "long": 115.13007,
        "ori_sumber": null,
        "desa_id": null,
        "counter": 1,
        "confidence_level": "medium",
        "kawasan": "",
        "kecamatan": "Kalumpang",
        "nama_provinsi": "Kalimantan Selatan",
        "pulau": "",
        "route_create": "https://opsroom.sipongidata.my.id/daops/laporan/groundcheck/create/form",
        "hotspot_date": "2026-09-14",
        "distance_hgu_km": 2.173,
        "zone": "1–3 km",
        "location_status": "OUTSIDE HGU"
      }
    },
    {
      "type": "Feature",
      "geometry": {
        "type": "Point",
        "coordinates": [
          115.14083,
          -2.83184
        ]
      },
      "properties": {
        "confidence": "medium",
        "confidence_value": null,
        "sumber": "NASA-SNPP",
        "date_hotspot": "Senin, 14 September 2026 12:21:00",
        "date_hotspot_ori": "2026-09-14T05:21:00.000000Z",
        "provinsi": null,
        "kabkota": "Hulu Sungai Selatan",
        "desa": "Kalumpang",
        "hs_id": "2026-09-14T05:21:00.000000Z",
        "provinsi_id": 12,
        "long": 115.14083,
        "ori_sumber": null,
        "desa_id": null,
        "counter": 1,
        "confidence_level": "medium",
        "kawasan": "",
        "kecamatan": "Kalumpang",
        "nama_provinsi": "Kalimantan Selatan",
        "pulau": "",
        "route_create": "https://opsroom.sipongidata.my.id/daops/laporan/groundcheck/create/form",
        "hotspot_date": "2026-09-14",
        "distance_hgu_km": 2.502,
        "zone": "1–3 km",
        "location_status": "OUTSIDE HGU"
      }
    },
    {
      "type": "Feature",
      "geometry": {
        "type": "Point",
        "coordinates": [
          115.11209,
          -2.83605
        ]
      },
      "properties": {
        "confidence": "medium",
        "confidence_value": null,
        "sumber": "NASA-SNPP",
        "date_hotspot": "Senin, 14 September 2026 12:21:00",
        "date_hotspot_ori": "2026-09-14T05:21:00.000000Z",
        "provinsi": null,
        "kabkota": "Tapin",
        "desa": "Masta",
        "hs_id": "2026-09-14T05:21:00.000000Z",
        "provinsi_id": 12,
        "long": 115.11209,
        "ori_sumber": null,
        "desa_id": null,
        "counter": 1,
        "confidence_level": "medium",
        "kawasan": "",
        "kecamatan": "Bakarangan",
        "nama_provinsi": "Kalimantan Selatan",
        "pulau": "",
        "route_create": "https://opsroom.sipongidata.my.id/daops/laporan/groundcheck/create/form",
        "hotspot_date": "2026-09-14",
        "distance_hgu_km": 0.274,
        "zone": "0–1 km",
        "location_status": "OUTSIDE HGU"
      }
    },
    {
      "type": "Feature",
      "geometry": {
        "type": "Point",
        "coordinates": [
          115.07605,
          -2.75695
        ]
      },
      "properties": {
        "confidence": "medium",
        "confidence_value": null,
        "sumber": "NASA-SNPP",
        "date_hotspot": "Senin, 14 September 2026 12:21:00",
        "date_hotspot_ori": "2026-09-14T05:21:00.000000Z",
        "provinsi": null,
        "kabkota": "Hulu Sungai Selatan",
        "desa": "Muning Dalam",
        "hs_id": "2026-09-14T05:21:00.000000Z",
        "provinsi_id": 12,
        "long": 115.07605,
        "ori_sumber": null,
        "desa_id": null,
        "counter": 1,
        "confidence_level": "medium",
        "kawasan": "",
        "kecamatan": "Daha Selatan",
        "nama_provinsi": "Kalimantan Selatan",
        "pulau": "",
        "route_create": "https://opsroom.sipongidata.my.id/daops/laporan/groundcheck/create/form",
        "hotspot_date": "2026-09-14",
        "distance_hgu_km": 1.165,
        "zone": "1–3 km",
        "location_status": "OUTSIDE HGU"
      }
    },
    {
      "type": "Feature",
      "geometry": {
        "type": "Point",
        "coordinates": [
          115.07245,
          -2.75749
        ]
      },
      "properties": {
        "confidence": "medium",
        "confidence_value": null,
        "sumber": "NASA-SNPP",
        "date_hotspot": "Senin, 14 September 2026 12:21:00",
        "date_hotspot_ori": "2026-09-14T05:21:00.000000Z",
        "provinsi": null,
        "kabkota": "Hulu Sungai Selatan",
        "desa": "Muning Dalam",
        "hs_id": "2026-09-14T05:21:00.000000Z",
        "provinsi_id": 12,
        "long": 115.07245,
        "ori_sumber": null,
        "desa_id": null,
        "counter": 1,
        "confidence_level": "medium",
        "kawasan": "",
        "kecamatan": "Daha Selatan",
        "nama_provinsi": "Kalimantan Selatan",
        "pulau": "",
        "route_create": "https://opsroom.sipongidata.my.id/daops/laporan/groundcheck/create/form",
        "hotspot_date": "2026-09-14",
        "distance_hgu_km": 1.349,
        "zone": "1–3 km",
        "location_status": "OUTSIDE HGU"
      }
    },
    {
      "type": "Feature",
      "geometry": {
        "type": "Point",
        "coordinates": [
          115.1443,
          -2.69622
        ]
      },
      "properties": {
        "confidence": "medium",
        "confidence_value": null,
        "sumber": "NASA-SNPP",
        "date_hotspot": "Senin, 14 September 2026 12:21:00",
        "date_hotspot_ori": "2026-09-14T05:21:00.000000Z",
        "provinsi": null,
        "kabkota": "Hulu Sungai Selatan",
        "desa": "Muning Baru",
        "hs_id": "2026-09-14T05:21:00.000000Z",
        "provinsi_id": 12,
        "long": 115.1443,
        "ori_sumber": null,
        "desa_id": null,
        "counter": 3,
        "confidence_level": "medium",
        "kawasan": "",
        "kecamatan": "Daha Selatan",
        "nama_provinsi": "Kalimantan Selatan",
        "pulau": "",
        "route_create": "https://opsroom.sipongidata.my.id/daops/laporan/groundcheck/create/form",
        "hotspot_date": "2026-09-14",
        "distance_hgu_km": 3.25,
        "zone": "3–5 km",
        "location_status": "OUTSIDE HGU"
      }
    },
    {
      "type": "Feature",
      "geometry": {
        "type": "Point",
        "coordinates": [
          115.14072,
          -2.69674
        ]
      },
      "properties": {
        "confidence": "medium",
        "confidence_value": null,
        "sumber": "NASA-SNPP",
        "date_hotspot": "Senin, 14 September 2026 12:21:00",
        "date_hotspot_ori": "2026-09-14T05:21:00.000000Z",
        "provinsi": null,
        "kabkota": "Hulu Sungai Selatan",
        "desa": "Muning Baru",
        "hs_id": "2026-09-14T05:21:00.000000Z",
        "provinsi_id": 12,
        "long": 115.14072,
        "ori_sumber": null,
        "desa_id": null,
        "counter": 3,
        "confidence_level": "medium",
        "kawasan": "",
        "kecamatan": "Daha Selatan",
        "nama_provinsi": "Kalimantan Selatan",
        "pulau": "",
        "route_create": "https://opsroom.sipongidata.my.id/daops/laporan/groundcheck/create/form",
        "hotspot_date": "2026-09-14",
        "distance_hgu_km": 3.067,
        "zone": "3–5 km",
        "location_status": "OUTSIDE HGU"
      }
    },
    {
      "type": "Feature",
      "geometry": {
        "type": "Point",
        "coordinates": [
          115.17593,
          -2.76463
        ]
      },
      "properties": {
        "confidence": "medium",
        "confidence_value": null,
        "sumber": "NASA-SNPP",
        "date_hotspot": "Senin, 14 September 2026 12:21:00",
        "date_hotspot_ori": "2026-09-14T05:21:00.000000Z",
        "provinsi": null,
        "kabkota": "Hulu Sungai Selatan",
        "desa": "Panjampang Bahagia",
        "hs_id": "2026-09-14T05:21:00.000000Z",
        "provinsi_id": 12,
        "long": 115.17593,
        "ori_sumber": null,
        "desa_id": null,
        "counter": 2,
        "confidence_level": "medium",
        "kawasan": "",
        "kecamatan": "Simpur",
        "nama_provinsi": "Kalimantan Selatan",
        "pulau": "",
        "route_create": "https://opsroom.sipongidata.my.id/daops/laporan/groundcheck/create/form",
        "hotspot_date": "2026-09-14",
        "distance_hgu_km": 0.0,
        "zone": "Inside HGU",
        "location_status": "INSIDE HGU"
      }
    },
    {
      "type": "Feature",
      "geometry": {
        "type": "Point",
        "coordinates": [
          115.07323,
          -2.76303
        ]
      },
      "properties": {
        "confidence": "medium",
        "confidence_value": null,
        "sumber": "NASA-SNPP",
        "date_hotspot": "Senin, 14 September 2026 12:21:00",
        "date_hotspot_ori": "2026-09-14T05:21:00.000000Z",
        "provinsi": null,
        "kabkota": "Hulu Sungai Selatan",
        "desa": "Muning Dalam",
        "hs_id": "2026-09-14T05:21:00.000000Z",
        "provinsi_id": 12,
        "long": 115.07323,
        "ori_sumber": null,
        "desa_id": null,
        "counter": 1,
        "confidence_level": "medium",
        "kawasan": "",
        "kecamatan": "Daha Selatan",
        "nama_provinsi": "Kalimantan Selatan",
        "pulau": "",
        "route_create": "https://opsroom.sipongidata.my.id/daops/laporan/groundcheck/create/form",
        "hotspot_date": "2026-09-14",
        "distance_hgu_km": 0.8,
        "zone": "0–1 km",
        "location_status": "OUTSIDE HGU"
      }
    },
    {
      "type": "Feature",
      "geometry": {
        "type": "Point",
        "coordinates": [
          115.07803,
          -2.75831
        ]
      },
      "properties": {
        "confidence": "medium",
        "confidence_value": null,
        "sumber": "NASA-NOAA20",
        "date_hotspot": "Senin, 14 September 2026 12:40:00",
        "date_hotspot_ori": "2026-09-14T05:40:00.000000Z",
        "provinsi": null,
        "kabkota": "Hulu Sungai Selatan",
        "desa": "Muning Dalam",
        "hs_id": "2026-09-14T05:40:00.000000Z",
        "provinsi_id": 12,
        "long": 115.07803,
        "ori_sumber": null,
        "desa_id": null,
        "counter": 1,
        "confidence_level": "medium",
        "kawasan": "",
        "kecamatan": "Daha Selatan",
        "nama_provinsi": "Kalimantan Selatan",
        "pulau": "",
        "route_create": "https://opsroom.sipongidata.my.id/daops/laporan/groundcheck/create/form",
        "hotspot_date": "2026-09-14",
        "distance_hgu_km": 0.915,
        "zone": "0–1 km",
        "location_status": "OUTSIDE HGU"
      }
    },
    {
      "type": "Feature",
      "geometry": {
        "type": "Point",
        "coordinates": [
          115.17991,
          -2.71373
        ]
      },
      "properties": {
        "confidence": "medium",
        "confidence_value": null,
        "sumber": "NASA-NOAA20",
        "date_hotspot": "Senin, 14 September 2026 12:40:00",
        "date_hotspot_ori": "2026-09-14T05:40:00.000000Z",
        "provinsi": null,
        "kabkota": "Hulu Sungai Selatan",
        "desa": "Lungau",
        "hs_id": "2026-09-14T05:40:00.000000Z",
        "provinsi_id": 12,
        "long": 115.17991,
        "ori_sumber": null,
        "desa_id": null,
        "counter": 1,
        "confidence_level": "medium",
        "kawasan": "",
        "kecamatan": "Kandangan",
        "nama_provinsi": "Kalimantan Selatan",
        "pulau": "",
        "route_create": "https://opsroom.sipongidata.my.id/daops/laporan/groundcheck/create/form",
        "hotspot_date": "2026-09-14",
        "distance_hgu_km": 0.904,
        "zone": "0–1 km",
        "location_status": "OUTSIDE HGU"
      }
    },
    {
      "type": "Feature",
      "geometry": {
        "type": "Point",
        "coordinates": [
          115.17465,
          -2.76202
        ]
      },
      "properties": {
        "confidence": "medium",
        "confidence_value": null,
        "sumber": "NASA-NOAA20",
        "date_hotspot": "Senin, 14 September 2026 12:40:00",
        "date_hotspot_ori": "2026-09-14T05:40:00.000000Z",
        "provinsi": null,
        "kabkota": "Hulu Sungai Selatan",
        "desa": "Panjampang Bahagia",
        "hs_id": "2026-09-14T05:40:00.000000Z",
        "provinsi_id": 12,
        "long": 115.17465,
        "ori_sumber": null,
        "desa_id": null,
        "counter": 1,
        "confidence_level": "medium",
        "kawasan": "",
        "kecamatan": "Simpur",
        "nama_provinsi": "Kalimantan Selatan",
        "pulau": "",
        "route_create": "https://opsroom.sipongidata.my.id/daops/laporan/groundcheck/create/form",
        "hotspot_date": "2026-09-14",
        "distance_hgu_km": 0.0,
        "zone": "Inside HGU",
        "location_status": "INSIDE HGU"
      }
    },
    {
      "type": "Feature",
      "geometry": {
        "type": "Point",
        "coordinates": [
          115.12065,
          -2.85652
        ]
      },
      "properties": {
        "confidence": "medium",
        "confidence_value": null,
        "sumber": "NASA-SNPP",
        "date_hotspot": "Selasa, 22 September 2026 13:10:00",
        "date_hotspot_ori": "2026-09-22T06:10:00.000000Z",
        "provinsi": null,
        "kabkota": "Tapin",
        "desa": "Masta",
        "hs_id": "2026-09-22T06:10:00.000000Z",
        "provinsi_id": 12,
        "long": 115.12065,
        "ori_sumber": null,
        "desa_id": null,
        "counter": 1,
        "confidence_level": "medium",
        "kawasan": "",
        "kecamatan": "Bakarangan",
        "nama_provinsi": "Kalimantan Selatan",
        "pulau": "",
        "route_create": "https://opsroom.sipongidata.my.id/daops/laporan/groundcheck/create/form",
        "hotspot_date": "2026-09-22",
        "distance_hgu_km": 2.692,
        "zone": "1–3 km",
        "location_status": "OUTSIDE HGU"
      }
    },
    {
      "type": "Feature",
      "geometry": {
        "type": "Point",
        "coordinates": [
          115.17972,
          -2.79806
        ]
      },
      "properties": {
        "confidence": "medium",
        "confidence_value": null,
        "sumber": "NASA-SNPP",
        "date_hotspot": "Senin, 14 September 2026 12:21:00",
        "date_hotspot_ori": "2026-09-14T05:21:00.000000Z",
        "provinsi": null,
        "kabkota": "Hulu Sungai Selatan",
        "desa": "Tambingkar",
        "hs_id": "2026-09-14T05:21:00.000000Z",
        "provinsi_id": 12,
        "long": 115.17972,
        "ori_sumber": null,
        "desa_id": null,
        "counter": 1,
        "confidence_level": "medium",
        "kawasan": "",
        "kecamatan": "Kalumpang",
        "nama_provinsi": "Kalimantan Selatan",
        "pulau": "",
        "route_create": "https://opsroom.sipongidata.my.id/daops/laporan/groundcheck/create/form",
        "hotspot_date": "2026-09-14",
        "distance_hgu_km": 0.84,
        "zone": "0–1 km",
        "location_status": "OUTSIDE HGU"
      }
    },
    {
      "type": "Feature",
      "geometry": {
        "type": "Point",
        "coordinates": [
          115.04492,
          -2.83379
        ]
      },
      "properties": {
        "confidence": "medium",
        "confidence_value": null,
        "sumber": "NASA-NOAA20",
        "date_hotspot": "Senin, 21 September 2026 12:08:00",
        "date_hotspot_ori": "2026-09-21T05:08:00.000000Z",
        "provinsi": null,
        "kabkota": "Tapin",
        "desa": "Sungai Rutas",
        "hs_id": "2026-09-21T05:08:00.000000Z",
        "provinsi_id": 12,
        "long": 115.04492,
        "ori_sumber": null,
        "desa_id": null,
        "counter": 1,
        "confidence_level": "medium",
        "kawasan": "",
        "kecamatan": "Candi Laras Selatan",
        "nama_provinsi": "Kalimantan Selatan",
        "pulau": "",
        "route_create": "https://opsroom.sipongidata.my.id/daops/laporan/groundcheck/create/form",
        "hotspot_date": "2026-09-21",
        "distance_hgu_km": 3.504,
        "zone": "3–5 km",
        "location_status": "OUTSIDE HGU"
      }
    },
    {
      "type": "Feature",
      "geometry": {
        "type": "Point",
        "coordinates": [
          115.12903,
          -2.852
        ]
      },
      "properties": {
        "confidence": "medium",
        "confidence_value": null,
        "sumber": "NASA-SNPP",
        "date_hotspot": "Senin, 21 September 2026 13:31:00",
        "date_hotspot_ori": "2026-09-21T06:31:00.000000Z",
        "provinsi": null,
        "kabkota": "Tapin",
        "desa": "Masta",
        "hs_id": "2026-09-21T06:31:00.000000Z",
        "provinsi_id": 12,
        "long": 115.12903,
        "ori_sumber": null,
        "desa_id": null,
        "counter": 2,
        "confidence_level": "medium",
        "kawasan": "",
        "kecamatan": "Bakarangan",
        "nama_provinsi": "Kalimantan Selatan",
        "pulau": "",
        "route_create": "https://opsroom.sipongidata.my.id/daops/laporan/groundcheck/create/form",
        "hotspot_date": "2026-09-21",
        "distance_hgu_km": 2.855,
        "zone": "1–3 km",
        "location_status": "OUTSIDE HGU"
      }
    },
    {
      "type": "Feature",
      "geometry": {
        "type": "Point",
        "coordinates": [
          115.15276,
          -2.84134
        ]
      },
      "properties": {
        "confidence": "medium",
        "confidence_value": null,
        "sumber": "NASA-SNPP",
        "date_hotspot": "Senin, 21 September 2026 13:31:00",
        "date_hotspot_ori": "2026-09-21T06:31:00.000000Z",
        "provinsi": null,
        "kabkota": "Hulu Sungai Selatan",
        "desa": "Kalumpang",
        "hs_id": "2026-09-21T06:31:00.000000Z",
        "provinsi_id": 12,
        "long": 115.15276,
        "ori_sumber": null,
        "desa_id": null,
        "counter": 1,
        "confidence_level": "medium",
        "kawasan": "",
        "kecamatan": "Kalumpang",
        "nama_provinsi": "Kalimantan Selatan",
        "pulau": "",
        "route_create": "https://opsroom.sipongidata.my.id/daops/laporan/groundcheck/create/form",
        "hotspot_date": "2026-09-21",
        "distance_hgu_km": 3.992,
        "zone": "3–5 km",
        "location_status": "OUTSIDE HGU"
      }
    },
    {
      "type": "Feature",
      "geometry": {
        "type": "Point",
        "coordinates": [
          115.0572,
          -2.80968
        ]
      },
      "properties": {
        "confidence": "medium",
        "confidence_value": null,
        "sumber": "NASA-NOAA20",
        "date_hotspot": "Selasa, 15 September 2026 12:23:00",
        "date_hotspot_ori": "2026-09-15T05:23:00.000000Z",
        "provinsi": null,
        "kabkota": "Tapin",
        "desa": "Sungai Rutas",
        "hs_id": "2026-09-15T05:23:00.000000Z",
        "provinsi_id": 12,
        "long": 115.0572,
        "ori_sumber": null,
        "desa_id": null,
        "counter": 1,
        "confidence_level": "medium",
        "kawasan": "",
        "kecamatan": "Candi Laras Selatan",
        "nama_provinsi": "Kalimantan Selatan",
        "pulau": "",
        "route_create": "https://opsroom.sipongidata.my.id/daops/laporan/groundcheck/create/form",
        "hotspot_date": "2026-09-15",
        "distance_hgu_km": 1.762,
        "zone": "1–3 km",
        "location_status": "OUTSIDE HGU"
      }
    },
    {
      "type": "Feature",
      "geometry": {
        "type": "Point",
        "coordinates": [
          115.16203,
          -2.80906
        ]
      },
      "properties": {
        "confidence": "medium",
        "confidence_value": null,
        "sumber": "NASA-NOAA20",
        "date_hotspot": "Selasa, 15 September 2026 12:23:00",
        "date_hotspot_ori": "2026-09-15T05:23:00.000000Z",
        "provinsi": null,
        "kabkota": "Hulu Sungai Selatan",
        "desa": "Kalumpang",
        "hs_id": "2026-09-15T05:23:00.000000Z",
        "provinsi_id": 12,
        "long": 115.16203,
        "ori_sumber": null,
        "desa_id": null,
        "counter": 1,
        "confidence_level": "medium",
        "kawasan": "",
        "kecamatan": "Kalumpang",
        "nama_provinsi": "Kalimantan Selatan",
        "pulau": "",
        "route_create": "https://opsroom.sipongidata.my.id/daops/laporan/groundcheck/create/form",
        "hotspot_date": "2026-09-15",
        "distance_hgu_km": 1.07,
        "zone": "1–3 km",
        "location_status": "OUTSIDE HGU"
      }
    },
    {
      "type": "Feature",
      "geometry": {
        "type": "Point",
        "coordinates": [
          115.16349,
          -2.74432
        ]
      },
      "properties": {
        "confidence": "medium",
        "confidence_value": null,
        "sumber": "NASA-NOAA20",
        "date_hotspot": "Selasa, 15 September 2026 12:23:00",
        "date_hotspot_ori": "2026-09-15T05:23:00.000000Z",
        "provinsi": null,
        "kabkota": "Hulu Sungai Selatan",
        "desa": "Panjampang Bahagia",
        "hs_id": "2026-09-15T05:23:00.000000Z",
        "provinsi_id": 12,
        "long": 115.16349,
        "ori_sumber": null,
        "desa_id": null,
        "counter": 1,
        "confidence_level": "medium",
        "kawasan": "",
        "kecamatan": "Simpur",
        "nama_provinsi": "Kalimantan Selatan",
        "pulau": "",
        "route_create": "https://opsroom.sipongidata.my.id/daops/laporan/groundcheck/create/form",
        "hotspot_date": "2026-09-15",
        "distance_hgu_km": 0.0,
        "zone": "Inside HGU",
        "location_status": "INSIDE HGU"
      }
    },
    {
      "type": "Feature",
      "geometry": {
        "type": "Point",
        "coordinates": [
          115.1902,
          -2.81477
        ]
      },
      "properties": {
        "confidence": "medium",
        "confidence_value": null,
        "sumber": "NASA-NOAA20",
        "date_hotspot": "Selasa, 15 September 2026 12:23:00",
        "date_hotspot_ori": "2026-09-15T05:23:00.000000Z",
        "provinsi": null,
        "kabkota": "Hulu Sungai Selatan",
        "desa": "Tebing Tinggi",
        "hs_id": "2026-09-15T05:23:00.000000Z",
        "provinsi_id": 12,
        "long": 115.1902,
        "ori_sumber": null,
        "desa_id": null,
        "counter": 2,
        "confidence_level": "medium",
        "kawasan": "",
        "kecamatan": "Simpur",
        "nama_provinsi": "Kalimantan Selatan",
        "pulau": "",
        "route_create": "https://opsroom.sipongidata.my.id/daops/laporan/groundcheck/create/form",
        "hotspot_date": "2026-09-15",
        "distance_hgu_km": 2.832,
        "zone": "1–3 km",
        "location_status": "OUTSIDE HGU"
      }
    },
    {
      "type": "Feature",
      "geometry": {
        "type": "Point",
        "coordinates": [
          115.16406,
          -2.72084
        ]
      },
      "properties": {
        "confidence": "medium",
        "confidence_value": null,
        "sumber": "NASA-NOAA20",
        "date_hotspot": "Selasa, 15 September 2026 12:23:00",
        "date_hotspot_ori": "2026-09-15T05:23:00.000000Z",
        "provinsi": null,
        "kabkota": "Hulu Sungai Selatan",
        "desa": "Pantai Ulin",
        "hs_id": "2026-09-15T05:23:00.000000Z",
        "provinsi_id": 12,
        "long": 115.16406,
        "ori_sumber": null,
        "desa_id": null,
        "counter": 1,
        "confidence_level": "medium",
        "kawasan": "",
        "kecamatan": "Simpur",
        "nama_provinsi": "Kalimantan Selatan",
        "pulau": "",
        "route_create": "https://opsroom.sipongidata.my.id/daops/laporan/groundcheck/create/form",
        "hotspot_date": "2026-09-15",
        "distance_hgu_km": 0.759,
        "zone": "0–1 km",
        "location_status": "OUTSIDE HGU"
      }
    },
    {
      "type": "Feature",
      "geometry": {
        "type": "Point",
        "coordinates": [
          115.07335,
          -2.73952
        ]
      },
      "properties": {
        "confidence": "medium",
        "confidence_value": null,
        "sumber": "NASA-NOAA20",
        "date_hotspot": "Selasa, 15 September 2026 12:23:00",
        "date_hotspot_ori": "2026-09-15T05:23:00.000000Z",
        "provinsi": null,
        "kabkota": "Hulu Sungai Selatan",
        "desa": "Muning Dalam",
        "hs_id": "2026-09-15T05:23:00.000000Z",
        "provinsi_id": 12,
        "long": 115.07335,
        "ori_sumber": null,
        "desa_id": null,
        "counter": 1,
        "confidence_level": "medium",
        "kawasan": "",
        "kecamatan": "Daha Selatan",
        "nama_provinsi": "Kalimantan Selatan",
        "pulau": "",
        "route_create": "https://opsroom.sipongidata.my.id/daops/laporan/groundcheck/create/form",
        "hotspot_date": "2026-09-15",
        "distance_hgu_km": 2.915,
        "zone": "1–3 km",
        "location_status": "OUTSIDE HGU"
      }
    },
    {
      "type": "Feature",
      "geometry": {
        "type": "Point",
        "coordinates": [
          115.1338,
          -2.70056
        ]
      },
      "properties": {
        "confidence": "medium",
        "confidence_value": null,
        "sumber": "NASA-NOAA20",
        "date_hotspot": "Selasa, 15 September 2026 12:23:00",
        "date_hotspot_ori": "2026-09-15T05:23:00.000000Z",
        "provinsi": null,
        "kabkota": "Hulu Sungai Selatan",
        "desa": "Muning Baru",
        "hs_id": "2026-09-15T05:23:00.000000Z",
        "provinsi_id": 12,
        "long": 115.1338,
        "ori_sumber": null,
        "desa_id": null,
        "counter": 2,
        "confidence_level": "medium",
        "kawasan": "",
        "kecamatan": "Daha Selatan",
        "nama_provinsi": "Kalimantan Selatan",
        "pulau": "",
        "route_create": "https://opsroom.sipongidata.my.id/daops/laporan/groundcheck/create/form",
        "hotspot_date": "2026-09-15",
        "distance_hgu_km": 2.533,
        "zone": "1–3 km",
        "location_status": "OUTSIDE HGU"
      }
    },
    {
      "type": "Feature",
      "geometry": {
        "type": "Point",
        "coordinates": [
          115.13522,
          -2.83882
        ]
      },
      "properties": {
        "confidence": "medium",
        "confidence_value": null,
        "sumber": "NASA-SNPP",
        "date_hotspot": "Selasa, 22 September 2026 13:10:00",
        "date_hotspot_ori": "2026-09-22T06:10:00.000000Z",
        "provinsi": null,
        "kabkota": "Hulu Sungai Selatan",
        "desa": "Karang Paci",
        "hs_id": "2026-09-22T06:10:00.000000Z",
        "provinsi_id": 12,
        "long": 115.13522,
        "ori_sumber": null,
        "desa_id": null,
        "counter": 2,
        "confidence_level": "medium",
        "kawasan": "",
        "kecamatan": "Kalumpang",
        "nama_provinsi": "Kalimantan Selatan",
        "pulau": "",
        "route_create": "https://opsroom.sipongidata.my.id/daops/laporan/groundcheck/create/form",
        "hotspot_date": "2026-09-22",
        "distance_hgu_km": 2.808,
        "zone": "1–3 km",
        "location_status": "OUTSIDE HGU"
      }
    },
    {
      "type": "Feature",
      "geometry": {
        "type": "Point",
        "coordinates": [
          115.0756,
          -2.83967
        ]
      },
      "properties": {
        "confidence": "medium",
        "confidence_value": null,
        "sumber": "NASA-NOAA20",
        "date_hotspot": "Jumat, 18 September 2026 13:03:00",
        "date_hotspot_ori": "2026-09-18T06:03:00.000000Z",
        "provinsi": null,
        "kabkota": "Hulu Sungai Selatan",
        "desa": "Balimau",
        "hs_id": "2026-09-18T06:03:00.000000Z",
        "provinsi_id": 12,
        "long": 115.0756,
        "ori_sumber": null,
        "desa_id": null,
        "counter": 1,
        "confidence_level": "medium",
        "kawasan": "",
        "kecamatan": "Kalumpang",
        "nama_provinsi": "Kalimantan Selatan",
        "pulau": "",
        "route_create": "https://opsroom.sipongidata.my.id/daops/laporan/groundcheck/create/form",
        "hotspot_date": "2026-09-18",
        "distance_hgu_km": 0.559,
        "zone": "0–1 km",
        "location_status": "OUTSIDE HGU"
      }
    },
    {
      "type": "Feature",
      "geometry": {
        "type": "Point",
        "coordinates": [
          115.1908,
          -2.67478
        ]
      },
      "properties": {
        "confidence": "medium",
        "confidence_value": null,
        "sumber": "NASA-NOAA20",
        "date_hotspot": "Minggu, 06 September 2026 00:49:00",
        "date_hotspot_ori": "2026-09-05T17:49:00.000000Z",
        "provinsi": null,
        "kabkota": "Hulu Sungai Selatan",
        "desa": "Bangkau",
        "hs_id": "2026-09-05T17:49:00.000000Z",
        "provinsi_id": 12,
        "long": 115.1908,
        "ori_sumber": null,
        "desa_id": null,
        "counter": 1,
        "confidence_level": "medium",
        "kawasan": "",
        "kecamatan": "Kandangan",
        "nama_provinsi": "Kalimantan Selatan",
        "pulau": "",
        "route_create": "https://opsroom.sipongidata.my.id/daops/laporan/groundcheck/create/form",
        "hotspot_date": "2026-09-06",
        "distance_hgu_km": 4.944,
        "zone": "3–5 km",
        "location_status": "OUTSIDE HGU"
      }
    },
    {
      "type": "Feature",
      "geometry": {
        "type": "Point",
        "coordinates": [
          115.16048,
          -2.80502
        ]
      },
      "properties": {
        "confidence": "medium",
        "confidence_value": null,
        "sumber": "NASA-SNPP",
        "date_hotspot": "Minggu, 06 September 2026 13:10:00",
        "date_hotspot_ori": "2026-09-06T06:10:00.000000Z",
        "provinsi": null,
        "kabkota": "Hulu Sungai Selatan",
        "desa": "Balanti",
        "hs_id": "2026-09-06T06:10:00.000000Z",
        "provinsi_id": 12,
        "long": 115.16048,
        "ori_sumber": null,
        "desa_id": null,
        "counter": 1,
        "confidence_level": "medium",
        "kawasan": "",
        "kecamatan": "Kalumpang",
        "nama_provinsi": "Kalimantan Selatan",
        "pulau": "",
        "route_create": "https://opsroom.sipongidata.my.id/daops/laporan/groundcheck/create/form",
        "hotspot_date": "2026-09-06",
        "distance_hgu_km": 0.595,
        "zone": "0–1 km",
        "location_status": "OUTSIDE HGU"
      }
    },
    {
      "type": "Feature",
      "geometry": {
        "type": "Point",
        "coordinates": [
          115.14149,
          -2.73718
        ]
      },
      "properties": {
        "confidence": "medium",
        "confidence_value": null,
        "sumber": "NASA-SNPP",
        "date_hotspot": "Minggu, 06 September 2026 13:10:00",
        "date_hotspot_ori": "2026-09-06T06:10:00.000000Z",
        "provinsi": null,
        "kabkota": "Hulu Sungai Selatan",
        "desa": "Garunggang",
        "hs_id": "2026-09-06T06:10:00.000000Z",
        "provinsi_id": 12,
        "long": 115.14149,
        "ori_sumber": null,
        "desa_id": null,
        "counter": 1,
        "confidence_level": "medium",
        "kawasan": "",
        "kecamatan": "Simpur",
        "nama_provinsi": "Kalimantan Selatan",
        "pulau": "",
        "route_create": "https://opsroom.sipongidata.my.id/daops/laporan/groundcheck/create/form",
        "hotspot_date": "2026-09-06",
        "distance_hgu_km": 0.0,
        "zone": "Inside HGU",
        "location_status": "INSIDE HGU"
      }
    },
    {
      "type": "Feature",
      "geometry": {
        "type": "Point",
        "coordinates": [
          115.14568,
          -2.73651
        ]
      },
      "properties": {
        "confidence": "medium",
        "confidence_value": null,
        "sumber": "NASA-SNPP",
        "date_hotspot": "Minggu, 06 September 2026 13:10:00",
        "date_hotspot_ori": "2026-09-06T06:10:00.000000Z",
        "provinsi": null,
        "kabkota": "Hulu Sungai Selatan",
        "desa": "Garunggang",
        "hs_id": "2026-09-06T06:10:00.000000Z",
        "provinsi_id": 12,
        "long": 115.14568,
        "ori_sumber": null,
        "desa_id": null,
        "counter": 1,
        "confidence_level": "medium",
        "kawasan": "",
        "kecamatan": "Simpur",
        "nama_provinsi": "Kalimantan Selatan",
        "pulau": "",
        "route_create": "https://opsroom.sipongidata.my.id/daops/laporan/groundcheck/create/form",
        "hotspot_date": "2026-09-06",
        "distance_hgu_km": 0.0,
        "zone": "Inside HGU",
        "location_status": "INSIDE HGU"
      }
    },
    {
      "type": "Feature",
      "geometry": {
        "type": "Point",
        "coordinates": [
          115.14334,
          -2.74043
        ]
      },
      "properties": {
        "confidence": "medium",
        "confidence_value": null,
        "sumber": "NASA-SNPP",
        "date_hotspot": "Minggu, 06 September 2026 13:10:00",
        "date_hotspot_ori": "2026-09-06T06:10:00.000000Z",
        "provinsi": null,
        "kabkota": "Hulu Sungai Selatan",
        "desa": "Garunggang",
        "hs_id": "2026-09-06T06:10:00.000000Z",
        "provinsi_id": 12,
        "long": 115.14334,
        "ori_sumber": null,
        "desa_id": null,
        "counter": 1,
        "confidence_level": "medium",
        "kawasan": "",
        "kecamatan": "Simpur",
        "nama_provinsi": "Kalimantan Selatan",
        "pulau": "",
        "route_create": "https://opsroom.sipongidata.my.id/daops/laporan/groundcheck/create/form",
        "hotspot_date": "2026-09-06",
        "distance_hgu_km": 0.0,
        "zone": "Inside HGU",
        "location_status": "INSIDE HGU"
      }
    },
    {
      "type": "Feature",
      "geometry": {
        "type": "Point",
        "coordinates": [
          115.06637,
          -2.74109
        ]
      },
      "properties": {
        "confidence": "medium",
        "confidence_value": null,
        "sumber": "NASA-SNPP",
        "date_hotspot": "Minggu, 06 September 2026 13:10:00",
        "date_hotspot_ori": "2026-09-06T06:10:00.000000Z",
        "provinsi": null,
        "kabkota": "Hulu Sungai Selatan",
        "desa": "Muning Dalam",
        "hs_id": "2026-09-06T06:10:00.000000Z",
        "provinsi_id": 12,
        "long": 115.06637,
        "ori_sumber": null,
        "desa_id": null,
        "counter": 1,
        "confidence_level": "medium",
        "kawasan": "",
        "kecamatan": "Daha Selatan",
        "nama_provinsi": "Kalimantan Selatan",
        "pulau": "",
        "route_create": "https://opsroom.sipongidata.my.id/daops/laporan/groundcheck/create/form",
        "hotspot_date": "2026-09-06",
        "distance_hgu_km": 3.218,
        "zone": "3–5 km",
        "location_status": "OUTSIDE HGU"
      }
    },
    {
      "type": "Feature",
      "geometry": {
        "type": "Point",
        "coordinates": [
          115.09459,
          -2.8526
        ]
      },
      "properties": {
        "confidence": "medium",
        "confidence_value": null,
        "sumber": "NASA-SNPP",
        "date_hotspot": "Minggu, 06 September 2026 13:10:00",
        "date_hotspot_ori": "2026-09-06T06:10:00.000000Z",
        "provinsi": null,
        "kabkota": "Tapin",
        "desa": "Masta",
        "hs_id": "2026-09-06T06:10:00.000000Z",
        "provinsi_id": 12,
        "long": 115.09459,
        "ori_sumber": null,
        "desa_id": null,
        "counter": 1,
        "confidence_level": "medium",
        "kawasan": "",
        "kecamatan": "Bakarangan",
        "nama_provinsi": "Kalimantan Selatan",
        "pulau": "",
        "route_create": "https://opsroom.sipongidata.my.id/daops/laporan/groundcheck/create/form",
        "hotspot_date": "2026-09-06",
        "distance_hgu_km": 1.818,
        "zone": "1–3 km",
        "location_status": "OUTSIDE HGU"
      }
    },
    {
      "type": "Feature",
      "geometry": {
        "type": "Point",
        "coordinates": [
          115.10705,
          -2.84731
        ]
      },
      "properties": {
        "confidence": "medium",
        "confidence_value": null,
        "sumber": "NASA-NOAA20",
        "date_hotspot": "Minggu, 06 September 2026 13:29:00",
        "date_hotspot_ori": "2026-09-06T06:29:00.000000Z",
        "provinsi": null,
        "kabkota": "Tapin",
        "desa": "Masta",
        "hs_id": "2026-09-06T06:29:00.000000Z",
        "provinsi_id": 12,
        "long": 115.10705,
        "ori_sumber": null,
        "desa_id": null,
        "counter": 1,
        "confidence_level": "medium",
        "kawasan": "",
        "kecamatan": "Bakarangan",
        "nama_provinsi": "Kalimantan Selatan",
        "pulau": "",
        "route_create": "https://opsroom.sipongidata.my.id/daops/laporan/groundcheck/create/form",
        "hotspot_date": "2026-09-06",
        "distance_hgu_km": 1.208,
        "zone": "1–3 km",
        "location_status": "OUTSIDE HGU"
      }
    },
    {
      "type": "Feature",
      "geometry": {
        "type": "Point",
        "coordinates": [
          115.11692,
          -2.80063
        ]
      },
      "properties": {
        "confidence": "medium",
        "confidence_value": null,
        "sumber": "NASA-SNPP",
        "date_hotspot": "Minggu, 06 September 2026 13:10:00",
        "date_hotspot_ori": "2026-09-06T06:10:00.000000Z",
        "provinsi": null,
        "kabkota": "Hulu Sungai Selatan",
        "desa": "Bago Tanggul",
        "hs_id": "2026-09-06T06:10:00.000000Z",
        "provinsi_id": 12,
        "long": 115.11692,
        "ori_sumber": null,
        "desa_id": null,
        "counter": 1,
        "confidence_level": "medium",
        "kawasan": "",
        "kecamatan": "Kalumpang",
        "nama_provinsi": "Kalimantan Selatan",
        "pulau": "",
        "route_create": "https://opsroom.sipongidata.my.id/daops/laporan/groundcheck/create/form",
        "hotspot_date": "2026-09-06",
        "distance_hgu_km": 0.0,
        "zone": "Inside HGU",
        "location_status": "INSIDE HGU"
      }
    },
    {
      "type": "Feature",
      "geometry": {
        "type": "Point",
        "coordinates": [
          115.08104,
          -2.76166
        ]
      },
      "properties": {
        "confidence": "medium",
        "confidence_value": null,
        "sumber": "NASA-SNPP",
        "date_hotspot": "Minggu, 06 September 2026 13:10:00",
        "date_hotspot_ori": "2026-09-06T06:10:00.000000Z",
        "provinsi": null,
        "kabkota": "Hulu Sungai Selatan",
        "desa": "Muning Dalam",
        "hs_id": "2026-09-06T06:10:00.000000Z",
        "provinsi_id": 12,
        "long": 115.08104,
        "ori_sumber": null,
        "desa_id": null,
        "counter": 1,
        "confidence_level": "medium",
        "kawasan": "",
        "kecamatan": "Daha Selatan",
        "nama_provinsi": "Kalimantan Selatan",
        "pulau": "",
        "route_create": "https://opsroom.sipongidata.my.id/daops/laporan/groundcheck/create/form",
        "hotspot_date": "2026-09-06",
        "distance_hgu_km": 0.419,
        "zone": "0–1 km",
        "location_status": "OUTSIDE HGU"
      }
    },
    {
      "type": "Feature",
      "geometry": {
        "type": "Point",
        "coordinates": [
          115.16183,
          -2.6899
        ]
      },
      "properties": {
        "confidence": "medium",
        "confidence_value": null,
        "sumber": "NASA-SNPP",
        "date_hotspot": "Senin, 07 September 2026 00:11:00",
        "date_hotspot_ori": "2026-09-06T17:11:00.000000Z",
        "provinsi": null,
        "kabkota": "Hulu Sungai Selatan",
        "desa": "Muning Baru",
        "hs_id": "2026-09-06T17:11:00.000000Z",
        "provinsi_id": 12,
        "long": 115.16183,
        "ori_sumber": null,
        "desa_id": null,
        "counter": 3,
        "confidence_level": "medium",
        "kawasan": "",
        "kecamatan": "Daha Selatan",
        "nama_provinsi": "Kalimantan Selatan",
        "pulau": "",
        "route_create": "https://opsroom.sipongidata.my.id/daops/laporan/groundcheck/create/form",
        "hotspot_date": "2026-09-07",
        "distance_hgu_km": 4.062,
        "zone": "3–5 km",
        "location_status": "OUTSIDE HGU"
      }
    },
    {
      "type": "Feature",
      "geometry": {
        "type": "Point",
        "coordinates": [
          115.15334,
          -2.68846
        ]
      },
      "properties": {
        "confidence": "medium",
        "confidence_value": null,
        "sumber": "NASA-SNPP",
        "date_hotspot": "Senin, 07 September 2026 00:11:00",
        "date_hotspot_ori": "2026-09-06T17:11:00.000000Z",
        "provinsi": null,
        "kabkota": "Hulu Sungai Selatan",
        "desa": "Muning Baru",
        "hs_id": "2026-09-06T17:11:00.000000Z",
        "provinsi_id": 12,
        "long": 115.15334,
        "ori_sumber": null,
        "desa_id": null,
        "counter": 3,
        "confidence_level": "medium",
        "kawasan": "",
        "kecamatan": "Daha Selatan",
        "nama_provinsi": "Kalimantan Selatan",
        "pulau": "",
        "route_create": "https://opsroom.sipongidata.my.id/daops/laporan/groundcheck/create/form",
        "hotspot_date": "2026-09-07",
        "distance_hgu_km": 4.465,
        "zone": "3–5 km",
        "location_status": "OUTSIDE HGU"
      }
    },
    {
      "type": "Feature",
      "geometry": {
        "type": "Point",
        "coordinates": [
          115.12907,
          -2.72154
        ]
      },
      "properties": {
        "confidence": "medium",
        "confidence_value": null,
        "sumber": "NASA-NOAA20",
        "date_hotspot": "Sabtu, 12 September 2026 00:37:00",
        "date_hotspot_ori": "2026-09-11T17:37:00.000000Z",
        "provinsi": null,
        "kabkota": "Hulu Sungai Selatan",
        "desa": "Muning Baru",
        "hs_id": "2026-09-11T17:37:00.000000Z",
        "provinsi_id": 12,
        "long": 115.12907,
        "ori_sumber": null,
        "desa_id": null,
        "counter": 2,
        "confidence_level": "medium",
        "kawasan": "",
        "kecamatan": "Daha Selatan",
        "nama_provinsi": "Kalimantan Selatan",
        "pulau": "",
        "route_create": "https://opsroom.sipongidata.my.id/daops/laporan/groundcheck/create/form",
        "hotspot_date": "2026-09-12",
        "distance_hgu_km": 0.503,
        "zone": "0–1 km",
        "location_status": "OUTSIDE HGU"
      }
    },
    {
      "type": "Feature",
      "geometry": {
        "type": "Point",
        "coordinates": [
          115.07164,
          -2.8387
        ]
      },
      "properties": {
        "confidence": "medium",
        "confidence_value": null,
        "sumber": "NASA-SNPP",
        "date_hotspot": "Sabtu, 19 September 2026 12:25:00",
        "date_hotspot_ori": "2026-09-19T05:25:00.000000Z",
        "provinsi": null,
        "kabkota": "Hulu Sungai Selatan",
        "desa": "Balimau",
        "hs_id": "2026-09-19T05:25:00.000000Z",
        "provinsi_id": 12,
        "long": 115.07164,
        "ori_sumber": null,
        "desa_id": null,
        "counter": 2,
        "confidence_level": "medium",
        "kawasan": "",
        "kecamatan": "Kalumpang",
        "nama_provinsi": "Kalimantan Selatan",
        "pulau": "",
        "route_create": "https://opsroom.sipongidata.my.id/daops/laporan/groundcheck/create/form",
        "hotspot_date": "2026-09-19",
        "distance_hgu_km": 0.751,
        "zone": "0–1 km",
        "location_status": "OUTSIDE HGU"
      }
    },
    {
      "type": "Feature",
      "geometry": {
        "type": "Point",
        "coordinates": [
          115.10384,
          -2.69172
        ]
      },
      "properties": {
        "confidence": "medium",
        "confidence_value": null,
        "sumber": "NASA-SNPP",
        "date_hotspot": "Senin, 07 September 2026 12:53:00",
        "date_hotspot_ori": "2026-09-07T05:53:00.000000Z",
        "provinsi": null,
        "kabkota": "Hulu Sungai Selatan",
        "desa": "Muning Tengah",
        "hs_id": "2026-09-07T05:53:00.000000Z",
        "provinsi_id": 12,
        "long": 115.10384,
        "ori_sumber": null,
        "desa_id": null,
        "counter": 2,
        "confidence_level": "medium",
        "kawasan": "",
        "kecamatan": "Daha Selatan",
        "nama_provinsi": "Kalimantan Selatan",
        "pulau": "",
        "route_create": "https://opsroom.sipongidata.my.id/daops/laporan/groundcheck/create/form",
        "hotspot_date": "2026-09-07",
        "distance_hgu_km": 4.803,
        "zone": "3–5 km",
        "location_status": "OUTSIDE HGU"
      }
    },
    {
      "type": "Feature",
      "geometry": {
        "type": "Point",
        "coordinates": [
          115.12917,
          -2.72284
        ]
      },
      "properties": {
        "confidence": "medium",
        "confidence_value": null,
        "sumber": "NASA-SNPP",
        "date_hotspot": "Senin, 28 September 2026 12:57:00",
        "date_hotspot_ori": "2026-09-28T05:57:00.000000Z",
        "provinsi": null,
        "kabkota": "Hulu Sungai Selatan",
        "desa": "Muning Baru",
        "hs_id": "2026-09-28T05:57:00.000000Z",
        "provinsi_id": 12,
        "long": 115.12917,
        "ori_sumber": null,
        "desa_id": null,
        "counter": 1,
        "confidence_level": "medium",
        "kawasan": "",
        "kecamatan": "Daha Selatan",
        "nama_provinsi": "Kalimantan Selatan",
        "pulau": "",
        "route_create": "https://opsroom.sipongidata.my.id/daops/laporan/groundcheck/create/form",
        "hotspot_date": "2026-09-28",
        "distance_hgu_km": 0.415,
        "zone": "0–1 km",
        "location_status": "OUTSIDE HGU"
      }
    },
    {
      "type": "Feature",
      "geometry": {
        "type": "Point",
        "coordinates": [
          115.18459,
          -2.67877
        ]
      },
      "properties": {
        "confidence": "medium",
        "confidence_value": null,
        "sumber": "NASA-NOAA20",
        "date_hotspot": "Senin, 28 September 2026 13:18:00",
        "date_hotspot_ori": "2026-09-28T06:18:00.000000Z",
        "provinsi": null,
        "kabkota": "Hulu Sungai Selatan",
        "desa": "Bangkau",
        "hs_id": "2026-09-28T06:18:00.000000Z",
        "provinsi_id": 12,
        "long": 115.18459,
        "ori_sumber": null,
        "desa_id": null,
        "counter": 1,
        "confidence_level": "medium",
        "kawasan": "",
        "kecamatan": "Kandangan",
        "nama_provinsi": "Kalimantan Selatan",
        "pulau": "",
        "route_create": "https://opsroom.sipongidata.my.id/daops/laporan/groundcheck/create/form",
        "hotspot_date": "2026-09-28",
        "distance_hgu_km": 4.518,
        "zone": "3–5 km",
        "location_status": "OUTSIDE HGU"
      }
    },
    {
      "type": "Feature",
      "geometry": {
        "type": "Point",
        "coordinates": [
          115.16823,
          -2.69054
        ]
      },
      "properties": {
        "confidence": "medium",
        "confidence_value": null,
        "sumber": "NASA-NOAA20",
        "date_hotspot": "Senin, 28 September 2026 13:18:00",
        "date_hotspot_ori": "2026-09-28T06:18:00.000000Z",
        "provinsi": null,
        "kabkota": "Hulu Sungai Selatan",
        "desa": "Muning Baru",
        "hs_id": "2026-09-28T06:18:00.000000Z",
        "provinsi_id": 12,
        "long": 115.16823,
        "ori_sumber": null,
        "desa_id": null,
        "counter": 1,
        "confidence_level": "medium",
        "kawasan": "",
        "kecamatan": "Daha Selatan",
        "nama_provinsi": "Kalimantan Selatan",
        "pulau": "",
        "route_create": "https://opsroom.sipongidata.my.id/daops/laporan/groundcheck/create/form",
        "hotspot_date": "2026-09-28",
        "distance_hgu_km": 3.754,
        "zone": "3–5 km",
        "location_status": "OUTSIDE HGU"
      }
    },
    {
      "type": "Feature",
      "geometry": {
        "type": "Point",
        "coordinates": [
          115.13415,
          -2.70213
        ]
      },
      "properties": {
        "confidence": "medium",
        "confidence_value": null,
        "sumber": "NASA-SNPP",
        "date_hotspot": "Selasa, 15 September 2026 13:42:00",
        "date_hotspot_ori": "2026-09-15T06:42:00.000000Z",
        "provinsi": null,
        "kabkota": "Hulu Sungai Selatan",
        "desa": "Muning Baru",
        "hs_id": "2026-09-15T06:42:00.000000Z",
        "provinsi_id": 12,
        "long": 115.13415,
        "ori_sumber": null,
        "desa_id": null,
        "counter": 4,
        "confidence_level": "medium",
        "kawasan": "",
        "kecamatan": "Daha Selatan",
        "nama_provinsi": "Kalimantan Selatan",
        "pulau": "",
        "route_create": "https://opsroom.sipongidata.my.id/daops/laporan/groundcheck/create/form",
        "hotspot_date": "2026-09-15",
        "distance_hgu_km": 2.36,
        "zone": "1–3 km",
        "location_status": "OUTSIDE HGU"
      }
    },
    {
      "type": "Feature",
      "geometry": {
        "type": "Point",
        "coordinates": [
          115.15733,
          -2.80003
        ]
      },
      "properties": {
        "confidence": "medium",
        "confidence_value": null,
        "sumber": "NASA-NOAA20",
        "date_hotspot": "Rabu, 16 September 2026 01:04:00",
        "date_hotspot_ori": "2026-09-15T18:04:00.000000Z",
        "provinsi": null,
        "kabkota": "Hulu Sungai Selatan",
        "desa": "Kalumpang",
        "hs_id": "2026-09-15T18:04:00.000000Z",
        "provinsi_id": 12,
        "long": 115.15733,
        "ori_sumber": null,
        "desa_id": null,
        "counter": 1,
        "confidence_level": "medium",
        "kawasan": "",
        "kecamatan": "Kalumpang",
        "nama_provinsi": "Kalimantan Selatan",
        "pulau": "",
        "route_create": "https://opsroom.sipongidata.my.id/daops/laporan/groundcheck/create/form",
        "hotspot_date": "2026-09-16",
        "distance_hgu_km": 0.022,
        "zone": "0–1 km",
        "location_status": "OUTSIDE HGU"
      }
    },
    {
      "type": "Feature",
      "geometry": {
        "type": "Point",
        "coordinates": [
          115.15304,
          -2.6948
        ]
      },
      "properties": {
        "confidence": "medium",
        "confidence_value": null,
        "sumber": "NASA-SNPP",
        "date_hotspot": "Rabu, 16 September 2026 00:43:00",
        "date_hotspot_ori": "2026-09-15T17:43:00.000000Z",
        "provinsi": null,
        "kabkota": "Hulu Sungai Selatan",
        "desa": "Muning Baru",
        "hs_id": "2026-09-15T17:43:00.000000Z",
        "provinsi_id": 12,
        "long": 115.15304,
        "ori_sumber": null,
        "desa_id": null,
        "counter": 3,
        "confidence_level": "medium",
        "kawasan": "",
        "kecamatan": "Daha Selatan",
        "nama_provinsi": "Kalimantan Selatan",
        "pulau": "",
        "route_create": "https://opsroom.sipongidata.my.id/daops/laporan/groundcheck/create/form",
        "hotspot_date": "2026-09-16",
        "distance_hgu_km": 3.854,
        "zone": "3–5 km",
        "location_status": "OUTSIDE HGU"
      }
    },
    {
      "type": "Feature",
      "geometry": {
        "type": "Point",
        "coordinates": [
          115.15428,
          -2.76912
        ]
      },
      "properties": {
        "confidence": "medium",
        "confidence_value": null,
        "sumber": "NASA-SNPP",
        "date_hotspot": "Selasa, 22 September 2026 13:10:00",
        "date_hotspot_ori": "2026-09-22T06:10:00.000000Z",
        "provinsi": null,
        "kabkota": "Hulu Sungai Selatan",
        "desa": "Garunggang",
        "hs_id": "2026-09-22T06:10:00.000000Z",
        "provinsi_id": 12,
        "long": 115.15428,
        "ori_sumber": null,
        "desa_id": null,
        "counter": 1,
        "confidence_level": "medium",
        "kawasan": "",
        "kecamatan": "Simpur",
        "nama_provinsi": "Kalimantan Selatan",
        "pulau": "",
        "route_create": "https://opsroom.sipongidata.my.id/daops/laporan/groundcheck/create/form",
        "hotspot_date": "2026-09-22",
        "distance_hgu_km": 0.0,
        "zone": "Inside HGU",
        "location_status": "INSIDE HGU"
      }
    },
    {
      "type": "Feature",
      "geometry": {
        "type": "Point",
        "coordinates": [
          115.15012,
          -2.70969
        ]
      },
      "properties": {
        "confidence": "medium",
        "confidence_value": null,
        "sumber": "NASA-SNPP",
        "date_hotspot": "Selasa, 22 September 2026 13:10:00",
        "date_hotspot_ori": "2026-09-22T06:10:00.000000Z",
        "provinsi": null,
        "kabkota": "Hulu Sungai Selatan",
        "desa": "Pantai Ulin",
        "hs_id": "2026-09-22T06:10:00.000000Z",
        "provinsi_id": 12,
        "long": 115.15012,
        "ori_sumber": null,
        "desa_id": null,
        "counter": 1,
        "confidence_level": "medium",
        "kawasan": "",
        "kecamatan": "Simpur",
        "nama_provinsi": "Kalimantan Selatan",
        "pulau": "",
        "route_create": "https://opsroom.sipongidata.my.id/daops/laporan/groundcheck/create/form",
        "hotspot_date": "2026-09-22",
        "distance_hgu_km": 2.398,
        "zone": "1–3 km",
        "location_status": "OUTSIDE HGU"
      }
    },
    {
      "type": "Feature",
      "geometry": {
        "type": "Point",
        "coordinates": [
          115.12376,
          -2.73229
        ]
      },
      "properties": {
        "confidence": "medium",
        "confidence_value": null,
        "sumber": "NASA-SNPP",
        "date_hotspot": "Selasa, 22 September 2026 13:10:00",
        "date_hotspot_ori": "2026-09-22T06:10:00.000000Z",
        "provinsi": null,
        "kabkota": "Hulu Sungai Selatan",
        "desa": "Muning Baru",
        "hs_id": "2026-09-22T06:10:00.000000Z",
        "provinsi_id": 12,
        "long": 115.12376,
        "ori_sumber": null,
        "desa_id": null,
        "counter": 3,
        "confidence_level": "medium",
        "kawasan": "",
        "kecamatan": "Daha Selatan",
        "nama_provinsi": "Kalimantan Selatan",
        "pulau": "",
        "route_create": "https://opsroom.sipongidata.my.id/daops/laporan/groundcheck/create/form",
        "hotspot_date": "2026-09-22",
        "distance_hgu_km": 0.138,
        "zone": "0–1 km",
        "location_status": "OUTSIDE HGU"
      }
    },
    {
      "type": "Feature",
      "geometry": {
        "type": "Point",
        "coordinates": [
          115.18217,
          -2.72333
        ]
      },
      "properties": {
        "confidence": "medium",
        "confidence_value": null,
        "sumber": "NASA-SNPP",
        "date_hotspot": "Selasa, 22 September 2026 13:10:00",
        "date_hotspot_ori": "2026-09-22T06:10:00.000000Z",
        "provinsi": null,
        "kabkota": "Hulu Sungai Selatan",
        "desa": "Pantai Ulin",
        "hs_id": "2026-09-22T06:10:00.000000Z",
        "provinsi_id": 12,
        "long": 115.18217,
        "ori_sumber": null,
        "desa_id": null,
        "counter": 1,
        "confidence_level": "medium",
        "kawasan": "",
        "kecamatan": "Simpur",
        "nama_provinsi": "Kalimantan Selatan",
        "pulau": "",
        "route_create": "https://opsroom.sipongidata.my.id/daops/laporan/groundcheck/create/form",
        "hotspot_date": "2026-09-22",
        "distance_hgu_km": 0.0,
        "zone": "Inside HGU",
        "location_status": "INSIDE HGU"
      }
    },
    {
      "type": "Feature",
      "geometry": {
        "type": "Point",
        "coordinates": [
          115.14317,
          -2.69221
        ]
      },
      "properties": {
        "confidence": "medium",
        "confidence_value": null,
        "sumber": "NASA-SNPP",
        "date_hotspot": "Selasa, 22 September 2026 13:10:00",
        "date_hotspot_ori": "2026-09-22T06:10:00.000000Z",
        "provinsi": null,
        "kabkota": "Hulu Sungai Selatan",
        "desa": "Muning Baru",
        "hs_id": "2026-09-22T06:10:00.000000Z",
        "provinsi_id": 12,
        "long": 115.14317,
        "ori_sumber": null,
        "desa_id": null,
        "counter": 1,
        "confidence_level": "medium",
        "kawasan": "",
        "kecamatan": "Daha Selatan",
        "nama_provinsi": "Kalimantan Selatan",
        "pulau": "",
        "route_create": "https://opsroom.sipongidata.my.id/daops/laporan/groundcheck/create/form",
        "hotspot_date": "2026-09-22",
        "distance_hgu_km": 3.625,
        "zone": "3–5 km",
        "location_status": "OUTSIDE HGU"
      }
    },
    {
      "type": "Feature",
      "geometry": {
        "type": "Point",
        "coordinates": [
          115.17825,
          -2.69791
        ]
      },
      "properties": {
        "confidence": "medium",
        "confidence_value": null,
        "sumber": "NASA-SNPP",
        "date_hotspot": "Selasa, 22 September 2026 13:10:00",
        "date_hotspot_ori": "2026-09-22T06:10:00.000000Z",
        "provinsi": null,
        "kabkota": "Hulu Sungai Selatan",
        "desa": "Bangkau",
        "hs_id": "2026-09-22T06:10:00.000000Z",
        "provinsi_id": 12,
        "long": 115.17825,
        "ori_sumber": null,
        "desa_id": null,
        "counter": 1,
        "confidence_level": "medium",
        "kawasan": "",
        "kecamatan": "Kandangan",
        "nama_provinsi": "Kalimantan Selatan",
        "pulau": "",
        "route_create": "https://opsroom.sipongidata.my.id/daops/laporan/groundcheck/create/form",
        "hotspot_date": "2026-09-22",
        "distance_hgu_km": 2.62,
        "zone": "1–3 km",
        "location_status": "OUTSIDE HGU"
      }
    },
    {
      "type": "Feature",
      "geometry": {
        "type": "Point",
        "coordinates": [
          115.11979,
          -2.85929
        ]
      },
      "properties": {
        "confidence": "medium",
        "confidence_value": null,
        "sumber": "NASA-NOAA20",
        "date_hotspot": "Selasa, 22 September 2026 13:29:00",
        "date_hotspot_ori": "2026-09-22T06:29:00.000000Z",
        "provinsi": null,
        "kabkota": "Tapin",
        "desa": "Masta",
        "hs_id": "2026-09-22T06:29:00.000000Z",
        "provinsi_id": 12,
        "long": 115.11979,
        "ori_sumber": null,
        "desa_id": null,
        "counter": 1,
        "confidence_level": "medium",
        "kawasan": "",
        "kecamatan": "Bakarangan",
        "nama_provinsi": "Kalimantan Selatan",
        "pulau": "",
        "route_create": "https://opsroom.sipongidata.my.id/daops/laporan/groundcheck/create/form",
        "hotspot_date": "2026-09-22",
        "distance_hgu_km": 2.904,
        "zone": "1–3 km",
        "location_status": "OUTSIDE HGU"
      }
    },
    {
      "type": "Feature",
      "geometry": {
        "type": "Point",
        "coordinates": [
          115.12516,
          -2.86972
        ]
      },
      "properties": {
        "confidence": "medium",
        "confidence_value": null,
        "sumber": "NASA-NOAA20",
        "date_hotspot": "Selasa, 22 September 2026 13:29:00",
        "date_hotspot_ori": "2026-09-22T06:29:00.000000Z",
        "provinsi": null,
        "kabkota": "Tapin",
        "desa": "Masta",
        "hs_id": "2026-09-22T06:29:00.000000Z",
        "provinsi_id": 12,
        "long": 115.12516,
        "ori_sumber": null,
        "desa_id": null,
        "counter": 1,
        "confidence_level": "medium",
        "kawasan": "",
        "kecamatan": "Bakarangan",
        "nama_provinsi": "Kalimantan Selatan",
        "pulau": "",
        "route_create": "https://opsroom.sipongidata.my.id/daops/laporan/groundcheck/create/form",
        "hotspot_date": "2026-09-22",
        "distance_hgu_km": 4.202,
        "zone": "3–5 km",
        "location_status": "OUTSIDE HGU"
      }
    },
    {
      "type": "Feature",
      "geometry": {
        "type": "Point",
        "coordinates": [
          115.18031,
          -2.75303
        ]
      },
      "properties": {
        "confidence": "medium",
        "confidence_value": null,
        "sumber": "NASA-NOAA20",
        "date_hotspot": "Selasa, 22 September 2026 13:29:00",
        "date_hotspot_ori": "2026-09-22T06:29:00.000000Z",
        "provinsi": null,
        "kabkota": "Hulu Sungai Selatan",
        "desa": "Pantai Ulin",
        "hs_id": "2026-09-22T06:29:00.000000Z",
        "provinsi_id": 12,
        "long": 115.18031,
        "ori_sumber": null,
        "desa_id": null,
        "counter": 1,
        "confidence_level": "medium",
        "kawasan": "",
        "kecamatan": "Simpur",
        "nama_provinsi": "Kalimantan Selatan",
        "pulau": "",
        "route_create": "https://opsroom.sipongidata.my.id/daops/laporan/groundcheck/create/form",
        "hotspot_date": "2026-09-22",
        "distance_hgu_km": 0.0,
        "zone": "Inside HGU",
        "location_status": "INSIDE HGU"
      }
    },
    {
      "type": "Feature",
      "geometry": {
        "type": "Point",
        "coordinates": [
          115.04854,
          -2.83724
        ]
      },
      "properties": {
        "confidence": "medium",
        "confidence_value": null,
        "sumber": "NASA-NOAA20",
        "date_hotspot": "Selasa, 22 September 2026 13:29:00",
        "date_hotspot_ori": "2026-09-22T06:29:00.000000Z",
        "provinsi": null,
        "kabkota": "Tapin",
        "desa": "Sungai Rutas",
        "hs_id": "2026-09-22T06:29:00.000000Z",
        "provinsi_id": 12,
        "long": 115.04854,
        "ori_sumber": null,
        "desa_id": null,
        "counter": 2,
        "confidence_level": "medium",
        "kawasan": "",
        "kecamatan": "Candi Laras Selatan",
        "nama_provinsi": "Kalimantan Selatan",
        "pulau": "",
        "route_create": "https://opsroom.sipongidata.my.id/daops/laporan/groundcheck/create/form",
        "hotspot_date": "2026-09-22",
        "distance_hgu_km": 3.177,
        "zone": "3–5 km",
        "location_status": "OUTSIDE HGU"
      }
    },
    {
      "type": "Feature",
      "geometry": {
        "type": "Point",
        "coordinates": [
          115.12428,
          -2.8642
        ]
      },
      "properties": {
        "confidence": "medium",
        "confidence_value": null,
        "sumber": "NASA-NOAA20",
        "date_hotspot": "Selasa, 22 September 2026 13:29:00",
        "date_hotspot_ori": "2026-09-22T06:29:00.000000Z",
        "provinsi": null,
        "kabkota": "Tapin",
        "desa": "Masta",
        "hs_id": "2026-09-22T06:29:00.000000Z",
        "provinsi_id": 12,
        "long": 115.12428,
        "ori_sumber": null,
        "desa_id": null,
        "counter": 1,
        "confidence_level": "medium",
        "kawasan": "",
        "kecamatan": "Bakarangan",
        "nama_provinsi": "Kalimantan Selatan",
        "pulau": "",
        "route_create": "https://opsroom.sipongidata.my.id/daops/laporan/groundcheck/create/form",
        "hotspot_date": "2026-09-22",
        "distance_hgu_km": 3.626,
        "zone": "3–5 km",
        "location_status": "OUTSIDE HGU"
      }
    },
    {
      "type": "Feature",
      "geometry": {
        "type": "Point",
        "coordinates": [
          115.09341,
          -2.87193
        ]
      },
      "properties": {
        "confidence": "medium",
        "confidence_value": null,
        "sumber": "NASA-SNPP",
        "date_hotspot": "Selasa, 22 September 2026 13:10:00",
        "date_hotspot_ori": "2026-09-22T06:10:00.000000Z",
        "provinsi": null,
        "kabkota": "Tapin",
        "desa": "Masta",
        "hs_id": "2026-09-22T06:10:00.000000Z",
        "provinsi_id": 12,
        "long": 115.09341,
        "ori_sumber": null,
        "desa_id": null,
        "counter": 1,
        "confidence_level": "medium",
        "kawasan": "",
        "kecamatan": "Bakarangan",
        "nama_provinsi": "Kalimantan Selatan",
        "pulau": "",
        "route_create": "https://opsroom.sipongidata.my.id/daops/laporan/groundcheck/create/form",
        "hotspot_date": "2026-09-22",
        "distance_hgu_km": 3.738,
        "zone": "3–5 km",
        "location_status": "OUTSIDE HGU"
      }
    },
    {
      "type": "Feature",
      "geometry": {
        "type": "Point",
        "coordinates": [
          115.15989,
          -2.69442
        ]
      },
      "properties": {
        "confidence": "medium",
        "confidence_value": null,
        "sumber": "NASA-NOAA20",
        "date_hotspot": "Selasa, 22 September 2026 13:29:00",
        "date_hotspot_ori": "2026-09-22T06:29:00.000000Z",
        "provinsi": null,
        "kabkota": "Hulu Sungai Selatan",
        "desa": "Muning Baru",
        "hs_id": "2026-09-22T06:29:00.000000Z",
        "provinsi_id": 12,
        "long": 115.15989,
        "ori_sumber": null,
        "desa_id": null,
        "counter": 2,
        "confidence_level": "medium",
        "kawasan": "",
        "kecamatan": "Daha Selatan",
        "nama_provinsi": "Kalimantan Selatan",
        "pulau": "",
        "route_create": "https://opsroom.sipongidata.my.id/daops/laporan/groundcheck/create/form",
        "hotspot_date": "2026-09-22",
        "distance_hgu_km": 3.665,
        "zone": "3–5 km",
        "location_status": "OUTSIDE HGU"
      }
    },
    {
      "type": "Feature",
      "geometry": {
        "type": "Point",
        "coordinates": [
          115.14396,
          -2.68577
        ]
      },
      "properties": {
        "confidence": "medium",
        "confidence_value": null,
        "sumber": "NASA-NOAA20",
        "date_hotspot": "Rabu, 23 September 2026 00:32:00",
        "date_hotspot_ori": "2026-09-22T17:32:00.000000Z",
        "provinsi": null,
        "kabkota": "Hulu Sungai Selatan",
        "desa": "Muning Baru",
        "hs_id": "2026-09-22T17:32:00.000000Z",
        "provinsi_id": 12,
        "long": 115.14396,
        "ori_sumber": null,
        "desa_id": null,
        "counter": 2,
        "confidence_level": "medium",
        "kawasan": "",
        "kecamatan": "Daha Selatan",
        "nama_provinsi": "Kalimantan Selatan",
        "pulau": "",
        "route_create": "https://opsroom.sipongidata.my.id/daops/laporan/groundcheck/create/form",
        "hotspot_date": "2026-09-23",
        "distance_hgu_km": 4.332,
        "zone": "3–5 km",
        "location_status": "OUTSIDE HGU"
      }
    },
    {
      "type": "Feature",
      "geometry": {
        "type": "Point",
        "coordinates": [
          115.13288,
          -2.70364
        ]
      },
      "properties": {
        "confidence": "medium",
        "confidence_value": null,
        "sumber": "NASA-NOAA20",
        "date_hotspot": "Minggu, 04 Oktober 2026 13:05:00",
        "date_hotspot_ori": "2026-10-04T06:05:00.000000Z",
        "provinsi": null,
        "kabkota": "Hulu Sungai Selatan",
        "desa": "Muning Baru",
        "hs_id": "2026-10-04T06:05:00.000000Z",
        "provinsi_id": 12,
        "long": 115.13288,
        "ori_sumber": null,
        "desa_id": null,
        "counter": 1,
        "confidence_level": "medium",
        "kawasan": "",
        "kecamatan": "Daha Selatan",
        "nama_provinsi": "Kalimantan Selatan",
        "pulau": "",
        "route_create": "https://opsroom.sipongidata.my.id/daops/laporan/groundcheck/create/form",
        "hotspot_date": "2026-10-04",
        "distance_hgu_km": 2.192,
        "zone": "1–3 km",
        "location_status": "OUTSIDE HGU"
      }
    },
    {
      "type": "Feature",
      "geometry": {
        "type": "Point",
        "coordinates": [
          115.16422,
          -2.7099
        ]
      },
      "properties": {
        "confidence": "medium",
        "confidence_value": null,
        "sumber": "NASA-NOAA20",
        "date_hotspot": "Minggu, 04 Oktober 2026 13:05:00",
        "date_hotspot_ori": "2026-10-04T06:05:00.000000Z",
        "provinsi": null,
        "kabkota": "Hulu Sungai Selatan",
        "desa": "Pantai Ulin",
        "hs_id": "2026-10-04T06:05:00.000000Z",
        "provinsi_id": 12,
        "long": 115.16422,
        "ori_sumber": null,
        "desa_id": null,
        "counter": 1,
        "confidence_level": "medium",
        "kawasan": "",
        "kecamatan": "Simpur",
        "nama_provinsi": "Kalimantan Selatan",
        "pulau": "",
        "route_create": "https://opsroom.sipongidata.my.id/daops/laporan/groundcheck/create/form",
        "hotspot_date": "2026-10-04",
        "distance_hgu_km": 1.891,
        "zone": "1–3 km",
        "location_status": "OUTSIDE HGU"
      }
    },
    {
      "type": "Feature",
      "geometry": {
        "type": "Point",
        "coordinates": [
          115.09399,
          -2.79476
        ]
      },
      "properties": {
        "confidence": "medium",
        "confidence_value": null,
        "sumber": "NASA-NOAA20",
        "date_hotspot": "Rabu, 23 September 2026 13:12:00",
        "date_hotspot_ori": "2026-09-23T06:12:00.000000Z",
        "provinsi": null,
        "kabkota": "Hulu Sungai Selatan",
        "desa": "Balimau",
        "hs_id": "2026-09-23T06:12:00.000000Z",
        "provinsi_id": 12,
        "long": 115.09399,
        "ori_sumber": null,
        "desa_id": null,
        "counter": 4,
        "confidence_level": "medium",
        "kawasan": "",
        "kecamatan": "Kalumpang",
        "nama_provinsi": "Kalimantan Selatan",
        "pulau": "",
        "route_create": "https://opsroom.sipongidata.my.id/daops/laporan/groundcheck/create/form",
        "hotspot_date": "2026-09-23",
        "distance_hgu_km": 0.0,
        "zone": "Inside HGU",
        "location_status": "INSIDE HGU"
      }
    },
    {
      "type": "Feature",
      "geometry": {
        "type": "Point",
        "coordinates": [
          115.14785,
          -2.69019
        ]
      },
      "properties": {
        "confidence": "medium",
        "confidence_value": null,
        "sumber": "NASA-NOAA20",
        "date_hotspot": "Rabu, 23 September 2026 13:12:00",
        "date_hotspot_ori": "2026-09-23T06:12:00.000000Z",
        "provinsi": null,
        "kabkota": "Hulu Sungai Selatan",
        "desa": "Muning Baru",
        "hs_id": "2026-09-23T06:12:00.000000Z",
        "provinsi_id": 12,
        "long": 115.14785,
        "ori_sumber": null,
        "desa_id": null,
        "counter": 2,
        "confidence_level": "medium",
        "kawasan": "",
        "kecamatan": "Daha Selatan",
        "nama_provinsi": "Kalimantan Selatan",
        "pulau": "",
        "route_create": "https://opsroom.sipongidata.my.id/daops/laporan/groundcheck/create/form",
        "hotspot_date": "2026-09-23",
        "distance_hgu_km": 4.018,
        "zone": "3–5 km",
        "location_status": "OUTSIDE HGU"
      }
    },
    {
      "type": "Feature",
      "geometry": {
        "type": "Point",
        "coordinates": [
          115.13647,
          -2.74238
        ]
      },
      "properties": {
        "confidence": "medium",
        "confidence_value": null,
        "sumber": "NASA-MODIS",
        "date_hotspot": "Minggu, 06 September 2026 15:09:00",
        "date_hotspot_ori": "2026-09-06T08:09:00.000000Z",
        "provinsi": null,
        "kabkota": "Hulu Sungai Selatan",
        "desa": "Kalumpang",
        "hs_id": "2026-09-06T08:09:00.000000Z",
        "provinsi_id": 12,
        "long": 115.13647,
        "ori_sumber": null,
        "desa_id": null,
        "counter": 1,
        "confidence_level": "medium",
        "kawasan": "",
        "kecamatan": "Kalumpang",
        "nama_provinsi": "Kalimantan Selatan",
        "pulau": "",
        "route_create": "https://opsroom.sipongidata.my.id/daops/laporan/groundcheck/create/form",
        "hotspot_date": "2026-09-06",
        "distance_hgu_km": 0.0,
        "zone": "Inside HGU",
        "location_status": "INSIDE HGU"
      }
    },
    {
      "type": "Feature",
      "geometry": {
        "type": "Point",
        "coordinates": [
          115.20168,
          -2.69977
        ]
      },
      "properties": {
        "confidence": "medium",
        "confidence_value": null,
        "sumber": "NASA-MODIS",
        "date_hotspot": "Kamis, 10 September 2026 19:55:00",
        "date_hotspot_ori": "2026-09-10T12:55:00.000000Z",
        "provinsi": null,
        "kabkota": "Hulu Sungai Selatan",
        "desa": "Sungai Kupang",
        "hs_id": "2026-09-10T12:55:00.000000Z",
        "provinsi_id": 12,
        "long": 115.20168,
        "ori_sumber": null,
        "desa_id": null,
        "counter": 1,
        "confidence_level": "medium",
        "kawasan": "",
        "kecamatan": "Kandangan",
        "nama_provinsi": "Kalimantan Selatan",
        "pulau": "",
        "route_create": "https://opsroom.sipongidata.my.id/daops/laporan/groundcheck/create/form",
        "hotspot_date": "2026-09-10",
        "distance_hgu_km": 2.62,
        "zone": "1–3 km",
        "location_status": "OUTSIDE HGU"
      }
    },
    {
      "type": "Feature",
      "geometry": {
        "type": "Point",
        "coordinates": [
          115.14626,
          -2.74094
        ]
      },
      "properties": {
        "confidence": "medium",
        "confidence_value": null,
        "sumber": "NASA-MODIS",
        "date_hotspot": "Minggu, 06 September 2026 15:09:00",
        "date_hotspot_ori": "2026-09-06T08:09:00.000000Z",
        "provinsi": null,
        "kabkota": "Hulu Sungai Selatan",
        "desa": "Garunggang",
        "hs_id": "2026-09-06T08:09:00.000000Z",
        "provinsi_id": 12,
        "long": 115.14626,
        "ori_sumber": null,
        "desa_id": null,
        "counter": 1,
        "confidence_level": "medium",
        "kawasan": "",
        "kecamatan": "Simpur",
        "nama_provinsi": "Kalimantan Selatan",
        "pulau": "",
        "route_create": "https://opsroom.sipongidata.my.id/daops/laporan/groundcheck/create/form",
        "hotspot_date": "2026-09-06",
        "distance_hgu_km": 0.0,
        "zone": "Inside HGU",
        "location_status": "INSIDE HGU"
      }
    },
    {
      "type": "Feature",
      "geometry": {
        "type": "Point",
        "coordinates": [
          115.1495,
          -2.77248
        ]
      },
      "properties": {
        "confidence": "medium",
        "confidence_value": null,
        "sumber": "NASA-MODIS",
        "date_hotspot": "Minggu, 04 Oktober 2026 14:52:00",
        "date_hotspot_ori": "2026-10-04T07:52:00.000000Z",
        "provinsi": null,
        "kabkota": "Hulu Sungai Selatan",
        "desa": "Kalumpang",
        "hs_id": "2026-10-04T07:52:00.000000Z",
        "provinsi_id": 12,
        "long": 115.1495,
        "ori_sumber": null,
        "desa_id": null,
        "counter": 1,
        "confidence_level": "medium",
        "kawasan": "",
        "kecamatan": "Kalumpang",
        "nama_provinsi": "Kalimantan Selatan",
        "pulau": "",
        "route_create": "https://opsroom.sipongidata.my.id/daops/laporan/groundcheck/create/form",
        "hotspot_date": "2026-10-04",
        "distance_hgu_km": 0.0,
        "zone": "Inside HGU",
        "location_status": "INSIDE HGU"
      }
    },
    {
      "type": "Feature",
      "geometry": {
        "type": "Point",
        "coordinates": [
          115.15893,
          -2.6918
        ]
      },
      "properties": {
        "confidence": "high",
        "confidence_value": null,
        "sumber": "NASA-MODIS",
        "date_hotspot": "Minggu, 06 September 2026 15:09:00",
        "date_hotspot_ori": "2026-09-06T08:09:00.000000Z",
        "provinsi": null,
        "kabkota": "Hulu Sungai Selatan",
        "desa": "Muning Baru",
        "hs_id": "2026-09-06T08:09:00.000000Z",
        "provinsi_id": 12,
        "long": 115.15893,
        "ori_sumber": null,
        "desa_id": null,
        "counter": 1,
        "confidence_level": "high",
        "kawasan": "",
        "kecamatan": "Daha Selatan",
        "nama_provinsi": "Kalimantan Selatan",
        "pulau": "",
        "route_create": "https://opsroom.sipongidata.my.id/daops/laporan/groundcheck/create/form",
        "hotspot_date": "2026-09-06",
        "distance_hgu_km": 3.974,
        "zone": "3–5 km",
        "location_status": "OUTSIDE HGU"
      }
    },
    {
      "type": "Feature",
      "geometry": {
        "type": "Point",
        "coordinates": [
          115.17664,
          -2.75364
        ]
      },
      "properties": {
        "confidence": "high",
        "confidence_value": null,
        "sumber": "NASA-NOAA20",
        "date_hotspot": "Selasa, 22 September 2026 13:29:00",
        "date_hotspot_ori": "2026-09-22T06:29:00.000000Z",
        "provinsi": null,
        "kabkota": "Hulu Sungai Selatan",
        "desa": "Pantai Ulin",
        "hs_id": "2026-09-22T06:29:00.000000Z",
        "provinsi_id": 12,
        "long": 115.17664,
        "ori_sumber": null,
        "desa_id": null,
        "counter": 1,
        "confidence_level": "high",
        "kawasan": "",
        "kecamatan": "Simpur",
        "nama_provinsi": "Kalimantan Selatan",
        "pulau": "",
        "route_create": "https://opsroom.sipongidata.my.id/daops/laporan/groundcheck/create/form",
        "hotspot_date": "2026-09-22",
        "distance_hgu_km": 0.0,
        "zone": "Inside HGU",
        "location_status": "INSIDE HGU"
      }
    },
    {
      "type": "Feature",
      "geometry": {
        "type": "Point",
        "coordinates": [
          115.17161,
          -2.75966
        ]
      },
      "properties": {
        "confidence": "high",
        "confidence_value": null,
        "sumber": "NASA-SNPP",
        "date_hotspot": "Senin, 14 September 2026 12:21:00",
        "date_hotspot_ori": "2026-09-14T05:21:00.000000Z",
        "provinsi": null,
        "kabkota": "Hulu Sungai Selatan",
        "desa": "Panjampang Bahagia",
        "hs_id": "2026-09-14T05:21:00.000000Z",
        "provinsi_id": 12,
        "long": 115.17161,
        "ori_sumber": null,
        "desa_id": null,
        "counter": 1,
        "confidence_level": "high",
        "kawasan": "",
        "kecamatan": "Simpur",
        "nama_provinsi": "Kalimantan Selatan",
        "pulau": "",
        "route_create": "https://opsroom.sipongidata.my.id/daops/laporan/groundcheck/create/form",
        "hotspot_date": "2026-09-14",
        "distance_hgu_km": 0.0,
        "zone": "Inside HGU",
        "location_status": "INSIDE HGU"
      }
    },
    {
      "type": "Feature",
      "geometry": {
        "type": "Point",
        "coordinates": [
          115.11926,
          -2.69984
        ]
      },
      "properties": {
        "confidence": "high",
        "confidence_value": null,
        "sumber": "NASA-SNPP",
        "date_hotspot": "Senin, 14 September 2026 12:21:00",
        "date_hotspot_ori": "2026-09-14T05:21:00.000000Z",
        "provinsi": null,
        "kabkota": "Hulu Sungai Selatan",
        "desa": "Muning Baru",
        "hs_id": "2026-09-14T05:21:00.000000Z",
        "provinsi_id": 12,
        "long": 115.11926,
        "ori_sumber": null,
        "desa_id": null,
        "counter": 1,
        "confidence_level": "high",
        "kawasan": "",
        "kecamatan": "Daha Selatan",
        "nama_provinsi": "Kalimantan Selatan",
        "pulau": "",
        "route_create": "https://opsroom.sipongidata.my.id/daops/laporan/groundcheck/create/form",
        "hotspot_date": "2026-09-14",
        "distance_hgu_km": 3.044,
        "zone": "3–5 km",
        "location_status": "OUTSIDE HGU"
      }
    },
    {
      "type": "Feature",
      "geometry": {
        "type": "Point",
        "coordinates": [
          115.14782,
          -2.70186
        ]
      },
      "properties": {
        "confidence": "high",
        "confidence_value": null,
        "sumber": "NASA-SNPP",
        "date_hotspot": "Senin, 14 September 2026 12:21:00",
        "date_hotspot_ori": "2026-09-14T05:21:00.000000Z",
        "provinsi": null,
        "kabkota": "Hulu Sungai Selatan",
        "desa": "Muning Baru",
        "hs_id": "2026-09-14T05:21:00.000000Z",
        "provinsi_id": 12,
        "long": 115.14782,
        "ori_sumber": null,
        "desa_id": null,
        "counter": 3,
        "confidence_level": "high",
        "kawasan": "",
        "kecamatan": "Daha Selatan",
        "nama_provinsi": "Kalimantan Selatan",
        "pulau": "",
        "route_create": "https://opsroom.sipongidata.my.id/daops/laporan/groundcheck/create/form",
        "hotspot_date": "2026-09-14",
        "distance_hgu_km": 2.882,
        "zone": "1–3 km",
        "location_status": "OUTSIDE HGU"
      }
    },
    {
      "type": "Feature",
      "geometry": {
        "type": "Point",
        "coordinates": [
          115.17013,
          -2.7211
        ]
      },
      "properties": {
        "confidence": "high",
        "confidence_value": null,
        "sumber": "NASA-SNPP",
        "date_hotspot": "Selasa, 15 September 2026 13:42:00",
        "date_hotspot_ori": "2026-09-15T06:42:00.000000Z",
        "provinsi": null,
        "kabkota": "Hulu Sungai Selatan",
        "desa": "Pantai Ulin",
        "hs_id": "2026-09-15T06:42:00.000000Z",
        "provinsi_id": 12,
        "long": 115.17013,
        "ori_sumber": null,
        "desa_id": null,
        "counter": 1,
        "confidence_level": "high",
        "kawasan": "",
        "kecamatan": "Simpur",
        "nama_provinsi": "Kalimantan Selatan",
        "pulau": "",
        "route_create": "https://opsroom.sipongidata.my.id/daops/laporan/groundcheck/create/form",
        "hotspot_date": "2026-09-15",
        "distance_hgu_km": 0.503,
        "zone": "0–1 km",
        "location_status": "OUTSIDE HGU"
      }
    },
    {
      "type": "Feature",
      "geometry": {
        "type": "Point",
        "coordinates": [
          115.1826,
          -2.68507
        ]
      },
      "properties": {
        "confidence": "high",
        "confidence_value": null,
        "sumber": "NASA-SNPP",
        "date_hotspot": "Senin, 14 September 2026 12:21:00",
        "date_hotspot_ori": "2026-09-14T05:21:00.000000Z",
        "provinsi": null,
        "kabkota": "Hulu Sungai Selatan",
        "desa": "Bangkau",
        "hs_id": "2026-09-14T05:21:00.000000Z",
        "provinsi_id": 12,
        "long": 115.1826,
        "ori_sumber": null,
        "desa_id": null,
        "counter": 1,
        "confidence_level": "high",
        "kawasan": "",
        "kecamatan": "Kandangan",
        "nama_provinsi": "Kalimantan Selatan",
        "pulau": "",
        "route_create": "https://opsroom.sipongidata.my.id/daops/laporan/groundcheck/create/form",
        "hotspot_date": "2026-09-14",
        "distance_hgu_km": 3.857,
        "zone": "3–5 km",
        "location_status": "OUTSIDE HGU"
      }
    },
    {
      "type": "Feature",
      "geometry": {
        "type": "Point",
        "coordinates": [
          115.13342,
          -2.69309
        ]
      },
      "properties": {
        "confidence": "high",
        "confidence_value": null,
        "sumber": "NASA-NOAA20",
        "date_hotspot": "Selasa, 22 September 2026 13:29:00",
        "date_hotspot_ori": "2026-09-22T06:29:00.000000Z",
        "provinsi": null,
        "kabkota": "Hulu Sungai Selatan",
        "desa": "Muning Baru",
        "hs_id": "2026-09-22T06:29:00.000000Z",
        "provinsi_id": 12,
        "long": 115.13342,
        "ori_sumber": null,
        "desa_id": null,
        "counter": 1,
        "confidence_level": "high",
        "kawasan": "",
        "kecamatan": "Daha Selatan",
        "nama_provinsi": "Kalimantan Selatan",
        "pulau": "",
        "route_create": "https://opsroom.sipongidata.my.id/daops/laporan/groundcheck/create/form",
        "hotspot_date": "2026-09-22",
        "distance_hgu_km": 3.358,
        "zone": "3–5 km",
        "location_status": "OUTSIDE HGU"
      }
    },
    {
      "type": "Feature",
      "geometry": {
        "type": "Point",
        "coordinates": [
          115.08221,
          -2.76083
        ]
      },
      "properties": {
        "confidence": "high",
        "confidence_value": null,
        "sumber": "NASA-NOAA20",
        "date_hotspot": "Minggu, 06 September 2026 13:29:00",
        "date_hotspot_ori": "2026-09-06T06:29:00.000000Z",
        "provinsi": null,
        "kabkota": "Hulu Sungai Selatan",
        "desa": "Muning Dalam",
        "hs_id": "2026-09-06T06:29:00.000000Z",
        "provinsi_id": 12,
        "long": 115.08221,
        "ori_sumber": null,
        "desa_id": null,
        "counter": 1,
        "confidence_level": "high",
        "kawasan": "",
        "kecamatan": "Daha Selatan",
        "nama_provinsi": "Kalimantan Selatan",
        "pulau": "",
        "route_create": "https://opsroom.sipongidata.my.id/daops/laporan/groundcheck/create/form",
        "hotspot_date": "2026-09-06",
        "distance_hgu_km": 0.418,
        "zone": "0–1 km",
        "location_status": "OUTSIDE HGU"
      }
    },
    {
      "type": "Feature",
      "geometry": {
        "type": "Point",
        "coordinates": [
          115.14866,
          -2.70121
        ]
      },
      "properties": {
        "confidence": "high",
        "confidence_value": null,
        "sumber": "NASA-SNPP",
        "date_hotspot": "Senin, 14 September 2026 12:21:00",
        "date_hotspot_ori": "2026-09-14T05:21:00.000000Z",
        "provinsi": null,
        "kabkota": "Hulu Sungai Selatan",
        "desa": "Muning Baru",
        "hs_id": "2026-09-14T05:21:00.000000Z",
        "provinsi_id": 12,
        "long": 115.14866,
        "ori_sumber": null,
        "desa_id": null,
        "counter": 3,
        "confidence_level": "high",
        "kawasan": "",
        "kecamatan": "Daha Selatan",
        "nama_provinsi": "Kalimantan Selatan",
        "pulau": "",
        "route_create": "https://opsroom.sipongidata.my.id/daops/laporan/groundcheck/create/form",
        "hotspot_date": "2026-09-14",
        "distance_hgu_km": 2.994,
        "zone": "1–3 km",
        "location_status": "OUTSIDE HGU"
      }
    },
    {
      "type": "Feature",
      "geometry": {
        "type": "Point",
        "coordinates": [
          115.12646,
          -2.70512
        ]
      },
      "properties": {
        "confidence": "high",
        "confidence_value": null,
        "sumber": "NASA-SNPP",
        "date_hotspot": "Senin, 14 September 2026 12:21:00",
        "date_hotspot_ori": "2026-09-14T05:21:00.000000Z",
        "provinsi": null,
        "kabkota": "Hulu Sungai Selatan",
        "desa": "Muning Baru",
        "hs_id": "2026-09-14T05:21:00.000000Z",
        "provinsi_id": 12,
        "long": 115.12646,
        "ori_sumber": null,
        "desa_id": null,
        "counter": 2,
        "confidence_level": "high",
        "kawasan": "",
        "kecamatan": "Daha Selatan",
        "nama_provinsi": "Kalimantan Selatan",
        "pulau": "",
        "route_create": "https://opsroom.sipongidata.my.id/daops/laporan/groundcheck/create/form",
        "hotspot_date": "2026-09-14",
        "distance_hgu_km": 2.167,
        "zone": "1–3 km",
        "location_status": "OUTSIDE HGU"
      }
    },
    {
      "type": "Feature",
      "geometry": {
        "type": "Point",
        "coordinates": [
          115.14509,
          -2.70173
        ]
      },
      "properties": {
        "confidence": "high",
        "confidence_value": null,
        "sumber": "NASA-SNPP",
        "date_hotspot": "Senin, 14 September 2026 12:21:00",
        "date_hotspot_ori": "2026-09-14T05:21:00.000000Z",
        "provinsi": null,
        "kabkota": "Hulu Sungai Selatan",
        "desa": "Muning Baru",
        "hs_id": "2026-09-14T05:21:00.000000Z",
        "provinsi_id": 12,
        "long": 115.14509,
        "ori_sumber": null,
        "desa_id": null,
        "counter": 3,
        "confidence_level": "high",
        "kawasan": "",
        "kecamatan": "Daha Selatan",
        "nama_provinsi": "Kalimantan Selatan",
        "pulau": "",
        "route_create": "https://opsroom.sipongidata.my.id/daops/laporan/groundcheck/create/form",
        "hotspot_date": "2026-09-14",
        "distance_hgu_km": 2.736,
        "zone": "1–3 km",
        "location_status": "OUTSIDE HGU"
      }
    },
    {
      "type": "Feature",
      "geometry": {
        "type": "Point",
        "coordinates": [
          115.18174,
          -2.68545
        ]
      },
      "properties": {
        "confidence": "high",
        "confidence_value": null,
        "sumber": "NASA-SNPP",
        "date_hotspot": "Senin, 14 September 2026 12:21:00",
        "date_hotspot_ori": "2026-09-14T05:21:00.000000Z",
        "provinsi": null,
        "kabkota": "Hulu Sungai Selatan",
        "desa": "Bangkau",
        "hs_id": "2026-09-14T05:21:00.000000Z",
        "provinsi_id": 12,
        "long": 115.18174,
        "ori_sumber": null,
        "desa_id": null,
        "counter": 1,
        "confidence_level": "high",
        "kawasan": "",
        "kecamatan": "Kandangan",
        "nama_provinsi": "Kalimantan Selatan",
        "pulau": "",
        "route_create": "https://opsroom.sipongidata.my.id/daops/laporan/groundcheck/create/form",
        "hotspot_date": "2026-09-14",
        "distance_hgu_km": 3.833,
        "zone": "3–5 km",
        "location_status": "OUTSIDE HGU"
      }
    },
    {
      "type": "Feature",
      "geometry": {
        "type": "Point",
        "coordinates": [
          115.16602,
          -2.71251
        ]
      },
      "properties": {
        "confidence": "high",
        "confidence_value": null,
        "sumber": "NASA-MODIS",
        "date_hotspot": "Selasa, 15 September 2026 19:53:00",
        "date_hotspot_ori": "2026-09-15T12:53:00.000000Z",
        "provinsi": null,
        "kabkota": "Hulu Sungai Selatan",
        "desa": "Pantai Ulin",
        "hs_id": "2026-09-15T12:53:00.000000Z",
        "provinsi_id": 12,
        "long": 115.16602,
        "ori_sumber": null,
        "desa_id": null,
        "counter": 1,
        "confidence_level": "high",
        "kawasan": "",
        "kecamatan": "Simpur",
        "nama_provinsi": "Kalimantan Selatan",
        "pulau": "",
        "route_create": "https://opsroom.sipongidata.my.id/daops/laporan/groundcheck/create/form",
        "hotspot_date": "2026-09-15",
        "distance_hgu_km": 1.552,
        "zone": "1–3 km",
        "location_status": "OUTSIDE HGU"
      }
    },
    {
      "type": "Feature",
      "geometry": {
        "type": "Point",
        "coordinates": [
          115.12773,
          -2.72811
        ]
      },
      "properties": {
        "confidence": "high",
        "confidence_value": null,
        "sumber": "NASA-NOAA20",
        "date_hotspot": "Selasa, 22 September 2026 13:29:00",
        "date_hotspot_ori": "2026-09-22T06:29:00.000000Z",
        "provinsi": null,
        "kabkota": "Hulu Sungai Selatan",
        "desa": "Muning Baru",
        "hs_id": "2026-09-22T06:29:00.000000Z",
        "provinsi_id": 12,
        "long": 115.12773,
        "ori_sumber": null,
        "desa_id": null,
        "counter": 1,
        "confidence_level": "high",
        "kawasan": "",
        "kecamatan": "Daha Selatan",
        "nama_provinsi": "Kalimantan Selatan",
        "pulau": "",
        "route_create": "https://opsroom.sipongidata.my.id/daops/laporan/groundcheck/create/form",
        "hotspot_date": "2026-09-22",
        "distance_hgu_km": 0.175,
        "zone": "0–1 km",
        "location_status": "OUTSIDE HGU"
      }
    },
    {
      "type": "Feature",
      "geometry": {
        "type": "Point",
        "coordinates": [
          115.1221,
          -2.82894
        ]
      },
      "properties": {
        "confidence": "high",
        "confidence_value": null,
        "sumber": "NASA-SNPP",
        "date_hotspot": "Senin, 14 September 2026 12:21:00",
        "date_hotspot_ori": "2026-09-14T05:21:00.000000Z",
        "provinsi": null,
        "kabkota": "Hulu Sungai Selatan",
        "desa": "Balimau",
        "hs_id": "2026-09-14T05:21:00.000000Z",
        "provinsi_id": 12,
        "long": 115.1221,
        "ori_sumber": null,
        "desa_id": null,
        "counter": 1,
        "confidence_level": "high",
        "kawasan": "",
        "kecamatan": "Kalumpang",
        "nama_provinsi": "Kalimantan Selatan",
        "pulau": "",
        "route_create": "https://opsroom.sipongidata.my.id/daops/laporan/groundcheck/create/form",
        "hotspot_date": "2026-09-14",
        "distance_hgu_km": 1.337,
        "zone": "1–3 km",
        "location_status": "OUTSIDE HGU"
      }
    },
    {
      "type": "Feature",
      "geometry": {
        "type": "Point",
        "coordinates": [
          115.12724,
          -2.70432
        ]
      },
      "properties": {
        "confidence": "high",
        "confidence_value": null,
        "sumber": "NASA-SNPP",
        "date_hotspot": "Senin, 14 September 2026 12:21:00",
        "date_hotspot_ori": "2026-09-14T05:21:00.000000Z",
        "provinsi": null,
        "kabkota": "Hulu Sungai Selatan",
        "desa": "Muning Baru",
        "hs_id": "2026-09-14T05:21:00.000000Z",
        "provinsi_id": 12,
        "long": 115.12724,
        "ori_sumber": null,
        "desa_id": null,
        "counter": 3,
        "confidence_level": "high",
        "kawasan": "",
        "kecamatan": "Daha Selatan",
        "nama_provinsi": "Kalimantan Selatan",
        "pulau": "",
        "route_create": "https://opsroom.sipongidata.my.id/daops/laporan/groundcheck/create/form",
        "hotspot_date": "2026-09-14",
        "distance_hgu_km": 2.222,
        "zone": "1–3 km",
        "location_status": "OUTSIDE HGU"
      }
    },
    {
      "type": "Feature",
      "geometry": {
        "type": "Point",
        "coordinates": [
          115.0437,
          -2.83865
        ]
      },
      "properties": {
        "confidence": "high",
        "confidence_value": null,
        "sumber": "NASA-NOAA20",
        "date_hotspot": "Senin, 21 September 2026 12:08:00",
        "date_hotspot_ori": "2026-09-21T05:08:00.000000Z",
        "provinsi": null,
        "kabkota": "Tapin",
        "desa": "Sungai Rutas",
        "hs_id": "2026-09-21T05:08:00.000000Z",
        "provinsi_id": 12,
        "long": 115.0437,
        "ori_sumber": null,
        "desa_id": null,
        "counter": 1,
        "confidence_level": "high",
        "kawasan": "",
        "kecamatan": "Candi Laras Selatan",
        "nama_provinsi": "Kalimantan Selatan",
        "pulau": "",
        "route_create": "https://opsroom.sipongidata.my.id/daops/laporan/groundcheck/create/form",
        "hotspot_date": "2026-09-21",
        "distance_hgu_km": 3.735,
        "zone": "3–5 km",
        "location_status": "OUTSIDE HGU"
      }
    },
    {
      "type": "Feature",
      "geometry": {
        "type": "Point",
        "coordinates": [
          115.11824,
          -2.68421
        ]
      },
      "properties": {
        "confidence": "high",
        "confidence_value": null,
        "sumber": "NASA-MODIS",
        "date_hotspot": "Minggu, 04 Oktober 2026 14:52:00",
        "date_hotspot_ori": "2026-10-04T07:52:00.000000Z",
        "provinsi": null,
        "kabkota": "Hulu Sungai Selatan",
        "desa": "Muning Baru",
        "hs_id": "2026-10-04T07:52:00.000000Z",
        "provinsi_id": 12,
        "long": 115.11824,
        "ori_sumber": null,
        "desa_id": null,
        "counter": 1,
        "confidence_level": "high",
        "kawasan": "",
        "kecamatan": "Daha Selatan",
        "nama_provinsi": "Kalimantan Selatan",
        "pulau": "",
        "route_create": "https://opsroom.sipongidata.my.id/daops/laporan/groundcheck/create/form",
        "hotspot_date": "2026-10-04",
        "distance_hgu_km": 4.653,
        "zone": "3–5 km",
        "location_status": "OUTSIDE HGU"
      }
    }
  ]
}