{
  "type": "FeatureCollection",
  "name": "pt_pas_sipongi_hotspot_30days",
  "properties": {
    "pt_id": "pt_pas",
    "pt_name": "PT Plantindo Agro Subur",
    "period_start": "2026-09-03",
    "period_end": "2026-10-02",
    "radius_km": 5
  },
  "features": [
    {
      "type": "Feature",
      "geometry": {
        "type": "Point",
        "coordinates": [
          114.81442,
          -2.87349
        ]
      },
      "properties": {
        "confidence": "low",
        "confidence_value": null,
        "sumber": "NASA-MODIS",
        "date_hotspot": "Selasa, 29 September 2026 14:56:00",
        "date_hotspot_ori": "2026-09-29T07:56:00.000000Z",
        "provinsi": null,
        "kabkota": "Barito Kuala",
        "desa": "Banitan",
        "hs_id": "2026-09-29T07:56:00.000000Z",
        "provinsi_id": 12,
        "long": 114.81442,
        "ori_sumber": null,
        "desa_id": null,
        "counter": 1,
        "confidence_level": "low",
        "kawasan": "",
        "kecamatan": "Bakumpai",
        "nama_provinsi": "Kalimantan Selatan",
        "pulau": "",
        "route_create": "https://opsroom.sipongidata.my.id/daops/laporan/groundcheck/create/form",
        "hotspot_date": "2026-09-29",
        "distance_hgu_km": 2.477,
        "zone": "1–3 km",
        "location_status": "OUTSIDE HGU"
      }
    },
    {
      "type": "Feature",
      "geometry": {
        "type": "Point",
        "coordinates": [
          114.92224,
          -2.67951
        ]
      },
      "properties": {
        "confidence": "low",
        "confidence_value": null,
        "sumber": "NASA-MODIS",
        "date_hotspot": "Senin, 14 September 2026 15:18:00",
        "date_hotspot_ori": "2026-09-14T08:18:00.000000Z",
        "provinsi": null,
        "kabkota": "Tapin",
        "desa": "Sawaja",
        "hs_id": "2026-09-14T08:18:00.000000Z",
        "provinsi_id": 12,
        "long": 114.92224,
        "ori_sumber": null,
        "desa_id": null,
        "counter": 2,
        "confidence_level": "low",
        "kawasan": "",
        "kecamatan": "Candi Laras Utara",
        "nama_provinsi": "Kalimantan Selatan",
        "pulau": "",
        "route_create": "https://opsroom.sipongidata.my.id/daops/laporan/groundcheck/create/form",
        "hotspot_date": "2026-09-14",
        "distance_hgu_km": 1.415,
        "zone": "1–3 km",
        "location_status": "OUTSIDE HGU"
      }
    },
    {
      "type": "Feature",
      "geometry": {
        "type": "Point",
        "coordinates": [
          114.93113,
          -2.66005
        ]
      },
      "properties": {
        "confidence": "low",
        "confidence_value": null,
        "sumber": "NASA-MODIS",
        "date_hotspot": "Sabtu, 05 September 2026 19:57:00",
        "date_hotspot_ori": "2026-09-05T12:57:00.000000Z",
        "provinsi": null,
        "kabkota": "Tapin",
        "desa": "Sawaja",
        "hs_id": "2026-09-05T12:57:00.000000Z",
        "provinsi_id": 12,
        "long": 114.93113,
        "ori_sumber": null,
        "desa_id": null,
        "counter": 4,
        "confidence_level": "low",
        "kawasan": "",
        "kecamatan": "Candi Laras Utara",
        "nama_provinsi": "Kalimantan Selatan",
        "pulau": "",
        "route_create": "https://opsroom.sipongidata.my.id/daops/laporan/groundcheck/create/form",
        "hotspot_date": "2026-09-05",
        "distance_hgu_km": 3.575,
        "zone": "3–5 km",
        "location_status": "OUTSIDE HGU"
      }
    },
    {
      "type": "Feature",
      "geometry": {
        "type": "Point",
        "coordinates": [
          114.9576,
          -2.67174
        ]
      },
      "properties": {
        "confidence": "low",
        "confidence_value": null,
        "sumber": "NASA-MODIS",
        "date_hotspot": "Sabtu, 19 September 2026 15:11:00",
        "date_hotspot_ori": "2026-09-19T08:11:00.000000Z",
        "provinsi": null,
        "kabkota": "Hulu Sungai Selatan",
        "desa": "Bajayau",
        "hs_id": "2026-09-19T08:11:00.000000Z",
        "provinsi_id": 12,
        "long": 114.9576,
        "ori_sumber": null,
        "desa_id": null,
        "counter": 1,
        "confidence_level": "low",
        "kawasan": "",
        "kecamatan": "Daha Barat",
        "nama_provinsi": "Kalimantan Selatan",
        "pulau": "",
        "route_create": "https://opsroom.sipongidata.my.id/daops/laporan/groundcheck/create/form",
        "hotspot_date": "2026-09-19",
        "distance_hgu_km": 2.296,
        "zone": "1–3 km",
        "location_status": "OUTSIDE HGU"
      }
    },
    {
      "type": "Feature",
      "geometry": {
        "type": "Point",
        "coordinates": [
          114.95193,
          -2.65085
        ]
      },
      "properties": {
        "confidence": "low",
        "confidence_value": null,
        "sumber": "NASA-SNPP",
        "date_hotspot": "Selasa, 22 September 2026 13:10:00",
        "date_hotspot_ori": "2026-09-22T06:10:00.000000Z",
        "provinsi": null,
        "kabkota": "Hulu Sungai Selatan",
        "desa": "Baru",
        "hs_id": "2026-09-22T06:10:00.000000Z",
        "provinsi_id": 12,
        "long": 114.95193,
        "ori_sumber": null,
        "desa_id": null,
        "counter": 3,
        "confidence_level": "low",
        "kawasan": "",
        "kecamatan": "Daha Barat",
        "nama_provinsi": "Kalimantan Selatan",
        "pulau": "",
        "route_create": "https://opsroom.sipongidata.my.id/daops/laporan/groundcheck/create/form",
        "hotspot_date": "2026-09-22",
        "distance_hgu_km": 4.6,
        "zone": "3–5 km",
        "location_status": "OUTSIDE HGU"
      }
    },
    {
      "type": "Feature",
      "geometry": {
        "type": "Point",
        "coordinates": [
          114.87203,
          -2.83019
        ]
      },
      "properties": {
        "confidence": "low",
        "confidence_value": null,
        "sumber": "NASA-NOAA20",
        "date_hotspot": "Senin, 14 September 2026 12:40:00",
        "date_hotspot_ori": "2026-09-14T05:40:00.000000Z",
        "provinsi": null,
        "kabkota": "Tapin",
        "desa": "Batalas",
        "hs_id": "2026-09-14T05:40:00.000000Z",
        "provinsi_id": 12,
        "long": 114.87203,
        "ori_sumber": null,
        "desa_id": null,
        "counter": 4,
        "confidence_level": "low",
        "kawasan": "",
        "kecamatan": "Candi Laras Utara",
        "nama_provinsi": "Kalimantan Selatan",
        "pulau": "",
        "route_create": "https://opsroom.sipongidata.my.id/daops/laporan/groundcheck/create/form",
        "hotspot_date": "2026-09-14",
        "distance_hgu_km": 0.397,
        "zone": "0–1 km",
        "location_status": "OUTSIDE HGU"
      }
    },
    {
      "type": "Feature",
      "geometry": {
        "type": "Point",
        "coordinates": [
          114.9211,
          -2.66234
        ]
      },
      "properties": {
        "confidence": "low",
        "confidence_value": null,
        "sumber": "NASA-NOAA20",
        "date_hotspot": "Senin, 14 September 2026 12:40:00",
        "date_hotspot_ori": "2026-09-14T05:40:00.000000Z",
        "provinsi": null,
        "kabkota": "Tapin",
        "desa": "Sawaja",
        "hs_id": "2026-09-14T05:40:00.000000Z",
        "provinsi_id": 12,
        "long": 114.9211,
        "ori_sumber": null,
        "desa_id": null,
        "counter": 2,
        "confidence_level": "low",
        "kawasan": "",
        "kecamatan": "Candi Laras Utara",
        "nama_provinsi": "Kalimantan Selatan",
        "pulau": "",
        "route_create": "https://opsroom.sipongidata.my.id/daops/laporan/groundcheck/create/form",
        "hotspot_date": "2026-09-14",
        "distance_hgu_km": 3.313,
        "zone": "3–5 km",
        "location_status": "OUTSIDE HGU"
      }
    },
    {
      "type": "Feature",
      "geometry": {
        "type": "Point",
        "coordinates": [
          114.94949,
          -2.65325
        ]
      },
      "properties": {
        "confidence": "low",
        "confidence_value": null,
        "sumber": "NASA-NOAA20",
        "date_hotspot": "Jumat, 18 September 2026 13:03:00",
        "date_hotspot_ori": "2026-09-18T06:03:00.000000Z",
        "provinsi": null,
        "kabkota": "Hulu Sungai Selatan",
        "desa": "Baru",
        "hs_id": "2026-09-18T06:03:00.000000Z",
        "provinsi_id": 12,
        "long": 114.94949,
        "ori_sumber": null,
        "desa_id": null,
        "counter": 1,
        "confidence_level": "low",
        "kawasan": "",
        "kecamatan": "Daha Barat",
        "nama_provinsi": "Kalimantan Selatan",
        "pulau": "",
        "route_create": "https://opsroom.sipongidata.my.id/daops/laporan/groundcheck/create/form",
        "hotspot_date": "2026-09-18",
        "distance_hgu_km": 4.329,
        "zone": "3–5 km",
        "location_status": "OUTSIDE HGU"
      }
    },
    {
      "type": "Feature",
      "geometry": {
        "type": "Point",
        "coordinates": [
          114.88833,
          -2.82945
        ]
      },
      "properties": {
        "confidence": "low",
        "confidence_value": null,
        "sumber": "NASA-SNPP",
        "date_hotspot": "Jumat, 11 September 2026 13:16:00",
        "date_hotspot_ori": "2026-09-11T06:16:00.000000Z",
        "provinsi": null,
        "kabkota": "Tapin",
        "desa": "Batalas",
        "hs_id": "2026-09-11T06:16:00.000000Z",
        "provinsi_id": 12,
        "long": 114.88833,
        "ori_sumber": null,
        "desa_id": null,
        "counter": 1,
        "confidence_level": "low",
        "kawasan": "",
        "kecamatan": "Candi Laras Utara",
        "nama_provinsi": "Kalimantan Selatan",
        "pulau": "",
        "route_create": "https://opsroom.sipongidata.my.id/daops/laporan/groundcheck/create/form",
        "hotspot_date": "2026-09-11",
        "distance_hgu_km": 0.75,
        "zone": "0–1 km",
        "location_status": "OUTSIDE HGU"
      }
    },
    {
      "type": "Feature",
      "geometry": {
        "type": "Point",
        "coordinates": [
          114.91794,
          -2.67255
        ]
      },
      "properties": {
        "confidence": "low",
        "confidence_value": null,
        "sumber": "NASA-MODIS",
        "date_hotspot": "Selasa, 15 September 2026 19:53:00",
        "date_hotspot_ori": "2026-09-15T12:53:00.000000Z",
        "provinsi": null,
        "kabkota": "Tapin",
        "desa": "Sawaja",
        "hs_id": "2026-09-15T12:53:00.000000Z",
        "provinsi_id": 12,
        "long": 114.91794,
        "ori_sumber": null,
        "desa_id": null,
        "counter": 3,
        "confidence_level": "low",
        "kawasan": "",
        "kecamatan": "Candi Laras Utara",
        "nama_provinsi": "Kalimantan Selatan",
        "pulau": "",
        "route_create": "https://opsroom.sipongidata.my.id/daops/laporan/groundcheck/create/form",
        "hotspot_date": "2026-09-15",
        "distance_hgu_km": 2.184,
        "zone": "1–3 km",
        "location_status": "OUTSIDE HGU"
      }
    },
    {
      "type": "Feature",
      "geometry": {
        "type": "Point",
        "coordinates": [
          114.82862,
          -2.85573
        ]
      },
      "properties": {
        "confidence": "low",
        "confidence_value": null,
        "sumber": "NASA-SNPP",
        "date_hotspot": "Selasa, 29 September 2026 12:40:00",
        "date_hotspot_ori": "2026-09-29T05:40:00.000000Z",
        "provinsi": null,
        "kabkota": "Barito Kuala",
        "desa": "Banitan",
        "hs_id": "2026-09-29T05:40:00.000000Z",
        "provinsi_id": 12,
        "long": 114.82862,
        "ori_sumber": null,
        "desa_id": null,
        "counter": 2,
        "confidence_level": "low",
        "kawasan": "",
        "kecamatan": "Bakumpai",
        "nama_provinsi": "Kalimantan Selatan",
        "pulau": "",
        "route_create": "https://opsroom.sipongidata.my.id/daops/laporan/groundcheck/create/form",
        "hotspot_date": "2026-09-29",
        "distance_hgu_km": 1.518,
        "zone": "1–3 km",
        "location_status": "OUTSIDE HGU"
      }
    },
    {
      "type": "Feature",
      "geometry": {
        "type": "Point",
        "coordinates": [
          114.92046,
          -2.66086
        ]
      },
      "properties": {
        "confidence": "low",
        "confidence_value": null,
        "sumber": "NASA-NOAA20",
        "date_hotspot": "Minggu, 13 September 2026 12:57:00",
        "date_hotspot_ori": "2026-09-13T05:57:00.000000Z",
        "provinsi": null,
        "kabkota": "Tapin",
        "desa": "Sawaja",
        "hs_id": "2026-09-13T05:57:00.000000Z",
        "provinsi_id": 12,
        "long": 114.92046,
        "ori_sumber": null,
        "desa_id": null,
        "counter": 1,
        "confidence_level": "low",
        "kawasan": "",
        "kecamatan": "Candi Laras Utara",
        "nama_provinsi": "Kalimantan Selatan",
        "pulau": "",
        "route_create": "https://opsroom.sipongidata.my.id/daops/laporan/groundcheck/create/form",
        "hotspot_date": "2026-09-13",
        "distance_hgu_km": 3.477,
        "zone": "3–5 km",
        "location_status": "OUTSIDE HGU"
      }
    },
    {
      "type": "Feature",
      "geometry": {
        "type": "Point",
        "coordinates": [
          114.92316,
          -2.65555
        ]
      },
      "properties": {
        "confidence": "low",
        "confidence_value": null,
        "sumber": "NASA-NOAA20",
        "date_hotspot": "Minggu, 13 September 2026 12:57:00",
        "date_hotspot_ori": "2026-09-13T05:57:00.000000Z",
        "provinsi": null,
        "kabkota": "Tapin",
        "desa": "Sawaja",
        "hs_id": "2026-09-13T05:57:00.000000Z",
        "provinsi_id": 12,
        "long": 114.92316,
        "ori_sumber": null,
        "desa_id": null,
        "counter": 1,
        "confidence_level": "low",
        "kawasan": "",
        "kecamatan": "Candi Laras Utara",
        "nama_provinsi": "Kalimantan Selatan",
        "pulau": "",
        "route_create": "https://opsroom.sipongidata.my.id/daops/laporan/groundcheck/create/form",
        "hotspot_date": "2026-09-13",
        "distance_hgu_km": 4.065,
        "zone": "3–5 km",
        "location_status": "OUTSIDE HGU"
      }
    },
    {
      "type": "Feature",
      "geometry": {
        "type": "Point",
        "coordinates": [
          114.89075,
          -2.80168
        ]
      },
      "properties": {
        "confidence": "low",
        "confidence_value": null,
        "sumber": "NASA-NOAA20",
        "date_hotspot": "Minggu, 13 September 2026 12:57:00",
        "date_hotspot_ori": "2026-09-13T05:57:00.000000Z",
        "provinsi": null,
        "kabkota": "Tapin",
        "desa": "Teluk Haur",
        "hs_id": "2026-09-13T05:57:00.000000Z",
        "provinsi_id": 12,
        "long": 114.89075,
        "ori_sumber": null,
        "desa_id": null,
        "counter": 3,
        "confidence_level": "low",
        "kawasan": "",
        "kecamatan": "Candi Laras Utara",
        "nama_provinsi": "Kalimantan Selatan",
        "pulau": "",
        "route_create": "https://opsroom.sipongidata.my.id/daops/laporan/groundcheck/create/form",
        "hotspot_date": "2026-09-13",
        "distance_hgu_km": 2.597,
        "zone": "1–3 km",
        "location_status": "OUTSIDE HGU"
      }
    },
    {
      "type": "Feature",
      "geometry": {
        "type": "Point",
        "coordinates": [
          114.99929,
          -2.70084
        ]
      },
      "properties": {
        "confidence": "low",
        "confidence_value": null,
        "sumber": "NASA-SNPP",
        "date_hotspot": "Sabtu, 12 September 2026 12:57:00",
        "date_hotspot_ori": "2026-09-12T05:57:00.000000Z",
        "provinsi": null,
        "kabkota": "Hulu Sungai Selatan",
        "desa": "Bajayau Tengah",
        "hs_id": "2026-09-12T05:57:00.000000Z",
        "provinsi_id": 12,
        "long": 114.99929,
        "ori_sumber": null,
        "desa_id": null,
        "counter": 1,
        "confidence_level": "low",
        "kawasan": "",
        "kecamatan": "Daha Barat",
        "nama_provinsi": "Kalimantan Selatan",
        "pulau": "",
        "route_create": "https://opsroom.sipongidata.my.id/daops/laporan/groundcheck/create/form",
        "hotspot_date": "2026-09-12",
        "distance_hgu_km": 4.11,
        "zone": "3–5 km",
        "location_status": "OUTSIDE HGU"
      }
    },
    {
      "type": "Feature",
      "geometry": {
        "type": "Point",
        "coordinates": [
          114.92531,
          -2.76606
        ]
      },
      "properties": {
        "confidence": "low",
        "confidence_value": null,
        "sumber": "NASA-NOAA20",
        "date_hotspot": "Jumat, 04 September 2026 12:27:00",
        "date_hotspot_ori": "2026-09-04T05:27:00.000000Z",
        "provinsi": null,
        "kabkota": "Tapin",
        "desa": "Buas-Buas Hilir",
        "hs_id": "2026-09-04T05:27:00.000000Z",
        "provinsi_id": 12,
        "long": 114.92531,
        "ori_sumber": null,
        "desa_id": null,
        "counter": 1,
        "confidence_level": "low",
        "kawasan": "",
        "kecamatan": "Candi Laras Utara",
        "nama_provinsi": "Kalimantan Selatan",
        "pulau": "",
        "route_create": "https://opsroom.sipongidata.my.id/daops/laporan/groundcheck/create/form",
        "hotspot_date": "2026-09-04",
        "distance_hgu_km": 1.334,
        "zone": "1–3 km",
        "location_status": "OUTSIDE HGU"
      }
    },
    {
      "type": "Feature",
      "geometry": {
        "type": "Point",
        "coordinates": [
          114.87788,
          -2.82713
        ]
      },
      "properties": {
        "confidence": "low",
        "confidence_value": null,
        "sumber": "NASA-SNPP",
        "date_hotspot": "Jumat, 11 September 2026 13:16:00",
        "date_hotspot_ori": "2026-09-11T06:16:00.000000Z",
        "provinsi": null,
        "kabkota": "Tapin",
        "desa": "Batalas",
        "hs_id": "2026-09-11T06:16:00.000000Z",
        "provinsi_id": 12,
        "long": 114.87788,
        "ori_sumber": null,
        "desa_id": null,
        "counter": 1,
        "confidence_level": "low",
        "kawasan": "",
        "kecamatan": "Candi Laras Utara",
        "nama_provinsi": "Kalimantan Selatan",
        "pulau": "",
        "route_create": "https://opsroom.sipongidata.my.id/daops/laporan/groundcheck/create/form",
        "hotspot_date": "2026-09-11",
        "distance_hgu_km": 0.728,
        "zone": "0–1 km",
        "location_status": "OUTSIDE HGU"
      }
    },
    {
      "type": "Feature",
      "geometry": {
        "type": "Point",
        "coordinates": [
          114.90569,
          -2.68145
        ]
      },
      "properties": {
        "confidence": "low",
        "confidence_value": null,
        "sumber": "NASA-SNPP",
        "date_hotspot": "Selasa, 22 September 2026 13:10:00",
        "date_hotspot_ori": "2026-09-22T06:10:00.000000Z",
        "provinsi": null,
        "kabkota": "Tapin",
        "desa": "Sawaja",
        "hs_id": "2026-09-22T06:10:00.000000Z",
        "provinsi_id": 12,
        "long": 114.90569,
        "ori_sumber": null,
        "desa_id": null,
        "counter": 5,
        "confidence_level": "low",
        "kawasan": "",
        "kecamatan": "Candi Laras Utara",
        "nama_provinsi": "Kalimantan Selatan",
        "pulau": "",
        "route_create": "https://opsroom.sipongidata.my.id/daops/laporan/groundcheck/create/form",
        "hotspot_date": "2026-09-22",
        "distance_hgu_km": 1.281,
        "zone": "1–3 km",
        "location_status": "OUTSIDE HGU"
      }
    },
    {
      "type": "Feature",
      "geometry": {
        "type": "Point",
        "coordinates": [
          114.87497,
          -2.8216
        ]
      },
      "properties": {
        "confidence": "low",
        "confidence_value": null,
        "sumber": "NASA-NOAA20",
        "date_hotspot": "Rabu, 23 September 2026 13:12:00",
        "date_hotspot_ori": "2026-09-23T06:12:00.000000Z",
        "provinsi": null,
        "kabkota": "Tapin",
        "desa": "Batalas",
        "hs_id": "2026-09-23T06:12:00.000000Z",
        "provinsi_id": 12,
        "long": 114.87497,
        "ori_sumber": null,
        "desa_id": null,
        "counter": 1,
        "confidence_level": "low",
        "kawasan": "",
        "kecamatan": "Candi Laras Utara",
        "nama_provinsi": "Kalimantan Selatan",
        "pulau": "",
        "route_create": "https://opsroom.sipongidata.my.id/daops/laporan/groundcheck/create/form",
        "hotspot_date": "2026-09-23",
        "distance_hgu_km": 1.199,
        "zone": "1–3 km",
        "location_status": "OUTSIDE HGU"
      }
    },
    {
      "type": "Feature",
      "geometry": {
        "type": "Point",
        "coordinates": [
          114.87343,
          -2.78171
        ]
      },
      "properties": {
        "confidence": "low",
        "confidence_value": null,
        "sumber": "NASA-NOAA20",
        "date_hotspot": "Senin, 14 September 2026 12:40:00",
        "date_hotspot_ori": "2026-09-14T05:40:00.000000Z",
        "provinsi": null,
        "kabkota": "Tapin",
        "desa": "Teluk Haur",
        "hs_id": "2026-09-14T05:40:00.000000Z",
        "provinsi_id": 12,
        "long": 114.87343,
        "ori_sumber": null,
        "desa_id": null,
        "counter": 3,
        "confidence_level": "low",
        "kawasan": "",
        "kecamatan": "Candi Laras Utara",
        "nama_provinsi": "Kalimantan Selatan",
        "pulau": "",
        "route_create": "https://opsroom.sipongidata.my.id/daops/laporan/groundcheck/create/form",
        "hotspot_date": "2026-09-14",
        "distance_hgu_km": 0.652,
        "zone": "0–1 km",
        "location_status": "OUTSIDE HGU"
      }
    },
    {
      "type": "Feature",
      "geometry": {
        "type": "Point",
        "coordinates": [
          114.91981,
          -2.77662
        ]
      },
      "properties": {
        "confidence": "low",
        "confidence_value": null,
        "sumber": "NASA-SNPP",
        "date_hotspot": "Selasa, 22 September 2026 13:10:00",
        "date_hotspot_ori": "2026-09-22T06:10:00.000000Z",
        "provinsi": null,
        "kabkota": "Tapin",
        "desa": "Buas-Buas Hilir",
        "hs_id": "2026-09-22T06:10:00.000000Z",
        "provinsi_id": 12,
        "long": 114.91981,
        "ori_sumber": null,
        "desa_id": null,
        "counter": 1,
        "confidence_level": "low",
        "kawasan": "",
        "kecamatan": "Candi Laras Utara",
        "nama_provinsi": "Kalimantan Selatan",
        "pulau": "",
        "route_create": "https://opsroom.sipongidata.my.id/daops/laporan/groundcheck/create/form",
        "hotspot_date": "2026-09-22",
        "distance_hgu_km": 0.25,
        "zone": "0–1 km",
        "location_status": "OUTSIDE HGU"
      }
    },
    {
      "type": "Feature",
      "geometry": {
        "type": "Point",
        "coordinates": [
          114.86922,
          -2.78234
        ]
      },
      "properties": {
        "confidence": "low",
        "confidence_value": null,
        "sumber": "NASA-NOAA20",
        "date_hotspot": "Senin, 14 September 2026 12:40:00",
        "date_hotspot_ori": "2026-09-14T05:40:00.000000Z",
        "provinsi": null,
        "kabkota": "Tapin",
        "desa": "Teluk Haur",
        "hs_id": "2026-09-14T05:40:00.000000Z",
        "provinsi_id": 12,
        "long": 114.86922,
        "ori_sumber": null,
        "desa_id": null,
        "counter": 3,
        "confidence_level": "low",
        "kawasan": "",
        "kecamatan": "Candi Laras Utara",
        "nama_provinsi": "Kalimantan Selatan",
        "pulau": "",
        "route_create": "https://opsroom.sipongidata.my.id/daops/laporan/groundcheck/create/form",
        "hotspot_date": "2026-09-14",
        "distance_hgu_km": 0.183,
        "zone": "0–1 km",
        "location_status": "OUTSIDE HGU"
      }
    },
    {
      "type": "Feature",
      "geometry": {
        "type": "Point",
        "coordinates": [
          114.88333,
          -2.89046
        ]
      },
      "properties": {
        "confidence": "low",
        "confidence_value": null,
        "sumber": "NASA-SNPP",
        "date_hotspot": "Selasa, 22 September 2026 13:10:00",
        "date_hotspot_ori": "2026-09-22T06:10:00.000000Z",
        "provinsi": null,
        "kabkota": "Tapin",
        "desa": "Pariok",
        "hs_id": "2026-09-22T06:10:00.000000Z",
        "provinsi_id": 12,
        "long": 114.88333,
        "ori_sumber": null,
        "desa_id": null,
        "counter": 3,
        "confidence_level": "low",
        "kawasan": "",
        "kecamatan": "Candi Laras Utara",
        "nama_provinsi": "Kalimantan Selatan",
        "pulau": "",
        "route_create": "https://opsroom.sipongidata.my.id/daops/laporan/groundcheck/create/form",
        "hotspot_date": "2026-09-22",
        "distance_hgu_km": 0.702,
        "zone": "0–1 km",
        "location_status": "OUTSIDE HGU"
      }
    },
    {
      "type": "Feature",
      "geometry": {
        "type": "Point",
        "coordinates": [
          114.92472,
          -2.6581
        ]
      },
      "properties": {
        "confidence": "low",
        "confidence_value": null,
        "sumber": "NASA-NOAA20",
        "date_hotspot": "Senin, 14 September 2026 12:40:00",
        "date_hotspot_ori": "2026-09-14T05:40:00.000000Z",
        "provinsi": null,
        "kabkota": "Tapin",
        "desa": "Sawaja",
        "hs_id": "2026-09-14T05:40:00.000000Z",
        "provinsi_id": 12,
        "long": 114.92472,
        "ori_sumber": null,
        "desa_id": null,
        "counter": 2,
        "confidence_level": "low",
        "kawasan": "",
        "kecamatan": "Candi Laras Utara",
        "nama_provinsi": "Kalimantan Selatan",
        "pulau": "",
        "route_create": "https://opsroom.sipongidata.my.id/daops/laporan/groundcheck/create/form",
        "hotspot_date": "2026-09-14",
        "distance_hgu_km": 3.784,
        "zone": "3–5 km",
        "location_status": "OUTSIDE HGU"
      }
    },
    {
      "type": "Feature",
      "geometry": {
        "type": "Point",
        "coordinates": [
          114.87246,
          -2.80413
        ]
      },
      "properties": {
        "confidence": "low",
        "confidence_value": null,
        "sumber": "NASA-NOAA20",
        "date_hotspot": "Senin, 14 September 2026 12:40:00",
        "date_hotspot_ori": "2026-09-14T05:40:00.000000Z",
        "provinsi": null,
        "kabkota": "Tapin",
        "desa": "Batalas",
        "hs_id": "2026-09-14T05:40:00.000000Z",
        "provinsi_id": 12,
        "long": 114.87246,
        "ori_sumber": null,
        "desa_id": null,
        "counter": 4,
        "confidence_level": "low",
        "kawasan": "",
        "kecamatan": "Candi Laras Utara",
        "nama_provinsi": "Kalimantan Selatan",
        "pulau": "",
        "route_create": "https://opsroom.sipongidata.my.id/daops/laporan/groundcheck/create/form",
        "hotspot_date": "2026-09-14",
        "distance_hgu_km": 0.558,
        "zone": "0–1 km",
        "location_status": "OUTSIDE HGU"
      }
    },
    {
      "type": "Feature",
      "geometry": {
        "type": "Point",
        "coordinates": [
          114.95532,
          -2.65154
        ]
      },
      "properties": {
        "confidence": "low",
        "confidence_value": null,
        "sumber": "NASA-SNPP",
        "date_hotspot": "Selasa, 22 September 2026 13:10:00",
        "date_hotspot_ori": "2026-09-22T06:10:00.000000Z",
        "provinsi": null,
        "kabkota": "Hulu Sungai Selatan",
        "desa": "Baru",
        "hs_id": "2026-09-22T06:10:00.000000Z",
        "provinsi_id": 12,
        "long": 114.95532,
        "ori_sumber": null,
        "desa_id": null,
        "counter": 3,
        "confidence_level": "low",
        "kawasan": "",
        "kecamatan": "Daha Barat",
        "nama_provinsi": "Kalimantan Selatan",
        "pulau": "",
        "route_create": "https://opsroom.sipongidata.my.id/daops/laporan/groundcheck/create/form",
        "hotspot_date": "2026-09-22",
        "distance_hgu_km": 4.529,
        "zone": "3–5 km",
        "location_status": "OUTSIDE HGU"
      }
    },
    {
      "type": "Feature",
      "geometry": {
        "type": "Point",
        "coordinates": [
          114.87408,
          -2.81502
        ]
      },
      "properties": {
        "confidence": "low",
        "confidence_value": null,
        "sumber": "NASA-NOAA20",
        "date_hotspot": "Senin, 14 September 2026 12:40:00",
        "date_hotspot_ori": "2026-09-14T05:40:00.000000Z",
        "provinsi": null,
        "kabkota": "Tapin",
        "desa": "Batalas",
        "hs_id": "2026-09-14T05:40:00.000000Z",
        "provinsi_id": 12,
        "long": 114.87408,
        "ori_sumber": null,
        "desa_id": null,
        "counter": 4,
        "confidence_level": "low",
        "kawasan": "",
        "kecamatan": "Candi Laras Utara",
        "nama_provinsi": "Kalimantan Selatan",
        "pulau": "",
        "route_create": "https://opsroom.sipongidata.my.id/daops/laporan/groundcheck/create/form",
        "hotspot_date": "2026-09-14",
        "distance_hgu_km": 0.755,
        "zone": "0–1 km",
        "location_status": "OUTSIDE HGU"
      }
    },
    {
      "type": "Feature",
      "geometry": {
        "type": "Point",
        "coordinates": [
          114.87193,
          -2.80049
        ]
      },
      "properties": {
        "confidence": "low",
        "confidence_value": null,
        "sumber": "NASA-NOAA20",
        "date_hotspot": "Senin, 14 September 2026 12:40:00",
        "date_hotspot_ori": "2026-09-14T05:40:00.000000Z",
        "provinsi": null,
        "kabkota": "Tapin",
        "desa": "Batalas",
        "hs_id": "2026-09-14T05:40:00.000000Z",
        "provinsi_id": 12,
        "long": 114.87193,
        "ori_sumber": null,
        "desa_id": null,
        "counter": 1,
        "confidence_level": "low",
        "kawasan": "",
        "kecamatan": "Candi Laras Utara",
        "nama_provinsi": "Kalimantan Selatan",
        "pulau": "",
        "route_create": "https://opsroom.sipongidata.my.id/daops/laporan/groundcheck/create/form",
        "hotspot_date": "2026-09-14",
        "distance_hgu_km": 0.504,
        "zone": "0–1 km",
        "location_status": "OUTSIDE HGU"
      }
    },
    {
      "type": "Feature",
      "geometry": {
        "type": "Point",
        "coordinates": [
          114.90227,
          -2.79771
        ]
      },
      "properties": {
        "confidence": "low",
        "confidence_value": null,
        "sumber": "NASA-SNPP",
        "date_hotspot": "Selasa, 22 September 2026 13:10:00",
        "date_hotspot_ori": "2026-09-22T06:10:00.000000Z",
        "provinsi": null,
        "kabkota": "Tapin",
        "desa": "Teluk Haur",
        "hs_id": "2026-09-22T06:10:00.000000Z",
        "provinsi_id": 12,
        "long": 114.90227,
        "ori_sumber": null,
        "desa_id": null,
        "counter": 1,
        "confidence_level": "low",
        "kawasan": "",
        "kecamatan": "Candi Laras Utara",
        "nama_provinsi": "Kalimantan Selatan",
        "pulau": "",
        "route_create": "https://opsroom.sipongidata.my.id/daops/laporan/groundcheck/create/form",
        "hotspot_date": "2026-09-22",
        "distance_hgu_km": 2.434,
        "zone": "1–3 km",
        "location_status": "OUTSIDE HGU"
      }
    },
    {
      "type": "Feature",
      "geometry": {
        "type": "Point",
        "coordinates": [
          114.86826,
          -2.80476
        ]
      },
      "properties": {
        "confidence": "low",
        "confidence_value": null,
        "sumber": "NASA-NOAA20",
        "date_hotspot": "Senin, 14 September 2026 12:40:00",
        "date_hotspot_ori": "2026-09-14T05:40:00.000000Z",
        "provinsi": null,
        "kabkota": "Tapin",
        "desa": "Batalas",
        "hs_id": "2026-09-14T05:40:00.000000Z",
        "provinsi_id": 12,
        "long": 114.86826,
        "ori_sumber": null,
        "desa_id": null,
        "counter": 4,
        "confidence_level": "low",
        "kawasan": "",
        "kecamatan": "Candi Laras Utara",
        "nama_provinsi": "Kalimantan Selatan",
        "pulau": "",
        "route_create": "https://opsroom.sipongidata.my.id/daops/laporan/groundcheck/create/form",
        "hotspot_date": "2026-09-14",
        "distance_hgu_km": 0.089,
        "zone": "0–1 km",
        "location_status": "OUTSIDE HGU"
      }
    },
    {
      "type": "Feature",
      "geometry": {
        "type": "Point",
        "coordinates": [
          114.88399,
          -2.79496
        ]
      },
      "properties": {
        "confidence": "low",
        "confidence_value": null,
        "sumber": "NASA-NOAA20",
        "date_hotspot": "Senin, 14 September 2026 12:40:00",
        "date_hotspot_ori": "2026-09-14T05:40:00.000000Z",
        "provinsi": null,
        "kabkota": "Tapin",
        "desa": "Teluk Haur",
        "hs_id": "2026-09-14T05:40:00.000000Z",
        "provinsi_id": 12,
        "long": 114.88399,
        "ori_sumber": null,
        "desa_id": null,
        "counter": 3,
        "confidence_level": "low",
        "kawasan": "",
        "kecamatan": "Candi Laras Utara",
        "nama_provinsi": "Kalimantan Selatan",
        "pulau": "",
        "route_create": "https://opsroom.sipongidata.my.id/daops/laporan/groundcheck/create/form",
        "hotspot_date": "2026-09-14",
        "distance_hgu_km": 1.835,
        "zone": "1–3 km",
        "location_status": "OUTSIDE HGU"
      }
    },
    {
      "type": "Feature",
      "geometry": {
        "type": "Point",
        "coordinates": [
          114.86987,
          -2.81566
        ]
      },
      "properties": {
        "confidence": "low",
        "confidence_value": null,
        "sumber": "NASA-NOAA20",
        "date_hotspot": "Senin, 14 September 2026 12:40:00",
        "date_hotspot_ori": "2026-09-14T05:40:00.000000Z",
        "provinsi": null,
        "kabkota": "Tapin",
        "desa": "Batalas",
        "hs_id": "2026-09-14T05:40:00.000000Z",
        "provinsi_id": 12,
        "long": 114.86987,
        "ori_sumber": null,
        "desa_id": null,
        "counter": 4,
        "confidence_level": "low",
        "kawasan": "",
        "kecamatan": "Candi Laras Utara",
        "nama_provinsi": "Kalimantan Selatan",
        "pulau": "",
        "route_create": "https://opsroom.sipongidata.my.id/daops/laporan/groundcheck/create/form",
        "hotspot_date": "2026-09-14",
        "distance_hgu_km": 0.375,
        "zone": "0–1 km",
        "location_status": "OUTSIDE HGU"
      }
    },
    {
      "type": "Feature",
      "geometry": {
        "type": "Point",
        "coordinates": [
          115.00267,
          -2.68994
        ]
      },
      "properties": {
        "confidence": "low",
        "confidence_value": null,
        "sumber": "NASA-SNPP",
        "date_hotspot": "Senin, 14 September 2026 12:21:00",
        "date_hotspot_ori": "2026-09-14T05:21:00.000000Z",
        "provinsi": null,
        "kabkota": "Hulu Sungai Selatan",
        "desa": "Bajayau",
        "hs_id": "2026-09-14T05:21:00.000000Z",
        "provinsi_id": 12,
        "long": 115.00267,
        "ori_sumber": null,
        "desa_id": null,
        "counter": 2,
        "confidence_level": "low",
        "kawasan": "",
        "kecamatan": "Daha Barat",
        "nama_provinsi": "Kalimantan Selatan",
        "pulau": "",
        "route_create": "https://opsroom.sipongidata.my.id/daops/laporan/groundcheck/create/form",
        "hotspot_date": "2026-09-14",
        "distance_hgu_km": 4.494,
        "zone": "3–5 km",
        "location_status": "OUTSIDE HGU"
      }
    },
    {
      "type": "Feature",
      "geometry": {
        "type": "Point",
        "coordinates": [
          114.92743,
          -2.65621
        ]
      },
      "properties": {
        "confidence": "low",
        "confidence_value": null,
        "sumber": "NASA-SNPP",
        "date_hotspot": "Minggu, 13 September 2026 12:40:00",
        "date_hotspot_ori": "2026-09-13T05:40:00.000000Z",
        "provinsi": null,
        "kabkota": "Tapin",
        "desa": "Sawaja",
        "hs_id": "2026-09-13T05:40:00.000000Z",
        "provinsi_id": 12,
        "long": 114.92743,
        "ori_sumber": null,
        "desa_id": null,
        "counter": 1,
        "confidence_level": "low",
        "kawasan": "",
        "kecamatan": "Candi Laras Utara",
        "nama_provinsi": "Kalimantan Selatan",
        "pulau": "",
        "route_create": "https://opsroom.sipongidata.my.id/daops/laporan/groundcheck/create/form",
        "hotspot_date": "2026-09-13",
        "distance_hgu_km": 3.995,
        "zone": "3–5 km",
        "location_status": "OUTSIDE HGU"
      }
    },
    {
      "type": "Feature",
      "geometry": {
        "type": "Point",
        "coordinates": [
          114.92498,
          -2.77477
        ]
      },
      "properties": {
        "confidence": "low",
        "confidence_value": null,
        "sumber": "NASA-NOAA20",
        "date_hotspot": "Minggu, 20 September 2026 12:27:00",
        "date_hotspot_ori": "2026-09-20T05:27:00.000000Z",
        "provinsi": null,
        "kabkota": "Tapin",
        "desa": "Buas-Buas Hilir",
        "hs_id": "2026-09-20T05:27:00.000000Z",
        "provinsi_id": 12,
        "long": 114.92498,
        "ori_sumber": null,
        "desa_id": null,
        "counter": 1,
        "confidence_level": "low",
        "kawasan": "",
        "kecamatan": "Candi Laras Utara",
        "nama_provinsi": "Kalimantan Selatan",
        "pulau": "",
        "route_create": "https://opsroom.sipongidata.my.id/daops/laporan/groundcheck/create/form",
        "hotspot_date": "2026-09-20",
        "distance_hgu_km": 0.82,
        "zone": "0–1 km",
        "location_status": "OUTSIDE HGU"
      }
    },
    {
      "type": "Feature",
      "geometry": {
        "type": "Point",
        "coordinates": [
          114.80761,
          -2.70651
        ]
      },
      "properties": {
        "confidence": "low",
        "confidence_value": null,
        "sumber": "NASA-SNPP",
        "date_hotspot": "Jumat, 11 September 2026 13:16:00",
        "date_hotspot_ori": "2026-09-11T06:16:00.000000Z",
        "provinsi": null,
        "kabkota": "Barito Kuala",
        "desa": "Kabuau",
        "hs_id": "2026-09-11T06:16:00.000000Z",
        "provinsi_id": 12,
        "long": 114.80761,
        "ori_sumber": null,
        "desa_id": null,
        "counter": 1,
        "confidence_level": "low",
        "kawasan": "",
        "kecamatan": "Kuripan",
        "nama_provinsi": "Kalimantan Selatan",
        "pulau": "",
        "route_create": "https://opsroom.sipongidata.my.id/daops/laporan/groundcheck/create/form",
        "hotspot_date": "2026-09-11",
        "distance_hgu_km": 4.943,
        "zone": "3–5 km",
        "location_status": "OUTSIDE HGU"
      }
    },
    {
      "type": "Feature",
      "geometry": {
        "type": "Point",
        "coordinates": [
          114.80453,
          -2.71899
        ]
      },
      "properties": {
        "confidence": "low",
        "confidence_value": null,
        "sumber": "NASA-SNPP",
        "date_hotspot": "Jumat, 11 September 2026 13:16:00",
        "date_hotspot_ori": "2026-09-11T06:16:00.000000Z",
        "provinsi": null,
        "kabkota": "Barito Kuala",
        "desa": "Jambu",
        "hs_id": "2026-09-11T06:16:00.000000Z",
        "provinsi_id": 12,
        "long": 114.80453,
        "ori_sumber": null,
        "desa_id": null,
        "counter": 1,
        "confidence_level": "low",
        "kawasan": "",
        "kecamatan": "Kuripan",
        "nama_provinsi": "Kalimantan Selatan",
        "pulau": "",
        "route_create": "https://opsroom.sipongidata.my.id/daops/laporan/groundcheck/create/form",
        "hotspot_date": "2026-09-11",
        "distance_hgu_km": 4.558,
        "zone": "3–5 km",
        "location_status": "OUTSIDE HGU"
      }
    },
    {
      "type": "Feature",
      "geometry": {
        "type": "Point",
        "coordinates": [
          114.89411,
          -2.84316
        ]
      },
      "properties": {
        "confidence": "low",
        "confidence_value": null,
        "sumber": "NASA-NOAA20",
        "date_hotspot": "Selasa, 29 September 2026 12:57:00",
        "date_hotspot_ori": "2026-09-29T05:57:00.000000Z",
        "provinsi": null,
        "kabkota": "Tapin",
        "desa": "Baulin",
        "hs_id": "2026-09-29T05:57:00.000000Z",
        "provinsi_id": 12,
        "long": 114.89411,
        "ori_sumber": null,
        "desa_id": null,
        "counter": 1,
        "confidence_level": "low",
        "kawasan": "",
        "kecamatan": "Candi Laras Selatan",
        "nama_provinsi": "Kalimantan Selatan",
        "pulau": "",
        "route_create": "https://opsroom.sipongidata.my.id/daops/laporan/groundcheck/create/form",
        "hotspot_date": "2026-09-29",
        "distance_hgu_km": 0.813,
        "zone": "0–1 km",
        "location_status": "OUTSIDE HGU"
      }
    },
    {
      "type": "Feature",
      "geometry": {
        "type": "Point",
        "coordinates": [
          114.91106,
          -2.6888
        ]
      },
      "properties": {
        "confidence": "low",
        "confidence_value": null,
        "sumber": "NASA-SNPP",
        "date_hotspot": "Selasa, 15 September 2026 13:42:00",
        "date_hotspot_ori": "2026-09-15T06:42:00.000000Z",
        "provinsi": null,
        "kabkota": "Tapin",
        "desa": "Sawaja",
        "hs_id": "2026-09-15T06:42:00.000000Z",
        "provinsi_id": 12,
        "long": 114.91106,
        "ori_sumber": null,
        "desa_id": null,
        "counter": 1,
        "confidence_level": "low",
        "kawasan": "",
        "kecamatan": "Candi Laras Utara",
        "nama_provinsi": "Kalimantan Selatan",
        "pulau": "",
        "route_create": "https://opsroom.sipongidata.my.id/daops/laporan/groundcheck/create/form",
        "hotspot_date": "2026-09-15",
        "distance_hgu_km": 0.384,
        "zone": "0–1 km",
        "location_status": "OUTSIDE HGU"
      }
    },
    {
      "type": "Feature",
      "geometry": {
        "type": "Point",
        "coordinates": [
          114.93125,
          -2.67088
        ]
      },
      "properties": {
        "confidence": "low",
        "confidence_value": null,
        "sumber": "NASA-SNPP",
        "date_hotspot": "Sabtu, 12 September 2026 12:57:00",
        "date_hotspot_ori": "2026-09-12T05:57:00.000000Z",
        "provinsi": null,
        "kabkota": "Tapin",
        "desa": "Sawaja",
        "hs_id": "2026-09-12T05:57:00.000000Z",
        "provinsi_id": 12,
        "long": 114.93125,
        "ori_sumber": null,
        "desa_id": null,
        "counter": 2,
        "confidence_level": "low",
        "kawasan": "",
        "kecamatan": "Candi Laras Utara",
        "nama_provinsi": "Kalimantan Selatan",
        "pulau": "",
        "route_create": "https://opsroom.sipongidata.my.id/daops/laporan/groundcheck/create/form",
        "hotspot_date": "2026-09-12",
        "distance_hgu_km": 2.377,
        "zone": "1–3 km",
        "location_status": "OUTSIDE HGU"
      }
    },
    {
      "type": "Feature",
      "geometry": {
        "type": "Point",
        "coordinates": [
          114.96249,
          -2.76008
        ]
      },
      "properties": {
        "confidence": "low",
        "confidence_value": null,
        "sumber": "NASA-NOAA20",
        "date_hotspot": "Minggu, 20 September 2026 12:27:00",
        "date_hotspot_ori": "2026-09-20T05:27:00.000000Z",
        "provinsi": null,
        "kabkota": "Tapin",
        "desa": "Buas-Buas",
        "hs_id": "2026-09-20T05:27:00.000000Z",
        "provinsi_id": 12,
        "long": 114.96249,
        "ori_sumber": null,
        "desa_id": null,
        "counter": 1,
        "confidence_level": "low",
        "kawasan": "",
        "kecamatan": "Candi Laras Utara",
        "nama_provinsi": "Kalimantan Selatan",
        "pulau": "",
        "route_create": "https://opsroom.sipongidata.my.id/daops/laporan/groundcheck/create/form",
        "hotspot_date": "2026-09-20",
        "distance_hgu_km": 2.481,
        "zone": "1–3 km",
        "location_status": "OUTSIDE HGU"
      }
    },
    {
      "type": "Feature",
      "geometry": {
        "type": "Point",
        "coordinates": [
          114.825,
          -2.85626
        ]
      },
      "properties": {
        "confidence": "low",
        "confidence_value": null,
        "sumber": "NASA-SNPP",
        "date_hotspot": "Selasa, 29 September 2026 12:40:00",
        "date_hotspot_ori": "2026-09-29T05:40:00.000000Z",
        "provinsi": null,
        "kabkota": "Barito Kuala",
        "desa": "Banitan",
        "hs_id": "2026-09-29T05:40:00.000000Z",
        "provinsi_id": 12,
        "long": 114.825,
        "ori_sumber": null,
        "desa_id": null,
        "counter": 2,
        "confidence_level": "low",
        "kawasan": "",
        "kecamatan": "Bakumpai",
        "nama_provinsi": "Kalimantan Selatan",
        "pulau": "",
        "route_create": "https://opsroom.sipongidata.my.id/daops/laporan/groundcheck/create/form",
        "hotspot_date": "2026-09-29",
        "distance_hgu_km": 1.922,
        "zone": "1–3 km",
        "location_status": "OUTSIDE HGU"
      }
    },
    {
      "type": "Feature",
      "geometry": {
        "type": "Point",
        "coordinates": [
          114.88473,
          -2.82625
        ]
      },
      "properties": {
        "confidence": "low",
        "confidence_value": null,
        "sumber": "NASA-SNPP",
        "date_hotspot": "Jumat, 11 September 2026 13:16:00",
        "date_hotspot_ori": "2026-09-11T06:16:00.000000Z",
        "provinsi": null,
        "kabkota": "Tapin",
        "desa": "Batalas",
        "hs_id": "2026-09-11T06:16:00.000000Z",
        "provinsi_id": 12,
        "long": 114.88473,
        "ori_sumber": null,
        "desa_id": null,
        "counter": 1,
        "confidence_level": "low",
        "kawasan": "",
        "kecamatan": "Candi Laras Utara",
        "nama_provinsi": "Kalimantan Selatan",
        "pulau": "",
        "route_create": "https://opsroom.sipongidata.my.id/daops/laporan/groundcheck/create/form",
        "hotspot_date": "2026-09-11",
        "distance_hgu_km": 1.023,
        "zone": "1–3 km",
        "location_status": "OUTSIDE HGU"
      }
    },
    {
      "type": "Feature",
      "geometry": {
        "type": "Point",
        "coordinates": [
          114.86993,
          -2.82855
        ]
      },
      "properties": {
        "confidence": "low",
        "confidence_value": null,
        "sumber": "NASA-SNPP",
        "date_hotspot": "Jumat, 11 September 2026 13:16:00",
        "date_hotspot_ori": "2026-09-11T06:16:00.000000Z",
        "provinsi": null,
        "kabkota": "Tapin",
        "desa": "Batalas",
        "hs_id": "2026-09-11T06:16:00.000000Z",
        "provinsi_id": 12,
        "long": 114.86993,
        "ori_sumber": null,
        "desa_id": null,
        "counter": 1,
        "confidence_level": "low",
        "kawasan": "",
        "kecamatan": "Candi Laras Utara",
        "nama_provinsi": "Kalimantan Selatan",
        "pulau": "",
        "route_create": "https://opsroom.sipongidata.my.id/daops/laporan/groundcheck/create/form",
        "hotspot_date": "2026-09-11",
        "distance_hgu_km": 0.295,
        "zone": "0–1 km",
        "location_status": "OUTSIDE HGU"
      }
    },
    {
      "type": "Feature",
      "geometry": {
        "type": "Point",
        "coordinates": [
          114.87288,
          -2.77808
        ]
      },
      "properties": {
        "confidence": "low",
        "confidence_value": null,
        "sumber": "NASA-NOAA20",
        "date_hotspot": "Senin, 14 September 2026 12:40:00",
        "date_hotspot_ori": "2026-09-14T05:40:00.000000Z",
        "provinsi": null,
        "kabkota": "Tapin",
        "desa": "Teluk Haur",
        "hs_id": "2026-09-14T05:40:00.000000Z",
        "provinsi_id": 12,
        "long": 114.87288,
        "ori_sumber": null,
        "desa_id": null,
        "counter": 3,
        "confidence_level": "low",
        "kawasan": "",
        "kecamatan": "Candi Laras Utara",
        "nama_provinsi": "Kalimantan Selatan",
        "pulau": "",
        "route_create": "https://opsroom.sipongidata.my.id/daops/laporan/groundcheck/create/form",
        "hotspot_date": "2026-09-14",
        "distance_hgu_km": 0.269,
        "zone": "0–1 km",
        "location_status": "OUTSIDE HGU"
      }
    },
    {
      "type": "Feature",
      "geometry": {
        "type": "Point",
        "coordinates": [
          114.87397,
          -2.78534
        ]
      },
      "properties": {
        "confidence": "low",
        "confidence_value": null,
        "sumber": "NASA-NOAA20",
        "date_hotspot": "Senin, 14 September 2026 12:40:00",
        "date_hotspot_ori": "2026-09-14T05:40:00.000000Z",
        "provinsi": null,
        "kabkota": "Tapin",
        "desa": "Teluk Haur",
        "hs_id": "2026-09-14T05:40:00.000000Z",
        "provinsi_id": 12,
        "long": 114.87397,
        "ori_sumber": null,
        "desa_id": null,
        "counter": 3,
        "confidence_level": "low",
        "kawasan": "",
        "kecamatan": "Candi Laras Utara",
        "nama_provinsi": "Kalimantan Selatan",
        "pulau": "",
        "route_create": "https://opsroom.sipongidata.my.id/daops/laporan/groundcheck/create/form",
        "hotspot_date": "2026-09-14",
        "distance_hgu_km": 0.706,
        "zone": "0–1 km",
        "location_status": "OUTSIDE HGU"
      }
    },
    {
      "type": "Feature",
      "geometry": {
        "type": "Point",
        "coordinates": [
          114.86977,
          -2.78597
        ]
      },
      "properties": {
        "confidence": "low",
        "confidence_value": null,
        "sumber": "NASA-NOAA20",
        "date_hotspot": "Senin, 14 September 2026 12:40:00",
        "date_hotspot_ori": "2026-09-14T05:40:00.000000Z",
        "provinsi": null,
        "kabkota": "Tapin",
        "desa": "Teluk Haur",
        "hs_id": "2026-09-14T05:40:00.000000Z",
        "provinsi_id": 12,
        "long": 114.86977,
        "ori_sumber": null,
        "desa_id": null,
        "counter": 1,
        "confidence_level": "low",
        "kawasan": "",
        "kecamatan": "Candi Laras Utara",
        "nama_provinsi": "Kalimantan Selatan",
        "pulau": "",
        "route_create": "https://opsroom.sipongidata.my.id/daops/laporan/groundcheck/create/form",
        "hotspot_date": "2026-09-14",
        "distance_hgu_km": 0.239,
        "zone": "0–1 km",
        "location_status": "OUTSIDE HGU"
      }
    },
    {
      "type": "Feature",
      "geometry": {
        "type": "Point",
        "coordinates": [
          114.8829,
          -2.7877
        ]
      },
      "properties": {
        "confidence": "low",
        "confidence_value": null,
        "sumber": "NASA-NOAA20",
        "date_hotspot": "Senin, 14 September 2026 12:40:00",
        "date_hotspot_ori": "2026-09-14T05:40:00.000000Z",
        "provinsi": null,
        "kabkota": "Tapin",
        "desa": "Teluk Haur",
        "hs_id": "2026-09-14T05:40:00.000000Z",
        "provinsi_id": 12,
        "long": 114.8829,
        "ori_sumber": null,
        "desa_id": null,
        "counter": 3,
        "confidence_level": "low",
        "kawasan": "",
        "kecamatan": "Candi Laras Utara",
        "nama_provinsi": "Kalimantan Selatan",
        "pulau": "",
        "route_create": "https://opsroom.sipongidata.my.id/daops/laporan/groundcheck/create/form",
        "hotspot_date": "2026-09-14",
        "distance_hgu_km": 1.327,
        "zone": "1–3 km",
        "location_status": "OUTSIDE HGU"
      }
    },
    {
      "type": "Feature",
      "geometry": {
        "type": "Point",
        "coordinates": [
          114.92628,
          -2.65162
        ]
      },
      "properties": {
        "confidence": "low",
        "confidence_value": null,
        "sumber": "NASA-NOAA20",
        "date_hotspot": "Minggu, 13 September 2026 12:57:00",
        "date_hotspot_ori": "2026-09-13T05:57:00.000000Z",
        "provinsi": null,
        "kabkota": "Tapin",
        "desa": "Sawaja",
        "hs_id": "2026-09-13T05:57:00.000000Z",
        "provinsi_id": 12,
        "long": 114.92628,
        "ori_sumber": null,
        "desa_id": null,
        "counter": 1,
        "confidence_level": "low",
        "kawasan": "",
        "kecamatan": "Candi Laras Utara",
        "nama_provinsi": "Kalimantan Selatan",
        "pulau": "",
        "route_create": "https://opsroom.sipongidata.my.id/daops/laporan/groundcheck/create/form",
        "hotspot_date": "2026-09-13",
        "distance_hgu_km": 4.502,
        "zone": "3–5 km",
        "location_status": "OUTSIDE HGU"
      }
    },
    {
      "type": "Feature",
      "geometry": {
        "type": "Point",
        "coordinates": [
          114.894,
          -2.8208
        ]
      },
      "properties": {
        "confidence": "low",
        "confidence_value": null,
        "sumber": "NASA-SNPP",
        "date_hotspot": "Jumat, 11 September 2026 13:16:00",
        "date_hotspot_ori": "2026-09-11T06:16:00.000000Z",
        "provinsi": null,
        "kabkota": "Tapin",
        "desa": "Batalas",
        "hs_id": "2026-09-11T06:16:00.000000Z",
        "provinsi_id": 12,
        "long": 114.894,
        "ori_sumber": null,
        "desa_id": null,
        "counter": 1,
        "confidence_level": "low",
        "kawasan": "",
        "kecamatan": "Candi Laras Utara",
        "nama_provinsi": "Kalimantan Selatan",
        "pulau": "",
        "route_create": "https://opsroom.sipongidata.my.id/daops/laporan/groundcheck/create/form",
        "hotspot_date": "2026-09-11",
        "distance_hgu_km": 1.873,
        "zone": "1–3 km",
        "location_status": "OUTSIDE HGU"
      }
    },
    {
      "type": "Feature",
      "geometry": {
        "type": "Point",
        "coordinates": [
          114.95605,
          -2.73148
        ]
      },
      "properties": {
        "confidence": "low",
        "confidence_value": null,
        "sumber": "NASA-NOAA20",
        "date_hotspot": "Kamis, 03 September 2026 12:46:00",
        "date_hotspot_ori": "2026-09-03T05:46:00.000000Z",
        "provinsi": null,
        "kabkota": "Tapin",
        "desa": "Sawaja",
        "hs_id": "2026-09-03T05:46:00.000000Z",
        "provinsi_id": 12,
        "long": 114.95605,
        "ori_sumber": null,
        "desa_id": null,
        "counter": 2,
        "confidence_level": "low",
        "kawasan": "",
        "kecamatan": "Candi Laras Utara",
        "nama_provinsi": "Kalimantan Selatan",
        "pulau": "",
        "route_create": "https://opsroom.sipongidata.my.id/daops/laporan/groundcheck/create/form",
        "hotspot_date": "2026-09-03",
        "distance_hgu_km": 0.296,
        "zone": "0–1 km",
        "location_status": "OUTSIDE HGU"
      }
    },
    {
      "type": "Feature",
      "geometry": {
        "type": "Point",
        "coordinates": [
          114.91924,
          -2.77303
        ]
      },
      "properties": {
        "confidence": "low",
        "confidence_value": null,
        "sumber": "NASA-SNPP",
        "date_hotspot": "Selasa, 22 September 2026 13:10:00",
        "date_hotspot_ori": "2026-09-22T06:10:00.000000Z",
        "provinsi": null,
        "kabkota": "Tapin",
        "desa": "Buas-Buas Hilir",
        "hs_id": "2026-09-22T06:10:00.000000Z",
        "provinsi_id": 12,
        "long": 114.91924,
        "ori_sumber": null,
        "desa_id": null,
        "counter": 1,
        "confidence_level": "low",
        "kawasan": "",
        "kecamatan": "Candi Laras Utara",
        "nama_provinsi": "Kalimantan Selatan",
        "pulau": "",
        "route_create": "https://opsroom.sipongidata.my.id/daops/laporan/groundcheck/create/form",
        "hotspot_date": "2026-09-22",
        "distance_hgu_km": 0.328,
        "zone": "0–1 km",
        "location_status": "OUTSIDE HGU"
      }
    },
    {
      "type": "Feature",
      "geometry": {
        "type": "Point",
        "coordinates": [
          114.82761,
          -2.85385
        ]
      },
      "properties": {
        "confidence": "low",
        "confidence_value": null,
        "sumber": "NASA-SNPP",
        "date_hotspot": "Senin, 28 September 2026 12:57:00",
        "date_hotspot_ori": "2026-09-28T05:57:00.000000Z",
        "provinsi": null,
        "kabkota": "Barito Kuala",
        "desa": "Banitan",
        "hs_id": "2026-09-28T05:57:00.000000Z",
        "provinsi_id": 12,
        "long": 114.82761,
        "ori_sumber": null,
        "desa_id": null,
        "counter": 1,
        "confidence_level": "low",
        "kawasan": "",
        "kecamatan": "Bakumpai",
        "nama_provinsi": "Kalimantan Selatan",
        "pulau": "",
        "route_create": "https://opsroom.sipongidata.my.id/daops/laporan/groundcheck/create/form",
        "hotspot_date": "2026-09-28",
        "distance_hgu_km": 1.628,
        "zone": "1–3 km",
        "location_status": "OUTSIDE HGU"
      }
    },
    {
      "type": "Feature",
      "geometry": {
        "type": "Point",
        "coordinates": [
          114.92104,
          -2.66131
        ]
      },
      "properties": {
        "confidence": "low",
        "confidence_value": null,
        "sumber": "NASA-SNPP",
        "date_hotspot": "Minggu, 13 September 2026 12:40:00",
        "date_hotspot_ori": "2026-09-13T05:40:00.000000Z",
        "provinsi": null,
        "kabkota": "Tapin",
        "desa": "Sawaja",
        "hs_id": "2026-09-13T05:40:00.000000Z",
        "provinsi_id": 12,
        "long": 114.92104,
        "ori_sumber": null,
        "desa_id": null,
        "counter": 1,
        "confidence_level": "low",
        "kawasan": "",
        "kecamatan": "Candi Laras Utara",
        "nama_provinsi": "Kalimantan Selatan",
        "pulau": "",
        "route_create": "https://opsroom.sipongidata.my.id/daops/laporan/groundcheck/create/form",
        "hotspot_date": "2026-09-13",
        "distance_hgu_km": 3.427,
        "zone": "3–5 km",
        "location_status": "OUTSIDE HGU"
      }
    },
    {
      "type": "Feature",
      "geometry": {
        "type": "Point",
        "coordinates": [
          114.86674,
          -2.82357
        ]
      },
      "properties": {
        "confidence": "low",
        "confidence_value": null,
        "sumber": "NASA-NOAA20",
        "date_hotspot": "Senin, 14 September 2026 12:40:00",
        "date_hotspot_ori": "2026-09-14T05:40:00.000000Z",
        "provinsi": null,
        "kabkota": "Tapin",
        "desa": "Batalas",
        "hs_id": "2026-09-14T05:40:00.000000Z",
        "provinsi_id": 12,
        "long": 114.86674,
        "ori_sumber": null,
        "desa_id": null,
        "counter": 2,
        "confidence_level": "low",
        "kawasan": "",
        "kecamatan": "Candi Laras Utara",
        "nama_provinsi": "Kalimantan Selatan",
        "pulau": "",
        "route_create": "https://opsroom.sipongidata.my.id/daops/laporan/groundcheck/create/form",
        "hotspot_date": "2026-09-14",
        "distance_hgu_km": 0.592,
        "zone": "0–1 km",
        "location_status": "OUTSIDE HGU"
      }
    },
    {
      "type": "Feature",
      "geometry": {
        "type": "Point",
        "coordinates": [
          114.92797,
          -2.75151
        ]
      },
      "properties": {
        "confidence": "low",
        "confidence_value": null,
        "sumber": "NASA-NOAA20",
        "date_hotspot": "Rabu, 30 September 2026 12:40:00",
        "date_hotspot_ori": "2026-09-30T05:40:00.000000Z",
        "provinsi": null,
        "kabkota": "Tapin",
        "desa": "Buas-Buas",
        "hs_id": "2026-09-30T05:40:00.000000Z",
        "provinsi_id": 12,
        "long": 114.92797,
        "ori_sumber": null,
        "desa_id": null,
        "counter": 1,
        "confidence_level": "low",
        "kawasan": "",
        "kecamatan": "Candi Laras Utara",
        "nama_provinsi": "Kalimantan Selatan",
        "pulau": "",
        "route_create": "https://opsroom.sipongidata.my.id/daops/laporan/groundcheck/create/form",
        "hotspot_date": "2026-09-30",
        "distance_hgu_km": 1.497,
        "zone": "1–3 km",
        "location_status": "OUTSIDE HGU"
      }
    },
    {
      "type": "Feature",
      "geometry": {
        "type": "Point",
        "coordinates": [
          114.96393,
          -2.77157
        ]
      },
      "properties": {
        "confidence": "low",
        "confidence_value": null,
        "sumber": "NASA-SNPP",
        "date_hotspot": "Senin, 21 September 2026 13:31:00",
        "date_hotspot_ori": "2026-09-21T06:31:00.000000Z",
        "provinsi": null,
        "kabkota": "Tapin",
        "desa": "Buas-Buas",
        "hs_id": "2026-09-21T06:31:00.000000Z",
        "provinsi_id": 12,
        "long": 114.96393,
        "ori_sumber": null,
        "desa_id": null,
        "counter": 1,
        "confidence_level": "low",
        "kawasan": "",
        "kecamatan": "Candi Laras Utara",
        "nama_provinsi": "Kalimantan Selatan",
        "pulau": "",
        "route_create": "https://opsroom.sipongidata.my.id/daops/laporan/groundcheck/create/form",
        "hotspot_date": "2026-09-21",
        "distance_hgu_km": 3.76,
        "zone": "3–5 km",
        "location_status": "OUTSIDE HGU"
      }
    },
    {
      "type": "Feature",
      "geometry": {
        "type": "Point",
        "coordinates": [
          114.92434,
          -2.75577
        ]
      },
      "properties": {
        "confidence": "low",
        "confidence_value": null,
        "sumber": "NASA-NOAA20",
        "date_hotspot": "Rabu, 30 September 2026 12:40:00",
        "date_hotspot_ori": "2026-09-30T05:40:00.000000Z",
        "provinsi": null,
        "kabkota": "Tapin",
        "desa": "Buas-Buas",
        "hs_id": "2026-09-30T05:40:00.000000Z",
        "provinsi_id": 12,
        "long": 114.92434,
        "ori_sumber": null,
        "desa_id": null,
        "counter": 1,
        "confidence_level": "low",
        "kawasan": "",
        "kecamatan": "Candi Laras Utara",
        "nama_provinsi": "Kalimantan Selatan",
        "pulau": "",
        "route_create": "https://opsroom.sipongidata.my.id/daops/laporan/groundcheck/create/form",
        "hotspot_date": "2026-09-30",
        "distance_hgu_km": 1.984,
        "zone": "1–3 km",
        "location_status": "OUTSIDE HGU"
      }
    },
    {
      "type": "Feature",
      "geometry": {
        "type": "Point",
        "coordinates": [
          114.91799,
          -2.67618
        ]
      },
      "properties": {
        "confidence": "medium",
        "confidence_value": null,
        "sumber": "NASA-MODIS",
        "date_hotspot": "Minggu, 20 September 2026 03:32:00",
        "date_hotspot_ori": "2026-09-19T20:32:00.000000Z",
        "provinsi": null,
        "kabkota": "Tapin",
        "desa": "Sawaja",
        "hs_id": "2026-09-19T20:32:00.000000Z",
        "provinsi_id": 12,
        "long": 114.91799,
        "ori_sumber": null,
        "desa_id": null,
        "counter": 1,
        "confidence_level": "medium",
        "kawasan": "",
        "kecamatan": "Candi Laras Utara",
        "nama_provinsi": "Kalimantan Selatan",
        "pulau": "",
        "route_create": "https://opsroom.sipongidata.my.id/daops/laporan/groundcheck/create/form",
        "hotspot_date": "2026-09-20",
        "distance_hgu_km": 1.782,
        "zone": "1–3 km",
        "location_status": "OUTSIDE HGU"
      }
    },
    {
      "type": "Feature",
      "geometry": {
        "type": "Point",
        "coordinates": [
          114.89962,
          -2.68448
        ]
      },
      "properties": {
        "confidence": "medium",
        "confidence_value": null,
        "sumber": "NASA-MODIS",
        "date_hotspot": "Selasa, 15 September 2026 19:53:00",
        "date_hotspot_ori": "2026-09-15T12:53:00.000000Z",
        "provinsi": null,
        "kabkota": "Tapin",
        "desa": "Buas-Buas",
        "hs_id": "2026-09-15T12:53:00.000000Z",
        "provinsi_id": 12,
        "long": 114.89962,
        "ori_sumber": null,
        "desa_id": null,
        "counter": 1,
        "confidence_level": "medium",
        "kawasan": "",
        "kecamatan": "Candi Laras Utara",
        "nama_provinsi": "Kalimantan Selatan",
        "pulau": "",
        "route_create": "https://opsroom.sipongidata.my.id/daops/laporan/groundcheck/create/form",
        "hotspot_date": "2026-09-15",
        "distance_hgu_km": 1.414,
        "zone": "1–3 km",
        "location_status": "OUTSIDE HGU"
      }
    },
    {
      "type": "Feature",
      "geometry": {
        "type": "Point",
        "coordinates": [
          114.90668,
          -2.67326
        ]
      },
      "properties": {
        "confidence": "medium",
        "confidence_value": null,
        "sumber": "NASA-MODIS",
        "date_hotspot": "Kamis, 24 September 2026 02:47:00",
        "date_hotspot_ori": "2026-09-23T19:47:00.000000Z",
        "provinsi": null,
        "kabkota": "Tapin",
        "desa": "Sawaja",
        "hs_id": "2026-09-23T19:47:00.000000Z",
        "provinsi_id": 12,
        "long": 114.90668,
        "ori_sumber": null,
        "desa_id": null,
        "counter": 1,
        "confidence_level": "medium",
        "kawasan": "",
        "kecamatan": "Candi Laras Utara",
        "nama_provinsi": "Kalimantan Selatan",
        "pulau": "",
        "route_create": "https://opsroom.sipongidata.my.id/daops/laporan/groundcheck/create/form",
        "hotspot_date": "2026-09-24",
        "distance_hgu_km": 2.134,
        "zone": "1–3 km",
        "location_status": "OUTSIDE HGU"
      }
    },
    {
      "type": "Feature",
      "geometry": {
        "type": "Point",
        "coordinates": [
          114.91573,
          -2.68436
        ]
      },
      "properties": {
        "confidence": "medium",
        "confidence_value": null,
        "sumber": "NASA-MODIS",
        "date_hotspot": "Jumat, 18 September 2026 20:12:00",
        "date_hotspot_ori": "2026-09-18T13:12:00.000000Z",
        "provinsi": null,
        "kabkota": "Tapin",
        "desa": "Sawaja",
        "hs_id": "2026-09-18T13:12:00.000000Z",
        "provinsi_id": 12,
        "long": 114.91573,
        "ori_sumber": null,
        "desa_id": null,
        "counter": 1,
        "confidence_level": "medium",
        "kawasan": "",
        "kecamatan": "Candi Laras Utara",
        "nama_provinsi": "Kalimantan Selatan",
        "pulau": "",
        "route_create": "https://opsroom.sipongidata.my.id/daops/laporan/groundcheck/create/form",
        "hotspot_date": "2026-09-18",
        "distance_hgu_km": 0.874,
        "zone": "0–1 km",
        "location_status": "OUTSIDE HGU"
      }
    },
    {
      "type": "Feature",
      "geometry": {
        "type": "Point",
        "coordinates": [
          114.85338,
          -2.96892
        ]
      },
      "properties": {
        "confidence": "medium",
        "confidence_value": null,
        "sumber": "NASA-MODIS",
        "date_hotspot": "Selasa, 29 September 2026 14:56:00",
        "date_hotspot_ori": "2026-09-29T07:56:00.000000Z",
        "provinsi": null,
        "kabkota": "Tapin",
        "desa": "Keladan",
        "hs_id": "2026-09-29T07:56:00.000000Z",
        "provinsi_id": 12,
        "long": 114.85338,
        "ori_sumber": null,
        "desa_id": null,
        "counter": 1,
        "confidence_level": "medium",
        "kawasan": "",
        "kecamatan": "Candi Laras Utara",
        "nama_provinsi": "Kalimantan Selatan",
        "pulau": "",
        "route_create": "https://opsroom.sipongidata.my.id/daops/laporan/groundcheck/create/form",
        "hotspot_date": "2026-09-29",
        "distance_hgu_km": 3.638,
        "zone": "3–5 km",
        "location_status": "OUTSIDE HGU"
      }
    },
    {
      "type": "Feature",
      "geometry": {
        "type": "Point",
        "coordinates": [
          114.82394,
          -2.8721
        ]
      },
      "properties": {
        "confidence": "medium",
        "confidence_value": null,
        "sumber": "NASA-MODIS",
        "date_hotspot": "Selasa, 29 September 2026 14:56:00",
        "date_hotspot_ori": "2026-09-29T07:56:00.000000Z",
        "provinsi": null,
        "kabkota": "Barito Kuala",
        "desa": "Banitan",
        "hs_id": "2026-09-29T07:56:00.000000Z",
        "provinsi_id": 12,
        "long": 114.82394,
        "ori_sumber": null,
        "desa_id": null,
        "counter": 1,
        "confidence_level": "medium",
        "kawasan": "",
        "kecamatan": "Bakumpai",
        "nama_provinsi": "Kalimantan Selatan",
        "pulau": "",
        "route_create": "https://opsroom.sipongidata.my.id/daops/laporan/groundcheck/create/form",
        "hotspot_date": "2026-09-29",
        "distance_hgu_km": 1.546,
        "zone": "1–3 km",
        "location_status": "OUTSIDE HGU"
      }
    },
    {
      "type": "Feature",
      "geometry": {
        "type": "Point",
        "coordinates": [
          114.93103,
          -2.6517
        ]
      },
      "properties": {
        "confidence": "medium",
        "confidence_value": null,
        "sumber": "NASA-MODIS",
        "date_hotspot": "Minggu, 06 September 2026 02:51:00",
        "date_hotspot_ori": "2026-09-05T19:51:00.000000Z",
        "provinsi": null,
        "kabkota": "Tapin",
        "desa": "Sawaja",
        "hs_id": "2026-09-05T19:51:00.000000Z",
        "provinsi_id": 12,
        "long": 114.93103,
        "ori_sumber": null,
        "desa_id": null,
        "counter": 5,
        "confidence_level": "medium",
        "kawasan": "",
        "kecamatan": "Candi Laras Utara",
        "nama_provinsi": "Kalimantan Selatan",
        "pulau": "",
        "route_create": "https://opsroom.sipongidata.my.id/daops/laporan/groundcheck/create/form",
        "hotspot_date": "2026-09-06",
        "distance_hgu_km": 4.498,
        "zone": "3–5 km",
        "location_status": "OUTSIDE HGU"
      }
    },
    {
      "type": "Feature",
      "geometry": {
        "type": "Point",
        "coordinates": [
          114.87456,
          -2.79231
        ]
      },
      "properties": {
        "confidence": "medium",
        "confidence_value": null,
        "sumber": "NASA-MODIS",
        "date_hotspot": "Sabtu, 12 September 2026 03:21:00",
        "date_hotspot_ori": "2026-09-11T20:21:00.000000Z",
        "provinsi": null,
        "kabkota": "Tapin",
        "desa": "Teluk Haur",
        "hs_id": "2026-09-11T20:21:00.000000Z",
        "provinsi_id": 12,
        "long": 114.87456,
        "ori_sumber": null,
        "desa_id": null,
        "counter": 1,
        "confidence_level": "medium",
        "kawasan": "",
        "kecamatan": "Candi Laras Utara",
        "nama_provinsi": "Kalimantan Selatan",
        "pulau": "",
        "route_create": "https://opsroom.sipongidata.my.id/daops/laporan/groundcheck/create/form",
        "hotspot_date": "2026-09-12",
        "distance_hgu_km": 0.779,
        "zone": "0–1 km",
        "location_status": "OUTSIDE HGU"
      }
    },
    {
      "type": "Feature",
      "geometry": {
        "type": "Point",
        "coordinates": [
          114.84521,
          -2.97942
        ]
      },
      "properties": {
        "confidence": "medium",
        "confidence_value": null,
        "sumber": "NASA-MODIS",
        "date_hotspot": "Selasa, 29 September 2026 14:56:00",
        "date_hotspot_ori": "2026-09-29T07:56:00.000000Z",
        "provinsi": null,
        "kabkota": "Tapin",
        "desa": "Keladan",
        "hs_id": "2026-09-29T07:56:00.000000Z",
        "provinsi_id": 12,
        "long": 114.84521,
        "ori_sumber": null,
        "desa_id": null,
        "counter": 1,
        "confidence_level": "medium",
        "kawasan": "",
        "kecamatan": "Candi Laras Utara",
        "nama_provinsi": "Kalimantan Selatan",
        "pulau": "",
        "route_create": "https://opsroom.sipongidata.my.id/daops/laporan/groundcheck/create/form",
        "hotspot_date": "2026-09-29",
        "distance_hgu_km": 4.431,
        "zone": "3–5 km",
        "location_status": "OUTSIDE HGU"
      }
    },
    {
      "type": "Feature",
      "geometry": {
        "type": "Point",
        "coordinates": [
          114.92601,
          -2.66173
        ]
      },
      "properties": {
        "confidence": "medium",
        "confidence_value": null,
        "sumber": "NASA-MODIS",
        "date_hotspot": "Kamis, 03 September 2026 07:58:00",
        "date_hotspot_ori": "2026-09-03T00:58:00.000000Z",
        "provinsi": null,
        "kabkota": "Tapin",
        "desa": "Sawaja",
        "hs_id": "2026-09-03T00:58:00.000000Z",
        "provinsi_id": 12,
        "long": 114.92601,
        "ori_sumber": null,
        "desa_id": null,
        "counter": 1,
        "confidence_level": "medium",
        "kawasan": "",
        "kecamatan": "Candi Laras Utara",
        "nama_provinsi": "Kalimantan Selatan",
        "pulau": "",
        "route_create": "https://opsroom.sipongidata.my.id/daops/laporan/groundcheck/create/form",
        "hotspot_date": "2026-09-03",
        "distance_hgu_km": 3.384,
        "zone": "3–5 km",
        "location_status": "OUTSIDE HGU"
      }
    },
    {
      "type": "Feature",
      "geometry": {
        "type": "Point",
        "coordinates": [
          114.81577,
          -2.88261
        ]
      },
      "properties": {
        "confidence": "medium",
        "confidence_value": null,
        "sumber": "NASA-MODIS",
        "date_hotspot": "Selasa, 29 September 2026 14:56:00",
        "date_hotspot_ori": "2026-09-29T07:56:00.000000Z",
        "provinsi": null,
        "kabkota": "Barito Kuala",
        "desa": "Banitan",
        "hs_id": "2026-09-29T07:56:00.000000Z",
        "provinsi_id": 12,
        "long": 114.81577,
        "ori_sumber": null,
        "desa_id": null,
        "counter": 1,
        "confidence_level": "medium",
        "kawasan": "",
        "kecamatan": "Bakumpai",
        "nama_provinsi": "Kalimantan Selatan",
        "pulau": "",
        "route_create": "https://opsroom.sipongidata.my.id/daops/laporan/groundcheck/create/form",
        "hotspot_date": "2026-09-29",
        "distance_hgu_km": 1.971,
        "zone": "1–3 km",
        "location_status": "OUTSIDE HGU"
      }
    },
    {
      "type": "Feature",
      "geometry": {
        "type": "Point",
        "coordinates": [
          114.81272,
          -2.94194
        ]
      },
      "properties": {
        "confidence": "medium",
        "confidence_value": null,
        "sumber": "NASA-MODIS",
        "date_hotspot": "Kamis, 01 Oktober 2026 08:09:00",
        "date_hotspot_ori": "2026-10-01T01:09:00.000000Z",
        "provinsi": null,
        "kabkota": "Tapin",
        "desa": "Keladan",
        "hs_id": "2026-10-01T01:09:00.000000Z",
        "provinsi_id": 12,
        "long": 114.81272,
        "ori_sumber": null,
        "desa_id": null,
        "counter": 1,
        "confidence_level": "medium",
        "kawasan": "",
        "kecamatan": "Candi Laras Utara",
        "nama_provinsi": "Kalimantan Selatan",
        "pulau": "",
        "route_create": "https://opsroom.sipongidata.my.id/daops/laporan/groundcheck/create/form",
        "hotspot_date": "2026-10-01",
        "distance_hgu_km": 0.582,
        "zone": "0–1 km",
        "location_status": "OUTSIDE HGU"
      }
    },
    {
      "type": "Feature",
      "geometry": {
        "type": "Point",
        "coordinates": [
          114.89797,
          -2.68408
        ]
      },
      "properties": {
        "confidence": "medium",
        "confidence_value": null,
        "sumber": "NASA-MODIS",
        "date_hotspot": "Minggu, 20 September 2026 19:51:00",
        "date_hotspot_ori": "2026-09-20T12:51:00.000000Z",
        "provinsi": null,
        "kabkota": "Tapin",
        "desa": "Buas-Buas",
        "hs_id": "2026-09-20T12:51:00.000000Z",
        "provinsi_id": 12,
        "long": 114.89797,
        "ori_sumber": null,
        "desa_id": null,
        "counter": 3,
        "confidence_level": "medium",
        "kawasan": "",
        "kecamatan": "Candi Laras Utara",
        "nama_provinsi": "Kalimantan Selatan",
        "pulau": "",
        "route_create": "https://opsroom.sipongidata.my.id/daops/laporan/groundcheck/create/form",
        "hotspot_date": "2026-09-20",
        "distance_hgu_km": 1.588,
        "zone": "1–3 km",
        "location_status": "OUTSIDE HGU"
      }
    },
    {
      "type": "Feature",
      "geometry": {
        "type": "Point",
        "coordinates": [
          114.93909,
          -2.7448
        ]
      },
      "properties": {
        "confidence": "medium",
        "confidence_value": null,
        "sumber": "NASA-MODIS",
        "date_hotspot": "Sabtu, 12 September 2026 19:34:00",
        "date_hotspot_ori": "2026-09-12T12:34:00.000000Z",
        "provinsi": null,
        "kabkota": "Tapin",
        "desa": "Buas-Buas",
        "hs_id": "2026-09-12T12:34:00.000000Z",
        "provinsi_id": 12,
        "long": 114.93909,
        "ori_sumber": null,
        "desa_id": null,
        "counter": 1,
        "confidence_level": "medium",
        "kawasan": "",
        "kecamatan": "Candi Laras Utara",
        "nama_provinsi": "Kalimantan Selatan",
        "pulau": "",
        "route_create": "https://opsroom.sipongidata.my.id/daops/laporan/groundcheck/create/form",
        "hotspot_date": "2026-09-12",
        "distance_hgu_km": 0.757,
        "zone": "0–1 km",
        "location_status": "OUTSIDE HGU"
      }
    },
    {
      "type": "Feature",
      "geometry": {
        "type": "Point",
        "coordinates": [
          114.95853,
          -2.76558
        ]
      },
      "properties": {
        "confidence": "medium",
        "confidence_value": null,
        "sumber": "NASA-MODIS",
        "date_hotspot": "Kamis, 03 September 2026 14:52:00",
        "date_hotspot_ori": "2026-09-03T07:52:00.000000Z",
        "provinsi": null,
        "kabkota": "Tapin",
        "desa": "Buas-Buas",
        "hs_id": "2026-09-03T07:52:00.000000Z",
        "provinsi_id": 12,
        "long": 114.95853,
        "ori_sumber": null,
        "desa_id": null,
        "counter": 1,
        "confidence_level": "medium",
        "kawasan": "",
        "kecamatan": "Candi Laras Utara",
        "nama_provinsi": "Kalimantan Selatan",
        "pulau": "",
        "route_create": "https://opsroom.sipongidata.my.id/daops/laporan/groundcheck/create/form",
        "hotspot_date": "2026-09-03",
        "distance_hgu_km": 3.05,
        "zone": "3–5 km",
        "location_status": "OUTSIDE HGU"
      }
    },
    {
      "type": "Feature",
      "geometry": {
        "type": "Point",
        "coordinates": [
          114.93481,
          -2.663
        ]
      },
      "properties": {
        "confidence": "medium",
        "confidence_value": null,
        "sumber": "NASA-MODIS",
        "date_hotspot": "Kamis, 03 September 2026 07:58:00",
        "date_hotspot_ori": "2026-09-03T00:58:00.000000Z",
        "provinsi": null,
        "kabkota": "Tapin",
        "desa": "Sawaja",
        "hs_id": "2026-09-03T00:58:00.000000Z",
        "provinsi_id": 12,
        "long": 114.93481,
        "ori_sumber": null,
        "desa_id": null,
        "counter": 1,
        "confidence_level": "medium",
        "kawasan": "",
        "kecamatan": "Candi Laras Utara",
        "nama_provinsi": "Kalimantan Selatan",
        "pulau": "",
        "route_create": "https://opsroom.sipongidata.my.id/daops/laporan/groundcheck/create/form",
        "hotspot_date": "2026-09-03",
        "distance_hgu_km": 3.246,
        "zone": "3–5 km",
        "location_status": "OUTSIDE HGU"
      }
    },
    {
      "type": "Feature",
      "geometry": {
        "type": "Point",
        "coordinates": [
          114.88674,
          -2.85521
        ]
      },
      "properties": {
        "confidence": "medium",
        "confidence_value": null,
        "sumber": "NASA-MODIS",
        "date_hotspot": "Kamis, 24 September 2026 15:05:00",
        "date_hotspot_ori": "2026-09-24T08:05:00.000000Z",
        "provinsi": null,
        "kabkota": "Tapin",
        "desa": "Margasari Hulu",
        "hs_id": "2026-09-24T08:05:00.000000Z",
        "provinsi_id": 12,
        "long": 114.88674,
        "ori_sumber": null,
        "desa_id": null,
        "counter": 1,
        "confidence_level": "medium",
        "kawasan": "",
        "kecamatan": "Candi Laras Selatan",
        "nama_provinsi": "Kalimantan Selatan",
        "pulau": "",
        "route_create": "https://opsroom.sipongidata.my.id/daops/laporan/groundcheck/create/form",
        "hotspot_date": "2026-09-24",
        "distance_hgu_km": 0.669,
        "zone": "0–1 km",
        "location_status": "OUTSIDE HGU"
      }
    },
    {
      "type": "Feature",
      "geometry": {
        "type": "Point",
        "coordinates": [
          114.89699,
          -2.6737
        ]
      },
      "properties": {
        "confidence": "medium",
        "confidence_value": null,
        "sumber": "NASA-MODIS",
        "date_hotspot": "Jumat, 18 September 2026 20:12:00",
        "date_hotspot_ori": "2026-09-18T13:12:00.000000Z",
        "provinsi": null,
        "kabkota": "Tapin",
        "desa": "Sawaja",
        "hs_id": "2026-09-18T13:12:00.000000Z",
        "provinsi_id": 12,
        "long": 114.89699,
        "ori_sumber": null,
        "desa_id": null,
        "counter": 1,
        "confidence_level": "medium",
        "kawasan": "",
        "kecamatan": "Candi Laras Utara",
        "nama_provinsi": "Kalimantan Selatan",
        "pulau": "",
        "route_create": "https://opsroom.sipongidata.my.id/daops/laporan/groundcheck/create/form",
        "hotspot_date": "2026-09-18",
        "distance_hgu_km": 2.496,
        "zone": "1–3 km",
        "location_status": "OUTSIDE HGU"
      }
    },
    {
      "type": "Feature",
      "geometry": {
        "type": "Point",
        "coordinates": [
          114.88697,
          -2.79465
        ]
      },
      "properties": {
        "confidence": "medium",
        "confidence_value": null,
        "sumber": "NASA-MODIS",
        "date_hotspot": "Minggu, 13 September 2026 14:39:00",
        "date_hotspot_ori": "2026-09-13T07:39:00.000000Z",
        "provinsi": null,
        "kabkota": "Tapin",
        "desa": "Teluk Haur",
        "hs_id": "2026-09-13T07:39:00.000000Z",
        "provinsi_id": 12,
        "long": 114.88697,
        "ori_sumber": null,
        "desa_id": null,
        "counter": 2,
        "confidence_level": "medium",
        "kawasan": "",
        "kecamatan": "Candi Laras Utara",
        "nama_provinsi": "Kalimantan Selatan",
        "pulau": "",
        "route_create": "https://opsroom.sipongidata.my.id/daops/laporan/groundcheck/create/form",
        "hotspot_date": "2026-09-13",
        "distance_hgu_km": 2.093,
        "zone": "1–3 km",
        "location_status": "OUTSIDE HGU"
      }
    },
    {
      "type": "Feature",
      "geometry": {
        "type": "Point",
        "coordinates": [
          114.90253,
          -2.84859
        ]
      },
      "properties": {
        "confidence": "medium",
        "confidence_value": null,
        "sumber": "NASA-MODIS",
        "date_hotspot": "Senin, 21 September 2026 14:48:00",
        "date_hotspot_ori": "2026-09-21T07:48:00.000000Z",
        "provinsi": null,
        "kabkota": "Tapin",
        "desa": "Baulin",
        "hs_id": "2026-09-21T07:48:00.000000Z",
        "provinsi_id": 12,
        "long": 114.90253,
        "ori_sumber": null,
        "desa_id": null,
        "counter": 2,
        "confidence_level": "medium",
        "kawasan": "",
        "kecamatan": "Candi Laras Selatan",
        "nama_provinsi": "Kalimantan Selatan",
        "pulau": "",
        "route_create": "https://opsroom.sipongidata.my.id/daops/laporan/groundcheck/create/form",
        "hotspot_date": "2026-09-21",
        "distance_hgu_km": 1.741,
        "zone": "1–3 km",
        "location_status": "OUTSIDE HGU"
      }
    },
    {
      "type": "Feature",
      "geometry": {
        "type": "Point",
        "coordinates": [
          114.88406,
          -2.89318
        ]
      },
      "properties": {
        "confidence": "medium",
        "confidence_value": null,
        "sumber": "NASA-MODIS",
        "date_hotspot": "Senin, 21 September 2026 14:48:00",
        "date_hotspot_ori": "2026-09-21T07:48:00.000000Z",
        "provinsi": null,
        "kabkota": "Tapin",
        "desa": "Pariok",
        "hs_id": "2026-09-21T07:48:00.000000Z",
        "provinsi_id": 12,
        "long": 114.88406,
        "ori_sumber": null,
        "desa_id": null,
        "counter": 1,
        "confidence_level": "medium",
        "kawasan": "",
        "kecamatan": "Candi Laras Utara",
        "nama_provinsi": "Kalimantan Selatan",
        "pulau": "",
        "route_create": "https://opsroom.sipongidata.my.id/daops/laporan/groundcheck/create/form",
        "hotspot_date": "2026-09-21",
        "distance_hgu_km": 0.887,
        "zone": "0–1 km",
        "location_status": "OUTSIDE HGU"
      }
    },
    {
      "type": "Feature",
      "geometry": {
        "type": "Point",
        "coordinates": [
          114.92529,
          -2.68678
        ]
      },
      "properties": {
        "confidence": "medium",
        "confidence_value": null,
        "sumber": "NASA-MODIS",
        "date_hotspot": "Selasa, 22 September 2026 15:26:00",
        "date_hotspot_ori": "2026-09-22T08:26:00.000000Z",
        "provinsi": null,
        "kabkota": "Tapin",
        "desa": "Sawaja",
        "hs_id": "2026-09-22T08:26:00.000000Z",
        "provinsi_id": 12,
        "long": 114.92529,
        "ori_sumber": null,
        "desa_id": null,
        "counter": 1,
        "confidence_level": "medium",
        "kawasan": "",
        "kecamatan": "Candi Laras Utara",
        "nama_provinsi": "Kalimantan Selatan",
        "pulau": "",
        "route_create": "https://opsroom.sipongidata.my.id/daops/laporan/groundcheck/create/form",
        "hotspot_date": "2026-09-22",
        "distance_hgu_km": 0.612,
        "zone": "0–1 km",
        "location_status": "OUTSIDE HGU"
      }
    },
    {
      "type": "Feature",
      "geometry": {
        "type": "Point",
        "coordinates": [
          114.92577,
          -2.68651
        ]
      },
      "properties": {
        "confidence": "medium",
        "confidence_value": null,
        "sumber": "NASA-MODIS",
        "date_hotspot": "Minggu, 13 September 2026 20:14:00",
        "date_hotspot_ori": "2026-09-13T13:14:00.000000Z",
        "provinsi": null,
        "kabkota": "Tapin",
        "desa": "Sawaja",
        "hs_id": "2026-09-13T13:14:00.000000Z",
        "provinsi_id": 12,
        "long": 114.92577,
        "ori_sumber": null,
        "desa_id": null,
        "counter": 1,
        "confidence_level": "medium",
        "kawasan": "",
        "kecamatan": "Candi Laras Utara",
        "nama_provinsi": "Kalimantan Selatan",
        "pulau": "",
        "route_create": "https://opsroom.sipongidata.my.id/daops/laporan/groundcheck/create/form",
        "hotspot_date": "2026-09-13",
        "distance_hgu_km": 0.643,
        "zone": "0–1 km",
        "location_status": "OUTSIDE HGU"
      }
    },
    {
      "type": "Feature",
      "geometry": {
        "type": "Point",
        "coordinates": [
          114.93576,
          -2.65821
        ]
      },
      "properties": {
        "confidence": "medium",
        "confidence_value": null,
        "sumber": "NASA-MODIS",
        "date_hotspot": "Sabtu, 05 September 2026 07:39:00",
        "date_hotspot_ori": "2026-09-05T00:39:00.000000Z",
        "provinsi": null,
        "kabkota": "Tapin",
        "desa": "Sawaja",
        "hs_id": "2026-09-05T00:39:00.000000Z",
        "provinsi_id": 12,
        "long": 114.93576,
        "ori_sumber": null,
        "desa_id": null,
        "counter": 4,
        "confidence_level": "medium",
        "kawasan": "",
        "kecamatan": "Candi Laras Utara",
        "nama_provinsi": "Kalimantan Selatan",
        "pulau": "",
        "route_create": "https://opsroom.sipongidata.my.id/daops/laporan/groundcheck/create/form",
        "hotspot_date": "2026-09-05",
        "distance_hgu_km": 3.775,
        "zone": "3–5 km",
        "location_status": "OUTSIDE HGU"
      }
    },
    {
      "type": "Feature",
      "geometry": {
        "type": "Point",
        "coordinates": [
          114.95108,
          -2.73353
        ]
      },
      "properties": {
        "confidence": "medium",
        "confidence_value": null,
        "sumber": "NASA-MODIS",
        "date_hotspot": "Senin, 14 September 2026 03:00:00",
        "date_hotspot_ori": "2026-09-13T20:00:00.000000Z",
        "provinsi": null,
        "kabkota": "Tapin",
        "desa": "Buas-Buas",
        "hs_id": "2026-09-13T20:00:00.000000Z",
        "provinsi_id": 12,
        "long": 114.95108,
        "ori_sumber": null,
        "desa_id": null,
        "counter": 2,
        "confidence_level": "medium",
        "kawasan": "",
        "kecamatan": "Candi Laras Utara",
        "nama_provinsi": "Kalimantan Selatan",
        "pulau": "",
        "route_create": "https://opsroom.sipongidata.my.id/daops/laporan/groundcheck/create/form",
        "hotspot_date": "2026-09-14",
        "distance_hgu_km": 0.0,
        "zone": "Inside HGU",
        "location_status": "INSIDE HGU"
      }
    },
    {
      "type": "Feature",
      "geometry": {
        "type": "Point",
        "coordinates": [
          114.94927,
          -2.73499
        ]
      },
      "properties": {
        "confidence": "medium",
        "confidence_value": null,
        "sumber": "NASA-MODIS",
        "date_hotspot": "Senin, 14 September 2026 15:18:00",
        "date_hotspot_ori": "2026-09-14T08:18:00.000000Z",
        "provinsi": null,
        "kabkota": "Tapin",
        "desa": "Buas-Buas",
        "hs_id": "2026-09-14T08:18:00.000000Z",
        "provinsi_id": 12,
        "long": 114.94927,
        "ori_sumber": null,
        "desa_id": null,
        "counter": 2,
        "confidence_level": "medium",
        "kawasan": "",
        "kecamatan": "Candi Laras Utara",
        "nama_provinsi": "Kalimantan Selatan",
        "pulau": "",
        "route_create": "https://opsroom.sipongidata.my.id/daops/laporan/groundcheck/create/form",
        "hotspot_date": "2026-09-14",
        "distance_hgu_km": 0.0,
        "zone": "Inside HGU",
        "location_status": "INSIDE HGU"
      }
    },
    {
      "type": "Feature",
      "geometry": {
        "type": "Point",
        "coordinates": [
          114.93484,
          -2.67761
        ]
      },
      "properties": {
        "confidence": "medium",
        "confidence_value": null,
        "sumber": "NASA-MODIS",
        "date_hotspot": "Senin, 14 September 2026 15:18:00",
        "date_hotspot_ori": "2026-09-14T08:18:00.000000Z",
        "provinsi": null,
        "kabkota": "Tapin",
        "desa": "Sawaja",
        "hs_id": "2026-09-14T08:18:00.000000Z",
        "provinsi_id": 12,
        "long": 114.93484,
        "ori_sumber": null,
        "desa_id": null,
        "counter": 1,
        "confidence_level": "medium",
        "kawasan": "",
        "kecamatan": "Candi Laras Utara",
        "nama_provinsi": "Kalimantan Selatan",
        "pulau": "",
        "route_create": "https://opsroom.sipongidata.my.id/daops/laporan/groundcheck/create/form",
        "hotspot_date": "2026-09-14",
        "distance_hgu_km": 1.63,
        "zone": "1–3 km",
        "location_status": "OUTSIDE HGU"
      }
    },
    {
      "type": "Feature",
      "geometry": {
        "type": "Point",
        "coordinates": [
          114.8226,
          -2.86298
        ]
      },
      "properties": {
        "confidence": "medium",
        "confidence_value": null,
        "sumber": "NASA-MODIS",
        "date_hotspot": "Selasa, 29 September 2026 14:56:00",
        "date_hotspot_ori": "2026-09-29T07:56:00.000000Z",
        "provinsi": null,
        "kabkota": "Barito Kuala",
        "desa": "Banitan",
        "hs_id": "2026-09-29T07:56:00.000000Z",
        "provinsi_id": 12,
        "long": 114.8226,
        "ori_sumber": null,
        "desa_id": null,
        "counter": 1,
        "confidence_level": "medium",
        "kawasan": "",
        "kecamatan": "Bakumpai",
        "nama_provinsi": "Kalimantan Selatan",
        "pulau": "",
        "route_create": "https://opsroom.sipongidata.my.id/daops/laporan/groundcheck/create/form",
        "hotspot_date": "2026-09-29",
        "distance_hgu_km": 2.036,
        "zone": "1–3 km",
        "location_status": "OUTSIDE HGU"
      }
    },
    {
      "type": "Feature",
      "geometry": {
        "type": "Point",
        "coordinates": [
          114.94856,
          -2.65196
        ]
      },
      "properties": {
        "confidence": "medium",
        "confidence_value": null,
        "sumber": "NASA-MODIS",
        "date_hotspot": "Minggu, 20 September 2026 19:51:00",
        "date_hotspot_ori": "2026-09-20T12:51:00.000000Z",
        "provinsi": null,
        "kabkota": "Hulu Sungai Selatan",
        "desa": "Baru",
        "hs_id": "2026-09-20T12:51:00.000000Z",
        "provinsi_id": 12,
        "long": 114.94856,
        "ori_sumber": null,
        "desa_id": null,
        "counter": 3,
        "confidence_level": "medium",
        "kawasan": "",
        "kecamatan": "Daha Barat",
        "nama_provinsi": "Kalimantan Selatan",
        "pulau": "",
        "route_create": "https://opsroom.sipongidata.my.id/daops/laporan/groundcheck/create/form",
        "hotspot_date": "2026-09-20",
        "distance_hgu_km": 4.47,
        "zone": "3–5 km",
        "location_status": "OUTSIDE HGU"
      }
    },
    {
      "type": "Feature",
      "geometry": {
        "type": "Point",
        "coordinates": [
          114.9702,
          -2.75493
        ]
      },
      "properties": {
        "confidence": "medium",
        "confidence_value": null,
        "sumber": "NASA-SNPP",
        "date_hotspot": "Minggu, 06 September 2026 00:32:00",
        "date_hotspot_ori": "2026-09-05T17:32:00.000000Z",
        "provinsi": null,
        "kabkota": "Tapin",
        "desa": "Buas-Buas",
        "hs_id": "2026-09-05T17:32:00.000000Z",
        "provinsi_id": 12,
        "long": 114.9702,
        "ori_sumber": null,
        "desa_id": null,
        "counter": 1,
        "confidence_level": "medium",
        "kawasan": "",
        "kecamatan": "Candi Laras Utara",
        "nama_provinsi": "Kalimantan Selatan",
        "pulau": "",
        "route_create": "https://opsroom.sipongidata.my.id/daops/laporan/groundcheck/create/form",
        "hotspot_date": "2026-09-06",
        "distance_hgu_km": 2.276,
        "zone": "1–3 km",
        "location_status": "OUTSIDE HGU"
      }
    },
    {
      "type": "Feature",
      "geometry": {
        "type": "Point",
        "coordinates": [
          114.9219,
          -2.6526
        ]
      },
      "properties": {
        "confidence": "medium",
        "confidence_value": null,
        "sumber": "NASA-SNPP",
        "date_hotspot": "Minggu, 06 September 2026 00:32:00",
        "date_hotspot_ori": "2026-09-05T17:32:00.000000Z",
        "provinsi": null,
        "kabkota": "Tapin",
        "desa": "Sawaja",
        "hs_id": "2026-09-05T17:32:00.000000Z",
        "provinsi_id": 12,
        "long": 114.9219,
        "ori_sumber": null,
        "desa_id": null,
        "counter": 5,
        "confidence_level": "medium",
        "kawasan": "",
        "kecamatan": "Candi Laras Utara",
        "nama_provinsi": "Kalimantan Selatan",
        "pulau": "",
        "route_create": "https://opsroom.sipongidata.my.id/daops/laporan/groundcheck/create/form",
        "hotspot_date": "2026-09-06",
        "distance_hgu_km": 4.391,
        "zone": "3–5 km",
        "location_status": "OUTSIDE HGU"
      }
    },
    {
      "type": "Feature",
      "geometry": {
        "type": "Point",
        "coordinates": [
          114.90255,
          -2.68027
        ]
      },
      "properties": {
        "confidence": "medium",
        "confidence_value": null,
        "sumber": "NASA-SNPP",
        "date_hotspot": "Sabtu, 19 September 2026 12:25:00",
        "date_hotspot_ori": "2026-09-19T05:25:00.000000Z",
        "provinsi": null,
        "kabkota": "Tapin",
        "desa": "Sawaja",
        "hs_id": "2026-09-19T05:25:00.000000Z",
        "provinsi_id": 12,
        "long": 114.90255,
        "ori_sumber": null,
        "desa_id": null,
        "counter": 2,
        "confidence_level": "medium",
        "kawasan": "",
        "kecamatan": "Candi Laras Utara",
        "nama_provinsi": "Kalimantan Selatan",
        "pulau": "",
        "route_create": "https://opsroom.sipongidata.my.id/daops/laporan/groundcheck/create/form",
        "hotspot_date": "2026-09-19",
        "distance_hgu_km": 1.55,
        "zone": "1–3 km",
        "location_status": "OUTSIDE HGU"
      }
    },
    {
      "type": "Feature",
      "geometry": {
        "type": "Point",
        "coordinates": [
          114.90253,
          -2.68084
        ]
      },
      "properties": {
        "confidence": "medium",
        "confidence_value": null,
        "sumber": "NASA-NOAA20",
        "date_hotspot": "Minggu, 20 September 2026 01:28:00",
        "date_hotspot_ori": "2026-09-19T18:28:00.000000Z",
        "provinsi": null,
        "kabkota": "Tapin",
        "desa": "Sawaja",
        "hs_id": "2026-09-19T18:28:00.000000Z",
        "provinsi_id": 12,
        "long": 114.90253,
        "ori_sumber": null,
        "desa_id": null,
        "counter": 3,
        "confidence_level": "medium",
        "kawasan": "",
        "kecamatan": "Candi Laras Utara",
        "nama_provinsi": "Kalimantan Selatan",
        "pulau": "",
        "route_create": "https://opsroom.sipongidata.my.id/daops/laporan/groundcheck/create/form",
        "hotspot_date": "2026-09-20",
        "distance_hgu_km": 1.497,
        "zone": "1–3 km",
        "location_status": "OUTSIDE HGU"
      }
    },
    {
      "type": "Feature",
      "geometry": {
        "type": "Point",
        "coordinates": [
          114.89875,
          -2.68028
        ]
      },
      "properties": {
        "confidence": "medium",
        "confidence_value": null,
        "sumber": "NASA-NOAA20",
        "date_hotspot": "Minggu, 20 September 2026 01:28:00",
        "date_hotspot_ori": "2026-09-19T18:28:00.000000Z",
        "provinsi": null,
        "kabkota": "Tapin",
        "desa": "Buas-Buas",
        "hs_id": "2026-09-19T18:28:00.000000Z",
        "provinsi_id": 12,
        "long": 114.89875,
        "ori_sumber": null,
        "desa_id": null,
        "counter": 3,
        "confidence_level": "medium",
        "kawasan": "",
        "kecamatan": "Candi Laras Utara",
        "nama_provinsi": "Kalimantan Selatan",
        "pulau": "",
        "route_create": "https://opsroom.sipongidata.my.id/daops/laporan/groundcheck/create/form",
        "hotspot_date": "2026-09-20",
        "distance_hgu_km": 1.802,
        "zone": "1–3 km",
        "location_status": "OUTSIDE HGU"
      }
    },
    {
      "type": "Feature",
      "geometry": {
        "type": "Point",
        "coordinates": [
          114.93385,
          -2.78652
        ]
      },
      "properties": {
        "confidence": "medium",
        "confidence_value": null,
        "sumber": "NASA-NOAA20",
        "date_hotspot": "Minggu, 20 September 2026 01:28:00",
        "date_hotspot_ori": "2026-09-19T18:28:00.000000Z",
        "provinsi": null,
        "kabkota": "Tapin",
        "desa": "Rawana",
        "hs_id": "2026-09-19T18:28:00.000000Z",
        "provinsi_id": 12,
        "long": 114.93385,
        "ori_sumber": null,
        "desa_id": null,
        "counter": 1,
        "confidence_level": "medium",
        "kawasan": "",
        "kecamatan": "Candi Laras Utara",
        "nama_provinsi": "Kalimantan Selatan",
        "pulau": "",
        "route_create": "https://opsroom.sipongidata.my.id/daops/laporan/groundcheck/create/form",
        "hotspot_date": "2026-09-20",
        "distance_hgu_km": 2.149,
        "zone": "1–3 km",
        "location_status": "OUTSIDE HGU"
      }
    },
    {
      "type": "Feature",
      "geometry": {
        "type": "Point",
        "coordinates": [
          114.88575,
          -2.82641
        ]
      },
      "properties": {
        "confidence": "medium",
        "confidence_value": null,
        "sumber": "NASA-SNPP",
        "date_hotspot": "Jumat, 11 September 2026 00:39:00",
        "date_hotspot_ori": "2026-09-10T17:39:00.000000Z",
        "provinsi": null,
        "kabkota": "Tapin",
        "desa": "Batalas",
        "hs_id": "2026-09-10T17:39:00.000000Z",
        "provinsi_id": 12,
        "long": 114.88575,
        "ori_sumber": null,
        "desa_id": null,
        "counter": 1,
        "confidence_level": "medium",
        "kawasan": "",
        "kecamatan": "Candi Laras Utara",
        "nama_provinsi": "Kalimantan Selatan",
        "pulau": "",
        "route_create": "https://opsroom.sipongidata.my.id/daops/laporan/groundcheck/create/form",
        "hotspot_date": "2026-09-11",
        "distance_hgu_km": 1.064,
        "zone": "1–3 km",
        "location_status": "OUTSIDE HGU"
      }
    },
    {
      "type": "Feature",
      "geometry": {
        "type": "Point",
        "coordinates": [
          114.88447,
          -2.81684
        ]
      },
      "properties": {
        "confidence": "medium",
        "confidence_value": null,
        "sumber": "NASA-NOAA20",
        "date_hotspot": "Jumat, 11 September 2026 00:56:00",
        "date_hotspot_ori": "2026-09-10T17:56:00.000000Z",
        "provinsi": null,
        "kabkota": "Tapin",
        "desa": "Batalas",
        "hs_id": "2026-09-10T17:56:00.000000Z",
        "provinsi_id": 12,
        "long": 114.88447,
        "ori_sumber": null,
        "desa_id": null,
        "counter": 1,
        "confidence_level": "medium",
        "kawasan": "",
        "kecamatan": "Candi Laras Utara",
        "nama_provinsi": "Kalimantan Selatan",
        "pulau": "",
        "route_create": "https://opsroom.sipongidata.my.id/daops/laporan/groundcheck/create/form",
        "hotspot_date": "2026-09-11",
        "distance_hgu_km": 1.925,
        "zone": "1–3 km",
        "location_status": "OUTSIDE HGU"
      }
    },
    {
      "type": "Feature",
      "geometry": {
        "type": "Point",
        "coordinates": [
          114.87229,
          -2.82193
        ]
      },
      "properties": {
        "confidence": "medium",
        "confidence_value": null,
        "sumber": "NASA-NOAA20",
        "date_hotspot": "Jumat, 11 September 2026 00:56:00",
        "date_hotspot_ori": "2026-09-10T17:56:00.000000Z",
        "provinsi": null,
        "kabkota": "Tapin",
        "desa": "Batalas",
        "hs_id": "2026-09-10T17:56:00.000000Z",
        "provinsi_id": 12,
        "long": 114.87229,
        "ori_sumber": null,
        "desa_id": null,
        "counter": 1,
        "confidence_level": "medium",
        "kawasan": "",
        "kecamatan": "Candi Laras Utara",
        "nama_provinsi": "Kalimantan Selatan",
        "pulau": "",
        "route_create": "https://opsroom.sipongidata.my.id/daops/laporan/groundcheck/create/form",
        "hotspot_date": "2026-09-11",
        "distance_hgu_km": 0.981,
        "zone": "0–1 km",
        "location_status": "OUTSIDE HGU"
      }
    },
    {
      "type": "Feature",
      "geometry": {
        "type": "Point",
        "coordinates": [
          114.90169,
          -2.67816
        ]
      },
      "properties": {
        "confidence": "medium",
        "confidence_value": null,
        "sumber": "NASA-SNPP",
        "date_hotspot": "Minggu, 20 September 2026 01:11:00",
        "date_hotspot_ori": "2026-09-19T18:11:00.000000Z",
        "provinsi": null,
        "kabkota": "Tapin",
        "desa": "Sawaja",
        "hs_id": "2026-09-19T18:11:00.000000Z",
        "provinsi_id": 12,
        "long": 114.90169,
        "ori_sumber": null,
        "desa_id": null,
        "counter": 3,
        "confidence_level": "medium",
        "kawasan": "",
        "kecamatan": "Candi Laras Utara",
        "nama_provinsi": "Kalimantan Selatan",
        "pulau": "",
        "route_create": "https://opsroom.sipongidata.my.id/daops/laporan/groundcheck/create/form",
        "hotspot_date": "2026-09-20",
        "distance_hgu_km": 1.8,
        "zone": "1–3 km",
        "location_status": "OUTSIDE HGU"
      }
    },
    {
      "type": "Feature",
      "geometry": {
        "type": "Point",
        "coordinates": [
          114.91076,
          -2.67582
        ]
      },
      "properties": {
        "confidence": "medium",
        "confidence_value": null,
        "sumber": "NASA-SNPP",
        "date_hotspot": "Minggu, 20 September 2026 01:11:00",
        "date_hotspot_ori": "2026-09-19T18:11:00.000000Z",
        "provinsi": null,
        "kabkota": "Tapin",
        "desa": "Sawaja",
        "hs_id": "2026-09-19T18:11:00.000000Z",
        "provinsi_id": 12,
        "long": 114.91076,
        "ori_sumber": null,
        "desa_id": null,
        "counter": 3,
        "confidence_level": "medium",
        "kawasan": "",
        "kecamatan": "Candi Laras Utara",
        "nama_provinsi": "Kalimantan Selatan",
        "pulau": "",
        "route_create": "https://opsroom.sipongidata.my.id/daops/laporan/groundcheck/create/form",
        "hotspot_date": "2026-09-20",
        "distance_hgu_km": 1.82,
        "zone": "1–3 km",
        "location_status": "OUTSIDE HGU"
      }
    },
    {
      "type": "Feature",
      "geometry": {
        "type": "Point",
        "coordinates": [
          114.90963,
          -2.68314
        ]
      },
      "properties": {
        "confidence": "medium",
        "confidence_value": null,
        "sumber": "NASA-SNPP",
        "date_hotspot": "Minggu, 20 September 2026 01:11:00",
        "date_hotspot_ori": "2026-09-19T18:11:00.000000Z",
        "provinsi": null,
        "kabkota": "Tapin",
        "desa": "Sawaja",
        "hs_id": "2026-09-19T18:11:00.000000Z",
        "provinsi_id": 12,
        "long": 114.90963,
        "ori_sumber": null,
        "desa_id": null,
        "counter": 3,
        "confidence_level": "medium",
        "kawasan": "",
        "kecamatan": "Candi Laras Utara",
        "nama_provinsi": "Kalimantan Selatan",
        "pulau": "",
        "route_create": "https://opsroom.sipongidata.my.id/daops/laporan/groundcheck/create/form",
        "hotspot_date": "2026-09-20",
        "distance_hgu_km": 1.014,
        "zone": "1–3 km",
        "location_status": "OUTSIDE HGU"
      }
    },
    {
      "type": "Feature",
      "geometry": {
        "type": "Point",
        "coordinates": [
          114.90538,
          -2.68248
        ]
      },
      "properties": {
        "confidence": "medium",
        "confidence_value": null,
        "sumber": "NASA-SNPP",
        "date_hotspot": "Minggu, 20 September 2026 01:11:00",
        "date_hotspot_ori": "2026-09-19T18:11:00.000000Z",
        "provinsi": null,
        "kabkota": "Tapin",
        "desa": "Sawaja",
        "hs_id": "2026-09-19T18:11:00.000000Z",
        "provinsi_id": 12,
        "long": 114.90538,
        "ori_sumber": null,
        "desa_id": null,
        "counter": 3,
        "confidence_level": "medium",
        "kawasan": "",
        "kecamatan": "Candi Laras Utara",
        "nama_provinsi": "Kalimantan Selatan",
        "pulau": "",
        "route_create": "https://opsroom.sipongidata.my.id/daops/laporan/groundcheck/create/form",
        "hotspot_date": "2026-09-20",
        "distance_hgu_km": 1.188,
        "zone": "1–3 km",
        "location_status": "OUTSIDE HGU"
      }
    },
    {
      "type": "Feature",
      "geometry": {
        "type": "Point",
        "coordinates": [
          114.90594,
          -2.67882
        ]
      },
      "properties": {
        "confidence": "medium",
        "confidence_value": null,
        "sumber": "NASA-SNPP",
        "date_hotspot": "Minggu, 20 September 2026 01:11:00",
        "date_hotspot_ori": "2026-09-19T18:11:00.000000Z",
        "provinsi": null,
        "kabkota": "Tapin",
        "desa": "Sawaja",
        "hs_id": "2026-09-19T18:11:00.000000Z",
        "provinsi_id": 12,
        "long": 114.90594,
        "ori_sumber": null,
        "desa_id": null,
        "counter": 3,
        "confidence_level": "medium",
        "kawasan": "",
        "kecamatan": "Candi Laras Utara",
        "nama_provinsi": "Kalimantan Selatan",
        "pulau": "",
        "route_create": "https://opsroom.sipongidata.my.id/daops/laporan/groundcheck/create/form",
        "hotspot_date": "2026-09-20",
        "distance_hgu_km": 1.549,
        "zone": "1–3 km",
        "location_status": "OUTSIDE HGU"
      }
    },
    {
      "type": "Feature",
      "geometry": {
        "type": "Point",
        "coordinates": [
          114.9063,
          -2.6814
        ]
      },
      "properties": {
        "confidence": "medium",
        "confidence_value": null,
        "sumber": "NASA-NOAA20",
        "date_hotspot": "Minggu, 20 September 2026 01:28:00",
        "date_hotspot_ori": "2026-09-19T18:28:00.000000Z",
        "provinsi": null,
        "kabkota": "Tapin",
        "desa": "Sawaja",
        "hs_id": "2026-09-19T18:28:00.000000Z",
        "provinsi_id": 12,
        "long": 114.9063,
        "ori_sumber": null,
        "desa_id": null,
        "counter": 3,
        "confidence_level": "medium",
        "kawasan": "",
        "kecamatan": "Candi Laras Utara",
        "nama_provinsi": "Kalimantan Selatan",
        "pulau": "",
        "route_create": "https://opsroom.sipongidata.my.id/daops/laporan/groundcheck/create/form",
        "hotspot_date": "2026-09-20",
        "distance_hgu_km": 1.264,
        "zone": "1–3 km",
        "location_status": "OUTSIDE HGU"
      }
    },
    {
      "type": "Feature",
      "geometry": {
        "type": "Point",
        "coordinates": [
          114.91006,
          -2.68196
        ]
      },
      "properties": {
        "confidence": "medium",
        "confidence_value": null,
        "sumber": "NASA-NOAA20",
        "date_hotspot": "Minggu, 20 September 2026 01:28:00",
        "date_hotspot_ori": "2026-09-19T18:28:00.000000Z",
        "provinsi": null,
        "kabkota": "Tapin",
        "desa": "Sawaja",
        "hs_id": "2026-09-19T18:28:00.000000Z",
        "provinsi_id": 12,
        "long": 114.91006,
        "ori_sumber": null,
        "desa_id": null,
        "counter": 3,
        "confidence_level": "medium",
        "kawasan": "",
        "kecamatan": "Candi Laras Utara",
        "nama_provinsi": "Kalimantan Selatan",
        "pulau": "",
        "route_create": "https://opsroom.sipongidata.my.id/daops/laporan/groundcheck/create/form",
        "hotspot_date": "2026-09-20",
        "distance_hgu_km": 1.144,
        "zone": "1–3 km",
        "location_status": "OUTSIDE HGU"
      }
    },
    {
      "type": "Feature",
      "geometry": {
        "type": "Point",
        "coordinates": [
          114.89266,
          -2.82474
        ]
      },
      "properties": {
        "confidence": "medium",
        "confidence_value": null,
        "sumber": "NASA-SNPP",
        "date_hotspot": "Jumat, 11 September 2026 13:16:00",
        "date_hotspot_ori": "2026-09-11T06:16:00.000000Z",
        "provinsi": null,
        "kabkota": "Tapin",
        "desa": "Batalas",
        "hs_id": "2026-09-11T06:16:00.000000Z",
        "provinsi_id": 12,
        "long": 114.89266,
        "ori_sumber": null,
        "desa_id": null,
        "counter": 1,
        "confidence_level": "medium",
        "kawasan": "",
        "kecamatan": "Candi Laras Utara",
        "nama_provinsi": "Kalimantan Selatan",
        "pulau": "",
        "route_create": "https://opsroom.sipongidata.my.id/daops/laporan/groundcheck/create/form",
        "hotspot_date": "2026-09-11",
        "distance_hgu_km": 1.417,
        "zone": "1–3 km",
        "location_status": "OUTSIDE HGU"
      }
    },
    {
      "type": "Feature",
      "geometry": {
        "type": "Point",
        "coordinates": [
          114.87296,
          -2.82793
        ]
      },
      "properties": {
        "confidence": "medium",
        "confidence_value": null,
        "sumber": "NASA-SNPP",
        "date_hotspot": "Jumat, 11 September 2026 13:16:00",
        "date_hotspot_ori": "2026-09-11T06:16:00.000000Z",
        "provinsi": null,
        "kabkota": "Tapin",
        "desa": "Batalas",
        "hs_id": "2026-09-11T06:16:00.000000Z",
        "provinsi_id": 12,
        "long": 114.87296,
        "ori_sumber": null,
        "desa_id": null,
        "counter": 1,
        "confidence_level": "medium",
        "kawasan": "",
        "kecamatan": "Candi Laras Utara",
        "nama_provinsi": "Kalimantan Selatan",
        "pulau": "",
        "route_create": "https://opsroom.sipongidata.my.id/daops/laporan/groundcheck/create/form",
        "hotspot_date": "2026-09-11",
        "distance_hgu_km": 0.639,
        "zone": "0–1 km",
        "location_status": "OUTSIDE HGU"
      }
    },
    {
      "type": "Feature",
      "geometry": {
        "type": "Point",
        "coordinates": [
          114.87847,
          -2.83105
        ]
      },
      "properties": {
        "confidence": "medium",
        "confidence_value": null,
        "sumber": "NASA-SNPP",
        "date_hotspot": "Jumat, 11 September 2026 13:16:00",
        "date_hotspot_ori": "2026-09-11T06:16:00.000000Z",
        "provinsi": null,
        "kabkota": "Tapin",
        "desa": "Batalas",
        "hs_id": "2026-09-11T06:16:00.000000Z",
        "provinsi_id": 12,
        "long": 114.87847,
        "ori_sumber": null,
        "desa_id": null,
        "counter": 1,
        "confidence_level": "medium",
        "kawasan": "",
        "kecamatan": "Candi Laras Utara",
        "nama_provinsi": "Kalimantan Selatan",
        "pulau": "",
        "route_create": "https://opsroom.sipongidata.my.id/daops/laporan/groundcheck/create/form",
        "hotspot_date": "2026-09-11",
        "distance_hgu_km": 0.293,
        "zone": "0–1 km",
        "location_status": "OUTSIDE HGU"
      }
    },
    {
      "type": "Feature",
      "geometry": {
        "type": "Point",
        "coordinates": [
          114.88342,
          -2.83025
        ]
      },
      "properties": {
        "confidence": "medium",
        "confidence_value": null,
        "sumber": "NASA-SNPP",
        "date_hotspot": "Jumat, 11 September 2026 13:16:00",
        "date_hotspot_ori": "2026-09-11T06:16:00.000000Z",
        "provinsi": null,
        "kabkota": "Tapin",
        "desa": "Batalas",
        "hs_id": "2026-09-11T06:16:00.000000Z",
        "provinsi_id": 12,
        "long": 114.88342,
        "ori_sumber": null,
        "desa_id": null,
        "counter": 1,
        "confidence_level": "medium",
        "kawasan": "",
        "kecamatan": "Candi Laras Utara",
        "nama_provinsi": "Kalimantan Selatan",
        "pulau": "",
        "route_create": "https://opsroom.sipongidata.my.id/daops/laporan/groundcheck/create/form",
        "hotspot_date": "2026-09-11",
        "distance_hgu_km": 0.599,
        "zone": "0–1 km",
        "location_status": "OUTSIDE HGU"
      }
    },
    {
      "type": "Feature",
      "geometry": {
        "type": "Point",
        "coordinates": [
          114.87424,
          -2.82387
        ]
      },
      "properties": {
        "confidence": "medium",
        "confidence_value": null,
        "sumber": "NASA-SNPP",
        "date_hotspot": "Jumat, 11 September 2026 13:16:00",
        "date_hotspot_ori": "2026-09-11T06:16:00.000000Z",
        "provinsi": null,
        "kabkota": "Tapin",
        "desa": "Batalas",
        "hs_id": "2026-09-11T06:16:00.000000Z",
        "provinsi_id": 12,
        "long": 114.87424,
        "ori_sumber": null,
        "desa_id": null,
        "counter": 1,
        "confidence_level": "medium",
        "kawasan": "",
        "kecamatan": "Candi Laras Utara",
        "nama_provinsi": "Kalimantan Selatan",
        "pulau": "",
        "route_create": "https://opsroom.sipongidata.my.id/daops/laporan/groundcheck/create/form",
        "hotspot_date": "2026-09-11",
        "distance_hgu_km": 0.971,
        "zone": "0–1 km",
        "location_status": "OUTSIDE HGU"
      }
    },
    {
      "type": "Feature",
      "geometry": {
        "type": "Point",
        "coordinates": [
          114.97119,
          -2.76034
        ]
      },
      "properties": {
        "confidence": "medium",
        "confidence_value": null,
        "sumber": "NASA-SNPP",
        "date_hotspot": "Jumat, 11 September 2026 13:16:00",
        "date_hotspot_ori": "2026-09-11T06:16:00.000000Z",
        "provinsi": null,
        "kabkota": "Tapin",
        "desa": "Buas-Buas",
        "hs_id": "2026-09-11T06:16:00.000000Z",
        "provinsi_id": 12,
        "long": 114.97119,
        "ori_sumber": null,
        "desa_id": null,
        "counter": 1,
        "confidence_level": "medium",
        "kawasan": "",
        "kecamatan": "Candi Laras Utara",
        "nama_provinsi": "Kalimantan Selatan",
        "pulau": "",
        "route_create": "https://opsroom.sipongidata.my.id/daops/laporan/groundcheck/create/form",
        "hotspot_date": "2026-09-11",
        "distance_hgu_km": 2.842,
        "zone": "1–3 km",
        "location_status": "OUTSIDE HGU"
      }
    },
    {
      "type": "Feature",
      "geometry": {
        "type": "Point",
        "coordinates": [
          114.8718,
          -2.8082
        ]
      },
      "properties": {
        "confidence": "medium",
        "confidence_value": null,
        "sumber": "NASA-SNPP",
        "date_hotspot": "Jumat, 11 September 2026 13:16:00",
        "date_hotspot_ori": "2026-09-11T06:16:00.000000Z",
        "provinsi": null,
        "kabkota": "Tapin",
        "desa": "Batalas",
        "hs_id": "2026-09-11T06:16:00.000000Z",
        "provinsi_id": 12,
        "long": 114.8718,
        "ori_sumber": null,
        "desa_id": null,
        "counter": 1,
        "confidence_level": "medium",
        "kawasan": "",
        "kecamatan": "Candi Laras Utara",
        "nama_provinsi": "Kalimantan Selatan",
        "pulau": "",
        "route_create": "https://opsroom.sipongidata.my.id/daops/laporan/groundcheck/create/form",
        "hotspot_date": "2026-09-11",
        "distance_hgu_km": 0.477,
        "zone": "0–1 km",
        "location_status": "OUTSIDE HGU"
      }
    },
    {
      "type": "Feature",
      "geometry": {
        "type": "Point",
        "coordinates": [
          114.87827,
          -2.81183
        ]
      },
      "properties": {
        "confidence": "medium",
        "confidence_value": null,
        "sumber": "NASA-NOAA20",
        "date_hotspot": "Jumat, 11 September 2026 13:35:00",
        "date_hotspot_ori": "2026-09-11T06:35:00.000000Z",
        "provinsi": null,
        "kabkota": "Tapin",
        "desa": "Batalas",
        "hs_id": "2026-09-11T06:35:00.000000Z",
        "provinsi_id": 12,
        "long": 114.87827,
        "ori_sumber": null,
        "desa_id": null,
        "counter": 1,
        "confidence_level": "medium",
        "kawasan": "",
        "kecamatan": "Candi Laras Utara",
        "nama_provinsi": "Kalimantan Selatan",
        "pulau": "",
        "route_create": "https://opsroom.sipongidata.my.id/daops/laporan/groundcheck/create/form",
        "hotspot_date": "2026-09-11",
        "distance_hgu_km": 1.192,
        "zone": "1–3 km",
        "location_status": "OUTSIDE HGU"
      }
    },
    {
      "type": "Feature",
      "geometry": {
        "type": "Point",
        "coordinates": [
          114.94457,
          -2.74357
        ]
      },
      "properties": {
        "confidence": "medium",
        "confidence_value": null,
        "sumber": "NASA-NOAA20",
        "date_hotspot": "Jumat, 11 September 2026 13:35:00",
        "date_hotspot_ori": "2026-09-11T06:35:00.000000Z",
        "provinsi": null,
        "kabkota": "Tapin",
        "desa": "Buas-Buas",
        "hs_id": "2026-09-11T06:35:00.000000Z",
        "provinsi_id": 12,
        "long": 114.94457,
        "ori_sumber": null,
        "desa_id": null,
        "counter": 1,
        "confidence_level": "medium",
        "kawasan": "",
        "kecamatan": "Candi Laras Utara",
        "nama_provinsi": "Kalimantan Selatan",
        "pulau": "",
        "route_create": "https://opsroom.sipongidata.my.id/daops/laporan/groundcheck/create/form",
        "hotspot_date": "2026-09-11",
        "distance_hgu_km": 0.614,
        "zone": "0–1 km",
        "location_status": "OUTSIDE HGU"
      }
    },
    {
      "type": "Feature",
      "geometry": {
        "type": "Point",
        "coordinates": [
          114.88169,
          -2.80666
        ]
      },
      "properties": {
        "confidence": "medium",
        "confidence_value": null,
        "sumber": "NASA-SNPP",
        "date_hotspot": "Jumat, 11 September 2026 13:16:00",
        "date_hotspot_ori": "2026-09-11T06:16:00.000000Z",
        "provinsi": null,
        "kabkota": "Tapin",
        "desa": "Batalas",
        "hs_id": "2026-09-11T06:16:00.000000Z",
        "provinsi_id": 12,
        "long": 114.88169,
        "ori_sumber": null,
        "desa_id": null,
        "counter": 1,
        "confidence_level": "medium",
        "kawasan": "",
        "kecamatan": "Candi Laras Utara",
        "nama_provinsi": "Kalimantan Selatan",
        "pulau": "",
        "route_create": "https://opsroom.sipongidata.my.id/daops/laporan/groundcheck/create/form",
        "hotspot_date": "2026-09-11",
        "distance_hgu_km": 1.578,
        "zone": "1–3 km",
        "location_status": "OUTSIDE HGU"
      }
    },
    {
      "type": "Feature",
      "geometry": {
        "type": "Point",
        "coordinates": [
          114.9012,
          -2.85515
        ]
      },
      "properties": {
        "confidence": "medium",
        "confidence_value": null,
        "sumber": "NASA-SNPP",
        "date_hotspot": "Minggu, 20 September 2026 12:08:00",
        "date_hotspot_ori": "2026-09-20T05:08:00.000000Z",
        "provinsi": null,
        "kabkota": "Tapin",
        "desa": "Baulin",
        "hs_id": "2026-09-20T05:08:00.000000Z",
        "provinsi_id": 12,
        "long": 114.9012,
        "ori_sumber": null,
        "desa_id": null,
        "counter": 1,
        "confidence_level": "medium",
        "kawasan": "",
        "kecamatan": "Candi Laras Selatan",
        "nama_provinsi": "Kalimantan Selatan",
        "pulau": "",
        "route_create": "https://opsroom.sipongidata.my.id/daops/laporan/groundcheck/create/form",
        "hotspot_date": "2026-09-20",
        "distance_hgu_km": 1.725,
        "zone": "1–3 km",
        "location_status": "OUTSIDE HGU"
      }
    },
    {
      "type": "Feature",
      "geometry": {
        "type": "Point",
        "coordinates": [
          114.80961,
          -2.93178
        ]
      },
      "properties": {
        "confidence": "medium",
        "confidence_value": null,
        "sumber": "NASA-SNPP",
        "date_hotspot": "Minggu, 20 September 2026 12:08:00",
        "date_hotspot_ori": "2026-09-20T05:08:00.000000Z",
        "provinsi": null,
        "kabkota": "Barito Kuala",
        "desa": "Banitan",
        "hs_id": "2026-09-20T05:08:00.000000Z",
        "provinsi_id": 12,
        "long": 114.80961,
        "ori_sumber": null,
        "desa_id": null,
        "counter": 1,
        "confidence_level": "medium",
        "kawasan": "",
        "kecamatan": "Bakumpai",
        "nama_provinsi": "Kalimantan Selatan",
        "pulau": "",
        "route_create": "https://opsroom.sipongidata.my.id/daops/laporan/groundcheck/create/form",
        "hotspot_date": "2026-09-20",
        "distance_hgu_km": 0.369,
        "zone": "0–1 km",
        "location_status": "OUTSIDE HGU"
      }
    },
    {
      "type": "Feature",
      "geometry": {
        "type": "Point",
        "coordinates": [
          114.87631,
          -2.79156
        ]
      },
      "properties": {
        "confidence": "medium",
        "confidence_value": null,
        "sumber": "NASA-SNPP",
        "date_hotspot": "Sabtu, 12 September 2026 00:17:00",
        "date_hotspot_ori": "2026-09-11T17:17:00.000000Z",
        "provinsi": null,
        "kabkota": "Tapin",
        "desa": "Teluk Haur",
        "hs_id": "2026-09-11T17:17:00.000000Z",
        "provinsi_id": 12,
        "long": 114.87631,
        "ori_sumber": null,
        "desa_id": null,
        "counter": 1,
        "confidence_level": "medium",
        "kawasan": "",
        "kecamatan": "Candi Laras Utara",
        "nama_provinsi": "Kalimantan Selatan",
        "pulau": "",
        "route_create": "https://opsroom.sipongidata.my.id/daops/laporan/groundcheck/create/form",
        "hotspot_date": "2026-09-12",
        "distance_hgu_km": 0.972,
        "zone": "0–1 km",
        "location_status": "OUTSIDE HGU"
      }
    },
    {
      "type": "Feature",
      "geometry": {
        "type": "Point",
        "coordinates": [
          114.87882,
          -2.79756
        ]
      },
      "properties": {
        "confidence": "medium",
        "confidence_value": null,
        "sumber": "NASA-SNPP",
        "date_hotspot": "Sabtu, 12 September 2026 00:17:00",
        "date_hotspot_ori": "2026-09-11T17:17:00.000000Z",
        "provinsi": null,
        "kabkota": "Tapin",
        "desa": "Teluk Haur",
        "hs_id": "2026-09-11T17:17:00.000000Z",
        "provinsi_id": 12,
        "long": 114.87882,
        "ori_sumber": null,
        "desa_id": null,
        "counter": 2,
        "confidence_level": "medium",
        "kawasan": "",
        "kecamatan": "Candi Laras Utara",
        "nama_provinsi": "Kalimantan Selatan",
        "pulau": "",
        "route_create": "https://opsroom.sipongidata.my.id/daops/laporan/groundcheck/create/form",
        "hotspot_date": "2026-09-12",
        "distance_hgu_km": 1.269,
        "zone": "1–3 km",
        "location_status": "OUTSIDE HGU"
      }
    },
    {
      "type": "Feature",
      "geometry": {
        "type": "Point",
        "coordinates": [
          114.87087,
          -2.79604
        ]
      },
      "properties": {
        "confidence": "medium",
        "confidence_value": null,
        "sumber": "NASA-NOAA20",
        "date_hotspot": "Sabtu, 12 September 2026 00:37:00",
        "date_hotspot_ori": "2026-09-11T17:37:00.000000Z",
        "provinsi": null,
        "kabkota": "Tapin",
        "desa": "Teluk Haur",
        "hs_id": "2026-09-11T17:37:00.000000Z",
        "provinsi_id": 12,
        "long": 114.87087,
        "ori_sumber": null,
        "desa_id": null,
        "counter": 1,
        "confidence_level": "medium",
        "kawasan": "",
        "kecamatan": "Candi Laras Utara",
        "nama_provinsi": "Kalimantan Selatan",
        "pulau": "",
        "route_create": "https://opsroom.sipongidata.my.id/daops/laporan/groundcheck/create/form",
        "hotspot_date": "2026-09-12",
        "distance_hgu_km": 0.38,
        "zone": "0–1 km",
        "location_status": "OUTSIDE HGU"
      }
    },
    {
      "type": "Feature",
      "geometry": {
        "type": "Point",
        "coordinates": [
          114.88174,
          -2.80507
        ]
      },
      "properties": {
        "confidence": "medium",
        "confidence_value": null,
        "sumber": "NASA-NOAA20",
        "date_hotspot": "Sabtu, 12 September 2026 00:37:00",
        "date_hotspot_ori": "2026-09-11T17:37:00.000000Z",
        "provinsi": null,
        "kabkota": "Tapin",
        "desa": "Batalas",
        "hs_id": "2026-09-11T17:37:00.000000Z",
        "provinsi_id": 12,
        "long": 114.88174,
        "ori_sumber": null,
        "desa_id": null,
        "counter": 2,
        "confidence_level": "medium",
        "kawasan": "",
        "kecamatan": "Candi Laras Utara",
        "nama_provinsi": "Kalimantan Selatan",
        "pulau": "",
        "route_create": "https://opsroom.sipongidata.my.id/daops/laporan/groundcheck/create/form",
        "hotspot_date": "2026-09-12",
        "distance_hgu_km": 1.588,
        "zone": "1–3 km",
        "location_status": "OUTSIDE HGU"
      }
    },
    {
      "type": "Feature",
      "geometry": {
        "type": "Point",
        "coordinates": [
          114.87777,
          -2.8299
        ]
      },
      "properties": {
        "confidence": "medium",
        "confidence_value": null,
        "sumber": "NASA-NOAA20",
        "date_hotspot": "Sabtu, 12 September 2026 00:37:00",
        "date_hotspot_ori": "2026-09-11T17:37:00.000000Z",
        "provinsi": null,
        "kabkota": "Tapin",
        "desa": "Batalas",
        "hs_id": "2026-09-11T17:37:00.000000Z",
        "provinsi_id": 12,
        "long": 114.87777,
        "ori_sumber": null,
        "desa_id": null,
        "counter": 2,
        "confidence_level": "medium",
        "kawasan": "",
        "kecamatan": "Candi Laras Utara",
        "nama_provinsi": "Kalimantan Selatan",
        "pulau": "",
        "route_create": "https://opsroom.sipongidata.my.id/daops/laporan/groundcheck/create/form",
        "hotspot_date": "2026-09-12",
        "distance_hgu_km": 0.422,
        "zone": "0–1 km",
        "location_status": "OUTSIDE HGU"
      }
    },
    {
      "type": "Feature",
      "geometry": {
        "type": "Point",
        "coordinates": [
          114.81661,
          -2.93388
        ]
      },
      "properties": {
        "confidence": "medium",
        "confidence_value": null,
        "sumber": "NASA-NOAA20",
        "date_hotspot": "Minggu, 20 September 2026 12:27:00",
        "date_hotspot_ori": "2026-09-20T05:27:00.000000Z",
        "provinsi": null,
        "kabkota": "Tapin",
        "desa": "Keladan",
        "hs_id": "2026-09-20T05:27:00.000000Z",
        "provinsi_id": 12,
        "long": 114.81661,
        "ori_sumber": null,
        "desa_id": null,
        "counter": 2,
        "confidence_level": "medium",
        "kawasan": "",
        "kecamatan": "Candi Laras Utara",
        "nama_provinsi": "Kalimantan Selatan",
        "pulau": "",
        "route_create": "https://opsroom.sipongidata.my.id/daops/laporan/groundcheck/create/form",
        "hotspot_date": "2026-09-20",
        "distance_hgu_km": 0.0,
        "zone": "Inside HGU",
        "location_status": "INSIDE HGU"
      }
    },
    {
      "type": "Feature",
      "geometry": {
        "type": "Point",
        "coordinates": [
          114.7999,
          -2.74349
        ]
      },
      "properties": {
        "confidence": "medium",
        "confidence_value": null,
        "sumber": "NASA-NOAA20",
        "date_hotspot": "Minggu, 20 September 2026 12:27:00",
        "date_hotspot_ori": "2026-09-20T05:27:00.000000Z",
        "provinsi": null,
        "kabkota": "Barito Kuala",
        "desa": "Jambu Baru",
        "hs_id": "2026-09-20T05:27:00.000000Z",
        "provinsi_id": 12,
        "long": 114.7999,
        "ori_sumber": null,
        "desa_id": null,
        "counter": 1,
        "confidence_level": "medium",
        "kawasan": "",
        "kecamatan": "Kuripan",
        "nama_provinsi": "Kalimantan Selatan",
        "pulau": "",
        "route_create": "https://opsroom.sipongidata.my.id/daops/laporan/groundcheck/create/form",
        "hotspot_date": "2026-09-20",
        "distance_hgu_km": 4.771,
        "zone": "3–5 km",
        "location_status": "OUTSIDE HGU"
      }
    },
    {
      "type": "Feature",
      "geometry": {
        "type": "Point",
        "coordinates": [
          114.90467,
          -2.7998
        ]
      },
      "properties": {
        "confidence": "medium",
        "confidence_value": null,
        "sumber": "NASA-NOAA20",
        "date_hotspot": "Minggu, 20 September 2026 12:27:00",
        "date_hotspot_ori": "2026-09-20T05:27:00.000000Z",
        "provinsi": null,
        "kabkota": "Tapin",
        "desa": "Teluk Haur",
        "hs_id": "2026-09-20T05:27:00.000000Z",
        "provinsi_id": 12,
        "long": 114.90467,
        "ori_sumber": null,
        "desa_id": null,
        "counter": 1,
        "confidence_level": "medium",
        "kawasan": "",
        "kecamatan": "Candi Laras Utara",
        "nama_provinsi": "Kalimantan Selatan",
        "pulau": "",
        "route_create": "https://opsroom.sipongidata.my.id/daops/laporan/groundcheck/create/form",
        "hotspot_date": "2026-09-20",
        "distance_hgu_km": 2.662,
        "zone": "1–3 km",
        "location_status": "OUTSIDE HGU"
      }
    },
    {
      "type": "Feature",
      "geometry": {
        "type": "Point",
        "coordinates": [
          114.86895,
          -2.7938
        ]
      },
      "properties": {
        "confidence": "medium",
        "confidence_value": null,
        "sumber": "NASA-SNPP",
        "date_hotspot": "Minggu, 13 September 2026 12:40:00",
        "date_hotspot_ori": "2026-09-13T05:40:00.000000Z",
        "provinsi": null,
        "kabkota": "Tapin",
        "desa": "Teluk Haur",
        "hs_id": "2026-09-13T05:40:00.000000Z",
        "provinsi_id": 12,
        "long": 114.86895,
        "ori_sumber": null,
        "desa_id": null,
        "counter": 3,
        "confidence_level": "medium",
        "kawasan": "",
        "kecamatan": "Candi Laras Utara",
        "nama_provinsi": "Kalimantan Selatan",
        "pulau": "",
        "route_create": "https://opsroom.sipongidata.my.id/daops/laporan/groundcheck/create/form",
        "hotspot_date": "2026-09-13",
        "distance_hgu_km": 0.159,
        "zone": "0–1 km",
        "location_status": "OUTSIDE HGU"
      }
    },
    {
      "type": "Feature",
      "geometry": {
        "type": "Point",
        "coordinates": [
          114.93885,
          -2.67958
        ]
      },
      "properties": {
        "confidence": "medium",
        "confidence_value": null,
        "sumber": "NASA-SNPP",
        "date_hotspot": "Minggu, 13 September 2026 12:40:00",
        "date_hotspot_ori": "2026-09-13T05:40:00.000000Z",
        "provinsi": null,
        "kabkota": "Tapin",
        "desa": "Sawaja",
        "hs_id": "2026-09-13T05:40:00.000000Z",
        "provinsi_id": 12,
        "long": 114.93885,
        "ori_sumber": null,
        "desa_id": null,
        "counter": 1,
        "confidence_level": "medium",
        "kawasan": "",
        "kecamatan": "Candi Laras Utara",
        "nama_provinsi": "Kalimantan Selatan",
        "pulau": "",
        "route_create": "https://opsroom.sipongidata.my.id/daops/laporan/groundcheck/create/form",
        "hotspot_date": "2026-09-13",
        "distance_hgu_km": 1.412,
        "zone": "1–3 km",
        "location_status": "OUTSIDE HGU"
      }
    },
    {
      "type": "Feature",
      "geometry": {
        "type": "Point",
        "coordinates": [
          114.92512,
          -2.66481
        ]
      },
      "properties": {
        "confidence": "medium",
        "confidence_value": null,
        "sumber": "NASA-SNPP",
        "date_hotspot": "Minggu, 13 September 2026 12:40:00",
        "date_hotspot_ori": "2026-09-13T05:40:00.000000Z",
        "provinsi": null,
        "kabkota": "Tapin",
        "desa": "Sawaja",
        "hs_id": "2026-09-13T05:40:00.000000Z",
        "provinsi_id": 12,
        "long": 114.92512,
        "ori_sumber": null,
        "desa_id": null,
        "counter": 3,
        "confidence_level": "medium",
        "kawasan": "",
        "kecamatan": "Candi Laras Utara",
        "nama_provinsi": "Kalimantan Selatan",
        "pulau": "",
        "route_create": "https://opsroom.sipongidata.my.id/daops/laporan/groundcheck/create/form",
        "hotspot_date": "2026-09-13",
        "distance_hgu_km": 3.042,
        "zone": "3–5 km",
        "location_status": "OUTSIDE HGU"
      }
    },
    {
      "type": "Feature",
      "geometry": {
        "type": "Point",
        "coordinates": [
          114.86765,
          -2.81906
        ]
      },
      "properties": {
        "confidence": "medium",
        "confidence_value": null,
        "sumber": "NASA-NOAA20",
        "date_hotspot": "Minggu, 13 September 2026 12:57:00",
        "date_hotspot_ori": "2026-09-13T05:57:00.000000Z",
        "provinsi": null,
        "kabkota": "Tapin",
        "desa": "Batalas",
        "hs_id": "2026-09-13T05:57:00.000000Z",
        "provinsi_id": 12,
        "long": 114.86765,
        "ori_sumber": null,
        "desa_id": null,
        "counter": 1,
        "confidence_level": "medium",
        "kawasan": "",
        "kecamatan": "Candi Laras Utara",
        "nama_provinsi": "Kalimantan Selatan",
        "pulau": "",
        "route_create": "https://opsroom.sipongidata.my.id/daops/laporan/groundcheck/create/form",
        "hotspot_date": "2026-09-13",
        "distance_hgu_km": 0.414,
        "zone": "0–1 km",
        "location_status": "OUTSIDE HGU"
      }
    },
    {
      "type": "Feature",
      "geometry": {
        "type": "Point",
        "coordinates": [
          114.86919,
          -2.82918
        ]
      },
      "properties": {
        "confidence": "medium",
        "confidence_value": null,
        "sumber": "NASA-NOAA20",
        "date_hotspot": "Minggu, 13 September 2026 12:57:00",
        "date_hotspot_ori": "2026-09-13T05:57:00.000000Z",
        "provinsi": null,
        "kabkota": "Tapin",
        "desa": "Batalas",
        "hs_id": "2026-09-13T05:57:00.000000Z",
        "provinsi_id": 12,
        "long": 114.86919,
        "ori_sumber": null,
        "desa_id": null,
        "counter": 3,
        "confidence_level": "medium",
        "kawasan": "",
        "kecamatan": "Candi Laras Utara",
        "nama_provinsi": "Kalimantan Selatan",
        "pulau": "",
        "route_create": "https://opsroom.sipongidata.my.id/daops/laporan/groundcheck/create/form",
        "hotspot_date": "2026-09-13",
        "distance_hgu_km": 0.202,
        "zone": "0–1 km",
        "location_status": "OUTSIDE HGU"
      }
    },
    {
      "type": "Feature",
      "geometry": {
        "type": "Point",
        "coordinates": [
          114.86817,
          -2.82243
        ]
      },
      "properties": {
        "confidence": "medium",
        "confidence_value": null,
        "sumber": "NASA-NOAA20",
        "date_hotspot": "Minggu, 13 September 2026 12:57:00",
        "date_hotspot_ori": "2026-09-13T05:57:00.000000Z",
        "provinsi": null,
        "kabkota": "Tapin",
        "desa": "Batalas",
        "hs_id": "2026-09-13T05:57:00.000000Z",
        "provinsi_id": 12,
        "long": 114.86817,
        "ori_sumber": null,
        "desa_id": null,
        "counter": 1,
        "confidence_level": "medium",
        "kawasan": "",
        "kecamatan": "Candi Laras Utara",
        "nama_provinsi": "Kalimantan Selatan",
        "pulau": "",
        "route_create": "https://opsroom.sipongidata.my.id/daops/laporan/groundcheck/create/form",
        "hotspot_date": "2026-09-13",
        "distance_hgu_km": 0.685,
        "zone": "0–1 km",
        "location_status": "OUTSIDE HGU"
      }
    },
    {
      "type": "Feature",
      "geometry": {
        "type": "Point",
        "coordinates": [
          114.87688,
          -2.83145
        ]
      },
      "properties": {
        "confidence": "medium",
        "confidence_value": null,
        "sumber": "NASA-NOAA20",
        "date_hotspot": "Minggu, 13 September 2026 12:57:00",
        "date_hotspot_ori": "2026-09-13T05:57:00.000000Z",
        "provinsi": null,
        "kabkota": "Tapin",
        "desa": "Batalas",
        "hs_id": "2026-09-13T05:57:00.000000Z",
        "provinsi_id": 12,
        "long": 114.87688,
        "ori_sumber": null,
        "desa_id": null,
        "counter": 3,
        "confidence_level": "medium",
        "kawasan": "",
        "kecamatan": "Candi Laras Utara",
        "nama_provinsi": "Kalimantan Selatan",
        "pulau": "",
        "route_create": "https://opsroom.sipongidata.my.id/daops/laporan/groundcheck/create/form",
        "hotspot_date": "2026-09-13",
        "distance_hgu_km": 0.253,
        "zone": "0–1 km",
        "location_status": "OUTSIDE HGU"
      }
    },
    {
      "type": "Feature",
      "geometry": {
        "type": "Point",
        "coordinates": [
          114.92355,
          -2.65692
        ]
      },
      "properties": {
        "confidence": "medium",
        "confidence_value": null,
        "sumber": "NASA-NOAA20",
        "date_hotspot": "Minggu, 13 September 2026 12:57:00",
        "date_hotspot_ori": "2026-09-13T05:57:00.000000Z",
        "provinsi": null,
        "kabkota": "Tapin",
        "desa": "Sawaja",
        "hs_id": "2026-09-13T05:57:00.000000Z",
        "provinsi_id": 12,
        "long": 114.92355,
        "ori_sumber": null,
        "desa_id": null,
        "counter": 1,
        "confidence_level": "medium",
        "kawasan": "",
        "kecamatan": "Candi Laras Utara",
        "nama_provinsi": "Kalimantan Selatan",
        "pulau": "",
        "route_create": "https://opsroom.sipongidata.my.id/daops/laporan/groundcheck/create/form",
        "hotspot_date": "2026-09-13",
        "distance_hgu_km": 3.914,
        "zone": "3–5 km",
        "location_status": "OUTSIDE HGU"
      }
    },
    {
      "type": "Feature",
      "geometry": {
        "type": "Point",
        "coordinates": [
          114.88613,
          -2.79548
        ]
      },
      "properties": {
        "confidence": "medium",
        "confidence_value": null,
        "sumber": "NASA-NOAA20",
        "date_hotspot": "Minggu, 13 September 2026 12:57:00",
        "date_hotspot_ori": "2026-09-13T05:57:00.000000Z",
        "provinsi": null,
        "kabkota": "Tapin",
        "desa": "Teluk Haur",
        "hs_id": "2026-09-13T05:57:00.000000Z",
        "provinsi_id": 12,
        "long": 114.88613,
        "ori_sumber": null,
        "desa_id": null,
        "counter": 2,
        "confidence_level": "medium",
        "kawasan": "",
        "kecamatan": "Candi Laras Utara",
        "nama_provinsi": "Kalimantan Selatan",
        "pulau": "",
        "route_create": "https://opsroom.sipongidata.my.id/daops/laporan/groundcheck/create/form",
        "hotspot_date": "2026-09-13",
        "distance_hgu_km": 2.075,
        "zone": "1–3 km",
        "location_status": "OUTSIDE HGU"
      }
    },
    {
      "type": "Feature",
      "geometry": {
        "type": "Point",
        "coordinates": [
          114.91352,
          -2.68695
        ]
      },
      "properties": {
        "confidence": "medium",
        "confidence_value": null,
        "sumber": "NASA-NOAA20",
        "date_hotspot": "Senin, 21 September 2026 01:11:00",
        "date_hotspot_ori": "2026-09-20T18:11:00.000000Z",
        "provinsi": null,
        "kabkota": "Tapin",
        "desa": "Sawaja",
        "hs_id": "2026-09-20T18:11:00.000000Z",
        "provinsi_id": 12,
        "long": 114.91352,
        "ori_sumber": null,
        "desa_id": null,
        "counter": 4,
        "confidence_level": "medium",
        "kawasan": "",
        "kecamatan": "Candi Laras Utara",
        "nama_provinsi": "Kalimantan Selatan",
        "pulau": "",
        "route_create": "https://opsroom.sipongidata.my.id/daops/laporan/groundcheck/create/form",
        "hotspot_date": "2026-09-21",
        "distance_hgu_km": 0.584,
        "zone": "0–1 km",
        "location_status": "OUTSIDE HGU"
      }
    },
    {
      "type": "Feature",
      "geometry": {
        "type": "Point",
        "coordinates": [
          114.90932,
          -2.69045
        ]
      },
      "properties": {
        "confidence": "medium",
        "confidence_value": null,
        "sumber": "NASA-NOAA20",
        "date_hotspot": "Senin, 21 September 2026 01:11:00",
        "date_hotspot_ori": "2026-09-20T18:11:00.000000Z",
        "provinsi": null,
        "kabkota": "Tapin",
        "desa": "Buas-Buas",
        "hs_id": "2026-09-20T18:11:00.000000Z",
        "provinsi_id": 12,
        "long": 114.90932,
        "ori_sumber": null,
        "desa_id": null,
        "counter": 4,
        "confidence_level": "medium",
        "kawasan": "",
        "kecamatan": "Candi Laras Utara",
        "nama_provinsi": "Kalimantan Selatan",
        "pulau": "",
        "route_create": "https://opsroom.sipongidata.my.id/daops/laporan/groundcheck/create/form",
        "hotspot_date": "2026-09-21",
        "distance_hgu_km": 0.21,
        "zone": "0–1 km",
        "location_status": "OUTSIDE HGU"
      }
    },
    {
      "type": "Feature",
      "geometry": {
        "type": "Point",
        "coordinates": [
          114.92353,
          -2.68714
        ]
      },
      "properties": {
        "confidence": "medium",
        "confidence_value": null,
        "sumber": "NASA-SNPP",
        "date_hotspot": "Senin, 21 September 2026 00:49:00",
        "date_hotspot_ori": "2026-09-20T17:49:00.000000Z",
        "provinsi": null,
        "kabkota": "Tapin",
        "desa": "Sawaja",
        "hs_id": "2026-09-20T17:49:00.000000Z",
        "provinsi_id": 12,
        "long": 114.92353,
        "ori_sumber": null,
        "desa_id": null,
        "counter": 1,
        "confidence_level": "medium",
        "kawasan": "",
        "kecamatan": "Candi Laras Utara",
        "nama_provinsi": "Kalimantan Selatan",
        "pulau": "",
        "route_create": "https://opsroom.sipongidata.my.id/daops/laporan/groundcheck/create/form",
        "hotspot_date": "2026-09-21",
        "distance_hgu_km": 0.572,
        "zone": "0–1 km",
        "location_status": "OUTSIDE HGU"
      }
    },
    {
      "type": "Feature",
      "geometry": {
        "type": "Point",
        "coordinates": [
          114.91276,
          -2.68542
        ]
      },
      "properties": {
        "confidence": "medium",
        "confidence_value": null,
        "sumber": "NASA-SNPP",
        "date_hotspot": "Senin, 21 September 2026 00:49:00",
        "date_hotspot_ori": "2026-09-20T17:49:00.000000Z",
        "provinsi": null,
        "kabkota": "Tapin",
        "desa": "Sawaja",
        "hs_id": "2026-09-20T17:49:00.000000Z",
        "provinsi_id": 12,
        "long": 114.91276,
        "ori_sumber": null,
        "desa_id": null,
        "counter": 2,
        "confidence_level": "medium",
        "kawasan": "",
        "kecamatan": "Candi Laras Utara",
        "nama_provinsi": "Kalimantan Selatan",
        "pulau": "",
        "route_create": "https://opsroom.sipongidata.my.id/daops/laporan/groundcheck/create/form",
        "hotspot_date": "2026-09-21",
        "distance_hgu_km": 0.753,
        "zone": "0–1 km",
        "location_status": "OUTSIDE HGU"
      }
    },
    {
      "type": "Feature",
      "geometry": {
        "type": "Point",
        "coordinates": [
          114.95173,
          -2.73692
        ]
      },
      "properties": {
        "confidence": "medium",
        "confidence_value": null,
        "sumber": "NASA-SNPP",
        "date_hotspot": "Senin, 14 September 2026 01:21:00",
        "date_hotspot_ori": "2026-09-13T18:21:00.000000Z",
        "provinsi": null,
        "kabkota": "Tapin",
        "desa": "Buas-Buas",
        "hs_id": "2026-09-13T18:21:00.000000Z",
        "provinsi_id": 12,
        "long": 114.95173,
        "ori_sumber": null,
        "desa_id": null,
        "counter": 2,
        "confidence_level": "medium",
        "kawasan": "",
        "kecamatan": "Candi Laras Utara",
        "nama_provinsi": "Kalimantan Selatan",
        "pulau": "",
        "route_create": "https://opsroom.sipongidata.my.id/daops/laporan/groundcheck/create/form",
        "hotspot_date": "2026-09-14",
        "distance_hgu_km": 0.0,
        "zone": "Inside HGU",
        "location_status": "INSIDE HGU"
      }
    },
    {
      "type": "Feature",
      "geometry": {
        "type": "Point",
        "coordinates": [
          114.90344,
          -2.68121
        ]
      },
      "properties": {
        "confidence": "medium",
        "confidence_value": null,
        "sumber": "NASA-NOAA20",
        "date_hotspot": "Senin, 21 September 2026 01:11:00",
        "date_hotspot_ori": "2026-09-20T18:11:00.000000Z",
        "provinsi": null,
        "kabkota": "Tapin",
        "desa": "Sawaja",
        "hs_id": "2026-09-20T18:11:00.000000Z",
        "provinsi_id": 12,
        "long": 114.90344,
        "ori_sumber": null,
        "desa_id": null,
        "counter": 4,
        "confidence_level": "medium",
        "kawasan": "",
        "kecamatan": "Candi Laras Utara",
        "nama_provinsi": "Kalimantan Selatan",
        "pulau": "",
        "route_create": "https://opsroom.sipongidata.my.id/daops/laporan/groundcheck/create/form",
        "hotspot_date": "2026-09-21",
        "distance_hgu_km": 1.41,
        "zone": "1–3 km",
        "location_status": "OUTSIDE HGU"
      }
    },
    {
      "type": "Feature",
      "geometry": {
        "type": "Point",
        "coordinates": [
          114.90049,
          -2.6766
        ]
      },
      "properties": {
        "confidence": "medium",
        "confidence_value": null,
        "sumber": "NASA-NOAA20",
        "date_hotspot": "Senin, 21 September 2026 01:11:00",
        "date_hotspot_ori": "2026-09-20T18:11:00.000000Z",
        "provinsi": null,
        "kabkota": "Tapin",
        "desa": "Sawaja",
        "hs_id": "2026-09-20T18:11:00.000000Z",
        "provinsi_id": 12,
        "long": 114.90049,
        "ori_sumber": null,
        "desa_id": null,
        "counter": 4,
        "confidence_level": "medium",
        "kawasan": "",
        "kecamatan": "Candi Laras Utara",
        "nama_provinsi": "Kalimantan Selatan",
        "pulau": "",
        "route_create": "https://opsroom.sipongidata.my.id/daops/laporan/groundcheck/create/form",
        "hotspot_date": "2026-09-21",
        "distance_hgu_km": 2.016,
        "zone": "1–3 km",
        "location_status": "OUTSIDE HGU"
      }
    },
    {
      "type": "Feature",
      "geometry": {
        "type": "Point",
        "coordinates": [
          114.90762,
          -2.67771
        ]
      },
      "properties": {
        "confidence": "medium",
        "confidence_value": null,
        "sumber": "NASA-NOAA20",
        "date_hotspot": "Senin, 21 September 2026 01:11:00",
        "date_hotspot_ori": "2026-09-20T18:11:00.000000Z",
        "provinsi": null,
        "kabkota": "Tapin",
        "desa": "Sawaja",
        "hs_id": "2026-09-20T18:11:00.000000Z",
        "provinsi_id": 12,
        "long": 114.90762,
        "ori_sumber": null,
        "desa_id": null,
        "counter": 4,
        "confidence_level": "medium",
        "kawasan": "",
        "kecamatan": "Candi Laras Utara",
        "nama_provinsi": "Kalimantan Selatan",
        "pulau": "",
        "route_create": "https://opsroom.sipongidata.my.id/daops/laporan/groundcheck/create/form",
        "hotspot_date": "2026-09-21",
        "distance_hgu_km": 1.631,
        "zone": "1–3 km",
        "location_status": "OUTSIDE HGU"
      }
    },
    {
      "type": "Feature",
      "geometry": {
        "type": "Point",
        "coordinates": [
          114.89987,
          -2.68065
        ]
      },
      "properties": {
        "confidence": "medium",
        "confidence_value": null,
        "sumber": "NASA-NOAA20",
        "date_hotspot": "Senin, 21 September 2026 01:11:00",
        "date_hotspot_ori": "2026-09-20T18:11:00.000000Z",
        "provinsi": null,
        "kabkota": "Tapin",
        "desa": "Buas-Buas",
        "hs_id": "2026-09-20T18:11:00.000000Z",
        "provinsi_id": 12,
        "long": 114.89987,
        "ori_sumber": null,
        "desa_id": null,
        "counter": 4,
        "confidence_level": "medium",
        "kawasan": "",
        "kecamatan": "Candi Laras Utara",
        "nama_provinsi": "Kalimantan Selatan",
        "pulau": "",
        "route_create": "https://opsroom.sipongidata.my.id/daops/laporan/groundcheck/create/form",
        "hotspot_date": "2026-09-21",
        "distance_hgu_km": 1.689,
        "zone": "1–3 km",
        "location_status": "OUTSIDE HGU"
      }
    },
    {
      "type": "Feature",
      "geometry": {
        "type": "Point",
        "coordinates": [
          114.80355,
          -2.92152
        ]
      },
      "properties": {
        "confidence": "medium",
        "confidence_value": null,
        "sumber": "NASA-SNPP",
        "date_hotspot": "Senin, 14 September 2026 12:21:00",
        "date_hotspot_ori": "2026-09-14T05:21:00.000000Z",
        "provinsi": null,
        "kabkota": "Barito Kuala",
        "desa": "Banitan",
        "hs_id": "2026-09-14T05:21:00.000000Z",
        "provinsi_id": 12,
        "long": 114.80355,
        "ori_sumber": null,
        "desa_id": null,
        "counter": 1,
        "confidence_level": "medium",
        "kawasan": "",
        "kecamatan": "Bakumpai",
        "nama_provinsi": "Kalimantan Selatan",
        "pulau": "",
        "route_create": "https://opsroom.sipongidata.my.id/daops/laporan/groundcheck/create/form",
        "hotspot_date": "2026-09-14",
        "distance_hgu_km": 1.419,
        "zone": "1–3 km",
        "location_status": "OUTSIDE HGU"
      }
    },
    {
      "type": "Feature",
      "geometry": {
        "type": "Point",
        "coordinates": [
          114.95378,
          -2.73515
        ]
      },
      "properties": {
        "confidence": "medium",
        "confidence_value": null,
        "sumber": "NASA-SNPP",
        "date_hotspot": "Senin, 14 September 2026 12:21:00",
        "date_hotspot_ori": "2026-09-14T05:21:00.000000Z",
        "provinsi": null,
        "kabkota": "Tapin",
        "desa": "Buas-Buas",
        "hs_id": "2026-09-14T05:21:00.000000Z",
        "provinsi_id": 12,
        "long": 114.95378,
        "ori_sumber": null,
        "desa_id": null,
        "counter": 2,
        "confidence_level": "medium",
        "kawasan": "",
        "kecamatan": "Candi Laras Utara",
        "nama_provinsi": "Kalimantan Selatan",
        "pulau": "",
        "route_create": "https://opsroom.sipongidata.my.id/daops/laporan/groundcheck/create/form",
        "hotspot_date": "2026-09-14",
        "distance_hgu_km": 0.0,
        "zone": "Inside HGU",
        "location_status": "INSIDE HGU"
      }
    },
    {
      "type": "Feature",
      "geometry": {
        "type": "Point",
        "coordinates": [
          114.86783,
          -2.83083
        ]
      },
      "properties": {
        "confidence": "medium",
        "confidence_value": null,
        "sumber": "NASA-NOAA20",
        "date_hotspot": "Senin, 14 September 2026 12:40:00",
        "date_hotspot_ori": "2026-09-14T05:40:00.000000Z",
        "provinsi": null,
        "kabkota": "Tapin",
        "desa": "Batalas",
        "hs_id": "2026-09-14T05:40:00.000000Z",
        "provinsi_id": 12,
        "long": 114.86783,
        "ori_sumber": null,
        "desa_id": null,
        "counter": 4,
        "confidence_level": "medium",
        "kawasan": "",
        "kecamatan": "Candi Laras Utara",
        "nama_provinsi": "Kalimantan Selatan",
        "pulau": "",
        "route_create": "https://opsroom.sipongidata.my.id/daops/laporan/groundcheck/create/form",
        "hotspot_date": "2026-09-14",
        "distance_hgu_km": 0.046,
        "zone": "0–1 km",
        "location_status": "OUTSIDE HGU"
      }
    },
    {
      "type": "Feature",
      "geometry": {
        "type": "Point",
        "coordinates": [
          114.93279,
          -2.67193
        ]
      },
      "properties": {
        "confidence": "medium",
        "confidence_value": null,
        "sumber": "NASA-SNPP",
        "date_hotspot": "Senin, 14 September 2026 12:21:00",
        "date_hotspot_ori": "2026-09-14T05:21:00.000000Z",
        "provinsi": null,
        "kabkota": "Tapin",
        "desa": "Sawaja",
        "hs_id": "2026-09-14T05:21:00.000000Z",
        "provinsi_id": 12,
        "long": 114.93279,
        "ori_sumber": null,
        "desa_id": null,
        "counter": 4,
        "confidence_level": "medium",
        "kawasan": "",
        "kecamatan": "Candi Laras Utara",
        "nama_provinsi": "Kalimantan Selatan",
        "pulau": "",
        "route_create": "https://opsroom.sipongidata.my.id/daops/laporan/groundcheck/create/form",
        "hotspot_date": "2026-09-14",
        "distance_hgu_km": 2.259,
        "zone": "1–3 km",
        "location_status": "OUTSIDE HGU"
      }
    },
    {
      "type": "Feature",
      "geometry": {
        "type": "Point",
        "coordinates": [
          114.99902,
          -2.69049
        ]
      },
      "properties": {
        "confidence": "medium",
        "confidence_value": null,
        "sumber": "NASA-SNPP",
        "date_hotspot": "Senin, 14 September 2026 12:21:00",
        "date_hotspot_ori": "2026-09-14T05:21:00.000000Z",
        "provinsi": null,
        "kabkota": "Hulu Sungai Selatan",
        "desa": "Bajayau",
        "hs_id": "2026-09-14T05:21:00.000000Z",
        "provinsi_id": 12,
        "long": 114.99902,
        "ori_sumber": null,
        "desa_id": null,
        "counter": 1,
        "confidence_level": "medium",
        "kawasan": "",
        "kecamatan": "Daha Barat",
        "nama_provinsi": "Kalimantan Selatan",
        "pulau": "",
        "route_create": "https://opsroom.sipongidata.my.id/daops/laporan/groundcheck/create/form",
        "hotspot_date": "2026-09-14",
        "distance_hgu_km": 4.085,
        "zone": "3–5 km",
        "location_status": "OUTSIDE HGU"
      }
    },
    {
      "type": "Feature",
      "geometry": {
        "type": "Point",
        "coordinates": [
          114.8861,
          -2.7908
        ]
      },
      "properties": {
        "confidence": "medium",
        "confidence_value": null,
        "sumber": "NASA-SNPP",
        "date_hotspot": "Senin, 14 September 2026 12:21:00",
        "date_hotspot_ori": "2026-09-14T05:21:00.000000Z",
        "provinsi": null,
        "kabkota": "Tapin",
        "desa": "Teluk Haur",
        "hs_id": "2026-09-14T05:21:00.000000Z",
        "provinsi_id": 12,
        "long": 114.8861,
        "ori_sumber": null,
        "desa_id": null,
        "counter": 1,
        "confidence_level": "medium",
        "kawasan": "",
        "kecamatan": "Candi Laras Utara",
        "nama_provinsi": "Kalimantan Selatan",
        "pulau": "",
        "route_create": "https://opsroom.sipongidata.my.id/daops/laporan/groundcheck/create/form",
        "hotspot_date": "2026-09-14",
        "distance_hgu_km": 1.668,
        "zone": "1–3 km",
        "location_status": "OUTSIDE HGU"
      }
    },
    {
      "type": "Feature",
      "geometry": {
        "type": "Point",
        "coordinates": [
          114.89263,
          -2.85562
        ]
      },
      "properties": {
        "confidence": "medium",
        "confidence_value": null,
        "sumber": "NASA-NOAA20",
        "date_hotspot": "Senin, 21 September 2026 12:08:00",
        "date_hotspot_ori": "2026-09-21T05:08:00.000000Z",
        "provinsi": null,
        "kabkota": "Tapin",
        "desa": "Margasari Hulu",
        "hs_id": "2026-09-21T05:08:00.000000Z",
        "provinsi_id": 12,
        "long": 114.89263,
        "ori_sumber": null,
        "desa_id": null,
        "counter": 2,
        "confidence_level": "medium",
        "kawasan": "",
        "kecamatan": "Candi Laras Selatan",
        "nama_provinsi": "Kalimantan Selatan",
        "pulau": "",
        "route_create": "https://opsroom.sipongidata.my.id/daops/laporan/groundcheck/create/form",
        "hotspot_date": "2026-09-21",
        "distance_hgu_km": 0.958,
        "zone": "0–1 km",
        "location_status": "OUTSIDE HGU"
      }
    },
    {
      "type": "Feature",
      "geometry": {
        "type": "Point",
        "coordinates": [
          114.89643,
          -2.84882
        ]
      },
      "properties": {
        "confidence": "medium",
        "confidence_value": null,
        "sumber": "NASA-NOAA20",
        "date_hotspot": "Senin, 21 September 2026 12:08:00",
        "date_hotspot_ori": "2026-09-21T05:08:00.000000Z",
        "provinsi": null,
        "kabkota": "Tapin",
        "desa": "Baulin",
        "hs_id": "2026-09-21T05:08:00.000000Z",
        "provinsi_id": 12,
        "long": 114.89643,
        "ori_sumber": null,
        "desa_id": null,
        "counter": 2,
        "confidence_level": "medium",
        "kawasan": "",
        "kecamatan": "Candi Laras Selatan",
        "nama_provinsi": "Kalimantan Selatan",
        "pulau": "",
        "route_create": "https://opsroom.sipongidata.my.id/daops/laporan/groundcheck/create/form",
        "hotspot_date": "2026-09-21",
        "distance_hgu_km": 1.062,
        "zone": "1–3 km",
        "location_status": "OUTSIDE HGU"
      }
    },
    {
      "type": "Feature",
      "geometry": {
        "type": "Point",
        "coordinates": [
          114.93326,
          -2.65144
        ]
      },
      "properties": {
        "confidence": "medium",
        "confidence_value": null,
        "sumber": "NASA-NOAA20",
        "date_hotspot": "Kamis, 03 September 2026 00:05:00",
        "date_hotspot_ori": "2026-09-02T17:05:00.000000Z",
        "provinsi": null,
        "kabkota": "Tapin",
        "desa": "Sawaja",
        "hs_id": "2026-09-02T17:05:00.000000Z",
        "provinsi_id": 12,
        "long": 114.93326,
        "ori_sumber": null,
        "desa_id": null,
        "counter": 3,
        "confidence_level": "medium",
        "kawasan": "",
        "kecamatan": "Candi Laras Utara",
        "nama_provinsi": "Kalimantan Selatan",
        "pulau": "",
        "route_create": "https://opsroom.sipongidata.my.id/daops/laporan/groundcheck/create/form",
        "hotspot_date": "2026-09-03",
        "distance_hgu_km": 4.525,
        "zone": "3–5 km",
        "location_status": "OUTSIDE HGU"
      }
    },
    {
      "type": "Feature",
      "geometry": {
        "type": "Point",
        "coordinates": [
          114.92468,
          -2.65001
        ]
      },
      "properties": {
        "confidence": "medium",
        "confidence_value": null,
        "sumber": "NASA-NOAA20",
        "date_hotspot": "Kamis, 03 September 2026 00:05:00",
        "date_hotspot_ori": "2026-09-02T17:05:00.000000Z",
        "provinsi": null,
        "kabkota": "Tapin",
        "desa": "Sawaja",
        "hs_id": "2026-09-02T17:05:00.000000Z",
        "provinsi_id": 12,
        "long": 114.92468,
        "ori_sumber": null,
        "desa_id": null,
        "counter": 2,
        "confidence_level": "medium",
        "kawasan": "",
        "kecamatan": "Candi Laras Utara",
        "nama_provinsi": "Kalimantan Selatan",
        "pulau": "",
        "route_create": "https://opsroom.sipongidata.my.id/daops/laporan/groundcheck/create/form",
        "hotspot_date": "2026-09-03",
        "distance_hgu_km": 4.679,
        "zone": "3–5 km",
        "location_status": "OUTSIDE HGU"
      }
    },
    {
      "type": "Feature",
      "geometry": {
        "type": "Point",
        "coordinates": [
          114.92661,
          -2.65623
        ]
      },
      "properties": {
        "confidence": "medium",
        "confidence_value": null,
        "sumber": "NASA-SNPP",
        "date_hotspot": "Kamis, 03 September 2026 01:28:00",
        "date_hotspot_ori": "2026-09-02T18:28:00.000000Z",
        "provinsi": null,
        "kabkota": "Tapin",
        "desa": "Sawaja",
        "hs_id": "2026-09-02T18:28:00.000000Z",
        "provinsi_id": 12,
        "long": 114.92661,
        "ori_sumber": null,
        "desa_id": null,
        "counter": 4,
        "confidence_level": "medium",
        "kawasan": "",
        "kecamatan": "Candi Laras Utara",
        "nama_provinsi": "Kalimantan Selatan",
        "pulau": "",
        "route_create": "https://opsroom.sipongidata.my.id/daops/laporan/groundcheck/create/form",
        "hotspot_date": "2026-09-03",
        "distance_hgu_km": 3.992,
        "zone": "3–5 km",
        "location_status": "OUTSIDE HGU"
      }
    },
    {
      "type": "Feature",
      "geometry": {
        "type": "Point",
        "coordinates": [
          114.93069,
          -2.65303
        ]
      },
      "properties": {
        "confidence": "medium",
        "confidence_value": null,
        "sumber": "NASA-SNPP",
        "date_hotspot": "Kamis, 03 September 2026 01:28:00",
        "date_hotspot_ori": "2026-09-02T18:28:00.000000Z",
        "provinsi": null,
        "kabkota": "Tapin",
        "desa": "Sawaja",
        "hs_id": "2026-09-02T18:28:00.000000Z",
        "provinsi_id": 12,
        "long": 114.93069,
        "ori_sumber": null,
        "desa_id": null,
        "counter": 4,
        "confidence_level": "medium",
        "kawasan": "",
        "kecamatan": "Candi Laras Utara",
        "nama_provinsi": "Kalimantan Selatan",
        "pulau": "",
        "route_create": "https://opsroom.sipongidata.my.id/daops/laporan/groundcheck/create/form",
        "hotspot_date": "2026-09-03",
        "distance_hgu_km": 4.35,
        "zone": "3–5 km",
        "location_status": "OUTSIDE HGU"
      }
    },
    {
      "type": "Feature",
      "geometry": {
        "type": "Point",
        "coordinates": [
          114.92738,
          -2.6512
        ]
      },
      "properties": {
        "confidence": "medium",
        "confidence_value": null,
        "sumber": "NASA-SNPP",
        "date_hotspot": "Kamis, 03 September 2026 01:28:00",
        "date_hotspot_ori": "2026-09-02T18:28:00.000000Z",
        "provinsi": null,
        "kabkota": "Tapin",
        "desa": "Sawaja",
        "hs_id": "2026-09-02T18:28:00.000000Z",
        "provinsi_id": 12,
        "long": 114.92738,
        "ori_sumber": null,
        "desa_id": null,
        "counter": 4,
        "confidence_level": "medium",
        "kawasan": "",
        "kecamatan": "Candi Laras Utara",
        "nama_provinsi": "Kalimantan Selatan",
        "pulau": "",
        "route_create": "https://opsroom.sipongidata.my.id/daops/laporan/groundcheck/create/form",
        "hotspot_date": "2026-09-03",
        "distance_hgu_km": 4.549,
        "zone": "3–5 km",
        "location_status": "OUTSIDE HGU"
      }
    },
    {
      "type": "Feature",
      "geometry": {
        "type": "Point",
        "coordinates": [
          114.92992,
          -2.65806
        ]
      },
      "properties": {
        "confidence": "medium",
        "confidence_value": null,
        "sumber": "NASA-SNPP",
        "date_hotspot": "Kamis, 03 September 2026 01:28:00",
        "date_hotspot_ori": "2026-09-02T18:28:00.000000Z",
        "provinsi": null,
        "kabkota": "Tapin",
        "desa": "Sawaja",
        "hs_id": "2026-09-02T18:28:00.000000Z",
        "provinsi_id": 12,
        "long": 114.92992,
        "ori_sumber": null,
        "desa_id": null,
        "counter": 4,
        "confidence_level": "medium",
        "kawasan": "",
        "kecamatan": "Candi Laras Utara",
        "nama_provinsi": "Kalimantan Selatan",
        "pulau": "",
        "route_create": "https://opsroom.sipongidata.my.id/daops/laporan/groundcheck/create/form",
        "hotspot_date": "2026-09-03",
        "distance_hgu_km": 3.793,
        "zone": "3–5 km",
        "location_status": "OUTSIDE HGU"
      }
    },
    {
      "type": "Feature",
      "geometry": {
        "type": "Point",
        "coordinates": [
          114.95136,
          -2.72696
        ]
      },
      "properties": {
        "confidence": "medium",
        "confidence_value": null,
        "sumber": "NASA-SNPP",
        "date_hotspot": "Kamis, 03 September 2026 01:28:00",
        "date_hotspot_ori": "2026-09-02T18:28:00.000000Z",
        "provinsi": null,
        "kabkota": "Tapin",
        "desa": "Sawaja",
        "hs_id": "2026-09-02T18:28:00.000000Z",
        "provinsi_id": 12,
        "long": 114.95136,
        "ori_sumber": null,
        "desa_id": null,
        "counter": 1,
        "confidence_level": "medium",
        "kawasan": "",
        "kecamatan": "Candi Laras Utara",
        "nama_provinsi": "Kalimantan Selatan",
        "pulau": "",
        "route_create": "https://opsroom.sipongidata.my.id/daops/laporan/groundcheck/create/form",
        "hotspot_date": "2026-09-03",
        "distance_hgu_km": 0.262,
        "zone": "0–1 km",
        "location_status": "OUTSIDE HGU"
      }
    },
    {
      "type": "Feature",
      "geometry": {
        "type": "Point",
        "coordinates": [
          114.93028,
          -2.65163
        ]
      },
      "properties": {
        "confidence": "medium",
        "confidence_value": null,
        "sumber": "NASA-SNPP",
        "date_hotspot": "Kamis, 03 September 2026 01:28:00",
        "date_hotspot_ori": "2026-09-02T18:28:00.000000Z",
        "provinsi": null,
        "kabkota": "Tapin",
        "desa": "Sawaja",
        "hs_id": "2026-09-02T18:28:00.000000Z",
        "provinsi_id": 12,
        "long": 114.93028,
        "ori_sumber": null,
        "desa_id": null,
        "counter": 4,
        "confidence_level": "medium",
        "kawasan": "",
        "kecamatan": "Candi Laras Utara",
        "nama_provinsi": "Kalimantan Selatan",
        "pulau": "",
        "route_create": "https://opsroom.sipongidata.my.id/daops/laporan/groundcheck/create/form",
        "hotspot_date": "2026-09-03",
        "distance_hgu_km": 4.505,
        "zone": "3–5 km",
        "location_status": "OUTSIDE HGU"
      }
    },
    {
      "type": "Feature",
      "geometry": {
        "type": "Point",
        "coordinates": [
          114.90408,
          -2.67483
        ]
      },
      "properties": {
        "confidence": "medium",
        "confidence_value": null,
        "sumber": "NASA-SNPP",
        "date_hotspot": "Jumat, 18 September 2026 00:05:00",
        "date_hotspot_ori": "2026-09-17T17:05:00.000000Z",
        "provinsi": null,
        "kabkota": "Tapin",
        "desa": "Sawaja",
        "hs_id": "2026-09-17T17:05:00.000000Z",
        "provinsi_id": 12,
        "long": 114.90408,
        "ori_sumber": null,
        "desa_id": null,
        "counter": 1,
        "confidence_level": "medium",
        "kawasan": "",
        "kecamatan": "Candi Laras Utara",
        "nama_provinsi": "Kalimantan Selatan",
        "pulau": "",
        "route_create": "https://opsroom.sipongidata.my.id/daops/laporan/groundcheck/create/form",
        "hotspot_date": "2026-09-18",
        "distance_hgu_km": 2.031,
        "zone": "1–3 km",
        "location_status": "OUTSIDE HGU"
      }
    },
    {
      "type": "Feature",
      "geometry": {
        "type": "Point",
        "coordinates": [
          114.94926,
          -2.65078
        ]
      },
      "properties": {
        "confidence": "medium",
        "confidence_value": null,
        "sumber": "NASA-SNPP",
        "date_hotspot": "Jumat, 18 September 2026 01:45:00",
        "date_hotspot_ori": "2026-09-17T18:45:00.000000Z",
        "provinsi": null,
        "kabkota": "Hulu Sungai Selatan",
        "desa": "Baru",
        "hs_id": "2026-09-17T18:45:00.000000Z",
        "provinsi_id": 12,
        "long": 114.94926,
        "ori_sumber": null,
        "desa_id": null,
        "counter": 1,
        "confidence_level": "medium",
        "kawasan": "",
        "kecamatan": "Daha Barat",
        "nama_provinsi": "Kalimantan Selatan",
        "pulau": "",
        "route_create": "https://opsroom.sipongidata.my.id/daops/laporan/groundcheck/create/form",
        "hotspot_date": "2026-09-18",
        "distance_hgu_km": 4.601,
        "zone": "3–5 km",
        "location_status": "OUTSIDE HGU"
      }
    },
    {
      "type": "Feature",
      "geometry": {
        "type": "Point",
        "coordinates": [
          114.88183,
          -2.80504
        ]
      },
      "properties": {
        "confidence": "medium",
        "confidence_value": null,
        "sumber": "NASA-NOAA20",
        "date_hotspot": "Jumat, 11 September 2026 13:35:00",
        "date_hotspot_ori": "2026-09-11T06:35:00.000000Z",
        "provinsi": null,
        "kabkota": "Tapin",
        "desa": "Batalas",
        "hs_id": "2026-09-11T06:35:00.000000Z",
        "provinsi_id": 12,
        "long": 114.88183,
        "ori_sumber": null,
        "desa_id": null,
        "counter": 1,
        "confidence_level": "medium",
        "kawasan": "",
        "kecamatan": "Candi Laras Utara",
        "nama_provinsi": "Kalimantan Selatan",
        "pulau": "",
        "route_create": "https://opsroom.sipongidata.my.id/daops/laporan/groundcheck/create/form",
        "hotspot_date": "2026-09-11",
        "distance_hgu_km": 1.598,
        "zone": "1–3 km",
        "location_status": "OUTSIDE HGU"
      }
    },
    {
      "type": "Feature",
      "geometry": {
        "type": "Point",
        "coordinates": [
          114.94942,
          -2.7991
        ]
      },
      "properties": {
        "confidence": "medium",
        "confidence_value": null,
        "sumber": "NASA-SNPP",
        "date_hotspot": "Jumat, 04 September 2026 13:48:00",
        "date_hotspot_ori": "2026-09-04T06:48:00.000000Z",
        "provinsi": null,
        "kabkota": "Tapin",
        "desa": "Rawana Hulu",
        "hs_id": "2026-09-04T06:48:00.000000Z",
        "provinsi_id": 12,
        "long": 114.94942,
        "ori_sumber": null,
        "desa_id": null,
        "counter": 1,
        "confidence_level": "medium",
        "kawasan": "",
        "kecamatan": "Candi Laras Utara",
        "nama_provinsi": "Kalimantan Selatan",
        "pulau": "",
        "route_create": "https://opsroom.sipongidata.my.id/daops/laporan/groundcheck/create/form",
        "hotspot_date": "2026-09-04",
        "distance_hgu_km": 4.365,
        "zone": "3–5 km",
        "location_status": "OUTSIDE HGU"
      }
    },
    {
      "type": "Feature",
      "geometry": {
        "type": "Point",
        "coordinates": [
          114.93623,
          -2.65162
        ]
      },
      "properties": {
        "confidence": "medium",
        "confidence_value": null,
        "sumber": "NASA-SNPP",
        "date_hotspot": "Sabtu, 05 September 2026 00:49:00",
        "date_hotspot_ori": "2026-09-04T17:49:00.000000Z",
        "provinsi": null,
        "kabkota": "Hulu Sungai Selatan",
        "desa": "Bajayau",
        "hs_id": "2026-09-04T17:49:00.000000Z",
        "provinsi_id": 12,
        "long": 114.93623,
        "ori_sumber": null,
        "desa_id": null,
        "counter": 6,
        "confidence_level": "medium",
        "kawasan": "",
        "kecamatan": "Daha Barat",
        "nama_provinsi": "Kalimantan Selatan",
        "pulau": "",
        "route_create": "https://opsroom.sipongidata.my.id/daops/laporan/groundcheck/create/form",
        "hotspot_date": "2026-09-05",
        "distance_hgu_km": 4.504,
        "zone": "3–5 km",
        "location_status": "OUTSIDE HGU"
      }
    },
    {
      "type": "Feature",
      "geometry": {
        "type": "Point",
        "coordinates": [
          114.92139,
          -2.65272
        ]
      },
      "properties": {
        "confidence": "medium",
        "confidence_value": null,
        "sumber": "NASA-SNPP",
        "date_hotspot": "Sabtu, 05 September 2026 00:49:00",
        "date_hotspot_ori": "2026-09-04T17:49:00.000000Z",
        "provinsi": null,
        "kabkota": "Tapin",
        "desa": "Sawaja",
        "hs_id": "2026-09-04T17:49:00.000000Z",
        "provinsi_id": 12,
        "long": 114.92139,
        "ori_sumber": null,
        "desa_id": null,
        "counter": 4,
        "confidence_level": "medium",
        "kawasan": "",
        "kecamatan": "Candi Laras Utara",
        "nama_provinsi": "Kalimantan Selatan",
        "pulau": "",
        "route_create": "https://opsroom.sipongidata.my.id/daops/laporan/groundcheck/create/form",
        "hotspot_date": "2026-09-05",
        "distance_hgu_km": 4.378,
        "zone": "3–5 km",
        "location_status": "OUTSIDE HGU"
      }
    },
    {
      "type": "Feature",
      "geometry": {
        "type": "Point",
        "coordinates": [
          114.90184,
          -2.68069
        ]
      },
      "properties": {
        "confidence": "medium",
        "confidence_value": null,
        "sumber": "NASA-NOAA20",
        "date_hotspot": "Jumat, 18 September 2026 13:03:00",
        "date_hotspot_ori": "2026-09-18T06:03:00.000000Z",
        "provinsi": null,
        "kabkota": "Tapin",
        "desa": "Sawaja",
        "hs_id": "2026-09-18T06:03:00.000000Z",
        "provinsi_id": 12,
        "long": 114.90184,
        "ori_sumber": null,
        "desa_id": null,
        "counter": 1,
        "confidence_level": "medium",
        "kawasan": "",
        "kecamatan": "Candi Laras Utara",
        "nama_provinsi": "Kalimantan Selatan",
        "pulau": "",
        "route_create": "https://opsroom.sipongidata.my.id/daops/laporan/groundcheck/create/form",
        "hotspot_date": "2026-09-18",
        "distance_hgu_km": 1.553,
        "zone": "1–3 km",
        "location_status": "OUTSIDE HGU"
      }
    },
    {
      "type": "Feature",
      "geometry": {
        "type": "Point",
        "coordinates": [
          114.90597,
          -2.68004
        ]
      },
      "properties": {
        "confidence": "medium",
        "confidence_value": null,
        "sumber": "NASA-NOAA20",
        "date_hotspot": "Jumat, 18 September 2026 13:03:00",
        "date_hotspot_ori": "2026-09-18T06:03:00.000000Z",
        "provinsi": null,
        "kabkota": "Tapin",
        "desa": "Sawaja",
        "hs_id": "2026-09-18T06:03:00.000000Z",
        "provinsi_id": 12,
        "long": 114.90597,
        "ori_sumber": null,
        "desa_id": null,
        "counter": 1,
        "confidence_level": "medium",
        "kawasan": "",
        "kecamatan": "Candi Laras Utara",
        "nama_provinsi": "Kalimantan Selatan",
        "pulau": "",
        "route_create": "https://opsroom.sipongidata.my.id/daops/laporan/groundcheck/create/form",
        "hotspot_date": "2026-09-18",
        "distance_hgu_km": 1.419,
        "zone": "1–3 km",
        "location_status": "OUTSIDE HGU"
      }
    },
    {
      "type": "Feature",
      "geometry": {
        "type": "Point",
        "coordinates": [
          114.90542,
          -2.67643
        ]
      },
      "properties": {
        "confidence": "medium",
        "confidence_value": null,
        "sumber": "NASA-NOAA20",
        "date_hotspot": "Jumat, 18 September 2026 13:03:00",
        "date_hotspot_ori": "2026-09-18T06:03:00.000000Z",
        "provinsi": null,
        "kabkota": "Tapin",
        "desa": "Sawaja",
        "hs_id": "2026-09-18T06:03:00.000000Z",
        "provinsi_id": 12,
        "long": 114.90542,
        "ori_sumber": null,
        "desa_id": null,
        "counter": 1,
        "confidence_level": "medium",
        "kawasan": "",
        "kecamatan": "Candi Laras Utara",
        "nama_provinsi": "Kalimantan Selatan",
        "pulau": "",
        "route_create": "https://opsroom.sipongidata.my.id/daops/laporan/groundcheck/create/form",
        "hotspot_date": "2026-09-18",
        "distance_hgu_km": 1.819,
        "zone": "1–3 km",
        "location_status": "OUTSIDE HGU"
      }
    },
    {
      "type": "Feature",
      "geometry": {
        "type": "Point",
        "coordinates": [
          114.93211,
          -2.65442
        ]
      },
      "properties": {
        "confidence": "medium",
        "confidence_value": null,
        "sumber": "NASA-SNPP",
        "date_hotspot": "Sabtu, 05 September 2026 00:49:00",
        "date_hotspot_ori": "2026-09-04T17:49:00.000000Z",
        "provinsi": null,
        "kabkota": "Tapin",
        "desa": "Sawaja",
        "hs_id": "2026-09-04T17:49:00.000000Z",
        "provinsi_id": 12,
        "long": 114.93211,
        "ori_sumber": null,
        "desa_id": null,
        "counter": 6,
        "confidence_level": "medium",
        "kawasan": "",
        "kecamatan": "Candi Laras Utara",
        "nama_provinsi": "Kalimantan Selatan",
        "pulau": "",
        "route_create": "https://opsroom.sipongidata.my.id/daops/laporan/groundcheck/create/form",
        "hotspot_date": "2026-09-05",
        "distance_hgu_km": 4.197,
        "zone": "3–5 km",
        "location_status": "OUTSIDE HGU"
      }
    },
    {
      "type": "Feature",
      "geometry": {
        "type": "Point",
        "coordinates": [
          114.9292,
          -2.65836
        ]
      },
      "properties": {
        "confidence": "medium",
        "confidence_value": null,
        "sumber": "NASA-NOAA20",
        "date_hotspot": "Sabtu, 05 September 2026 01:11:00",
        "date_hotspot_ori": "2026-09-04T18:11:00.000000Z",
        "provinsi": null,
        "kabkota": "Tapin",
        "desa": "Sawaja",
        "hs_id": "2026-09-04T18:11:00.000000Z",
        "provinsi_id": 12,
        "long": 114.9292,
        "ori_sumber": null,
        "desa_id": null,
        "counter": 7,
        "confidence_level": "medium",
        "kawasan": "",
        "kecamatan": "Candi Laras Utara",
        "nama_provinsi": "Kalimantan Selatan",
        "pulau": "",
        "route_create": "https://opsroom.sipongidata.my.id/daops/laporan/groundcheck/create/form",
        "hotspot_date": "2026-09-05",
        "distance_hgu_km": 3.759,
        "zone": "3–5 km",
        "location_status": "OUTSIDE HGU"
      }
    },
    {
      "type": "Feature",
      "geometry": {
        "type": "Point",
        "coordinates": [
          114.88967,
          -2.88376
        ]
      },
      "properties": {
        "confidence": "medium",
        "confidence_value": null,
        "sumber": "NASA-NOAA20",
        "date_hotspot": "Rabu, 23 September 2026 13:12:00",
        "date_hotspot_ori": "2026-09-23T06:12:00.000000Z",
        "provinsi": null,
        "kabkota": "Tapin",
        "desa": "Pariok",
        "hs_id": "2026-09-23T06:12:00.000000Z",
        "provinsi_id": 12,
        "long": 114.88967,
        "ori_sumber": null,
        "desa_id": null,
        "counter": 1,
        "confidence_level": "medium",
        "kawasan": "",
        "kecamatan": "Candi Laras Utara",
        "nama_provinsi": "Kalimantan Selatan",
        "pulau": "",
        "route_create": "https://opsroom.sipongidata.my.id/daops/laporan/groundcheck/create/form",
        "hotspot_date": "2026-09-23",
        "distance_hgu_km": 1.201,
        "zone": "1–3 km",
        "location_status": "OUTSIDE HGU"
      }
    },
    {
      "type": "Feature",
      "geometry": {
        "type": "Point",
        "coordinates": [
          114.95026,
          -2.65175
        ]
      },
      "properties": {
        "confidence": "medium",
        "confidence_value": null,
        "sumber": "NASA-NOAA20",
        "date_hotspot": "Sabtu, 19 September 2026 00:07:00",
        "date_hotspot_ori": "2026-09-18T17:07:00.000000Z",
        "provinsi": null,
        "kabkota": "Hulu Sungai Selatan",
        "desa": "Baru",
        "hs_id": "2026-09-18T17:07:00.000000Z",
        "provinsi_id": 12,
        "long": 114.95026,
        "ori_sumber": null,
        "desa_id": null,
        "counter": 2,
        "confidence_level": "medium",
        "kawasan": "",
        "kecamatan": "Daha Barat",
        "nama_provinsi": "Kalimantan Selatan",
        "pulau": "",
        "route_create": "https://opsroom.sipongidata.my.id/daops/laporan/groundcheck/create/form",
        "hotspot_date": "2026-09-19",
        "distance_hgu_km": 4.496,
        "zone": "3–5 km",
        "location_status": "OUTSIDE HGU"
      }
    },
    {
      "type": "Feature",
      "geometry": {
        "type": "Point",
        "coordinates": [
          114.90971,
          -2.68148
        ]
      },
      "properties": {
        "confidence": "medium",
        "confidence_value": null,
        "sumber": "NASA-NOAA20",
        "date_hotspot": "Sabtu, 19 September 2026 00:07:00",
        "date_hotspot_ori": "2026-09-18T17:07:00.000000Z",
        "provinsi": null,
        "kabkota": "Tapin",
        "desa": "Sawaja",
        "hs_id": "2026-09-18T17:07:00.000000Z",
        "provinsi_id": 12,
        "long": 114.90971,
        "ori_sumber": null,
        "desa_id": null,
        "counter": 2,
        "confidence_level": "medium",
        "kawasan": "",
        "kecamatan": "Candi Laras Utara",
        "nama_provinsi": "Kalimantan Selatan",
        "pulau": "",
        "route_create": "https://opsroom.sipongidata.my.id/daops/laporan/groundcheck/create/form",
        "hotspot_date": "2026-09-19",
        "distance_hgu_km": 1.198,
        "zone": "1–3 km",
        "location_status": "OUTSIDE HGU"
      }
    },
    {
      "type": "Feature",
      "geometry": {
        "type": "Point",
        "coordinates": [
          114.91188,
          -2.68559
        ]
      },
      "properties": {
        "confidence": "medium",
        "confidence_value": null,
        "sumber": "NASA-NOAA20",
        "date_hotspot": "Sabtu, 19 September 2026 00:07:00",
        "date_hotspot_ori": "2026-09-18T17:07:00.000000Z",
        "provinsi": null,
        "kabkota": "Tapin",
        "desa": "Sawaja",
        "hs_id": "2026-09-18T17:07:00.000000Z",
        "provinsi_id": 12,
        "long": 114.91188,
        "ori_sumber": null,
        "desa_id": null,
        "counter": 2,
        "confidence_level": "medium",
        "kawasan": "",
        "kecamatan": "Candi Laras Utara",
        "nama_provinsi": "Kalimantan Selatan",
        "pulau": "",
        "route_create": "https://opsroom.sipongidata.my.id/daops/laporan/groundcheck/create/form",
        "hotspot_date": "2026-09-19",
        "distance_hgu_km": 0.737,
        "zone": "0–1 km",
        "location_status": "OUTSIDE HGU"
      }
    },
    {
      "type": "Feature",
      "geometry": {
        "type": "Point",
        "coordinates": [
          114.8271,
          -2.85053
        ]
      },
      "properties": {
        "confidence": "medium",
        "confidence_value": null,
        "sumber": "NASA-SNPP",
        "date_hotspot": "Senin, 28 September 2026 12:57:00",
        "date_hotspot_ori": "2026-09-28T05:57:00.000000Z",
        "provinsi": null,
        "kabkota": "Barito Kuala",
        "desa": "Banitan",
        "hs_id": "2026-09-28T05:57:00.000000Z",
        "provinsi_id": 12,
        "long": 114.8271,
        "ori_sumber": null,
        "desa_id": null,
        "counter": 1,
        "confidence_level": "medium",
        "kawasan": "",
        "kecamatan": "Bakumpai",
        "nama_provinsi": "Kalimantan Selatan",
        "pulau": "",
        "route_create": "https://opsroom.sipongidata.my.id/daops/laporan/groundcheck/create/form",
        "hotspot_date": "2026-09-28",
        "distance_hgu_km": 1.681,
        "zone": "1–3 km",
        "location_status": "OUTSIDE HGU"
      }
    },
    {
      "type": "Feature",
      "geometry": {
        "type": "Point",
        "coordinates": [
          114.827,
          -2.85287
        ]
      },
      "properties": {
        "confidence": "medium",
        "confidence_value": null,
        "sumber": "NASA-NOAA20",
        "date_hotspot": "Senin, 28 September 2026 13:18:00",
        "date_hotspot_ori": "2026-09-28T06:18:00.000000Z",
        "provinsi": null,
        "kabkota": "Barito Kuala",
        "desa": "Banitan",
        "hs_id": "2026-09-28T06:18:00.000000Z",
        "provinsi_id": 12,
        "long": 114.827,
        "ori_sumber": null,
        "desa_id": null,
        "counter": 1,
        "confidence_level": "medium",
        "kawasan": "",
        "kecamatan": "Bakumpai",
        "nama_provinsi": "Kalimantan Selatan",
        "pulau": "",
        "route_create": "https://opsroom.sipongidata.my.id/daops/laporan/groundcheck/create/form",
        "hotspot_date": "2026-09-28",
        "distance_hgu_km": 1.694,
        "zone": "1–3 km",
        "location_status": "OUTSIDE HGU"
      }
    },
    {
      "type": "Feature",
      "geometry": {
        "type": "Point",
        "coordinates": [
          114.85233,
          -2.97371
        ]
      },
      "properties": {
        "confidence": "medium",
        "confidence_value": null,
        "sumber": "NASA-NOAA20",
        "date_hotspot": "Selasa, 29 September 2026 12:57:00",
        "date_hotspot_ori": "2026-09-29T05:57:00.000000Z",
        "provinsi": null,
        "kabkota": "Tapin",
        "desa": "Keladan",
        "hs_id": "2026-09-29T05:57:00.000000Z",
        "provinsi_id": 12,
        "long": 114.85233,
        "ori_sumber": null,
        "desa_id": null,
        "counter": 2,
        "confidence_level": "medium",
        "kawasan": "",
        "kecamatan": "Candi Laras Utara",
        "nama_provinsi": "Kalimantan Selatan",
        "pulau": "",
        "route_create": "https://opsroom.sipongidata.my.id/daops/laporan/groundcheck/create/form",
        "hotspot_date": "2026-09-29",
        "distance_hgu_km": 4.062,
        "zone": "3–5 km",
        "location_status": "OUTSIDE HGU"
      }
    },
    {
      "type": "Feature",
      "geometry": {
        "type": "Point",
        "coordinates": [
          114.84776,
          -2.96909
        ]
      },
      "properties": {
        "confidence": "medium",
        "confidence_value": null,
        "sumber": "NASA-NOAA20",
        "date_hotspot": "Selasa, 29 September 2026 12:57:00",
        "date_hotspot_ori": "2026-09-29T05:57:00.000000Z",
        "provinsi": null,
        "kabkota": "Tapin",
        "desa": "Keladan",
        "hs_id": "2026-09-29T05:57:00.000000Z",
        "provinsi_id": 12,
        "long": 114.84776,
        "ori_sumber": null,
        "desa_id": null,
        "counter": 2,
        "confidence_level": "medium",
        "kawasan": "",
        "kecamatan": "Candi Laras Utara",
        "nama_provinsi": "Kalimantan Selatan",
        "pulau": "",
        "route_create": "https://opsroom.sipongidata.my.id/daops/laporan/groundcheck/create/form",
        "hotspot_date": "2026-09-29",
        "distance_hgu_km": 3.399,
        "zone": "3–5 km",
        "location_status": "OUTSIDE HGU"
      }
    },
    {
      "type": "Feature",
      "geometry": {
        "type": "Point",
        "coordinates": [
          114.80994,
          -2.85432
        ]
      },
      "properties": {
        "confidence": "medium",
        "confidence_value": null,
        "sumber": "NASA-SNPP",
        "date_hotspot": "Selasa, 29 September 2026 12:40:00",
        "date_hotspot_ori": "2026-09-29T05:40:00.000000Z",
        "provinsi": null,
        "kabkota": "Barito Kuala",
        "desa": "Banitan",
        "hs_id": "2026-09-29T05:40:00.000000Z",
        "provinsi_id": 12,
        "long": 114.80994,
        "ori_sumber": null,
        "desa_id": null,
        "counter": 1,
        "confidence_level": "medium",
        "kawasan": "",
        "kecamatan": "Bakumpai",
        "nama_provinsi": "Kalimantan Selatan",
        "pulau": "",
        "route_create": "https://opsroom.sipongidata.my.id/daops/laporan/groundcheck/create/form",
        "hotspot_date": "2026-09-29",
        "distance_hgu_km": 3.593,
        "zone": "3–5 km",
        "location_status": "OUTSIDE HGU"
      }
    },
    {
      "type": "Feature",
      "geometry": {
        "type": "Point",
        "coordinates": [
          114.92446,
          -2.75772
        ]
      },
      "properties": {
        "confidence": "medium",
        "confidence_value": null,
        "sumber": "NASA-SNPP",
        "date_hotspot": "Rabu, 30 September 2026 12:21:00",
        "date_hotspot_ori": "2026-09-30T05:21:00.000000Z",
        "provinsi": null,
        "kabkota": "Tapin",
        "desa": "Buas-Buas Hilir",
        "hs_id": "2026-09-30T05:21:00.000000Z",
        "provinsi_id": 12,
        "long": 114.92446,
        "ori_sumber": null,
        "desa_id": null,
        "counter": 1,
        "confidence_level": "medium",
        "kawasan": "",
        "kecamatan": "Candi Laras Utara",
        "nama_provinsi": "Kalimantan Selatan",
        "pulau": "",
        "route_create": "https://opsroom.sipongidata.my.id/daops/laporan/groundcheck/create/form",
        "hotspot_date": "2026-09-30",
        "distance_hgu_km": 1.891,
        "zone": "1–3 km",
        "location_status": "OUTSIDE HGU"
      }
    },
    {
      "type": "Feature",
      "geometry": {
        "type": "Point",
        "coordinates": [
          114.95004,
          -2.64818
        ]
      },
      "properties": {
        "confidence": "medium",
        "confidence_value": null,
        "sumber": "NASA-NOAA20",
        "date_hotspot": "Selasa, 15 September 2026 01:21:00",
        "date_hotspot_ori": "2026-09-14T18:21:00.000000Z",
        "provinsi": null,
        "kabkota": "Hulu Sungai Selatan",
        "desa": "Baru",
        "hs_id": "2026-09-14T18:21:00.000000Z",
        "provinsi_id": 12,
        "long": 114.95004,
        "ori_sumber": null,
        "desa_id": null,
        "counter": 1,
        "confidence_level": "medium",
        "kawasan": "",
        "kecamatan": "Daha Barat",
        "nama_provinsi": "Kalimantan Selatan",
        "pulau": "",
        "route_create": "https://opsroom.sipongidata.my.id/daops/laporan/groundcheck/create/form",
        "hotspot_date": "2026-09-15",
        "distance_hgu_km": 4.89,
        "zone": "3–5 km",
        "location_status": "OUTSIDE HGU"
      }
    },
    {
      "type": "Feature",
      "geometry": {
        "type": "Point",
        "coordinates": [
          114.87899,
          -2.77809
        ]
      },
      "properties": {
        "confidence": "medium",
        "confidence_value": null,
        "sumber": "NASA-SNPP",
        "date_hotspot": "Selasa, 15 September 2026 01:02:00",
        "date_hotspot_ori": "2026-09-14T18:02:00.000000Z",
        "provinsi": null,
        "kabkota": "Tapin",
        "desa": "Teluk Haur",
        "hs_id": "2026-09-14T18:02:00.000000Z",
        "provinsi_id": 12,
        "long": 114.87899,
        "ori_sumber": null,
        "desa_id": null,
        "counter": 2,
        "confidence_level": "medium",
        "kawasan": "",
        "kecamatan": "Candi Laras Utara",
        "nama_provinsi": "Kalimantan Selatan",
        "pulau": "",
        "route_create": "https://opsroom.sipongidata.my.id/daops/laporan/groundcheck/create/form",
        "hotspot_date": "2026-09-15",
        "distance_hgu_km": 0.266,
        "zone": "0–1 km",
        "location_status": "OUTSIDE HGU"
      }
    },
    {
      "type": "Feature",
      "geometry": {
        "type": "Point",
        "coordinates": [
          114.88788,
          -2.89209
        ]
      },
      "properties": {
        "confidence": "medium",
        "confidence_value": null,
        "sumber": "NASA-SNPP",
        "date_hotspot": "Senin, 21 September 2026 13:31:00",
        "date_hotspot_ori": "2026-09-21T06:31:00.000000Z",
        "provinsi": null,
        "kabkota": "Tapin",
        "desa": "Pariok",
        "hs_id": "2026-09-21T06:31:00.000000Z",
        "provinsi_id": 12,
        "long": 114.88788,
        "ori_sumber": null,
        "desa_id": null,
        "counter": 2,
        "confidence_level": "medium",
        "kawasan": "",
        "kecamatan": "Candi Laras Utara",
        "nama_provinsi": "Kalimantan Selatan",
        "pulau": "",
        "route_create": "https://opsroom.sipongidata.my.id/daops/laporan/groundcheck/create/form",
        "hotspot_date": "2026-09-21",
        "distance_hgu_km": 1.239,
        "zone": "1–3 km",
        "location_status": "OUTSIDE HGU"
      }
    },
    {
      "type": "Feature",
      "geometry": {
        "type": "Point",
        "coordinates": [
          114.85881,
          -2.82865
        ]
      },
      "properties": {
        "confidence": "medium",
        "confidence_value": null,
        "sumber": "NASA-SNPP",
        "date_hotspot": "Senin, 21 September 2026 13:31:00",
        "date_hotspot_ori": "2026-09-21T06:31:00.000000Z",
        "provinsi": null,
        "kabkota": "Tapin",
        "desa": "Batalas",
        "hs_id": "2026-09-21T06:31:00.000000Z",
        "provinsi_id": 12,
        "long": 114.85881,
        "ori_sumber": null,
        "desa_id": null,
        "counter": 1,
        "confidence_level": "medium",
        "kawasan": "",
        "kecamatan": "Candi Laras Utara",
        "nama_provinsi": "Kalimantan Selatan",
        "pulau": "",
        "route_create": "https://opsroom.sipongidata.my.id/daops/laporan/groundcheck/create/form",
        "hotspot_date": "2026-09-21",
        "distance_hgu_km": 0.442,
        "zone": "0–1 km",
        "location_status": "OUTSIDE HGU"
      }
    },
    {
      "type": "Feature",
      "geometry": {
        "type": "Point",
        "coordinates": [
          114.91,
          -2.67819
        ]
      },
      "properties": {
        "confidence": "medium",
        "confidence_value": null,
        "sumber": "NASA-NOAA20",
        "date_hotspot": "Selasa, 22 September 2026 00:49:00",
        "date_hotspot_ori": "2026-09-21T17:49:00.000000Z",
        "provinsi": null,
        "kabkota": "Tapin",
        "desa": "Sawaja",
        "hs_id": "2026-09-21T17:49:00.000000Z",
        "provinsi_id": 12,
        "long": 114.91,
        "ori_sumber": null,
        "desa_id": null,
        "counter": 5,
        "confidence_level": "medium",
        "kawasan": "",
        "kecamatan": "Candi Laras Utara",
        "nama_provinsi": "Kalimantan Selatan",
        "pulau": "",
        "route_create": "https://opsroom.sipongidata.my.id/daops/laporan/groundcheck/create/form",
        "hotspot_date": "2026-09-22",
        "distance_hgu_km": 1.561,
        "zone": "1–3 km",
        "location_status": "OUTSIDE HGU"
      }
    },
    {
      "type": "Feature",
      "geometry": {
        "type": "Point",
        "coordinates": [
          114.80626,
          -2.91805
        ]
      },
      "properties": {
        "confidence": "medium",
        "confidence_value": null,
        "sumber": "NASA-NOAA20",
        "date_hotspot": "Selasa, 15 September 2026 01:21:00",
        "date_hotspot_ori": "2026-09-14T18:21:00.000000Z",
        "provinsi": null,
        "kabkota": "Barito Kuala",
        "desa": "Banitan",
        "hs_id": "2026-09-14T18:21:00.000000Z",
        "provinsi_id": 12,
        "long": 114.80626,
        "ori_sumber": null,
        "desa_id": null,
        "counter": 2,
        "confidence_level": "medium",
        "kawasan": "",
        "kecamatan": "Bakumpai",
        "nama_provinsi": "Kalimantan Selatan",
        "pulau": "",
        "route_create": "https://opsroom.sipongidata.my.id/daops/laporan/groundcheck/create/form",
        "hotspot_date": "2026-09-15",
        "distance_hgu_km": 1.313,
        "zone": "1–3 km",
        "location_status": "OUTSIDE HGU"
      }
    },
    {
      "type": "Feature",
      "geometry": {
        "type": "Point",
        "coordinates": [
          114.86579,
          -2.81456
        ]
      },
      "properties": {
        "confidence": "medium",
        "confidence_value": null,
        "sumber": "NASA-SNPP",
        "date_hotspot": "Selasa, 15 September 2026 01:02:00",
        "date_hotspot_ori": "2026-09-14T18:02:00.000000Z",
        "provinsi": null,
        "kabkota": "Tapin",
        "desa": "Batalas",
        "hs_id": "2026-09-14T18:02:00.000000Z",
        "provinsi_id": 12,
        "long": 114.86579,
        "ori_sumber": null,
        "desa_id": null,
        "counter": 1,
        "confidence_level": "medium",
        "kawasan": "",
        "kecamatan": "Candi Laras Utara",
        "nama_provinsi": "Kalimantan Selatan",
        "pulau": "",
        "route_create": "https://opsroom.sipongidata.my.id/daops/laporan/groundcheck/create/form",
        "hotspot_date": "2026-09-15",
        "distance_hgu_km": 0.0,
        "zone": "Inside HGU",
        "location_status": "INSIDE HGU"
      }
    },
    {
      "type": "Feature",
      "geometry": {
        "type": "Point",
        "coordinates": [
          114.91373,
          -2.6829
        ]
      },
      "properties": {
        "confidence": "medium",
        "confidence_value": null,
        "sumber": "NASA-NOAA20",
        "date_hotspot": "Selasa, 15 September 2026 12:23:00",
        "date_hotspot_ori": "2026-09-15T05:23:00.000000Z",
        "provinsi": null,
        "kabkota": "Tapin",
        "desa": "Sawaja",
        "hs_id": "2026-09-15T05:23:00.000000Z",
        "provinsi_id": 12,
        "long": 114.91373,
        "ori_sumber": null,
        "desa_id": null,
        "counter": 1,
        "confidence_level": "medium",
        "kawasan": "",
        "kecamatan": "Candi Laras Utara",
        "nama_provinsi": "Kalimantan Selatan",
        "pulau": "",
        "route_create": "https://opsroom.sipongidata.my.id/daops/laporan/groundcheck/create/form",
        "hotspot_date": "2026-09-15",
        "distance_hgu_km": 1.032,
        "zone": "1–3 km",
        "location_status": "OUTSIDE HGU"
      }
    },
    {
      "type": "Feature",
      "geometry": {
        "type": "Point",
        "coordinates": [
          114.913,
          -2.67797
        ]
      },
      "properties": {
        "confidence": "medium",
        "confidence_value": null,
        "sumber": "NASA-NOAA20",
        "date_hotspot": "Selasa, 15 September 2026 12:23:00",
        "date_hotspot_ori": "2026-09-15T05:23:00.000000Z",
        "provinsi": null,
        "kabkota": "Tapin",
        "desa": "Sawaja",
        "hs_id": "2026-09-15T05:23:00.000000Z",
        "provinsi_id": 12,
        "long": 114.913,
        "ori_sumber": null,
        "desa_id": null,
        "counter": 1,
        "confidence_level": "medium",
        "kawasan": "",
        "kecamatan": "Candi Laras Utara",
        "nama_provinsi": "Kalimantan Selatan",
        "pulau": "",
        "route_create": "https://opsroom.sipongidata.my.id/daops/laporan/groundcheck/create/form",
        "hotspot_date": "2026-09-15",
        "distance_hgu_km": 1.576,
        "zone": "1–3 km",
        "location_status": "OUTSIDE HGU"
      }
    },
    {
      "type": "Feature",
      "geometry": {
        "type": "Point",
        "coordinates": [
          114.91784,
          -2.67223
        ]
      },
      "properties": {
        "confidence": "medium",
        "confidence_value": null,
        "sumber": "NASA-NOAA20",
        "date_hotspot": "Selasa, 15 September 2026 12:23:00",
        "date_hotspot_ori": "2026-09-15T05:23:00.000000Z",
        "provinsi": null,
        "kabkota": "Tapin",
        "desa": "Sawaja",
        "hs_id": "2026-09-15T05:23:00.000000Z",
        "provinsi_id": 12,
        "long": 114.91784,
        "ori_sumber": null,
        "desa_id": null,
        "counter": 1,
        "confidence_level": "medium",
        "kawasan": "",
        "kecamatan": "Candi Laras Utara",
        "nama_provinsi": "Kalimantan Selatan",
        "pulau": "",
        "route_create": "https://opsroom.sipongidata.my.id/daops/laporan/groundcheck/create/form",
        "hotspot_date": "2026-09-15",
        "distance_hgu_km": 2.219,
        "zone": "1–3 km",
        "location_status": "OUTSIDE HGU"
      }
    },
    {
      "type": "Feature",
      "geometry": {
        "type": "Point",
        "coordinates": [
          114.95218,
          -2.65036
        ]
      },
      "properties": {
        "confidence": "medium",
        "confidence_value": null,
        "sumber": "NASA-NOAA20",
        "date_hotspot": "Selasa, 15 September 2026 12:23:00",
        "date_hotspot_ori": "2026-09-15T05:23:00.000000Z",
        "provinsi": null,
        "kabkota": "Hulu Sungai Selatan",
        "desa": "Baru",
        "hs_id": "2026-09-15T05:23:00.000000Z",
        "provinsi_id": 12,
        "long": 114.95218,
        "ori_sumber": null,
        "desa_id": null,
        "counter": 1,
        "confidence_level": "medium",
        "kawasan": "",
        "kecamatan": "Daha Barat",
        "nama_provinsi": "Kalimantan Selatan",
        "pulau": "",
        "route_create": "https://opsroom.sipongidata.my.id/daops/laporan/groundcheck/create/form",
        "hotspot_date": "2026-09-15",
        "distance_hgu_km": 4.654,
        "zone": "3–5 km",
        "location_status": "OUTSIDE HGU"
      }
    },
    {
      "type": "Feature",
      "geometry": {
        "type": "Point",
        "coordinates": [
          114.92496,
          -2.66176
        ]
      },
      "properties": {
        "confidence": "medium",
        "confidence_value": null,
        "sumber": "NASA-SNPP",
        "date_hotspot": "Selasa, 15 September 2026 13:42:00",
        "date_hotspot_ori": "2026-09-15T06:42:00.000000Z",
        "provinsi": null,
        "kabkota": "Tapin",
        "desa": "Sawaja",
        "hs_id": "2026-09-15T06:42:00.000000Z",
        "provinsi_id": 12,
        "long": 114.92496,
        "ori_sumber": null,
        "desa_id": null,
        "counter": 5,
        "confidence_level": "medium",
        "kawasan": "",
        "kecamatan": "Candi Laras Utara",
        "nama_provinsi": "Kalimantan Selatan",
        "pulau": "",
        "route_create": "https://opsroom.sipongidata.my.id/daops/laporan/groundcheck/create/form",
        "hotspot_date": "2026-09-15",
        "distance_hgu_km": 3.38,
        "zone": "3–5 km",
        "location_status": "OUTSIDE HGU"
      }
    },
    {
      "type": "Feature",
      "geometry": {
        "type": "Point",
        "coordinates": [
          114.95631,
          -2.74317
        ]
      },
      "properties": {
        "confidence": "medium",
        "confidence_value": null,
        "sumber": "NASA-SNPP",
        "date_hotspot": "Selasa, 15 September 2026 13:42:00",
        "date_hotspot_ori": "2026-09-15T06:42:00.000000Z",
        "provinsi": null,
        "kabkota": "Tapin",
        "desa": "Buas-Buas",
        "hs_id": "2026-09-15T06:42:00.000000Z",
        "provinsi_id": 12,
        "long": 114.95631,
        "ori_sumber": null,
        "desa_id": null,
        "counter": 3,
        "confidence_level": "medium",
        "kawasan": "",
        "kecamatan": "Candi Laras Utara",
        "nama_provinsi": "Kalimantan Selatan",
        "pulau": "",
        "route_create": "https://opsroom.sipongidata.my.id/daops/laporan/groundcheck/create/form",
        "hotspot_date": "2026-09-15",
        "distance_hgu_km": 0.571,
        "zone": "0–1 km",
        "location_status": "OUTSIDE HGU"
      }
    },
    {
      "type": "Feature",
      "geometry": {
        "type": "Point",
        "coordinates": [
          114.90571,
          -2.67718
        ]
      },
      "properties": {
        "confidence": "medium",
        "confidence_value": null,
        "sumber": "NASA-SNPP",
        "date_hotspot": "Selasa, 22 September 2026 00:32:00",
        "date_hotspot_ori": "2026-09-21T17:32:00.000000Z",
        "provinsi": null,
        "kabkota": "Tapin",
        "desa": "Sawaja",
        "hs_id": "2026-09-21T17:32:00.000000Z",
        "provinsi_id": 12,
        "long": 114.90571,
        "ori_sumber": null,
        "desa_id": null,
        "counter": 5,
        "confidence_level": "medium",
        "kawasan": "",
        "kecamatan": "Candi Laras Utara",
        "nama_provinsi": "Kalimantan Selatan",
        "pulau": "",
        "route_create": "https://opsroom.sipongidata.my.id/daops/laporan/groundcheck/create/form",
        "hotspot_date": "2026-09-22",
        "distance_hgu_km": 1.731,
        "zone": "1–3 km",
        "location_status": "OUTSIDE HGU"
      }
    },
    {
      "type": "Feature",
      "geometry": {
        "type": "Point",
        "coordinates": [
          114.95261,
          -2.65351
        ]
      },
      "properties": {
        "confidence": "medium",
        "confidence_value": null,
        "sumber": "NASA-SNPP",
        "date_hotspot": "Selasa, 22 September 2026 00:32:00",
        "date_hotspot_ori": "2026-09-21T17:32:00.000000Z",
        "provinsi": null,
        "kabkota": "Hulu Sungai Selatan",
        "desa": "Baru",
        "hs_id": "2026-09-21T17:32:00.000000Z",
        "provinsi_id": 12,
        "long": 114.95261,
        "ori_sumber": null,
        "desa_id": null,
        "counter": 3,
        "confidence_level": "medium",
        "kawasan": "",
        "kecamatan": "Daha Barat",
        "nama_provinsi": "Kalimantan Selatan",
        "pulau": "",
        "route_create": "https://opsroom.sipongidata.my.id/daops/laporan/groundcheck/create/form",
        "hotspot_date": "2026-09-22",
        "distance_hgu_km": 4.307,
        "zone": "3–5 km",
        "location_status": "OUTSIDE HGU"
      }
    },
    {
      "type": "Feature",
      "geometry": {
        "type": "Point",
        "coordinates": [
          114.95311,
          -2.64872
        ]
      },
      "properties": {
        "confidence": "medium",
        "confidence_value": null,
        "sumber": "NASA-SNPP",
        "date_hotspot": "Selasa, 22 September 2026 00:32:00",
        "date_hotspot_ori": "2026-09-21T17:32:00.000000Z",
        "provinsi": null,
        "kabkota": "Hulu Sungai Selatan",
        "desa": "Baru",
        "hs_id": "2026-09-21T17:32:00.000000Z",
        "provinsi_id": 12,
        "long": 114.95311,
        "ori_sumber": null,
        "desa_id": null,
        "counter": 3,
        "confidence_level": "medium",
        "kawasan": "",
        "kecamatan": "Daha Barat",
        "nama_provinsi": "Kalimantan Selatan",
        "pulau": "",
        "route_create": "https://opsroom.sipongidata.my.id/daops/laporan/groundcheck/create/form",
        "hotspot_date": "2026-09-22",
        "distance_hgu_km": 4.838,
        "zone": "3–5 km",
        "location_status": "OUTSIDE HGU"
      }
    },
    {
      "type": "Feature",
      "geometry": {
        "type": "Point",
        "coordinates": [
          114.90604,
          -2.68096
        ]
      },
      "properties": {
        "confidence": "medium",
        "confidence_value": null,
        "sumber": "NASA-NOAA20",
        "date_hotspot": "Selasa, 22 September 2026 00:49:00",
        "date_hotspot_ori": "2026-09-21T17:49:00.000000Z",
        "provinsi": null,
        "kabkota": "Tapin",
        "desa": "Sawaja",
        "hs_id": "2026-09-21T17:49:00.000000Z",
        "provinsi_id": 12,
        "long": 114.90604,
        "ori_sumber": null,
        "desa_id": null,
        "counter": 5,
        "confidence_level": "medium",
        "kawasan": "",
        "kecamatan": "Candi Laras Utara",
        "nama_provinsi": "Kalimantan Selatan",
        "pulau": "",
        "route_create": "https://opsroom.sipongidata.my.id/daops/laporan/groundcheck/create/form",
        "hotspot_date": "2026-09-22",
        "distance_hgu_km": 1.319,
        "zone": "1–3 km",
        "location_status": "OUTSIDE HGU"
      }
    },
    {
      "type": "Feature",
      "geometry": {
        "type": "Point",
        "coordinates": [
          114.91241,
          -2.68536
        ]
      },
      "properties": {
        "confidence": "medium",
        "confidence_value": null,
        "sumber": "NASA-NOAA20",
        "date_hotspot": "Selasa, 22 September 2026 00:49:00",
        "date_hotspot_ori": "2026-09-21T17:49:00.000000Z",
        "provinsi": null,
        "kabkota": "Tapin",
        "desa": "Sawaja",
        "hs_id": "2026-09-21T17:49:00.000000Z",
        "provinsi_id": 12,
        "long": 114.91241,
        "ori_sumber": null,
        "desa_id": null,
        "counter": 5,
        "confidence_level": "medium",
        "kawasan": "",
        "kecamatan": "Candi Laras Utara",
        "nama_provinsi": "Kalimantan Selatan",
        "pulau": "",
        "route_create": "https://opsroom.sipongidata.my.id/daops/laporan/groundcheck/create/form",
        "hotspot_date": "2026-09-22",
        "distance_hgu_km": 0.761,
        "zone": "0–1 km",
        "location_status": "OUTSIDE HGU"
      }
    },
    {
      "type": "Feature",
      "geometry": {
        "type": "Point",
        "coordinates": [
          114.90488,
          -2.84391
        ]
      },
      "properties": {
        "confidence": "medium",
        "confidence_value": null,
        "sumber": "NASA-NOAA20",
        "date_hotspot": "Selasa, 22 September 2026 00:49:00",
        "date_hotspot_ori": "2026-09-21T17:49:00.000000Z",
        "provinsi": null,
        "kabkota": "Tapin",
        "desa": "Baulin",
        "hs_id": "2026-09-21T17:49:00.000000Z",
        "provinsi_id": 12,
        "long": 114.90488,
        "ori_sumber": null,
        "desa_id": null,
        "counter": 3,
        "confidence_level": "medium",
        "kawasan": "",
        "kecamatan": "Candi Laras Selatan",
        "nama_provinsi": "Kalimantan Selatan",
        "pulau": "",
        "route_create": "https://opsroom.sipongidata.my.id/daops/laporan/groundcheck/create/form",
        "hotspot_date": "2026-09-22",
        "distance_hgu_km": 2.009,
        "zone": "1–3 km",
        "location_status": "OUTSIDE HGU"
      }
    },
    {
      "type": "Feature",
      "geometry": {
        "type": "Point",
        "coordinates": [
          114.894,
          -2.84559
        ]
      },
      "properties": {
        "confidence": "medium",
        "confidence_value": null,
        "sumber": "NASA-NOAA20",
        "date_hotspot": "Selasa, 22 September 2026 00:49:00",
        "date_hotspot_ori": "2026-09-21T17:49:00.000000Z",
        "provinsi": null,
        "kabkota": "Tapin",
        "desa": "Baulin",
        "hs_id": "2026-09-21T17:49:00.000000Z",
        "provinsi_id": 12,
        "long": 114.894,
        "ori_sumber": null,
        "desa_id": null,
        "counter": 3,
        "confidence_level": "medium",
        "kawasan": "",
        "kecamatan": "Candi Laras Selatan",
        "nama_provinsi": "Kalimantan Selatan",
        "pulau": "",
        "route_create": "https://opsroom.sipongidata.my.id/daops/laporan/groundcheck/create/form",
        "hotspot_date": "2026-09-22",
        "distance_hgu_km": 0.797,
        "zone": "0–1 km",
        "location_status": "OUTSIDE HGU"
      }
    },
    {
      "type": "Feature",
      "geometry": {
        "type": "Point",
        "coordinates": [
          114.88952,
          -2.85166
        ]
      },
      "properties": {
        "confidence": "medium",
        "confidence_value": null,
        "sumber": "NASA-NOAA20",
        "date_hotspot": "Selasa, 22 September 2026 00:49:00",
        "date_hotspot_ori": "2026-09-21T17:49:00.000000Z",
        "provinsi": null,
        "kabkota": "Tapin",
        "desa": "Margasari Hulu",
        "hs_id": "2026-09-21T17:49:00.000000Z",
        "provinsi_id": 12,
        "long": 114.88952,
        "ori_sumber": null,
        "desa_id": null,
        "counter": 3,
        "confidence_level": "medium",
        "kawasan": "",
        "kecamatan": "Candi Laras Selatan",
        "nama_provinsi": "Kalimantan Selatan",
        "pulau": "",
        "route_create": "https://opsroom.sipongidata.my.id/daops/laporan/groundcheck/create/form",
        "hotspot_date": "2026-09-22",
        "distance_hgu_km": 0.403,
        "zone": "0–1 km",
        "location_status": "OUTSIDE HGU"
      }
    },
    {
      "type": "Feature",
      "geometry": {
        "type": "Point",
        "coordinates": [
          114.88902,
          -2.85497
        ]
      },
      "properties": {
        "confidence": "medium",
        "confidence_value": null,
        "sumber": "NASA-NOAA20",
        "date_hotspot": "Selasa, 22 September 2026 00:49:00",
        "date_hotspot_ori": "2026-09-21T17:49:00.000000Z",
        "provinsi": null,
        "kabkota": "Tapin",
        "desa": "Margasari Hulu",
        "hs_id": "2026-09-21T17:49:00.000000Z",
        "provinsi_id": 12,
        "long": 114.88902,
        "ori_sumber": null,
        "desa_id": null,
        "counter": 3,
        "confidence_level": "medium",
        "kawasan": "",
        "kecamatan": "Candi Laras Selatan",
        "nama_provinsi": "Kalimantan Selatan",
        "pulau": "",
        "route_create": "https://opsroom.sipongidata.my.id/daops/laporan/groundcheck/create/form",
        "hotspot_date": "2026-09-22",
        "distance_hgu_km": 0.685,
        "zone": "0–1 km",
        "location_status": "OUTSIDE HGU"
      }
    },
    {
      "type": "Feature",
      "geometry": {
        "type": "Point",
        "coordinates": [
          114.90453,
          -2.67144
        ]
      },
      "properties": {
        "confidence": "medium",
        "confidence_value": null,
        "sumber": "NASA-NOAA20",
        "date_hotspot": "Rabu, 16 September 2026 01:04:00",
        "date_hotspot_ori": "2026-09-15T18:04:00.000000Z",
        "provinsi": null,
        "kabkota": "Tapin",
        "desa": "Sawaja",
        "hs_id": "2026-09-15T18:04:00.000000Z",
        "provinsi_id": 12,
        "long": 114.90453,
        "ori_sumber": null,
        "desa_id": null,
        "counter": 1,
        "confidence_level": "medium",
        "kawasan": "",
        "kecamatan": "Candi Laras Utara",
        "nama_provinsi": "Kalimantan Selatan",
        "pulau": "",
        "route_create": "https://opsroom.sipongidata.my.id/daops/laporan/groundcheck/create/form",
        "hotspot_date": "2026-09-16",
        "distance_hgu_km": 2.379,
        "zone": "1–3 km",
        "location_status": "OUTSIDE HGU"
      }
    },
    {
      "type": "Feature",
      "geometry": {
        "type": "Point",
        "coordinates": [
          114.9115,
          -2.68385
        ]
      },
      "properties": {
        "confidence": "medium",
        "confidence_value": null,
        "sumber": "NASA-NOAA20",
        "date_hotspot": "Rabu, 16 September 2026 01:04:00",
        "date_hotspot_ori": "2026-09-15T18:04:00.000000Z",
        "provinsi": null,
        "kabkota": "Tapin",
        "desa": "Sawaja",
        "hs_id": "2026-09-15T18:04:00.000000Z",
        "provinsi_id": 12,
        "long": 114.9115,
        "ori_sumber": null,
        "desa_id": null,
        "counter": 2,
        "confidence_level": "medium",
        "kawasan": "",
        "kecamatan": "Candi Laras Utara",
        "nama_provinsi": "Kalimantan Selatan",
        "pulau": "",
        "route_create": "https://opsroom.sipongidata.my.id/daops/laporan/groundcheck/create/form",
        "hotspot_date": "2026-09-16",
        "distance_hgu_km": 0.93,
        "zone": "0–1 km",
        "location_status": "OUTSIDE HGU"
      }
    },
    {
      "type": "Feature",
      "geometry": {
        "type": "Point",
        "coordinates": [
          114.95213,
          -2.74515
        ]
      },
      "properties": {
        "confidence": "medium",
        "confidence_value": null,
        "sumber": "NASA-SNPP",
        "date_hotspot": "Rabu, 16 September 2026 00:43:00",
        "date_hotspot_ori": "2026-09-15T17:43:00.000000Z",
        "provinsi": null,
        "kabkota": "Tapin",
        "desa": "Buas-Buas",
        "hs_id": "2026-09-15T17:43:00.000000Z",
        "provinsi_id": 12,
        "long": 114.95213,
        "ori_sumber": null,
        "desa_id": null,
        "counter": 4,
        "confidence_level": "medium",
        "kawasan": "",
        "kecamatan": "Candi Laras Utara",
        "nama_provinsi": "Kalimantan Selatan",
        "pulau": "",
        "route_create": "https://opsroom.sipongidata.my.id/daops/laporan/groundcheck/create/form",
        "hotspot_date": "2026-09-16",
        "distance_hgu_km": 0.789,
        "zone": "0–1 km",
        "location_status": "OUTSIDE HGU"
      }
    },
    {
      "type": "Feature",
      "geometry": {
        "type": "Point",
        "coordinates": [
          114.95312,
          -2.65203
        ]
      },
      "properties": {
        "confidence": "medium",
        "confidence_value": null,
        "sumber": "NASA-SNPP",
        "date_hotspot": "Rabu, 16 September 2026 00:43:00",
        "date_hotspot_ori": "2026-09-15T17:43:00.000000Z",
        "provinsi": null,
        "kabkota": "Hulu Sungai Selatan",
        "desa": "Baru",
        "hs_id": "2026-09-15T17:43:00.000000Z",
        "provinsi_id": 12,
        "long": 114.95312,
        "ori_sumber": null,
        "desa_id": null,
        "counter": 3,
        "confidence_level": "medium",
        "kawasan": "",
        "kecamatan": "Daha Barat",
        "nama_provinsi": "Kalimantan Selatan",
        "pulau": "",
        "route_create": "https://opsroom.sipongidata.my.id/daops/laporan/groundcheck/create/form",
        "hotspot_date": "2026-09-16",
        "distance_hgu_km": 4.472,
        "zone": "3–5 km",
        "location_status": "OUTSIDE HGU"
      }
    },
    {
      "type": "Feature",
      "geometry": {
        "type": "Point",
        "coordinates": [
          114.90946,
          -2.67196
        ]
      },
      "properties": {
        "confidence": "medium",
        "confidence_value": null,
        "sumber": "NASA-SNPP",
        "date_hotspot": "Rabu, 16 September 2026 00:43:00",
        "date_hotspot_ori": "2026-09-15T17:43:00.000000Z",
        "provinsi": null,
        "kabkota": "Tapin",
        "desa": "Sawaja",
        "hs_id": "2026-09-15T17:43:00.000000Z",
        "provinsi_id": 12,
        "long": 114.90946,
        "ori_sumber": null,
        "desa_id": null,
        "counter": 2,
        "confidence_level": "medium",
        "kawasan": "",
        "kecamatan": "Candi Laras Utara",
        "nama_provinsi": "Kalimantan Selatan",
        "pulau": "",
        "route_create": "https://opsroom.sipongidata.my.id/daops/laporan/groundcheck/create/form",
        "hotspot_date": "2026-09-16",
        "distance_hgu_km": 2.251,
        "zone": "1–3 km",
        "location_status": "OUTSIDE HGU"
      }
    },
    {
      "type": "Feature",
      "geometry": {
        "type": "Point",
        "coordinates": [
          114.90311,
          -2.6771
        ]
      },
      "properties": {
        "confidence": "medium",
        "confidence_value": null,
        "sumber": "NASA-NOAA20",
        "date_hotspot": "Selasa, 22 September 2026 00:49:00",
        "date_hotspot_ori": "2026-09-21T17:49:00.000000Z",
        "provinsi": null,
        "kabkota": "Tapin",
        "desa": "Sawaja",
        "hs_id": "2026-09-21T17:49:00.000000Z",
        "provinsi_id": 12,
        "long": 114.90311,
        "ori_sumber": null,
        "desa_id": null,
        "counter": 5,
        "confidence_level": "medium",
        "kawasan": "",
        "kecamatan": "Candi Laras Utara",
        "nama_provinsi": "Kalimantan Selatan",
        "pulau": "",
        "route_create": "https://opsroom.sipongidata.my.id/daops/laporan/groundcheck/create/form",
        "hotspot_date": "2026-09-22",
        "distance_hgu_km": 1.834,
        "zone": "1–3 km",
        "location_status": "OUTSIDE HGU"
      }
    },
    {
      "type": "Feature",
      "geometry": {
        "type": "Point",
        "coordinates": [
          114.91537,
          -2.77163
        ]
      },
      "properties": {
        "confidence": "medium",
        "confidence_value": null,
        "sumber": "NASA-SNPP",
        "date_hotspot": "Selasa, 22 September 2026 13:10:00",
        "date_hotspot_ori": "2026-09-22T06:10:00.000000Z",
        "provinsi": null,
        "kabkota": "Tapin",
        "desa": "Buas-Buas Hilir",
        "hs_id": "2026-09-22T06:10:00.000000Z",
        "provinsi_id": 12,
        "long": 114.91537,
        "ori_sumber": null,
        "desa_id": null,
        "counter": 1,
        "confidence_level": "medium",
        "kawasan": "",
        "kecamatan": "Candi Laras Utara",
        "nama_provinsi": "Kalimantan Selatan",
        "pulau": "",
        "route_create": "https://opsroom.sipongidata.my.id/daops/laporan/groundcheck/create/form",
        "hotspot_date": "2026-09-22",
        "distance_hgu_km": 0.082,
        "zone": "0–1 km",
        "location_status": "OUTSIDE HGU"
      }
    },
    {
      "type": "Feature",
      "geometry": {
        "type": "Point",
        "coordinates": [
          114.88734,
          -2.86227
        ]
      },
      "properties": {
        "confidence": "medium",
        "confidence_value": null,
        "sumber": "NASA-SNPP",
        "date_hotspot": "Selasa, 22 September 2026 13:10:00",
        "date_hotspot_ori": "2026-09-22T06:10:00.000000Z",
        "provinsi": null,
        "kabkota": "Tapin",
        "desa": "Margasari Hulu",
        "hs_id": "2026-09-22T06:10:00.000000Z",
        "provinsi_id": 12,
        "long": 114.88734,
        "ori_sumber": null,
        "desa_id": null,
        "counter": 3,
        "confidence_level": "medium",
        "kawasan": "",
        "kecamatan": "Candi Laras Selatan",
        "nama_provinsi": "Kalimantan Selatan",
        "pulau": "",
        "route_create": "https://opsroom.sipongidata.my.id/daops/laporan/groundcheck/create/form",
        "hotspot_date": "2026-09-22",
        "distance_hgu_km": 0.896,
        "zone": "0–1 km",
        "location_status": "OUTSIDE HGU"
      }
    },
    {
      "type": "Feature",
      "geometry": {
        "type": "Point",
        "coordinates": [
          114.97516,
          -2.76501
        ]
      },
      "properties": {
        "confidence": "medium",
        "confidence_value": null,
        "sumber": "NASA-NOAA20",
        "date_hotspot": "Selasa, 22 September 2026 13:29:00",
        "date_hotspot_ori": "2026-09-22T06:29:00.000000Z",
        "provinsi": null,
        "kabkota": "Tapin",
        "desa": "Buas-Buas",
        "hs_id": "2026-09-22T06:29:00.000000Z",
        "provinsi_id": 12,
        "long": 114.97516,
        "ori_sumber": null,
        "desa_id": null,
        "counter": 1,
        "confidence_level": "medium",
        "kawasan": "",
        "kecamatan": "Candi Laras Utara",
        "nama_provinsi": "Kalimantan Selatan",
        "pulau": "",
        "route_create": "https://opsroom.sipongidata.my.id/daops/laporan/groundcheck/create/form",
        "hotspot_date": "2026-09-22",
        "distance_hgu_km": 3.512,
        "zone": "3–5 km",
        "location_status": "OUTSIDE HGU"
      }
    },
    {
      "type": "Feature",
      "geometry": {
        "type": "Point",
        "coordinates": [
          114.97162,
          -2.76561
        ]
      },
      "properties": {
        "confidence": "medium",
        "confidence_value": null,
        "sumber": "NASA-NOAA20",
        "date_hotspot": "Selasa, 22 September 2026 13:29:00",
        "date_hotspot_ori": "2026-09-22T06:29:00.000000Z",
        "provinsi": null,
        "kabkota": "Tapin",
        "desa": "Buas-Buas",
        "hs_id": "2026-09-22T06:29:00.000000Z",
        "provinsi_id": 12,
        "long": 114.97162,
        "ori_sumber": null,
        "desa_id": null,
        "counter": 1,
        "confidence_level": "medium",
        "kawasan": "",
        "kecamatan": "Candi Laras Utara",
        "nama_provinsi": "Kalimantan Selatan",
        "pulau": "",
        "route_create": "https://opsroom.sipongidata.my.id/daops/laporan/groundcheck/create/form",
        "hotspot_date": "2026-09-22",
        "distance_hgu_km": 3.382,
        "zone": "3–5 km",
        "location_status": "OUTSIDE HGU"
      }
    },
    {
      "type": "Feature",
      "geometry": {
        "type": "Point",
        "coordinates": [
          114.93194,
          -2.67584
        ]
      },
      "properties": {
        "confidence": "medium",
        "confidence_value": null,
        "sumber": "NASA-NOAA20",
        "date_hotspot": "Selasa, 22 September 2026 13:29:00",
        "date_hotspot_ori": "2026-09-22T06:29:00.000000Z",
        "provinsi": null,
        "kabkota": "Tapin",
        "desa": "Sawaja",
        "hs_id": "2026-09-22T06:29:00.000000Z",
        "provinsi_id": 12,
        "long": 114.93194,
        "ori_sumber": null,
        "desa_id": null,
        "counter": 1,
        "confidence_level": "medium",
        "kawasan": "",
        "kecamatan": "Candi Laras Utara",
        "nama_provinsi": "Kalimantan Selatan",
        "pulau": "",
        "route_create": "https://opsroom.sipongidata.my.id/daops/laporan/groundcheck/create/form",
        "hotspot_date": "2026-09-22",
        "distance_hgu_km": 1.828,
        "zone": "1–3 km",
        "location_status": "OUTSIDE HGU"
      }
    },
    {
      "type": "Feature",
      "geometry": {
        "type": "Point",
        "coordinates": [
          114.89322,
          -2.84673
        ]
      },
      "properties": {
        "confidence": "medium",
        "confidence_value": null,
        "sumber": "NASA-SNPP",
        "date_hotspot": "Selasa, 22 September 2026 13:10:00",
        "date_hotspot_ori": "2026-09-22T06:10:00.000000Z",
        "provinsi": null,
        "kabkota": "Tapin",
        "desa": "Baulin",
        "hs_id": "2026-09-22T06:10:00.000000Z",
        "provinsi_id": 12,
        "long": 114.89322,
        "ori_sumber": null,
        "desa_id": null,
        "counter": 3,
        "confidence_level": "medium",
        "kawasan": "",
        "kecamatan": "Candi Laras Selatan",
        "nama_provinsi": "Kalimantan Selatan",
        "pulau": "",
        "route_create": "https://opsroom.sipongidata.my.id/daops/laporan/groundcheck/create/form",
        "hotspot_date": "2026-09-22",
        "distance_hgu_km": 0.708,
        "zone": "0–1 km",
        "location_status": "OUTSIDE HGU"
      }
    },
    {
      "type": "Feature",
      "geometry": {
        "type": "Point",
        "coordinates": [
          114.91345,
          -2.67335
        ]
      },
      "properties": {
        "confidence": "medium",
        "confidence_value": null,
        "sumber": "NASA-NOAA20",
        "date_hotspot": "Selasa, 22 September 2026 13:29:00",
        "date_hotspot_ori": "2026-09-22T06:29:00.000000Z",
        "provinsi": null,
        "kabkota": "Tapin",
        "desa": "Sawaja",
        "hs_id": "2026-09-22T06:29:00.000000Z",
        "provinsi_id": 12,
        "long": 114.91345,
        "ori_sumber": null,
        "desa_id": null,
        "counter": 5,
        "confidence_level": "medium",
        "kawasan": "",
        "kecamatan": "Candi Laras Utara",
        "nama_provinsi": "Kalimantan Selatan",
        "pulau": "",
        "route_create": "https://opsroom.sipongidata.my.id/daops/laporan/groundcheck/create/form",
        "hotspot_date": "2026-09-22",
        "distance_hgu_km": 2.088,
        "zone": "1–3 km",
        "location_status": "OUTSIDE HGU"
      }
    },
    {
      "type": "Feature",
      "geometry": {
        "type": "Point",
        "coordinates": [
          114.91518,
          -2.77368
        ]
      },
      "properties": {
        "confidence": "medium",
        "confidence_value": null,
        "sumber": "NASA-SNPP",
        "date_hotspot": "Selasa, 22 September 2026 13:10:00",
        "date_hotspot_ori": "2026-09-22T06:10:00.000000Z",
        "provinsi": null,
        "kabkota": "Tapin",
        "desa": "Buas-Buas Hilir",
        "hs_id": "2026-09-22T06:10:00.000000Z",
        "provinsi_id": 12,
        "long": 114.91518,
        "ori_sumber": null,
        "desa_id": null,
        "counter": 1,
        "confidence_level": "medium",
        "kawasan": "",
        "kecamatan": "Candi Laras Utara",
        "nama_provinsi": "Kalimantan Selatan",
        "pulau": "",
        "route_create": "https://opsroom.sipongidata.my.id/daops/laporan/groundcheck/create/form",
        "hotspot_date": "2026-09-22",
        "distance_hgu_km": 0.0,
        "zone": "Inside HGU",
        "location_status": "INSIDE HGU"
      }
    },
    {
      "type": "Feature",
      "geometry": {
        "type": "Point",
        "coordinates": [
          114.95609,
          -2.76539
        ]
      },
      "properties": {
        "confidence": "medium",
        "confidence_value": null,
        "sumber": "NASA-SNPP",
        "date_hotspot": "Selasa, 22 September 2026 13:10:00",
        "date_hotspot_ori": "2026-09-22T06:10:00.000000Z",
        "provinsi": null,
        "kabkota": "Tapin",
        "desa": "Buas-Buas",
        "hs_id": "2026-09-22T06:10:00.000000Z",
        "provinsi_id": 12,
        "long": 114.95609,
        "ori_sumber": null,
        "desa_id": null,
        "counter": 1,
        "confidence_level": "medium",
        "kawasan": "",
        "kecamatan": "Candi Laras Utara",
        "nama_provinsi": "Kalimantan Selatan",
        "pulau": "",
        "route_create": "https://opsroom.sipongidata.my.id/daops/laporan/groundcheck/create/form",
        "hotspot_date": "2026-09-22",
        "distance_hgu_km": 3.029,
        "zone": "3–5 km",
        "location_status": "OUTSIDE HGU"
      }
    },
    {
      "type": "Feature",
      "geometry": {
        "type": "Point",
        "coordinates": [
          114.8887,
          -2.8453
        ]
      },
      "properties": {
        "confidence": "medium",
        "confidence_value": null,
        "sumber": "NASA-NOAA20",
        "date_hotspot": "Rabu, 23 September 2026 00:32:00",
        "date_hotspot_ori": "2026-09-22T17:32:00.000000Z",
        "provinsi": null,
        "kabkota": "Tapin",
        "desa": "Margasari Hulu",
        "hs_id": "2026-09-22T17:32:00.000000Z",
        "provinsi_id": 12,
        "long": 114.8887,
        "ori_sumber": null,
        "desa_id": null,
        "counter": 4,
        "confidence_level": "medium",
        "kawasan": "",
        "kecamatan": "Candi Laras Selatan",
        "nama_provinsi": "Kalimantan Selatan",
        "pulau": "",
        "route_create": "https://opsroom.sipongidata.my.id/daops/laporan/groundcheck/create/form",
        "hotspot_date": "2026-09-23",
        "distance_hgu_km": 0.208,
        "zone": "0–1 km",
        "location_status": "OUTSIDE HGU"
      }
    },
    {
      "type": "Feature",
      "geometry": {
        "type": "Point",
        "coordinates": [
          114.89363,
          -2.84282
        ]
      },
      "properties": {
        "confidence": "medium",
        "confidence_value": null,
        "sumber": "NASA-NOAA20",
        "date_hotspot": "Rabu, 23 September 2026 13:12:00",
        "date_hotspot_ori": "2026-09-23T06:12:00.000000Z",
        "provinsi": null,
        "kabkota": "Tapin",
        "desa": "Baulin",
        "hs_id": "2026-09-23T06:12:00.000000Z",
        "provinsi_id": 12,
        "long": 114.89363,
        "ori_sumber": null,
        "desa_id": null,
        "counter": 4,
        "confidence_level": "medium",
        "kawasan": "",
        "kecamatan": "Candi Laras Selatan",
        "nama_provinsi": "Kalimantan Selatan",
        "pulau": "",
        "route_create": "https://opsroom.sipongidata.my.id/daops/laporan/groundcheck/create/form",
        "hotspot_date": "2026-09-23",
        "distance_hgu_km": 0.762,
        "zone": "0–1 km",
        "location_status": "OUTSIDE HGU"
      }
    },
    {
      "type": "Feature",
      "geometry": {
        "type": "Point",
        "coordinates": [
          114.89043,
          -2.9008
        ]
      },
      "properties": {
        "confidence": "medium",
        "confidence_value": null,
        "sumber": "NASA-SNPP",
        "date_hotspot": "Sabtu, 26 September 2026 13:35:00",
        "date_hotspot_ori": "2026-09-26T06:35:00.000000Z",
        "provinsi": null,
        "kabkota": "Tapin",
        "desa": "Pariok",
        "hs_id": "2026-09-26T06:35:00.000000Z",
        "provinsi_id": 12,
        "long": 114.89043,
        "ori_sumber": null,
        "desa_id": null,
        "counter": 1,
        "confidence_level": "medium",
        "kawasan": "",
        "kecamatan": "Candi Laras Utara",
        "nama_provinsi": "Kalimantan Selatan",
        "pulau": "",
        "route_create": "https://opsroom.sipongidata.my.id/daops/laporan/groundcheck/create/form",
        "hotspot_date": "2026-09-26",
        "distance_hgu_km": 1.853,
        "zone": "1–3 km",
        "location_status": "OUTSIDE HGU"
      }
    },
    {
      "type": "Feature",
      "geometry": {
        "type": "Point",
        "coordinates": [
          114.96861,
          -2.76048
        ]
      },
      "properties": {
        "confidence": "medium",
        "confidence_value": null,
        "sumber": "NASA-NOAA20",
        "date_hotspot": "Minggu, 27 September 2026 00:58:00",
        "date_hotspot_ori": "2026-09-26T17:58:00.000000Z",
        "provinsi": null,
        "kabkota": "Tapin",
        "desa": "Buas-Buas",
        "hs_id": "2026-09-26T17:58:00.000000Z",
        "provinsi_id": 12,
        "long": 114.96861,
        "ori_sumber": null,
        "desa_id": null,
        "counter": 1,
        "confidence_level": "medium",
        "kawasan": "",
        "kecamatan": "Candi Laras Utara",
        "nama_provinsi": "Kalimantan Selatan",
        "pulau": "",
        "route_create": "https://opsroom.sipongidata.my.id/daops/laporan/groundcheck/create/form",
        "hotspot_date": "2026-09-27",
        "distance_hgu_km": 2.726,
        "zone": "1–3 km",
        "location_status": "OUTSIDE HGU"
      }
    },
    {
      "type": "Feature",
      "geometry": {
        "type": "Point",
        "coordinates": [
          114.91382,
          -2.80615
        ]
      },
      "properties": {
        "confidence": "medium",
        "confidence_value": null,
        "sumber": "NASA-NOAA20",
        "date_hotspot": "Sabtu, 19 September 2026 12:46:00",
        "date_hotspot_ori": "2026-09-19T05:46:00.000000Z",
        "provinsi": null,
        "kabkota": "Tapin",
        "desa": "Teluk Haur",
        "hs_id": "2026-09-19T05:46:00.000000Z",
        "provinsi_id": 12,
        "long": 114.91382,
        "ori_sumber": null,
        "desa_id": null,
        "counter": 1,
        "confidence_level": "medium",
        "kawasan": "",
        "kecamatan": "Candi Laras Utara",
        "nama_provinsi": "Kalimantan Selatan",
        "pulau": "",
        "route_create": "https://opsroom.sipongidata.my.id/daops/laporan/groundcheck/create/form",
        "hotspot_date": "2026-09-19",
        "distance_hgu_km": 3.351,
        "zone": "3–5 km",
        "location_status": "OUTSIDE HGU"
      }
    },
    {
      "type": "Feature",
      "geometry": {
        "type": "Point",
        "coordinates": [
          114.96268,
          -2.71814
        ]
      },
      "properties": {
        "confidence": "medium",
        "confidence_value": null,
        "sumber": "NASA-SNPP",
        "date_hotspot": "Kamis, 10 September 2026 00:56:00",
        "date_hotspot_ori": "2026-09-09T17:56:00.000000Z",
        "provinsi": null,
        "kabkota": "Tapin",
        "desa": "Sawaja",
        "hs_id": "2026-09-09T17:56:00.000000Z",
        "provinsi_id": 12,
        "long": 114.96268,
        "ori_sumber": null,
        "desa_id": null,
        "counter": 1,
        "confidence_level": "medium",
        "kawasan": "",
        "kecamatan": "Candi Laras Utara",
        "nama_provinsi": "Kalimantan Selatan",
        "pulau": "",
        "route_create": "https://opsroom.sipongidata.my.id/daops/laporan/groundcheck/create/form",
        "hotspot_date": "2026-09-10",
        "distance_hgu_km": 0.043,
        "zone": "0–1 km",
        "location_status": "OUTSIDE HGU"
      }
    },
    {
      "type": "Feature",
      "geometry": {
        "type": "Point",
        "coordinates": [
          114.89069,
          -2.82723
        ]
      },
      "properties": {
        "confidence": "medium",
        "confidence_value": null,
        "sumber": "NASA-SNPP",
        "date_hotspot": "Jumat, 11 September 2026 00:39:00",
        "date_hotspot_ori": "2026-09-10T17:39:00.000000Z",
        "provinsi": null,
        "kabkota": "Tapin",
        "desa": "Batalas",
        "hs_id": "2026-09-10T17:39:00.000000Z",
        "provinsi_id": 12,
        "long": 114.89069,
        "ori_sumber": null,
        "desa_id": null,
        "counter": 1,
        "confidence_level": "medium",
        "kawasan": "",
        "kecamatan": "Candi Laras Utara",
        "nama_provinsi": "Kalimantan Selatan",
        "pulau": "",
        "route_create": "https://opsroom.sipongidata.my.id/daops/laporan/groundcheck/create/form",
        "hotspot_date": "2026-09-11",
        "distance_hgu_km": 1.072,
        "zone": "1–3 km",
        "location_status": "OUTSIDE HGU"
      }
    },
    {
      "type": "Feature",
      "geometry": {
        "type": "Point",
        "coordinates": [
          114.95425,
          -2.64873
        ]
      },
      "properties": {
        "confidence": "medium",
        "confidence_value": null,
        "sumber": "NASA-SNPP",
        "date_hotspot": "Minggu, 20 September 2026 01:11:00",
        "date_hotspot_ori": "2026-09-19T18:11:00.000000Z",
        "provinsi": null,
        "kabkota": "Hulu Sungai Selatan",
        "desa": "Baru",
        "hs_id": "2026-09-19T18:11:00.000000Z",
        "provinsi_id": 12,
        "long": 114.95425,
        "ori_sumber": null,
        "desa_id": null,
        "counter": 1,
        "confidence_level": "medium",
        "kawasan": "",
        "kecamatan": "Daha Barat",
        "nama_provinsi": "Kalimantan Selatan",
        "pulau": "",
        "route_create": "https://opsroom.sipongidata.my.id/daops/laporan/groundcheck/create/form",
        "hotspot_date": "2026-09-20",
        "distance_hgu_km": 4.839,
        "zone": "3–5 km",
        "location_status": "OUTSIDE HGU"
      }
    },
    {
      "type": "Feature",
      "geometry": {
        "type": "Point",
        "coordinates": [
          114.91331,
          -2.68747
        ]
      },
      "properties": {
        "confidence": "medium",
        "confidence_value": null,
        "sumber": "NASA-SNPP",
        "date_hotspot": "Minggu, 20 September 2026 01:11:00",
        "date_hotspot_ori": "2026-09-19T18:11:00.000000Z",
        "provinsi": null,
        "kabkota": "Tapin",
        "desa": "Sawaja",
        "hs_id": "2026-09-19T18:11:00.000000Z",
        "provinsi_id": 12,
        "long": 114.91331,
        "ori_sumber": null,
        "desa_id": null,
        "counter": 1,
        "confidence_level": "medium",
        "kawasan": "",
        "kecamatan": "Candi Laras Utara",
        "nama_provinsi": "Kalimantan Selatan",
        "pulau": "",
        "route_create": "https://opsroom.sipongidata.my.id/daops/laporan/groundcheck/create/form",
        "hotspot_date": "2026-09-20",
        "distance_hgu_km": 0.526,
        "zone": "0–1 km",
        "location_status": "OUTSIDE HGU"
      }
    },
    {
      "type": "Feature",
      "geometry": {
        "type": "Point",
        "coordinates": [
          114.93476,
          -2.78732
        ]
      },
      "properties": {
        "confidence": "medium",
        "confidence_value": null,
        "sumber": "NASA-SNPP",
        "date_hotspot": "Minggu, 20 September 2026 01:11:00",
        "date_hotspot_ori": "2026-09-19T18:11:00.000000Z",
        "provinsi": null,
        "kabkota": "Tapin",
        "desa": "Rawana",
        "hs_id": "2026-09-19T18:11:00.000000Z",
        "provinsi_id": 12,
        "long": 114.93476,
        "ori_sumber": null,
        "desa_id": null,
        "counter": 1,
        "confidence_level": "medium",
        "kawasan": "",
        "kecamatan": "Candi Laras Utara",
        "nama_provinsi": "Kalimantan Selatan",
        "pulau": "",
        "route_create": "https://opsroom.sipongidata.my.id/daops/laporan/groundcheck/create/form",
        "hotspot_date": "2026-09-20",
        "distance_hgu_km": 2.282,
        "zone": "1–3 km",
        "location_status": "OUTSIDE HGU"
      }
    },
    {
      "type": "Feature",
      "geometry": {
        "type": "Point",
        "coordinates": [
          114.88499,
          -2.81341
        ]
      },
      "properties": {
        "confidence": "medium",
        "confidence_value": null,
        "sumber": "NASA-NOAA20",
        "date_hotspot": "Jumat, 11 September 2026 00:56:00",
        "date_hotspot_ori": "2026-09-10T17:56:00.000000Z",
        "provinsi": null,
        "kabkota": "Tapin",
        "desa": "Batalas",
        "hs_id": "2026-09-10T17:56:00.000000Z",
        "provinsi_id": 12,
        "long": 114.88499,
        "ori_sumber": null,
        "desa_id": null,
        "counter": 1,
        "confidence_level": "medium",
        "kawasan": "",
        "kecamatan": "Candi Laras Utara",
        "nama_provinsi": "Kalimantan Selatan",
        "pulau": "",
        "route_create": "https://opsroom.sipongidata.my.id/daops/laporan/groundcheck/create/form",
        "hotspot_date": "2026-09-11",
        "distance_hgu_km": 1.939,
        "zone": "1–3 km",
        "location_status": "OUTSIDE HGU"
      }
    },
    {
      "type": "Feature",
      "geometry": {
        "type": "Point",
        "coordinates": [
          114.88784,
          -2.81372
        ]
      },
      "properties": {
        "confidence": "medium",
        "confidence_value": null,
        "sumber": "NASA-SNPP",
        "date_hotspot": "Jumat, 11 September 2026 13:16:00",
        "date_hotspot_ori": "2026-09-11T06:16:00.000000Z",
        "provinsi": null,
        "kabkota": "Tapin",
        "desa": "Batalas",
        "hs_id": "2026-09-11T06:16:00.000000Z",
        "provinsi_id": 12,
        "long": 114.88784,
        "ori_sumber": null,
        "desa_id": null,
        "counter": 1,
        "confidence_level": "medium",
        "kawasan": "",
        "kecamatan": "Candi Laras Utara",
        "nama_provinsi": "Kalimantan Selatan",
        "pulau": "",
        "route_create": "https://opsroom.sipongidata.my.id/daops/laporan/groundcheck/create/form",
        "hotspot_date": "2026-09-11",
        "distance_hgu_km": 2.256,
        "zone": "1–3 km",
        "location_status": "OUTSIDE HGU"
      }
    },
    {
      "type": "Feature",
      "geometry": {
        "type": "Point",
        "coordinates": [
          114.88641,
          -2.88531
        ]
      },
      "properties": {
        "confidence": "medium",
        "confidence_value": null,
        "sumber": "NASA-SNPP",
        "date_hotspot": "Minggu, 20 September 2026 12:08:00",
        "date_hotspot_ori": "2026-09-20T05:08:00.000000Z",
        "provinsi": null,
        "kabkota": "Tapin",
        "desa": "Pariok",
        "hs_id": "2026-09-20T05:08:00.000000Z",
        "provinsi_id": 12,
        "long": 114.88641,
        "ori_sumber": null,
        "desa_id": null,
        "counter": 1,
        "confidence_level": "medium",
        "kawasan": "",
        "kecamatan": "Candi Laras Utara",
        "nama_provinsi": "Kalimantan Selatan",
        "pulau": "",
        "route_create": "https://opsroom.sipongidata.my.id/daops/laporan/groundcheck/create/form",
        "hotspot_date": "2026-09-20",
        "distance_hgu_km": 0.926,
        "zone": "0–1 km",
        "location_status": "OUTSIDE HGU"
      }
    },
    {
      "type": "Feature",
      "geometry": {
        "type": "Point",
        "coordinates": [
          114.8754,
          -2.79698
        ]
      },
      "properties": {
        "confidence": "medium",
        "confidence_value": null,
        "sumber": "NASA-SNPP",
        "date_hotspot": "Sabtu, 12 September 2026 00:17:00",
        "date_hotspot_ori": "2026-09-11T17:17:00.000000Z",
        "provinsi": null,
        "kabkota": "Tapin",
        "desa": "Teluk Haur",
        "hs_id": "2026-09-11T17:17:00.000000Z",
        "provinsi_id": 12,
        "long": 114.8754,
        "ori_sumber": null,
        "desa_id": null,
        "counter": 2,
        "confidence_level": "medium",
        "kawasan": "",
        "kecamatan": "Candi Laras Utara",
        "nama_provinsi": "Kalimantan Selatan",
        "pulau": "",
        "route_create": "https://opsroom.sipongidata.my.id/daops/laporan/groundcheck/create/form",
        "hotspot_date": "2026-09-12",
        "distance_hgu_km": 0.887,
        "zone": "0–1 km",
        "location_status": "OUTSIDE HGU"
      }
    },
    {
      "type": "Feature",
      "geometry": {
        "type": "Point",
        "coordinates": [
          114.87196,
          -2.7964
        ]
      },
      "properties": {
        "confidence": "medium",
        "confidence_value": null,
        "sumber": "NASA-SNPP",
        "date_hotspot": "Sabtu, 12 September 2026 00:17:00",
        "date_hotspot_ori": "2026-09-11T17:17:00.000000Z",
        "provinsi": null,
        "kabkota": "Tapin",
        "desa": "Teluk Haur",
        "hs_id": "2026-09-11T17:17:00.000000Z",
        "provinsi_id": 12,
        "long": 114.87196,
        "ori_sumber": null,
        "desa_id": null,
        "counter": 2,
        "confidence_level": "medium",
        "kawasan": "",
        "kecamatan": "Candi Laras Utara",
        "nama_provinsi": "Kalimantan Selatan",
        "pulau": "",
        "route_create": "https://opsroom.sipongidata.my.id/daops/laporan/groundcheck/create/form",
        "hotspot_date": "2026-09-12",
        "distance_hgu_km": 0.502,
        "zone": "0–1 km",
        "location_status": "OUTSIDE HGU"
      }
    },
    {
      "type": "Feature",
      "geometry": {
        "type": "Point",
        "coordinates": [
          114.87286,
          -2.79098
        ]
      },
      "properties": {
        "confidence": "medium",
        "confidence_value": null,
        "sumber": "NASA-SNPP",
        "date_hotspot": "Sabtu, 12 September 2026 00:17:00",
        "date_hotspot_ori": "2026-09-11T17:17:00.000000Z",
        "provinsi": null,
        "kabkota": "Tapin",
        "desa": "Teluk Haur",
        "hs_id": "2026-09-11T17:17:00.000000Z",
        "provinsi_id": 12,
        "long": 114.87286,
        "ori_sumber": null,
        "desa_id": null,
        "counter": 1,
        "confidence_level": "medium",
        "kawasan": "",
        "kecamatan": "Candi Laras Utara",
        "nama_provinsi": "Kalimantan Selatan",
        "pulau": "",
        "route_create": "https://opsroom.sipongidata.my.id/daops/laporan/groundcheck/create/form",
        "hotspot_date": "2026-09-12",
        "distance_hgu_km": 0.587,
        "zone": "0–1 km",
        "location_status": "OUTSIDE HGU"
      }
    },
    {
      "type": "Feature",
      "geometry": {
        "type": "Point",
        "coordinates": [
          114.87144,
          -2.79249
        ]
      },
      "properties": {
        "confidence": "medium",
        "confidence_value": null,
        "sumber": "NASA-NOAA20",
        "date_hotspot": "Sabtu, 12 September 2026 00:37:00",
        "date_hotspot_ori": "2026-09-11T17:37:00.000000Z",
        "provinsi": null,
        "kabkota": "Tapin",
        "desa": "Teluk Haur",
        "hs_id": "2026-09-11T17:37:00.000000Z",
        "provinsi_id": 12,
        "long": 114.87144,
        "ori_sumber": null,
        "desa_id": null,
        "counter": 1,
        "confidence_level": "medium",
        "kawasan": "",
        "kecamatan": "Candi Laras Utara",
        "nama_provinsi": "Kalimantan Selatan",
        "pulau": "",
        "route_create": "https://opsroom.sipongidata.my.id/daops/laporan/groundcheck/create/form",
        "hotspot_date": "2026-09-12",
        "distance_hgu_km": 0.433,
        "zone": "0–1 km",
        "location_status": "OUTSIDE HGU"
      }
    },
    {
      "type": "Feature",
      "geometry": {
        "type": "Point",
        "coordinates": [
          114.87545,
          -2.79314
        ]
      },
      "properties": {
        "confidence": "medium",
        "confidence_value": null,
        "sumber": "NASA-NOAA20",
        "date_hotspot": "Sabtu, 12 September 2026 00:37:00",
        "date_hotspot_ori": "2026-09-11T17:37:00.000000Z",
        "provinsi": null,
        "kabkota": "Tapin",
        "desa": "Teluk Haur",
        "hs_id": "2026-09-11T17:37:00.000000Z",
        "provinsi_id": 12,
        "long": 114.87545,
        "ori_sumber": null,
        "desa_id": null,
        "counter": 1,
        "confidence_level": "medium",
        "kawasan": "",
        "kecamatan": "Candi Laras Utara",
        "nama_provinsi": "Kalimantan Selatan",
        "pulau": "",
        "route_create": "https://opsroom.sipongidata.my.id/daops/laporan/groundcheck/create/form",
        "hotspot_date": "2026-09-12",
        "distance_hgu_km": 0.88,
        "zone": "0–1 km",
        "location_status": "OUTSIDE HGU"
      }
    },
    {
      "type": "Feature",
      "geometry": {
        "type": "Point",
        "coordinates": [
          114.87032,
          -2.79959
        ]
      },
      "properties": {
        "confidence": "medium",
        "confidence_value": null,
        "sumber": "NASA-NOAA20",
        "date_hotspot": "Sabtu, 12 September 2026 00:37:00",
        "date_hotspot_ori": "2026-09-11T17:37:00.000000Z",
        "provinsi": null,
        "kabkota": "Tapin",
        "desa": "Batalas",
        "hs_id": "2026-09-11T17:37:00.000000Z",
        "provinsi_id": 12,
        "long": 114.87032,
        "ori_sumber": null,
        "desa_id": null,
        "counter": 1,
        "confidence_level": "medium",
        "kawasan": "",
        "kecamatan": "Candi Laras Utara",
        "nama_provinsi": "Kalimantan Selatan",
        "pulau": "",
        "route_create": "https://opsroom.sipongidata.my.id/daops/laporan/groundcheck/create/form",
        "hotspot_date": "2026-09-12",
        "distance_hgu_km": 0.325,
        "zone": "0–1 km",
        "location_status": "OUTSIDE HGU"
      }
    },
    {
      "type": "Feature",
      "geometry": {
        "type": "Point",
        "coordinates": [
          114.88575,
          -2.80571
        ]
      },
      "properties": {
        "confidence": "medium",
        "confidence_value": null,
        "sumber": "NASA-NOAA20",
        "date_hotspot": "Sabtu, 12 September 2026 00:37:00",
        "date_hotspot_ori": "2026-09-11T17:37:00.000000Z",
        "provinsi": null,
        "kabkota": "Tapin",
        "desa": "Batalas",
        "hs_id": "2026-09-11T17:37:00.000000Z",
        "provinsi_id": 12,
        "long": 114.88575,
        "ori_sumber": null,
        "desa_id": null,
        "counter": 2,
        "confidence_level": "medium",
        "kawasan": "",
        "kecamatan": "Candi Laras Utara",
        "nama_provinsi": "Kalimantan Selatan",
        "pulau": "",
        "route_create": "https://opsroom.sipongidata.my.id/daops/laporan/groundcheck/create/form",
        "hotspot_date": "2026-09-12",
        "distance_hgu_km": 2.032,
        "zone": "1–3 km",
        "location_status": "OUTSIDE HGU"
      }
    },
    {
      "type": "Feature",
      "geometry": {
        "type": "Point",
        "coordinates": [
          114.87944,
          -2.79378
        ]
      },
      "properties": {
        "confidence": "medium",
        "confidence_value": null,
        "sumber": "NASA-NOAA20",
        "date_hotspot": "Sabtu, 12 September 2026 00:37:00",
        "date_hotspot_ori": "2026-09-11T17:37:00.000000Z",
        "provinsi": null,
        "kabkota": "Tapin",
        "desa": "Teluk Haur",
        "hs_id": "2026-09-11T17:37:00.000000Z",
        "provinsi_id": 12,
        "long": 114.87944,
        "ori_sumber": null,
        "desa_id": null,
        "counter": 1,
        "confidence_level": "medium",
        "kawasan": "",
        "kecamatan": "Candi Laras Utara",
        "nama_provinsi": "Kalimantan Selatan",
        "pulau": "",
        "route_create": "https://opsroom.sipongidata.my.id/daops/laporan/groundcheck/create/form",
        "hotspot_date": "2026-09-12",
        "distance_hgu_km": 1.325,
        "zone": "1–3 km",
        "location_status": "OUTSIDE HGU"
      }
    },
    {
      "type": "Feature",
      "geometry": {
        "type": "Point",
        "coordinates": [
          114.89008,
          -2.8123
        ]
      },
      "properties": {
        "confidence": "medium",
        "confidence_value": null,
        "sumber": "NASA-NOAA20",
        "date_hotspot": "Sabtu, 12 September 2026 13:18:00",
        "date_hotspot_ori": "2026-09-12T06:18:00.000000Z",
        "provinsi": null,
        "kabkota": "Tapin",
        "desa": "Batalas",
        "hs_id": "2026-09-12T06:18:00.000000Z",
        "provinsi_id": 12,
        "long": 114.89008,
        "ori_sumber": null,
        "desa_id": null,
        "counter": 2,
        "confidence_level": "medium",
        "kawasan": "",
        "kecamatan": "Candi Laras Utara",
        "nama_provinsi": "Kalimantan Selatan",
        "pulau": "",
        "route_create": "https://opsroom.sipongidata.my.id/daops/laporan/groundcheck/create/form",
        "hotspot_date": "2026-09-12",
        "distance_hgu_km": 2.505,
        "zone": "1–3 km",
        "location_status": "OUTSIDE HGU"
      }
    },
    {
      "type": "Feature",
      "geometry": {
        "type": "Point",
        "coordinates": [
          114.95106,
          -2.74824
        ]
      },
      "properties": {
        "confidence": "medium",
        "confidence_value": null,
        "sumber": "NASA-NOAA20",
        "date_hotspot": "Sabtu, 12 September 2026 13:18:00",
        "date_hotspot_ori": "2026-09-12T06:18:00.000000Z",
        "provinsi": null,
        "kabkota": "Tapin",
        "desa": "Buas-Buas",
        "hs_id": "2026-09-12T06:18:00.000000Z",
        "provinsi_id": 12,
        "long": 114.95106,
        "ori_sumber": null,
        "desa_id": null,
        "counter": 2,
        "confidence_level": "medium",
        "kawasan": "",
        "kecamatan": "Candi Laras Utara",
        "nama_provinsi": "Kalimantan Selatan",
        "pulau": "",
        "route_create": "https://opsroom.sipongidata.my.id/daops/laporan/groundcheck/create/form",
        "hotspot_date": "2026-09-12",
        "distance_hgu_km": 1.13,
        "zone": "1–3 km",
        "location_status": "OUTSIDE HGU"
      }
    },
    {
      "type": "Feature",
      "geometry": {
        "type": "Point",
        "coordinates": [
          114.93125,
          -2.67658
        ]
      },
      "properties": {
        "confidence": "medium",
        "confidence_value": null,
        "sumber": "NASA-SNPP",
        "date_hotspot": "Minggu, 13 September 2026 12:40:00",
        "date_hotspot_ori": "2026-09-13T05:40:00.000000Z",
        "provinsi": null,
        "kabkota": "Tapin",
        "desa": "Sawaja",
        "hs_id": "2026-09-13T05:40:00.000000Z",
        "provinsi_id": 12,
        "long": 114.93125,
        "ori_sumber": null,
        "desa_id": null,
        "counter": 3,
        "confidence_level": "medium",
        "kawasan": "",
        "kecamatan": "Candi Laras Utara",
        "nama_provinsi": "Kalimantan Selatan",
        "pulau": "",
        "route_create": "https://opsroom.sipongidata.my.id/daops/laporan/groundcheck/create/form",
        "hotspot_date": "2026-09-13",
        "distance_hgu_km": 1.746,
        "zone": "1–3 km",
        "location_status": "OUTSIDE HGU"
      }
    },
    {
      "type": "Feature",
      "geometry": {
        "type": "Point",
        "coordinates": [
          114.9268,
          -2.655
        ]
      },
      "properties": {
        "confidence": "medium",
        "confidence_value": null,
        "sumber": "NASA-NOAA20",
        "date_hotspot": "Minggu, 13 September 2026 12:57:00",
        "date_hotspot_ori": "2026-09-13T05:57:00.000000Z",
        "provinsi": null,
        "kabkota": "Tapin",
        "desa": "Sawaja",
        "hs_id": "2026-09-13T05:57:00.000000Z",
        "provinsi_id": 12,
        "long": 114.9268,
        "ori_sumber": null,
        "desa_id": null,
        "counter": 1,
        "confidence_level": "medium",
        "kawasan": "",
        "kecamatan": "Candi Laras Utara",
        "nama_provinsi": "Kalimantan Selatan",
        "pulau": "",
        "route_create": "https://opsroom.sipongidata.my.id/daops/laporan/groundcheck/create/form",
        "hotspot_date": "2026-09-13",
        "distance_hgu_km": 4.128,
        "zone": "3–5 km",
        "location_status": "OUTSIDE HGU"
      }
    },
    {
      "type": "Feature",
      "geometry": {
        "type": "Point",
        "coordinates": [
          114.88408,
          -2.80617
        ]
      },
      "properties": {
        "confidence": "medium",
        "confidence_value": null,
        "sumber": "NASA-NOAA20",
        "date_hotspot": "Minggu, 13 September 2026 12:57:00",
        "date_hotspot_ori": "2026-09-13T05:57:00.000000Z",
        "provinsi": null,
        "kabkota": "Tapin",
        "desa": "Batalas",
        "hs_id": "2026-09-13T05:57:00.000000Z",
        "provinsi_id": 12,
        "long": 114.88408,
        "ori_sumber": null,
        "desa_id": null,
        "counter": 3,
        "confidence_level": "medium",
        "kawasan": "",
        "kecamatan": "Candi Laras Utara",
        "nama_provinsi": "Kalimantan Selatan",
        "pulau": "",
        "route_create": "https://opsroom.sipongidata.my.id/daops/laporan/groundcheck/create/form",
        "hotspot_date": "2026-09-13",
        "distance_hgu_km": 1.845,
        "zone": "1–3 km",
        "location_status": "OUTSIDE HGU"
      }
    },
    {
      "type": "Feature",
      "geometry": {
        "type": "Point",
        "coordinates": [
          114.88922,
          -2.79155
        ]
      },
      "properties": {
        "confidence": "medium",
        "confidence_value": null,
        "sumber": "NASA-NOAA20",
        "date_hotspot": "Minggu, 13 September 2026 12:57:00",
        "date_hotspot_ori": "2026-09-13T05:57:00.000000Z",
        "provinsi": null,
        "kabkota": "Tapin",
        "desa": "Teluk Haur",
        "hs_id": "2026-09-13T05:57:00.000000Z",
        "provinsi_id": 12,
        "long": 114.88922,
        "ori_sumber": null,
        "desa_id": null,
        "counter": 2,
        "confidence_level": "medium",
        "kawasan": "",
        "kecamatan": "Candi Laras Utara",
        "nama_provinsi": "Kalimantan Selatan",
        "pulau": "",
        "route_create": "https://opsroom.sipongidata.my.id/daops/laporan/groundcheck/create/form",
        "hotspot_date": "2026-09-13",
        "distance_hgu_km": 1.752,
        "zone": "1–3 km",
        "location_status": "OUTSIDE HGU"
      }
    },
    {
      "type": "Feature",
      "geometry": {
        "type": "Point",
        "coordinates": [
          114.87639,
          -2.77973
        ]
      },
      "properties": {
        "confidence": "medium",
        "confidence_value": null,
        "sumber": "NASA-NOAA20",
        "date_hotspot": "Minggu, 13 September 2026 12:57:00",
        "date_hotspot_ori": "2026-09-13T05:57:00.000000Z",
        "provinsi": null,
        "kabkota": "Tapin",
        "desa": "Teluk Haur",
        "hs_id": "2026-09-13T05:57:00.000000Z",
        "provinsi_id": 12,
        "long": 114.87639,
        "ori_sumber": null,
        "desa_id": null,
        "counter": 2,
        "confidence_level": "medium",
        "kawasan": "",
        "kecamatan": "Candi Laras Utara",
        "nama_provinsi": "Kalimantan Selatan",
        "pulau": "",
        "route_create": "https://opsroom.sipongidata.my.id/daops/laporan/groundcheck/create/form",
        "hotspot_date": "2026-09-13",
        "distance_hgu_km": 0.449,
        "zone": "0–1 km",
        "location_status": "OUTSIDE HGU"
      }
    },
    {
      "type": "Feature",
      "geometry": {
        "type": "Point",
        "coordinates": [
          114.952,
          -2.76797
        ]
      },
      "properties": {
        "confidence": "medium",
        "confidence_value": null,
        "sumber": "NASA-NOAA20",
        "date_hotspot": "Minggu, 13 September 2026 12:57:00",
        "date_hotspot_ori": "2026-09-13T05:57:00.000000Z",
        "provinsi": null,
        "kabkota": "Tapin",
        "desa": "Buas-Buas",
        "hs_id": "2026-09-13T05:57:00.000000Z",
        "provinsi_id": 12,
        "long": 114.952,
        "ori_sumber": null,
        "desa_id": null,
        "counter": 2,
        "confidence_level": "medium",
        "kawasan": "",
        "kecamatan": "Candi Laras Utara",
        "nama_provinsi": "Kalimantan Selatan",
        "pulau": "",
        "route_create": "https://opsroom.sipongidata.my.id/daops/laporan/groundcheck/create/form",
        "hotspot_date": "2026-09-13",
        "distance_hgu_km": 3.313,
        "zone": "3–5 km",
        "location_status": "OUTSIDE HGU"
      }
    },
    {
      "type": "Feature",
      "geometry": {
        "type": "Point",
        "coordinates": [
          114.88767,
          -2.80561
        ]
      },
      "properties": {
        "confidence": "medium",
        "confidence_value": null,
        "sumber": "NASA-NOAA20",
        "date_hotspot": "Minggu, 13 September 2026 12:57:00",
        "date_hotspot_ori": "2026-09-13T05:57:00.000000Z",
        "provinsi": null,
        "kabkota": "Tapin",
        "desa": "Batalas",
        "hs_id": "2026-09-13T05:57:00.000000Z",
        "provinsi_id": 12,
        "long": 114.88767,
        "ori_sumber": null,
        "desa_id": null,
        "counter": 3,
        "confidence_level": "medium",
        "kawasan": "",
        "kecamatan": "Candi Laras Utara",
        "nama_provinsi": "Kalimantan Selatan",
        "pulau": "",
        "route_create": "https://opsroom.sipongidata.my.id/daops/laporan/groundcheck/create/form",
        "hotspot_date": "2026-09-13",
        "distance_hgu_km": 2.246,
        "zone": "1–3 km",
        "location_status": "OUTSIDE HGU"
      }
    },
    {
      "type": "Feature",
      "geometry": {
        "type": "Point",
        "coordinates": [
          114.8932,
          -2.85321
        ]
      },
      "properties": {
        "confidence": "medium",
        "confidence_value": null,
        "sumber": "NASA-SNPP",
        "date_hotspot": "Senin, 21 September 2026 00:49:00",
        "date_hotspot_ori": "2026-09-20T17:49:00.000000Z",
        "provinsi": null,
        "kabkota": "Tapin",
        "desa": "Margasari Hulu",
        "hs_id": "2026-09-20T17:49:00.000000Z",
        "provinsi_id": 12,
        "long": 114.8932,
        "ori_sumber": null,
        "desa_id": null,
        "counter": 2,
        "confidence_level": "medium",
        "kawasan": "",
        "kecamatan": "Candi Laras Selatan",
        "nama_provinsi": "Kalimantan Selatan",
        "pulau": "",
        "route_create": "https://opsroom.sipongidata.my.id/daops/laporan/groundcheck/create/form",
        "hotspot_date": "2026-09-21",
        "distance_hgu_km": 0.833,
        "zone": "0–1 km",
        "location_status": "OUTSIDE HGU"
      }
    },
    {
      "type": "Feature",
      "geometry": {
        "type": "Point",
        "coordinates": [
          114.90092,
          -2.85096
        ]
      },
      "properties": {
        "confidence": "medium",
        "confidence_value": null,
        "sumber": "NASA-SNPP",
        "date_hotspot": "Senin, 21 September 2026 00:49:00",
        "date_hotspot_ori": "2026-09-20T17:49:00.000000Z",
        "provinsi": null,
        "kabkota": "Tapin",
        "desa": "Baulin",
        "hs_id": "2026-09-20T17:49:00.000000Z",
        "provinsi_id": 12,
        "long": 114.90092,
        "ori_sumber": null,
        "desa_id": null,
        "counter": 2,
        "confidence_level": "medium",
        "kawasan": "",
        "kecamatan": "Candi Laras Selatan",
        "nama_provinsi": "Kalimantan Selatan",
        "pulau": "",
        "route_create": "https://opsroom.sipongidata.my.id/daops/laporan/groundcheck/create/form",
        "hotspot_date": "2026-09-21",
        "distance_hgu_km": 1.574,
        "zone": "1–3 km",
        "location_status": "OUTSIDE HGU"
      }
    },
    {
      "type": "Feature",
      "geometry": {
        "type": "Point",
        "coordinates": [
          114.94364,
          -2.72891
        ]
      },
      "properties": {
        "confidence": "medium",
        "confidence_value": null,
        "sumber": "NASA-NOAA20",
        "date_hotspot": "Senin, 14 September 2026 00:00:00",
        "date_hotspot_ori": "2026-09-13T17:00:00.000000Z",
        "provinsi": null,
        "kabkota": "Tapin",
        "desa": "Buas-Buas",
        "hs_id": "2026-09-13T17:00:00.000000Z",
        "provinsi_id": 12,
        "long": 114.94364,
        "ori_sumber": null,
        "desa_id": null,
        "counter": 1,
        "confidence_level": "medium",
        "kawasan": "",
        "kecamatan": "Candi Laras Utara",
        "nama_provinsi": "Kalimantan Selatan",
        "pulau": "",
        "route_create": "https://opsroom.sipongidata.my.id/daops/laporan/groundcheck/create/form",
        "hotspot_date": "2026-09-14",
        "distance_hgu_km": 0.0,
        "zone": "Inside HGU",
        "location_status": "INSIDE HGU"
      }
    },
    {
      "type": "Feature",
      "geometry": {
        "type": "Point",
        "coordinates": [
          114.94667,
          -2.72892
        ]
      },
      "properties": {
        "confidence": "medium",
        "confidence_value": null,
        "sumber": "NASA-NOAA20",
        "date_hotspot": "Senin, 14 September 2026 00:00:00",
        "date_hotspot_ori": "2026-09-13T17:00:00.000000Z",
        "provinsi": null,
        "kabkota": "Tapin",
        "desa": "Buas-Buas",
        "hs_id": "2026-09-13T17:00:00.000000Z",
        "provinsi_id": 12,
        "long": 114.94667,
        "ori_sumber": null,
        "desa_id": null,
        "counter": 1,
        "confidence_level": "medium",
        "kawasan": "",
        "kecamatan": "Candi Laras Utara",
        "nama_provinsi": "Kalimantan Selatan",
        "pulau": "",
        "route_create": "https://opsroom.sipongidata.my.id/daops/laporan/groundcheck/create/form",
        "hotspot_date": "2026-09-14",
        "distance_hgu_km": 0.0,
        "zone": "Inside HGU",
        "location_status": "INSIDE HGU"
      }
    },
    {
      "type": "Feature",
      "geometry": {
        "type": "Point",
        "coordinates": [
          114.9483,
          -2.65076
        ]
      },
      "properties": {
        "confidence": "medium",
        "confidence_value": null,
        "sumber": "NASA-NOAA20",
        "date_hotspot": "Senin, 21 September 2026 01:11:00",
        "date_hotspot_ori": "2026-09-20T18:11:00.000000Z",
        "provinsi": null,
        "kabkota": "Hulu Sungai Selatan",
        "desa": "Baru",
        "hs_id": "2026-09-20T18:11:00.000000Z",
        "provinsi_id": 12,
        "long": 114.9483,
        "ori_sumber": null,
        "desa_id": null,
        "counter": 4,
        "confidence_level": "medium",
        "kawasan": "",
        "kecamatan": "Daha Barat",
        "nama_provinsi": "Kalimantan Selatan",
        "pulau": "",
        "route_create": "https://opsroom.sipongidata.my.id/daops/laporan/groundcheck/create/form",
        "hotspot_date": "2026-09-21",
        "distance_hgu_km": 4.603,
        "zone": "3–5 km",
        "location_status": "OUTSIDE HGU"
      }
    },
    {
      "type": "Feature",
      "geometry": {
        "type": "Point",
        "coordinates": [
          114.9519,
          -2.65132
        ]
      },
      "properties": {
        "confidence": "medium",
        "confidence_value": null,
        "sumber": "NASA-NOAA20",
        "date_hotspot": "Senin, 21 September 2026 01:11:00",
        "date_hotspot_ori": "2026-09-20T18:11:00.000000Z",
        "provinsi": null,
        "kabkota": "Hulu Sungai Selatan",
        "desa": "Baru",
        "hs_id": "2026-09-20T18:11:00.000000Z",
        "provinsi_id": 12,
        "long": 114.9519,
        "ori_sumber": null,
        "desa_id": null,
        "counter": 4,
        "confidence_level": "medium",
        "kawasan": "",
        "kecamatan": "Daha Barat",
        "nama_provinsi": "Kalimantan Selatan",
        "pulau": "",
        "route_create": "https://opsroom.sipongidata.my.id/daops/laporan/groundcheck/create/form",
        "hotspot_date": "2026-09-21",
        "distance_hgu_km": 4.548,
        "zone": "3–5 km",
        "location_status": "OUTSIDE HGU"
      }
    },
    {
      "type": "Feature",
      "geometry": {
        "type": "Point",
        "coordinates": [
          114.90717,
          -2.67411
        ]
      },
      "properties": {
        "confidence": "medium",
        "confidence_value": null,
        "sumber": "NASA-SNPP",
        "date_hotspot": "Senin, 21 September 2026 00:49:00",
        "date_hotspot_ori": "2026-09-20T17:49:00.000000Z",
        "provinsi": null,
        "kabkota": "Tapin",
        "desa": "Sawaja",
        "hs_id": "2026-09-20T17:49:00.000000Z",
        "provinsi_id": 12,
        "long": 114.90717,
        "ori_sumber": null,
        "desa_id": null,
        "counter": 4,
        "confidence_level": "medium",
        "kawasan": "",
        "kecamatan": "Candi Laras Utara",
        "nama_provinsi": "Kalimantan Selatan",
        "pulau": "",
        "route_create": "https://opsroom.sipongidata.my.id/daops/laporan/groundcheck/create/form",
        "hotspot_date": "2026-09-21",
        "distance_hgu_km": 2.033,
        "zone": "1–3 km",
        "location_status": "OUTSIDE HGU"
      }
    },
    {
      "type": "Feature",
      "geometry": {
        "type": "Point",
        "coordinates": [
          114.94734,
          -2.73049
        ]
      },
      "properties": {
        "confidence": "medium",
        "confidence_value": null,
        "sumber": "NASA-NOAA20",
        "date_hotspot": "Senin, 14 September 2026 01:41:00",
        "date_hotspot_ori": "2026-09-13T18:41:00.000000Z",
        "provinsi": null,
        "kabkota": "Tapin",
        "desa": "Buas-Buas",
        "hs_id": "2026-09-13T18:41:00.000000Z",
        "provinsi_id": 12,
        "long": 114.94734,
        "ori_sumber": null,
        "desa_id": null,
        "counter": 1,
        "confidence_level": "medium",
        "kawasan": "",
        "kecamatan": "Candi Laras Utara",
        "nama_provinsi": "Kalimantan Selatan",
        "pulau": "",
        "route_create": "https://opsroom.sipongidata.my.id/daops/laporan/groundcheck/create/form",
        "hotspot_date": "2026-09-14",
        "distance_hgu_km": 0.0,
        "zone": "Inside HGU",
        "location_status": "INSIDE HGU"
      }
    },
    {
      "type": "Feature",
      "geometry": {
        "type": "Point",
        "coordinates": [
          114.80432,
          -2.92717
        ]
      },
      "properties": {
        "confidence": "medium",
        "confidence_value": null,
        "sumber": "NASA-SNPP",
        "date_hotspot": "Senin, 14 September 2026 12:21:00",
        "date_hotspot_ori": "2026-09-14T05:21:00.000000Z",
        "provinsi": null,
        "kabkota": "Barito Kuala",
        "desa": "Banitan",
        "hs_id": "2026-09-14T05:21:00.000000Z",
        "provinsi_id": 12,
        "long": 114.80432,
        "ori_sumber": null,
        "desa_id": null,
        "counter": 1,
        "confidence_level": "medium",
        "kawasan": "",
        "kecamatan": "Bakumpai",
        "nama_provinsi": "Kalimantan Selatan",
        "pulau": "",
        "route_create": "https://opsroom.sipongidata.my.id/daops/laporan/groundcheck/create/form",
        "hotspot_date": "2026-09-14",
        "distance_hgu_km": 1.071,
        "zone": "1–3 km",
        "location_status": "OUTSIDE HGU"
      }
    },
    {
      "type": "Feature",
      "geometry": {
        "type": "Point",
        "coordinates": [
          114.80812,
          -2.92661
        ]
      },
      "properties": {
        "confidence": "medium",
        "confidence_value": null,
        "sumber": "NASA-SNPP",
        "date_hotspot": "Senin, 14 September 2026 12:21:00",
        "date_hotspot_ori": "2026-09-14T05:21:00.000000Z",
        "provinsi": null,
        "kabkota": "Barito Kuala",
        "desa": "Banitan",
        "hs_id": "2026-09-14T05:21:00.000000Z",
        "provinsi_id": 12,
        "long": 114.80812,
        "ori_sumber": null,
        "desa_id": null,
        "counter": 1,
        "confidence_level": "medium",
        "kawasan": "",
        "kecamatan": "Bakumpai",
        "nama_provinsi": "Kalimantan Selatan",
        "pulau": "",
        "route_create": "https://opsroom.sipongidata.my.id/daops/laporan/groundcheck/create/form",
        "hotspot_date": "2026-09-14",
        "distance_hgu_km": 0.717,
        "zone": "0–1 km",
        "location_status": "OUTSIDE HGU"
      }
    },
    {
      "type": "Feature",
      "geometry": {
        "type": "Point",
        "coordinates": [
          114.80695,
          -2.92236
        ]
      },
      "properties": {
        "confidence": "medium",
        "confidence_value": null,
        "sumber": "NASA-NOAA20",
        "date_hotspot": "Senin, 14 September 2026 12:40:00",
        "date_hotspot_ori": "2026-09-14T05:40:00.000000Z",
        "provinsi": null,
        "kabkota": "Barito Kuala",
        "desa": "Banitan",
        "hs_id": "2026-09-14T05:40:00.000000Z",
        "provinsi_id": 12,
        "long": 114.80695,
        "ori_sumber": null,
        "desa_id": null,
        "counter": 1,
        "confidence_level": "medium",
        "kawasan": "",
        "kecamatan": "Bakumpai",
        "nama_provinsi": "Kalimantan Selatan",
        "pulau": "",
        "route_create": "https://opsroom.sipongidata.my.id/daops/laporan/groundcheck/create/form",
        "hotspot_date": "2026-09-14",
        "distance_hgu_km": 1.037,
        "zone": "1–3 km",
        "location_status": "OUTSIDE HGU"
      }
    },
    {
      "type": "Feature",
      "geometry": {
        "type": "Point",
        "coordinates": [
          114.91544,
          -2.67905
        ]
      },
      "properties": {
        "confidence": "medium",
        "confidence_value": null,
        "sumber": "NASA-NOAA20",
        "date_hotspot": "Selasa, 15 September 2026 01:21:00",
        "date_hotspot_ori": "2026-09-14T18:21:00.000000Z",
        "provinsi": null,
        "kabkota": "Tapin",
        "desa": "Sawaja",
        "hs_id": "2026-09-14T18:21:00.000000Z",
        "provinsi_id": 12,
        "long": 114.91544,
        "ori_sumber": null,
        "desa_id": null,
        "counter": 1,
        "confidence_level": "medium",
        "kawasan": "",
        "kecamatan": "Candi Laras Utara",
        "nama_provinsi": "Kalimantan Selatan",
        "pulau": "",
        "route_create": "https://opsroom.sipongidata.my.id/daops/laporan/groundcheck/create/form",
        "hotspot_date": "2026-09-15",
        "distance_hgu_km": 1.461,
        "zone": "1–3 km",
        "location_status": "OUTSIDE HGU"
      }
    },
    {
      "type": "Feature",
      "geometry": {
        "type": "Point",
        "coordinates": [
          114.91381,
          -2.67795
        ]
      },
      "properties": {
        "confidence": "medium",
        "confidence_value": null,
        "sumber": "NASA-NOAA20",
        "date_hotspot": "Selasa, 15 September 2026 01:21:00",
        "date_hotspot_ori": "2026-09-14T18:21:00.000000Z",
        "provinsi": null,
        "kabkota": "Tapin",
        "desa": "Sawaja",
        "hs_id": "2026-09-14T18:21:00.000000Z",
        "provinsi_id": 12,
        "long": 114.91381,
        "ori_sumber": null,
        "desa_id": null,
        "counter": 1,
        "confidence_level": "medium",
        "kawasan": "",
        "kecamatan": "Candi Laras Utara",
        "nama_provinsi": "Kalimantan Selatan",
        "pulau": "",
        "route_create": "https://opsroom.sipongidata.my.id/daops/laporan/groundcheck/create/form",
        "hotspot_date": "2026-09-15",
        "distance_hgu_km": 1.58,
        "zone": "1–3 km",
        "location_status": "OUTSIDE HGU"
      }
    },
    {
      "type": "Feature",
      "geometry": {
        "type": "Point",
        "coordinates": [
          114.87652,
          -2.77969
        ]
      },
      "properties": {
        "confidence": "medium",
        "confidence_value": null,
        "sumber": "NASA-NOAA20",
        "date_hotspot": "Selasa, 15 September 2026 01:21:00",
        "date_hotspot_ori": "2026-09-14T18:21:00.000000Z",
        "provinsi": null,
        "kabkota": "Tapin",
        "desa": "Teluk Haur",
        "hs_id": "2026-09-14T18:21:00.000000Z",
        "provinsi_id": 12,
        "long": 114.87652,
        "ori_sumber": null,
        "desa_id": null,
        "counter": 4,
        "confidence_level": "medium",
        "kawasan": "",
        "kecamatan": "Candi Laras Utara",
        "nama_provinsi": "Kalimantan Selatan",
        "pulau": "",
        "route_create": "https://opsroom.sipongidata.my.id/daops/laporan/groundcheck/create/form",
        "hotspot_date": "2026-09-15",
        "distance_hgu_km": 0.445,
        "zone": "0–1 km",
        "location_status": "OUTSIDE HGU"
      }
    },
    {
      "type": "Feature",
      "geometry": {
        "type": "Point",
        "coordinates": [
          114.87283,
          -2.78431
        ]
      },
      "properties": {
        "confidence": "medium",
        "confidence_value": null,
        "sumber": "NASA-NOAA20",
        "date_hotspot": "Selasa, 15 September 2026 01:21:00",
        "date_hotspot_ori": "2026-09-14T18:21:00.000000Z",
        "provinsi": null,
        "kabkota": "Tapin",
        "desa": "Teluk Haur",
        "hs_id": "2026-09-14T18:21:00.000000Z",
        "provinsi_id": 12,
        "long": 114.87283,
        "ori_sumber": null,
        "desa_id": null,
        "counter": 4,
        "confidence_level": "medium",
        "kawasan": "",
        "kecamatan": "Candi Laras Utara",
        "nama_provinsi": "Kalimantan Selatan",
        "pulau": "",
        "route_create": "https://opsroom.sipongidata.my.id/daops/laporan/groundcheck/create/form",
        "hotspot_date": "2026-09-15",
        "distance_hgu_km": 0.579,
        "zone": "0–1 km",
        "location_status": "OUTSIDE HGU"
      }
    },
    {
      "type": "Feature",
      "geometry": {
        "type": "Point",
        "coordinates": [
          114.99844,
          -2.68522
        ]
      },
      "properties": {
        "confidence": "medium",
        "confidence_value": null,
        "sumber": "NASA-SNPP",
        "date_hotspot": "Selasa, 15 September 2026 01:02:00",
        "date_hotspot_ori": "2026-09-14T18:02:00.000000Z",
        "provinsi": null,
        "kabkota": "Hulu Sungai Selatan",
        "desa": "Bajayau",
        "hs_id": "2026-09-14T18:02:00.000000Z",
        "provinsi_id": 12,
        "long": 114.99844,
        "ori_sumber": null,
        "desa_id": null,
        "counter": 2,
        "confidence_level": "medium",
        "kawasan": "",
        "kecamatan": "Daha Barat",
        "nama_provinsi": "Kalimantan Selatan",
        "pulau": "",
        "route_create": "https://opsroom.sipongidata.my.id/daops/laporan/groundcheck/create/form",
        "hotspot_date": "2026-09-15",
        "distance_hgu_km": 4.096,
        "zone": "3–5 km",
        "location_status": "OUTSIDE HGU"
      }
    },
    {
      "type": "Feature",
      "geometry": {
        "type": "Point",
        "coordinates": [
          115.00212,
          -2.6858
        ]
      },
      "properties": {
        "confidence": "medium",
        "confidence_value": null,
        "sumber": "NASA-SNPP",
        "date_hotspot": "Selasa, 15 September 2026 01:02:00",
        "date_hotspot_ori": "2026-09-14T18:02:00.000000Z",
        "provinsi": null,
        "kabkota": "Hulu Sungai Selatan",
        "desa": "Bajayau",
        "hs_id": "2026-09-14T18:02:00.000000Z",
        "provinsi_id": 12,
        "long": 115.00212,
        "ori_sumber": null,
        "desa_id": null,
        "counter": 3,
        "confidence_level": "medium",
        "kawasan": "",
        "kecamatan": "Daha Barat",
        "nama_provinsi": "Kalimantan Selatan",
        "pulau": "",
        "route_create": "https://opsroom.sipongidata.my.id/daops/laporan/groundcheck/create/form",
        "hotspot_date": "2026-09-15",
        "distance_hgu_km": 4.487,
        "zone": "3–5 km",
        "location_status": "OUTSIDE HGU"
      }
    },
    {
      "type": "Feature",
      "geometry": {
        "type": "Point",
        "coordinates": [
          114.9499,
          -2.65346
        ]
      },
      "properties": {
        "confidence": "medium",
        "confidence_value": null,
        "sumber": "NASA-SNPP",
        "date_hotspot": "Selasa, 15 September 2026 01:02:00",
        "date_hotspot_ori": "2026-09-14T18:02:00.000000Z",
        "provinsi": null,
        "kabkota": "Hulu Sungai Selatan",
        "desa": "Baru",
        "hs_id": "2026-09-14T18:02:00.000000Z",
        "provinsi_id": 12,
        "long": 114.9499,
        "ori_sumber": null,
        "desa_id": null,
        "counter": 2,
        "confidence_level": "medium",
        "kawasan": "",
        "kecamatan": "Daha Barat",
        "nama_provinsi": "Kalimantan Selatan",
        "pulau": "",
        "route_create": "https://opsroom.sipongidata.my.id/daops/laporan/groundcheck/create/form",
        "hotspot_date": "2026-09-15",
        "distance_hgu_km": 4.306,
        "zone": "3–5 km",
        "location_status": "OUTSIDE HGU"
      }
    },
    {
      "type": "Feature",
      "geometry": {
        "type": "Point",
        "coordinates": [
          114.88213,
          -2.78208
        ]
      },
      "properties": {
        "confidence": "medium",
        "confidence_value": null,
        "sumber": "NASA-SNPP",
        "date_hotspot": "Selasa, 15 September 2026 01:02:00",
        "date_hotspot_ori": "2026-09-14T18:02:00.000000Z",
        "provinsi": null,
        "kabkota": "Tapin",
        "desa": "Teluk Haur",
        "hs_id": "2026-09-14T18:02:00.000000Z",
        "provinsi_id": 12,
        "long": 114.88213,
        "ori_sumber": null,
        "desa_id": null,
        "counter": 1,
        "confidence_level": "medium",
        "kawasan": "",
        "kecamatan": "Candi Laras Utara",
        "nama_provinsi": "Kalimantan Selatan",
        "pulau": "",
        "route_create": "https://opsroom.sipongidata.my.id/daops/laporan/groundcheck/create/form",
        "hotspot_date": "2026-09-15",
        "distance_hgu_km": 0.706,
        "zone": "0–1 km",
        "location_status": "OUTSIDE HGU"
      }
    },
    {
      "type": "Feature",
      "geometry": {
        "type": "Point",
        "coordinates": [
          114.87424,
          -2.78436
        ]
      },
      "properties": {
        "confidence": "medium",
        "confidence_value": null,
        "sumber": "NASA-SNPP",
        "date_hotspot": "Selasa, 15 September 2026 01:02:00",
        "date_hotspot_ori": "2026-09-14T18:02:00.000000Z",
        "provinsi": null,
        "kabkota": "Tapin",
        "desa": "Teluk Haur",
        "hs_id": "2026-09-14T18:02:00.000000Z",
        "provinsi_id": 12,
        "long": 114.87424,
        "ori_sumber": null,
        "desa_id": null,
        "counter": 2,
        "confidence_level": "medium",
        "kawasan": "",
        "kecamatan": "Candi Laras Utara",
        "nama_provinsi": "Kalimantan Selatan",
        "pulau": "",
        "route_create": "https://opsroom.sipongidata.my.id/daops/laporan/groundcheck/create/form",
        "hotspot_date": "2026-09-15",
        "distance_hgu_km": 0.736,
        "zone": "0–1 km",
        "location_status": "OUTSIDE HGU"
      }
    },
    {
      "type": "Feature",
      "geometry": {
        "type": "Point",
        "coordinates": [
          114.99861,
          -2.68677
        ]
      },
      "properties": {
        "confidence": "medium",
        "confidence_value": null,
        "sumber": "NASA-NOAA20",
        "date_hotspot": "Selasa, 15 September 2026 01:21:00",
        "date_hotspot_ori": "2026-09-14T18:21:00.000000Z",
        "provinsi": null,
        "kabkota": "Hulu Sungai Selatan",
        "desa": "Bajayau",
        "hs_id": "2026-09-14T18:21:00.000000Z",
        "provinsi_id": 12,
        "long": 114.99861,
        "ori_sumber": null,
        "desa_id": null,
        "counter": 1,
        "confidence_level": "medium",
        "kawasan": "",
        "kecamatan": "Daha Barat",
        "nama_provinsi": "Kalimantan Selatan",
        "pulau": "",
        "route_create": "https://opsroom.sipongidata.my.id/daops/laporan/groundcheck/create/form",
        "hotspot_date": "2026-09-15",
        "distance_hgu_km": 4.084,
        "zone": "3–5 km",
        "location_status": "OUTSIDE HGU"
      }
    },
    {
      "type": "Feature",
      "geometry": {
        "type": "Point",
        "coordinates": [
          114.89042,
          -2.85823
        ]
      },
      "properties": {
        "confidence": "medium",
        "confidence_value": null,
        "sumber": "NASA-SNPP",
        "date_hotspot": "Senin, 21 September 2026 13:31:00",
        "date_hotspot_ori": "2026-09-21T06:31:00.000000Z",
        "provinsi": null,
        "kabkota": "Tapin",
        "desa": "Margasari Hulu",
        "hs_id": "2026-09-21T06:31:00.000000Z",
        "provinsi_id": 12,
        "long": 114.89042,
        "ori_sumber": null,
        "desa_id": null,
        "counter": 2,
        "confidence_level": "medium",
        "kawasan": "",
        "kecamatan": "Candi Laras Selatan",
        "nama_provinsi": "Kalimantan Selatan",
        "pulau": "",
        "route_create": "https://opsroom.sipongidata.my.id/daops/laporan/groundcheck/create/form",
        "hotspot_date": "2026-09-21",
        "distance_hgu_km": 1.077,
        "zone": "1–3 km",
        "location_status": "OUTSIDE HGU"
      }
    },
    {
      "type": "Feature",
      "geometry": {
        "type": "Point",
        "coordinates": [
          114.90789,
          -2.67844
        ]
      },
      "properties": {
        "confidence": "medium",
        "confidence_value": null,
        "sumber": "NASA-SNPP",
        "date_hotspot": "Senin, 21 September 2026 13:31:00",
        "date_hotspot_ori": "2026-09-21T06:31:00.000000Z",
        "provinsi": null,
        "kabkota": "Tapin",
        "desa": "Sawaja",
        "hs_id": "2026-09-21T06:31:00.000000Z",
        "provinsi_id": 12,
        "long": 114.90789,
        "ori_sumber": null,
        "desa_id": null,
        "counter": 4,
        "confidence_level": "medium",
        "kawasan": "",
        "kecamatan": "Candi Laras Utara",
        "nama_provinsi": "Kalimantan Selatan",
        "pulau": "",
        "route_create": "https://opsroom.sipongidata.my.id/daops/laporan/groundcheck/create/form",
        "hotspot_date": "2026-09-21",
        "distance_hgu_km": 1.547,
        "zone": "1–3 km",
        "location_status": "OUTSIDE HGU"
      }
    },
    {
      "type": "Feature",
      "geometry": {
        "type": "Point",
        "coordinates": [
          114.9162,
          -2.67947
        ]
      },
      "properties": {
        "confidence": "medium",
        "confidence_value": null,
        "sumber": "NASA-SNPP",
        "date_hotspot": "Selasa, 15 September 2026 01:02:00",
        "date_hotspot_ori": "2026-09-14T18:02:00.000000Z",
        "provinsi": null,
        "kabkota": "Tapin",
        "desa": "Sawaja",
        "hs_id": "2026-09-14T18:02:00.000000Z",
        "provinsi_id": 12,
        "long": 114.9162,
        "ori_sumber": null,
        "desa_id": null,
        "counter": 1,
        "confidence_level": "medium",
        "kawasan": "",
        "kecamatan": "Candi Laras Utara",
        "nama_provinsi": "Kalimantan Selatan",
        "pulau": "",
        "route_create": "https://opsroom.sipongidata.my.id/daops/laporan/groundcheck/create/form",
        "hotspot_date": "2026-09-15",
        "distance_hgu_km": 1.416,
        "zone": "1–3 km",
        "location_status": "OUTSIDE HGU"
      }
    },
    {
      "type": "Feature",
      "geometry": {
        "type": "Point",
        "coordinates": [
          114.92554,
          -2.68622
        ]
      },
      "properties": {
        "confidence": "medium",
        "confidence_value": null,
        "sumber": "NASA-NOAA20",
        "date_hotspot": "Selasa, 15 September 2026 12:23:00",
        "date_hotspot_ori": "2026-09-15T05:23:00.000000Z",
        "provinsi": null,
        "kabkota": "Tapin",
        "desa": "Sawaja",
        "hs_id": "2026-09-15T05:23:00.000000Z",
        "provinsi_id": 12,
        "long": 114.92554,
        "ori_sumber": null,
        "desa_id": null,
        "counter": 1,
        "confidence_level": "medium",
        "kawasan": "",
        "kecamatan": "Candi Laras Utara",
        "nama_provinsi": "Kalimantan Selatan",
        "pulau": "",
        "route_create": "https://opsroom.sipongidata.my.id/daops/laporan/groundcheck/create/form",
        "hotspot_date": "2026-09-15",
        "distance_hgu_km": 0.675,
        "zone": "0–1 km",
        "location_status": "OUTSIDE HGU"
      }
    },
    {
      "type": "Feature",
      "geometry": {
        "type": "Point",
        "coordinates": [
          114.95994,
          -2.65107
        ]
      },
      "properties": {
        "confidence": "medium",
        "confidence_value": null,
        "sumber": "NASA-NOAA20",
        "date_hotspot": "Selasa, 15 September 2026 12:23:00",
        "date_hotspot_ori": "2026-09-15T05:23:00.000000Z",
        "provinsi": null,
        "kabkota": "Hulu Sungai Selatan",
        "desa": "Baru",
        "hs_id": "2026-09-15T05:23:00.000000Z",
        "provinsi_id": 12,
        "long": 114.95994,
        "ori_sumber": null,
        "desa_id": null,
        "counter": 1,
        "confidence_level": "medium",
        "kawasan": "",
        "kecamatan": "Daha Barat",
        "nama_provinsi": "Kalimantan Selatan",
        "pulau": "",
        "route_create": "https://opsroom.sipongidata.my.id/daops/laporan/groundcheck/create/form",
        "hotspot_date": "2026-09-15",
        "distance_hgu_km": 4.585,
        "zone": "3–5 km",
        "location_status": "OUTSIDE HGU"
      }
    },
    {
      "type": "Feature",
      "geometry": {
        "type": "Point",
        "coordinates": [
          114.91643,
          -2.69408
        ]
      },
      "properties": {
        "confidence": "medium",
        "confidence_value": null,
        "sumber": "NASA-SNPP",
        "date_hotspot": "Selasa, 15 September 2026 13:42:00",
        "date_hotspot_ori": "2026-09-15T06:42:00.000000Z",
        "provinsi": null,
        "kabkota": "Tapin",
        "desa": "Sawaja",
        "hs_id": "2026-09-15T06:42:00.000000Z",
        "provinsi_id": 12,
        "long": 114.91643,
        "ori_sumber": null,
        "desa_id": null,
        "counter": 1,
        "confidence_level": "medium",
        "kawasan": "",
        "kecamatan": "Candi Laras Utara",
        "nama_provinsi": "Kalimantan Selatan",
        "pulau": "",
        "route_create": "https://opsroom.sipongidata.my.id/daops/laporan/groundcheck/create/form",
        "hotspot_date": "2026-09-15",
        "distance_hgu_km": 0.0,
        "zone": "Inside HGU",
        "location_status": "INSIDE HGU"
      }
    },
    {
      "type": "Feature",
      "geometry": {
        "type": "Point",
        "coordinates": [
          115.00426,
          -2.69814
        ]
      },
      "properties": {
        "confidence": "medium",
        "confidence_value": null,
        "sumber": "NASA-SNPP",
        "date_hotspot": "Selasa, 15 September 2026 13:42:00",
        "date_hotspot_ori": "2026-09-15T06:42:00.000000Z",
        "provinsi": null,
        "kabkota": "Hulu Sungai Selatan",
        "desa": "Bajayau Tengah",
        "hs_id": "2026-09-15T06:42:00.000000Z",
        "provinsi_id": 12,
        "long": 115.00426,
        "ori_sumber": null,
        "desa_id": null,
        "counter": 3,
        "confidence_level": "medium",
        "kawasan": "",
        "kecamatan": "Daha Barat",
        "nama_provinsi": "Kalimantan Selatan",
        "pulau": "",
        "route_create": "https://opsroom.sipongidata.my.id/daops/laporan/groundcheck/create/form",
        "hotspot_date": "2026-09-15",
        "distance_hgu_km": 4.661,
        "zone": "3–5 km",
        "location_status": "OUTSIDE HGU"
      }
    },
    {
      "type": "Feature",
      "geometry": {
        "type": "Point",
        "coordinates": [
          114.95889,
          -2.73818
        ]
      },
      "properties": {
        "confidence": "medium",
        "confidence_value": null,
        "sumber": "NASA-SNPP",
        "date_hotspot": "Selasa, 15 September 2026 13:42:00",
        "date_hotspot_ori": "2026-09-15T06:42:00.000000Z",
        "provinsi": null,
        "kabkota": "Tapin",
        "desa": "Sawaja",
        "hs_id": "2026-09-15T06:42:00.000000Z",
        "provinsi_id": 12,
        "long": 114.95889,
        "ori_sumber": null,
        "desa_id": null,
        "counter": 3,
        "confidence_level": "medium",
        "kawasan": "",
        "kecamatan": "Candi Laras Utara",
        "nama_provinsi": "Kalimantan Selatan",
        "pulau": "",
        "route_create": "https://opsroom.sipongidata.my.id/daops/laporan/groundcheck/create/form",
        "hotspot_date": "2026-09-15",
        "distance_hgu_km": 0.042,
        "zone": "0–1 km",
        "location_status": "OUTSIDE HGU"
      }
    },
    {
      "type": "Feature",
      "geometry": {
        "type": "Point",
        "coordinates": [
          114.91267,
          -2.68731
        ]
      },
      "properties": {
        "confidence": "medium",
        "confidence_value": null,
        "sumber": "NASA-SNPP",
        "date_hotspot": "Selasa, 22 September 2026 00:32:00",
        "date_hotspot_ori": "2026-09-21T17:32:00.000000Z",
        "provinsi": null,
        "kabkota": "Tapin",
        "desa": "Sawaja",
        "hs_id": "2026-09-21T17:32:00.000000Z",
        "provinsi_id": 12,
        "long": 114.91267,
        "ori_sumber": null,
        "desa_id": null,
        "counter": 3,
        "confidence_level": "medium",
        "kawasan": "",
        "kecamatan": "Candi Laras Utara",
        "nama_provinsi": "Kalimantan Selatan",
        "pulau": "",
        "route_create": "https://opsroom.sipongidata.my.id/daops/laporan/groundcheck/create/form",
        "hotspot_date": "2026-09-22",
        "distance_hgu_km": 0.544,
        "zone": "0–1 km",
        "location_status": "OUTSIDE HGU"
      }
    },
    {
      "type": "Feature",
      "geometry": {
        "type": "Point",
        "coordinates": [
          114.9015,
          -2.67649
        ]
      },
      "properties": {
        "confidence": "medium",
        "confidence_value": null,
        "sumber": "NASA-SNPP",
        "date_hotspot": "Selasa, 22 September 2026 00:32:00",
        "date_hotspot_ori": "2026-09-21T17:32:00.000000Z",
        "provinsi": null,
        "kabkota": "Tapin",
        "desa": "Sawaja",
        "hs_id": "2026-09-21T17:32:00.000000Z",
        "provinsi_id": 12,
        "long": 114.9015,
        "ori_sumber": null,
        "desa_id": null,
        "counter": 5,
        "confidence_level": "medium",
        "kawasan": "",
        "kecamatan": "Candi Laras Utara",
        "nama_provinsi": "Kalimantan Selatan",
        "pulau": "",
        "route_create": "https://opsroom.sipongidata.my.id/daops/laporan/groundcheck/create/form",
        "hotspot_date": "2026-09-22",
        "distance_hgu_km": 1.972,
        "zone": "1–3 km",
        "location_status": "OUTSIDE HGU"
      }
    },
    {
      "type": "Feature",
      "geometry": {
        "type": "Point",
        "coordinates": [
          114.95704,
          -2.74703
        ]
      },
      "properties": {
        "confidence": "medium",
        "confidence_value": null,
        "sumber": "NASA-NOAA20",
        "date_hotspot": "Selasa, 15 September 2026 12:23:00",
        "date_hotspot_ori": "2026-09-15T05:23:00.000000Z",
        "provinsi": null,
        "kabkota": "Tapin",
        "desa": "Buas-Buas",
        "hs_id": "2026-09-15T05:23:00.000000Z",
        "provinsi_id": 12,
        "long": 114.95704,
        "ori_sumber": null,
        "desa_id": null,
        "counter": 1,
        "confidence_level": "medium",
        "kawasan": "",
        "kecamatan": "Candi Laras Utara",
        "nama_provinsi": "Kalimantan Selatan",
        "pulau": "",
        "route_create": "https://opsroom.sipongidata.my.id/daops/laporan/groundcheck/create/form",
        "hotspot_date": "2026-09-15",
        "distance_hgu_km": 0.998,
        "zone": "0–1 km",
        "location_status": "OUTSIDE HGU"
      }
    },
    {
      "type": "Feature",
      "geometry": {
        "type": "Point",
        "coordinates": [
          114.92483,
          -2.68129
        ]
      },
      "properties": {
        "confidence": "medium",
        "confidence_value": null,
        "sumber": "NASA-NOAA20",
        "date_hotspot": "Selasa, 15 September 2026 12:23:00",
        "date_hotspot_ori": "2026-09-15T05:23:00.000000Z",
        "provinsi": null,
        "kabkota": "Tapin",
        "desa": "Sawaja",
        "hs_id": "2026-09-15T05:23:00.000000Z",
        "provinsi_id": 12,
        "long": 114.92483,
        "ori_sumber": null,
        "desa_id": null,
        "counter": 1,
        "confidence_level": "medium",
        "kawasan": "",
        "kecamatan": "Candi Laras Utara",
        "nama_provinsi": "Kalimantan Selatan",
        "pulau": "",
        "route_create": "https://opsroom.sipongidata.my.id/daops/laporan/groundcheck/create/form",
        "hotspot_date": "2026-09-15",
        "distance_hgu_km": 1.219,
        "zone": "1–3 km",
        "location_status": "OUTSIDE HGU"
      }
    },
    {
      "type": "Feature",
      "geometry": {
        "type": "Point",
        "coordinates": [
          114.8821,
          -2.77854
        ]
      },
      "properties": {
        "confidence": "medium",
        "confidence_value": null,
        "sumber": "NASA-NOAA20",
        "date_hotspot": "Selasa, 15 September 2026 12:23:00",
        "date_hotspot_ori": "2026-09-15T05:23:00.000000Z",
        "provinsi": null,
        "kabkota": "Tapin",
        "desa": "Teluk Haur",
        "hs_id": "2026-09-15T05:23:00.000000Z",
        "provinsi_id": 12,
        "long": 114.8821,
        "ori_sumber": null,
        "desa_id": null,
        "counter": 1,
        "confidence_level": "medium",
        "kawasan": "",
        "kecamatan": "Candi Laras Utara",
        "nama_provinsi": "Kalimantan Selatan",
        "pulau": "",
        "route_create": "https://opsroom.sipongidata.my.id/daops/laporan/groundcheck/create/form",
        "hotspot_date": "2026-09-15",
        "distance_hgu_km": 0.314,
        "zone": "0–1 km",
        "location_status": "OUTSIDE HGU"
      }
    },
    {
      "type": "Feature",
      "geometry": {
        "type": "Point",
        "coordinates": [
          114.90656,
          -2.67765
        ]
      },
      "properties": {
        "confidence": "medium",
        "confidence_value": null,
        "sumber": "NASA-NOAA20",
        "date_hotspot": "Selasa, 22 September 2026 00:49:00",
        "date_hotspot_ori": "2026-09-21T17:49:00.000000Z",
        "provinsi": null,
        "kabkota": "Tapin",
        "desa": "Sawaja",
        "hs_id": "2026-09-21T17:49:00.000000Z",
        "provinsi_id": 12,
        "long": 114.90656,
        "ori_sumber": null,
        "desa_id": null,
        "counter": 5,
        "confidence_level": "medium",
        "kawasan": "",
        "kecamatan": "Candi Laras Utara",
        "nama_provinsi": "Kalimantan Selatan",
        "pulau": "",
        "route_create": "https://opsroom.sipongidata.my.id/daops/laporan/groundcheck/create/form",
        "hotspot_date": "2026-09-22",
        "distance_hgu_km": 1.658,
        "zone": "1–3 km",
        "location_status": "OUTSIDE HGU"
      }
    },
    {
      "type": "Feature",
      "geometry": {
        "type": "Point",
        "coordinates": [
          114.91264,
          -2.67648
        ]
      },
      "properties": {
        "confidence": "medium",
        "confidence_value": null,
        "sumber": "NASA-NOAA20",
        "date_hotspot": "Rabu, 16 September 2026 01:04:00",
        "date_hotspot_ori": "2026-09-15T18:04:00.000000Z",
        "provinsi": null,
        "kabkota": "Tapin",
        "desa": "Sawaja",
        "hs_id": "2026-09-15T18:04:00.000000Z",
        "provinsi_id": 12,
        "long": 114.91264,
        "ori_sumber": null,
        "desa_id": null,
        "counter": 2,
        "confidence_level": "medium",
        "kawasan": "",
        "kecamatan": "Candi Laras Utara",
        "nama_provinsi": "Kalimantan Selatan",
        "pulau": "",
        "route_create": "https://opsroom.sipongidata.my.id/daops/laporan/groundcheck/create/form",
        "hotspot_date": "2026-09-16",
        "distance_hgu_km": 1.742,
        "zone": "1–3 km",
        "location_status": "OUTSIDE HGU"
      }
    },
    {
      "type": "Feature",
      "geometry": {
        "type": "Point",
        "coordinates": [
          114.90773,
          -2.67949
        ]
      },
      "properties": {
        "confidence": "medium",
        "confidence_value": null,
        "sumber": "NASA-NOAA20",
        "date_hotspot": "Rabu, 16 September 2026 01:04:00",
        "date_hotspot_ori": "2026-09-15T18:04:00.000000Z",
        "provinsi": null,
        "kabkota": "Tapin",
        "desa": "Sawaja",
        "hs_id": "2026-09-15T18:04:00.000000Z",
        "provinsi_id": 12,
        "long": 114.90773,
        "ori_sumber": null,
        "desa_id": null,
        "counter": 2,
        "confidence_level": "medium",
        "kawasan": "",
        "kecamatan": "Candi Laras Utara",
        "nama_provinsi": "Kalimantan Selatan",
        "pulau": "",
        "route_create": "https://opsroom.sipongidata.my.id/daops/laporan/groundcheck/create/form",
        "hotspot_date": "2026-09-16",
        "distance_hgu_km": 1.435,
        "zone": "1–3 km",
        "location_status": "OUTSIDE HGU"
      }
    },
    {
      "type": "Feature",
      "geometry": {
        "type": "Point",
        "coordinates": [
          114.90886,
          -2.67212
        ]
      },
      "properties": {
        "confidence": "medium",
        "confidence_value": null,
        "sumber": "NASA-NOAA20",
        "date_hotspot": "Rabu, 16 September 2026 01:04:00",
        "date_hotspot_ori": "2026-09-15T18:04:00.000000Z",
        "provinsi": null,
        "kabkota": "Tapin",
        "desa": "Sawaja",
        "hs_id": "2026-09-15T18:04:00.000000Z",
        "provinsi_id": 12,
        "long": 114.90886,
        "ori_sumber": null,
        "desa_id": null,
        "counter": 2,
        "confidence_level": "medium",
        "kawasan": "",
        "kecamatan": "Candi Laras Utara",
        "nama_provinsi": "Kalimantan Selatan",
        "pulau": "",
        "route_create": "https://opsroom.sipongidata.my.id/daops/laporan/groundcheck/create/form",
        "hotspot_date": "2026-09-16",
        "distance_hgu_km": 2.235,
        "zone": "1–3 km",
        "location_status": "OUTSIDE HGU"
      }
    },
    {
      "type": "Feature",
      "geometry": {
        "type": "Point",
        "coordinates": [
          114.91206,
          -2.68016
        ]
      },
      "properties": {
        "confidence": "medium",
        "confidence_value": null,
        "sumber": "NASA-NOAA20",
        "date_hotspot": "Rabu, 16 September 2026 01:04:00",
        "date_hotspot_ori": "2026-09-15T18:04:00.000000Z",
        "provinsi": null,
        "kabkota": "Tapin",
        "desa": "Sawaja",
        "hs_id": "2026-09-15T18:04:00.000000Z",
        "provinsi_id": 12,
        "long": 114.91206,
        "ori_sumber": null,
        "desa_id": null,
        "counter": 2,
        "confidence_level": "medium",
        "kawasan": "",
        "kecamatan": "Candi Laras Utara",
        "nama_provinsi": "Kalimantan Selatan",
        "pulau": "",
        "route_create": "https://opsroom.sipongidata.my.id/daops/laporan/groundcheck/create/form",
        "hotspot_date": "2026-09-16",
        "distance_hgu_km": 1.337,
        "zone": "1–3 km",
        "location_status": "OUTSIDE HGU"
      }
    },
    {
      "type": "Feature",
      "geometry": {
        "type": "Point",
        "coordinates": [
          114.91069,
          -2.79011
        ]
      },
      "properties": {
        "confidence": "medium",
        "confidence_value": null,
        "sumber": "NASA-SNPP",
        "date_hotspot": "Selasa, 22 September 2026 00:32:00",
        "date_hotspot_ori": "2026-09-21T17:32:00.000000Z",
        "provinsi": null,
        "kabkota": "Tapin",
        "desa": "Rawana",
        "hs_id": "2026-09-21T17:32:00.000000Z",
        "provinsi_id": 12,
        "long": 114.91069,
        "ori_sumber": null,
        "desa_id": null,
        "counter": 1,
        "confidence_level": "medium",
        "kawasan": "",
        "kecamatan": "Candi Laras Utara",
        "nama_provinsi": "Kalimantan Selatan",
        "pulau": "",
        "route_create": "https://opsroom.sipongidata.my.id/daops/laporan/groundcheck/create/form",
        "hotspot_date": "2026-09-22",
        "distance_hgu_km": 1.582,
        "zone": "1–3 km",
        "location_status": "OUTSIDE HGU"
      }
    },
    {
      "type": "Feature",
      "geometry": {
        "type": "Point",
        "coordinates": [
          114.9083,
          -2.6758
        ]
      },
      "properties": {
        "confidence": "medium",
        "confidence_value": null,
        "sumber": "NASA-NOAA20",
        "date_hotspot": "Rabu, 16 September 2026 01:04:00",
        "date_hotspot_ori": "2026-09-15T18:04:00.000000Z",
        "provinsi": null,
        "kabkota": "Tapin",
        "desa": "Sawaja",
        "hs_id": "2026-09-15T18:04:00.000000Z",
        "provinsi_id": 12,
        "long": 114.9083,
        "ori_sumber": null,
        "desa_id": null,
        "counter": 2,
        "confidence_level": "medium",
        "kawasan": "",
        "kecamatan": "Candi Laras Utara",
        "nama_provinsi": "Kalimantan Selatan",
        "pulau": "",
        "route_create": "https://opsroom.sipongidata.my.id/daops/laporan/groundcheck/create/form",
        "hotspot_date": "2026-09-16",
        "distance_hgu_km": 1.833,
        "zone": "1–3 km",
        "location_status": "OUTSIDE HGU"
      }
    },
    {
      "type": "Feature",
      "geometry": {
        "type": "Point",
        "coordinates": [
          114.88454,
          -2.78423
        ]
      },
      "properties": {
        "confidence": "medium",
        "confidence_value": null,
        "sumber": "NASA-NOAA20",
        "date_hotspot": "Rabu, 16 September 2026 01:04:00",
        "date_hotspot_ori": "2026-09-15T18:04:00.000000Z",
        "provinsi": null,
        "kabkota": "Tapin",
        "desa": "Teluk Haur",
        "hs_id": "2026-09-15T18:04:00.000000Z",
        "provinsi_id": 12,
        "long": 114.88454,
        "ori_sumber": null,
        "desa_id": null,
        "counter": 5,
        "confidence_level": "medium",
        "kawasan": "",
        "kecamatan": "Candi Laras Utara",
        "nama_provinsi": "Kalimantan Selatan",
        "pulau": "",
        "route_create": "https://opsroom.sipongidata.my.id/daops/laporan/groundcheck/create/form",
        "hotspot_date": "2026-09-16",
        "distance_hgu_km": 0.942,
        "zone": "0–1 km",
        "location_status": "OUTSIDE HGU"
      }
    },
    {
      "type": "Feature",
      "geometry": {
        "type": "Point",
        "coordinates": [
          114.95248,
          -2.64868
        ]
      },
      "properties": {
        "confidence": "medium",
        "confidence_value": null,
        "sumber": "NASA-NOAA20",
        "date_hotspot": "Rabu, 16 September 2026 01:04:00",
        "date_hotspot_ori": "2026-09-15T18:04:00.000000Z",
        "provinsi": null,
        "kabkota": "Hulu Sungai Selatan",
        "desa": "Baru",
        "hs_id": "2026-09-15T18:04:00.000000Z",
        "provinsi_id": 12,
        "long": 114.95248,
        "ori_sumber": null,
        "desa_id": null,
        "counter": 2,
        "confidence_level": "medium",
        "kawasan": "",
        "kecamatan": "Daha Barat",
        "nama_provinsi": "Kalimantan Selatan",
        "pulau": "",
        "route_create": "https://opsroom.sipongidata.my.id/daops/laporan/groundcheck/create/form",
        "hotspot_date": "2026-09-16",
        "distance_hgu_km": 4.841,
        "zone": "3–5 km",
        "location_status": "OUTSIDE HGU"
      }
    },
    {
      "type": "Feature",
      "geometry": {
        "type": "Point",
        "coordinates": [
          114.90472,
          -2.66646
        ]
      },
      "properties": {
        "confidence": "medium",
        "confidence_value": null,
        "sumber": "NASA-SNPP",
        "date_hotspot": "Rabu, 16 September 2026 00:43:00",
        "date_hotspot_ori": "2026-09-15T17:43:00.000000Z",
        "provinsi": null,
        "kabkota": "Tapin",
        "desa": "Sawaja",
        "hs_id": "2026-09-15T17:43:00.000000Z",
        "provinsi_id": 12,
        "long": 114.90472,
        "ori_sumber": null,
        "desa_id": null,
        "counter": 1,
        "confidence_level": "medium",
        "kawasan": "",
        "kecamatan": "Candi Laras Utara",
        "nama_provinsi": "Kalimantan Selatan",
        "pulau": "",
        "route_create": "https://opsroom.sipongidata.my.id/daops/laporan/groundcheck/create/form",
        "hotspot_date": "2026-09-16",
        "distance_hgu_km": 2.912,
        "zone": "1–3 km",
        "location_status": "OUTSIDE HGU"
      }
    },
    {
      "type": "Feature",
      "geometry": {
        "type": "Point",
        "coordinates": [
          114.90881,
          -2.66711
        ]
      },
      "properties": {
        "confidence": "medium",
        "confidence_value": null,
        "sumber": "NASA-SNPP",
        "date_hotspot": "Rabu, 16 September 2026 00:43:00",
        "date_hotspot_ori": "2026-09-15T17:43:00.000000Z",
        "provinsi": null,
        "kabkota": "Tapin",
        "desa": "Sawaja",
        "hs_id": "2026-09-15T17:43:00.000000Z",
        "provinsi_id": 12,
        "long": 114.90881,
        "ori_sumber": null,
        "desa_id": null,
        "counter": 2,
        "confidence_level": "medium",
        "kawasan": "",
        "kecamatan": "Candi Laras Utara",
        "nama_provinsi": "Kalimantan Selatan",
        "pulau": "",
        "route_create": "https://opsroom.sipongidata.my.id/daops/laporan/groundcheck/create/form",
        "hotspot_date": "2026-09-16",
        "distance_hgu_km": 2.789,
        "zone": "1–3 km",
        "location_status": "OUTSIDE HGU"
      }
    },
    {
      "type": "Feature",
      "geometry": {
        "type": "Point",
        "coordinates": [
          114.90823,
          -2.67071
        ]
      },
      "properties": {
        "confidence": "medium",
        "confidence_value": null,
        "sumber": "NASA-SNPP",
        "date_hotspot": "Rabu, 16 September 2026 00:43:00",
        "date_hotspot_ori": "2026-09-15T17:43:00.000000Z",
        "provinsi": null,
        "kabkota": "Tapin",
        "desa": "Sawaja",
        "hs_id": "2026-09-15T17:43:00.000000Z",
        "provinsi_id": 12,
        "long": 114.90823,
        "ori_sumber": null,
        "desa_id": null,
        "counter": 2,
        "confidence_level": "medium",
        "kawasan": "",
        "kecamatan": "Candi Laras Utara",
        "nama_provinsi": "Kalimantan Selatan",
        "pulau": "",
        "route_create": "https://opsroom.sipongidata.my.id/daops/laporan/groundcheck/create/form",
        "hotspot_date": "2026-09-16",
        "distance_hgu_km": 2.395,
        "zone": "1–3 km",
        "location_status": "OUTSIDE HGU"
      }
    },
    {
      "type": "Feature",
      "geometry": {
        "type": "Point",
        "coordinates": [
          114.91125,
          -2.687
        ]
      },
      "properties": {
        "confidence": "medium",
        "confidence_value": null,
        "sumber": "NASA-SNPP",
        "date_hotspot": "Rabu, 16 September 2026 00:43:00",
        "date_hotspot_ori": "2026-09-15T17:43:00.000000Z",
        "provinsi": null,
        "kabkota": "Tapin",
        "desa": "Sawaja",
        "hs_id": "2026-09-15T17:43:00.000000Z",
        "provinsi_id": 12,
        "long": 114.91125,
        "ori_sumber": null,
        "desa_id": null,
        "counter": 2,
        "confidence_level": "medium",
        "kawasan": "",
        "kecamatan": "Candi Laras Utara",
        "nama_provinsi": "Kalimantan Selatan",
        "pulau": "",
        "route_create": "https://opsroom.sipongidata.my.id/daops/laporan/groundcheck/create/form",
        "hotspot_date": "2026-09-16",
        "distance_hgu_km": 0.583,
        "zone": "0–1 km",
        "location_status": "OUTSIDE HGU"
      }
    },
    {
      "type": "Feature",
      "geometry": {
        "type": "Point",
        "coordinates": [
          114.80341,
          -2.90588
        ]
      },
      "properties": {
        "confidence": "medium",
        "confidence_value": null,
        "sumber": "NASA-NOAA20",
        "date_hotspot": "Selasa, 22 September 2026 00:49:00",
        "date_hotspot_ori": "2026-09-21T17:49:00.000000Z",
        "provinsi": null,
        "kabkota": "Barito Kuala",
        "desa": "Banitan",
        "hs_id": "2026-09-21T17:49:00.000000Z",
        "provinsi_id": 12,
        "long": 114.80341,
        "ori_sumber": null,
        "desa_id": null,
        "counter": 1,
        "confidence_level": "medium",
        "kawasan": "",
        "kecamatan": "Bakumpai",
        "nama_provinsi": "Kalimantan Selatan",
        "pulau": "",
        "route_create": "https://opsroom.sipongidata.my.id/daops/laporan/groundcheck/create/form",
        "hotspot_date": "2026-09-22",
        "distance_hgu_km": 2.166,
        "zone": "1–3 km",
        "location_status": "OUTSIDE HGU"
      }
    },
    {
      "type": "Feature",
      "geometry": {
        "type": "Point",
        "coordinates": [
          114.80685,
          -2.90642
        ]
      },
      "properties": {
        "confidence": "medium",
        "confidence_value": null,
        "sumber": "NASA-NOAA20",
        "date_hotspot": "Selasa, 22 September 2026 00:49:00",
        "date_hotspot_ori": "2026-09-21T17:49:00.000000Z",
        "provinsi": null,
        "kabkota": "Barito Kuala",
        "desa": "Banitan",
        "hs_id": "2026-09-21T17:49:00.000000Z",
        "provinsi_id": 12,
        "long": 114.80685,
        "ori_sumber": null,
        "desa_id": null,
        "counter": 1,
        "confidence_level": "medium",
        "kawasan": "",
        "kecamatan": "Bakumpai",
        "nama_provinsi": "Kalimantan Selatan",
        "pulau": "",
        "route_create": "https://opsroom.sipongidata.my.id/daops/laporan/groundcheck/create/form",
        "hotspot_date": "2026-09-22",
        "distance_hgu_km": 1.792,
        "zone": "1–3 km",
        "location_status": "OUTSIDE HGU"
      }
    },
    {
      "type": "Feature",
      "geometry": {
        "type": "Point",
        "coordinates": [
          114.89349,
          -2.8489
        ]
      },
      "properties": {
        "confidence": "medium",
        "confidence_value": null,
        "sumber": "NASA-NOAA20",
        "date_hotspot": "Selasa, 22 September 2026 00:49:00",
        "date_hotspot_ori": "2026-09-21T17:49:00.000000Z",
        "provinsi": null,
        "kabkota": "Tapin",
        "desa": "Margasari Hulu",
        "hs_id": "2026-09-21T17:49:00.000000Z",
        "provinsi_id": 12,
        "long": 114.89349,
        "ori_sumber": null,
        "desa_id": null,
        "counter": 3,
        "confidence_level": "medium",
        "kawasan": "",
        "kecamatan": "Candi Laras Selatan",
        "nama_provinsi": "Kalimantan Selatan",
        "pulau": "",
        "route_create": "https://opsroom.sipongidata.my.id/daops/laporan/groundcheck/create/form",
        "hotspot_date": "2026-09-22",
        "distance_hgu_km": 0.735,
        "zone": "0–1 km",
        "location_status": "OUTSIDE HGU"
      }
    },
    {
      "type": "Feature",
      "geometry": {
        "type": "Point",
        "coordinates": [
          114.91788,
          -2.67953
        ]
      },
      "properties": {
        "confidence": "medium",
        "confidence_value": null,
        "sumber": "NASA-SNPP",
        "date_hotspot": "Selasa, 22 September 2026 13:10:00",
        "date_hotspot_ori": "2026-09-22T06:10:00.000000Z",
        "provinsi": null,
        "kabkota": "Tapin",
        "desa": "Sawaja",
        "hs_id": "2026-09-22T06:10:00.000000Z",
        "provinsi_id": 12,
        "long": 114.91788,
        "ori_sumber": null,
        "desa_id": null,
        "counter": 5,
        "confidence_level": "medium",
        "kawasan": "",
        "kecamatan": "Candi Laras Utara",
        "nama_provinsi": "Kalimantan Selatan",
        "pulau": "",
        "route_create": "https://opsroom.sipongidata.my.id/daops/laporan/groundcheck/create/form",
        "hotspot_date": "2026-09-22",
        "distance_hgu_km": 1.412,
        "zone": "1–3 km",
        "location_status": "OUTSIDE HGU"
      }
    },
    {
      "type": "Feature",
      "geometry": {
        "type": "Point",
        "coordinates": [
          114.93118,
          -2.68477
        ]
      },
      "properties": {
        "confidence": "medium",
        "confidence_value": null,
        "sumber": "NASA-SNPP",
        "date_hotspot": "Selasa, 22 September 2026 13:10:00",
        "date_hotspot_ori": "2026-09-22T06:10:00.000000Z",
        "provinsi": null,
        "kabkota": "Tapin",
        "desa": "Sawaja",
        "hs_id": "2026-09-22T06:10:00.000000Z",
        "provinsi_id": 12,
        "long": 114.93118,
        "ori_sumber": null,
        "desa_id": null,
        "counter": 2,
        "confidence_level": "medium",
        "kawasan": "",
        "kecamatan": "Candi Laras Utara",
        "nama_provinsi": "Kalimantan Selatan",
        "pulau": "",
        "route_create": "https://opsroom.sipongidata.my.id/daops/laporan/groundcheck/create/form",
        "hotspot_date": "2026-09-22",
        "distance_hgu_km": 0.84,
        "zone": "0–1 km",
        "location_status": "OUTSIDE HGU"
      }
    },
    {
      "type": "Feature",
      "geometry": {
        "type": "Point",
        "coordinates": [
          114.92657,
          -2.68183
        ]
      },
      "properties": {
        "confidence": "medium",
        "confidence_value": null,
        "sumber": "NASA-SNPP",
        "date_hotspot": "Selasa, 22 September 2026 13:10:00",
        "date_hotspot_ori": "2026-09-22T06:10:00.000000Z",
        "provinsi": null,
        "kabkota": "Tapin",
        "desa": "Sawaja",
        "hs_id": "2026-09-22T06:10:00.000000Z",
        "provinsi_id": 12,
        "long": 114.92657,
        "ori_sumber": null,
        "desa_id": null,
        "counter": 2,
        "confidence_level": "medium",
        "kawasan": "",
        "kecamatan": "Candi Laras Utara",
        "nama_provinsi": "Kalimantan Selatan",
        "pulau": "",
        "route_create": "https://opsroom.sipongidata.my.id/daops/laporan/groundcheck/create/form",
        "hotspot_date": "2026-09-22",
        "distance_hgu_km": 1.161,
        "zone": "1–3 km",
        "location_status": "OUTSIDE HGU"
      }
    },
    {
      "type": "Feature",
      "geometry": {
        "type": "Point",
        "coordinates": [
          114.90163,
          -2.68209
        ]
      },
      "properties": {
        "confidence": "medium",
        "confidence_value": null,
        "sumber": "NASA-SNPP",
        "date_hotspot": "Selasa, 22 September 2026 13:10:00",
        "date_hotspot_ori": "2026-09-22T06:10:00.000000Z",
        "provinsi": null,
        "kabkota": "Tapin",
        "desa": "Sawaja",
        "hs_id": "2026-09-22T06:10:00.000000Z",
        "provinsi_id": 12,
        "long": 114.90163,
        "ori_sumber": null,
        "desa_id": null,
        "counter": 5,
        "confidence_level": "medium",
        "kawasan": "",
        "kecamatan": "Candi Laras Utara",
        "nama_provinsi": "Kalimantan Selatan",
        "pulau": "",
        "route_create": "https://opsroom.sipongidata.my.id/daops/laporan/groundcheck/create/form",
        "hotspot_date": "2026-09-22",
        "distance_hgu_km": 1.442,
        "zone": "1–3 km",
        "location_status": "OUTSIDE HGU"
      }
    },
    {
      "type": "Feature",
      "geometry": {
        "type": "Point",
        "coordinates": [
          114.90514,
          -2.67787
        ]
      },
      "properties": {
        "confidence": "medium",
        "confidence_value": null,
        "sumber": "NASA-SNPP",
        "date_hotspot": "Selasa, 22 September 2026 13:10:00",
        "date_hotspot_ori": "2026-09-22T06:10:00.000000Z",
        "provinsi": null,
        "kabkota": "Tapin",
        "desa": "Sawaja",
        "hs_id": "2026-09-22T06:10:00.000000Z",
        "provinsi_id": 12,
        "long": 114.90514,
        "ori_sumber": null,
        "desa_id": null,
        "counter": 5,
        "confidence_level": "medium",
        "kawasan": "",
        "kecamatan": "Candi Laras Utara",
        "nama_provinsi": "Kalimantan Selatan",
        "pulau": "",
        "route_create": "https://opsroom.sipongidata.my.id/daops/laporan/groundcheck/create/form",
        "hotspot_date": "2026-09-22",
        "distance_hgu_km": 1.675,
        "zone": "1–3 km",
        "location_status": "OUTSIDE HGU"
      }
    },
    {
      "type": "Feature",
      "geometry": {
        "type": "Point",
        "coordinates": [
          114.85197,
          -2.82025
        ]
      },
      "properties": {
        "confidence": "medium",
        "confidence_value": null,
        "sumber": "NASA-SNPP",
        "date_hotspot": "Selasa, 22 September 2026 13:10:00",
        "date_hotspot_ori": "2026-09-22T06:10:00.000000Z",
        "provinsi": null,
        "kabkota": "Tapin",
        "desa": "Batalas",
        "hs_id": "2026-09-22T06:10:00.000000Z",
        "provinsi_id": 12,
        "long": 114.85197,
        "ori_sumber": null,
        "desa_id": null,
        "counter": 1,
        "confidence_level": "medium",
        "kawasan": "",
        "kecamatan": "Candi Laras Utara",
        "nama_provinsi": "Kalimantan Selatan",
        "pulau": "",
        "route_create": "https://opsroom.sipongidata.my.id/daops/laporan/groundcheck/create/form",
        "hotspot_date": "2026-09-22",
        "distance_hgu_km": 0.0,
        "zone": "Inside HGU",
        "location_status": "INSIDE HGU"
      }
    },
    {
      "type": "Feature",
      "geometry": {
        "type": "Point",
        "coordinates": [
          114.88972,
          -2.85093
        ]
      },
      "properties": {
        "confidence": "medium",
        "confidence_value": null,
        "sumber": "NASA-SNPP",
        "date_hotspot": "Selasa, 22 September 2026 13:10:00",
        "date_hotspot_ori": "2026-09-22T06:10:00.000000Z",
        "provinsi": null,
        "kabkota": "Tapin",
        "desa": "Margasari Hulu",
        "hs_id": "2026-09-22T06:10:00.000000Z",
        "provinsi_id": 12,
        "long": 114.88972,
        "ori_sumber": null,
        "desa_id": null,
        "counter": 3,
        "confidence_level": "medium",
        "kawasan": "",
        "kecamatan": "Candi Laras Selatan",
        "nama_provinsi": "Kalimantan Selatan",
        "pulau": "",
        "route_create": "https://opsroom.sipongidata.my.id/daops/laporan/groundcheck/create/form",
        "hotspot_date": "2026-09-22",
        "distance_hgu_km": 0.371,
        "zone": "0–1 km",
        "location_status": "OUTSIDE HGU"
      }
    },
    {
      "type": "Feature",
      "geometry": {
        "type": "Point",
        "coordinates": [
          114.93255,
          -2.65738
        ]
      },
      "properties": {
        "confidence": "medium",
        "confidence_value": null,
        "sumber": "NASA-SNPP",
        "date_hotspot": "Kamis, 03 September 2026 12:25:00",
        "date_hotspot_ori": "2026-09-03T05:25:00.000000Z",
        "provinsi": null,
        "kabkota": "Tapin",
        "desa": "Sawaja",
        "hs_id": "2026-09-03T05:25:00.000000Z",
        "provinsi_id": 12,
        "long": 114.93255,
        "ori_sumber": null,
        "desa_id": null,
        "counter": 4,
        "confidence_level": "medium",
        "kawasan": "",
        "kecamatan": "Candi Laras Utara",
        "nama_provinsi": "Kalimantan Selatan",
        "pulau": "",
        "route_create": "https://opsroom.sipongidata.my.id/daops/laporan/groundcheck/create/form",
        "hotspot_date": "2026-09-03",
        "distance_hgu_km": 3.869,
        "zone": "3–5 km",
        "location_status": "OUTSIDE HGU"
      }
    },
    {
      "type": "Feature",
      "geometry": {
        "type": "Point",
        "coordinates": [
          114.95982,
          -2.76005
        ]
      },
      "properties": {
        "confidence": "medium",
        "confidence_value": null,
        "sumber": "NASA-SNPP",
        "date_hotspot": "Kamis, 03 September 2026 12:25:00",
        "date_hotspot_ori": "2026-09-03T05:25:00.000000Z",
        "provinsi": null,
        "kabkota": "Tapin",
        "desa": "Buas-Buas",
        "hs_id": "2026-09-03T05:25:00.000000Z",
        "provinsi_id": 12,
        "long": 114.95982,
        "ori_sumber": null,
        "desa_id": null,
        "counter": 1,
        "confidence_level": "medium",
        "kawasan": "",
        "kecamatan": "Candi Laras Utara",
        "nama_provinsi": "Kalimantan Selatan",
        "pulau": "",
        "route_create": "https://opsroom.sipongidata.my.id/daops/laporan/groundcheck/create/form",
        "hotspot_date": "2026-09-03",
        "distance_hgu_km": 2.443,
        "zone": "1–3 km",
        "location_status": "OUTSIDE HGU"
      }
    },
    {
      "type": "Feature",
      "geometry": {
        "type": "Point",
        "coordinates": [
          114.92176,
          -2.65205
        ]
      },
      "properties": {
        "confidence": "medium",
        "confidence_value": null,
        "sumber": "NASA-NOAA20",
        "date_hotspot": "Jumat, 04 September 2026 01:28:00",
        "date_hotspot_ori": "2026-09-03T18:28:00.000000Z",
        "provinsi": null,
        "kabkota": "Tapin",
        "desa": "Sawaja",
        "hs_id": "2026-09-03T18:28:00.000000Z",
        "provinsi_id": 12,
        "long": 114.92176,
        "ori_sumber": null,
        "desa_id": null,
        "counter": 3,
        "confidence_level": "medium",
        "kawasan": "",
        "kecamatan": "Candi Laras Utara",
        "nama_provinsi": "Kalimantan Selatan",
        "pulau": "",
        "route_create": "https://opsroom.sipongidata.my.id/daops/laporan/groundcheck/create/form",
        "hotspot_date": "2026-09-04",
        "distance_hgu_km": 4.452,
        "zone": "3–5 km",
        "location_status": "OUTSIDE HGU"
      }
    },
    {
      "type": "Feature",
      "geometry": {
        "type": "Point",
        "coordinates": [
          114.93314,
          -2.65374
        ]
      },
      "properties": {
        "confidence": "medium",
        "confidence_value": null,
        "sumber": "NASA-NOAA20",
        "date_hotspot": "Jumat, 04 September 2026 01:28:00",
        "date_hotspot_ori": "2026-09-03T18:28:00.000000Z",
        "provinsi": null,
        "kabkota": "Tapin",
        "desa": "Sawaja",
        "hs_id": "2026-09-03T18:28:00.000000Z",
        "provinsi_id": 12,
        "long": 114.93314,
        "ori_sumber": null,
        "desa_id": null,
        "counter": 4,
        "confidence_level": "medium",
        "kawasan": "",
        "kecamatan": "Candi Laras Utara",
        "nama_provinsi": "Kalimantan Selatan",
        "pulau": "",
        "route_create": "https://opsroom.sipongidata.my.id/daops/laporan/groundcheck/create/form",
        "hotspot_date": "2026-09-04",
        "distance_hgu_km": 4.271,
        "zone": "3–5 km",
        "location_status": "OUTSIDE HGU"
      }
    },
    {
      "type": "Feature",
      "geometry": {
        "type": "Point",
        "coordinates": [
          114.92934,
          -2.65318
        ]
      },
      "properties": {
        "confidence": "medium",
        "confidence_value": null,
        "sumber": "NASA-NOAA20",
        "date_hotspot": "Jumat, 04 September 2026 01:28:00",
        "date_hotspot_ori": "2026-09-03T18:28:00.000000Z",
        "provinsi": null,
        "kabkota": "Tapin",
        "desa": "Sawaja",
        "hs_id": "2026-09-03T18:28:00.000000Z",
        "provinsi_id": 12,
        "long": 114.92934,
        "ori_sumber": null,
        "desa_id": null,
        "counter": 4,
        "confidence_level": "medium",
        "kawasan": "",
        "kecamatan": "Candi Laras Utara",
        "nama_provinsi": "Kalimantan Selatan",
        "pulau": "",
        "route_create": "https://opsroom.sipongidata.my.id/daops/laporan/groundcheck/create/form",
        "hotspot_date": "2026-09-04",
        "distance_hgu_km": 4.332,
        "zone": "3–5 km",
        "location_status": "OUTSIDE HGU"
      }
    },
    {
      "type": "Feature",
      "geometry": {
        "type": "Point",
        "coordinates": [
          114.92602,
          -2.65318
        ]
      },
      "properties": {
        "confidence": "medium",
        "confidence_value": null,
        "sumber": "NASA-SNPP",
        "date_hotspot": "Jumat, 04 September 2026 01:09:00",
        "date_hotspot_ori": "2026-09-03T18:09:00.000000Z",
        "provinsi": null,
        "kabkota": "Tapin",
        "desa": "Sawaja",
        "hs_id": "2026-09-03T18:09:00.000000Z",
        "provinsi_id": 12,
        "long": 114.92602,
        "ori_sumber": null,
        "desa_id": null,
        "counter": 5,
        "confidence_level": "medium",
        "kawasan": "",
        "kecamatan": "Candi Laras Utara",
        "nama_provinsi": "Kalimantan Selatan",
        "pulau": "",
        "route_create": "https://opsroom.sipongidata.my.id/daops/laporan/groundcheck/create/form",
        "hotspot_date": "2026-09-04",
        "distance_hgu_km": 4.329,
        "zone": "3–5 km",
        "location_status": "OUTSIDE HGU"
      }
    },
    {
      "type": "Feature",
      "geometry": {
        "type": "Point",
        "coordinates": [
          114.93031,
          -2.65385
        ]
      },
      "properties": {
        "confidence": "medium",
        "confidence_value": null,
        "sumber": "NASA-SNPP",
        "date_hotspot": "Jumat, 04 September 2026 01:09:00",
        "date_hotspot_ori": "2026-09-03T18:09:00.000000Z",
        "provinsi": null,
        "kabkota": "Tapin",
        "desa": "Sawaja",
        "hs_id": "2026-09-03T18:09:00.000000Z",
        "provinsi_id": 12,
        "long": 114.93031,
        "ori_sumber": null,
        "desa_id": null,
        "counter": 5,
        "confidence_level": "medium",
        "kawasan": "",
        "kecamatan": "Candi Laras Utara",
        "nama_provinsi": "Kalimantan Selatan",
        "pulau": "",
        "route_create": "https://opsroom.sipongidata.my.id/daops/laporan/groundcheck/create/form",
        "hotspot_date": "2026-09-04",
        "distance_hgu_km": 4.259,
        "zone": "3–5 km",
        "location_status": "OUTSIDE HGU"
      }
    },
    {
      "type": "Feature",
      "geometry": {
        "type": "Point",
        "coordinates": [
          114.9346,
          -2.65453
        ]
      },
      "properties": {
        "confidence": "medium",
        "confidence_value": null,
        "sumber": "NASA-SNPP",
        "date_hotspot": "Jumat, 04 September 2026 01:09:00",
        "date_hotspot_ori": "2026-09-03T18:09:00.000000Z",
        "provinsi": null,
        "kabkota": "Tapin",
        "desa": "Sawaja",
        "hs_id": "2026-09-03T18:09:00.000000Z",
        "provinsi_id": 12,
        "long": 114.9346,
        "ori_sumber": null,
        "desa_id": null,
        "counter": 5,
        "confidence_level": "medium",
        "kawasan": "",
        "kecamatan": "Candi Laras Utara",
        "nama_provinsi": "Kalimantan Selatan",
        "pulau": "",
        "route_create": "https://opsroom.sipongidata.my.id/daops/laporan/groundcheck/create/form",
        "hotspot_date": "2026-09-04",
        "distance_hgu_km": 4.183,
        "zone": "3–5 km",
        "location_status": "OUTSIDE HGU"
      }
    },
    {
      "type": "Feature",
      "geometry": {
        "type": "Point",
        "coordinates": [
          114.9514,
          -2.80239
        ]
      },
      "properties": {
        "confidence": "medium",
        "confidence_value": null,
        "sumber": "NASA-SNPP",
        "date_hotspot": "Jumat, 04 September 2026 13:48:00",
        "date_hotspot_ori": "2026-09-04T06:48:00.000000Z",
        "provinsi": null,
        "kabkota": "Tapin",
        "desa": "Rawana Hulu",
        "hs_id": "2026-09-04T06:48:00.000000Z",
        "provinsi_id": 12,
        "long": 114.9514,
        "ori_sumber": null,
        "desa_id": null,
        "counter": 1,
        "confidence_level": "medium",
        "kawasan": "",
        "kecamatan": "Candi Laras Utara",
        "nama_provinsi": "Kalimantan Selatan",
        "pulau": "",
        "route_create": "https://opsroom.sipongidata.my.id/daops/laporan/groundcheck/create/form",
        "hotspot_date": "2026-09-04",
        "distance_hgu_km": 4.76,
        "zone": "3–5 km",
        "location_status": "OUTSIDE HGU"
      }
    },
    {
      "type": "Feature",
      "geometry": {
        "type": "Point",
        "coordinates": [
          114.9024,
          -2.68429
        ]
      },
      "properties": {
        "confidence": "medium",
        "confidence_value": null,
        "sumber": "NASA-NOAA20",
        "date_hotspot": "Jumat, 18 September 2026 13:03:00",
        "date_hotspot_ori": "2026-09-18T06:03:00.000000Z",
        "provinsi": null,
        "kabkota": "Tapin",
        "desa": "Buas-Buas",
        "hs_id": "2026-09-18T06:03:00.000000Z",
        "provinsi_id": 12,
        "long": 114.9024,
        "ori_sumber": null,
        "desa_id": null,
        "counter": 1,
        "confidence_level": "medium",
        "kawasan": "",
        "kecamatan": "Candi Laras Utara",
        "nama_provinsi": "Kalimantan Selatan",
        "pulau": "",
        "route_create": "https://opsroom.sipongidata.my.id/daops/laporan/groundcheck/create/form",
        "hotspot_date": "2026-09-18",
        "distance_hgu_km": 1.201,
        "zone": "1–3 km",
        "location_status": "OUTSIDE HGU"
      }
    },
    {
      "type": "Feature",
      "geometry": {
        "type": "Point",
        "coordinates": [
          114.87975,
          -2.79215
        ]
      },
      "properties": {
        "confidence": "medium",
        "confidence_value": null,
        "sumber": "NASA-SNPP",
        "date_hotspot": "Sabtu, 12 September 2026 00:17:00",
        "date_hotspot_ori": "2026-09-11T17:17:00.000000Z",
        "provinsi": null,
        "kabkota": "Tapin",
        "desa": "Teluk Haur",
        "hs_id": "2026-09-11T17:17:00.000000Z",
        "provinsi_id": 12,
        "long": 114.87975,
        "ori_sumber": null,
        "desa_id": null,
        "counter": 1,
        "confidence_level": "medium",
        "kawasan": "",
        "kecamatan": "Candi Laras Utara",
        "nama_provinsi": "Kalimantan Selatan",
        "pulau": "",
        "route_create": "https://opsroom.sipongidata.my.id/daops/laporan/groundcheck/create/form",
        "hotspot_date": "2026-09-12",
        "distance_hgu_km": 1.356,
        "zone": "1–3 km",
        "location_status": "OUTSIDE HGU"
      }
    },
    {
      "type": "Feature",
      "geometry": {
        "type": "Point",
        "coordinates": [
          114.88135,
          -2.80357
        ]
      },
      "properties": {
        "confidence": "medium",
        "confidence_value": null,
        "sumber": "NASA-SNPP",
        "date_hotspot": "Sabtu, 12 September 2026 00:17:00",
        "date_hotspot_ori": "2026-09-11T17:17:00.000000Z",
        "provinsi": null,
        "kabkota": "Tapin",
        "desa": "Batalas",
        "hs_id": "2026-09-11T17:17:00.000000Z",
        "provinsi_id": 12,
        "long": 114.88135,
        "ori_sumber": null,
        "desa_id": null,
        "counter": 2,
        "confidence_level": "medium",
        "kawasan": "",
        "kecamatan": "Candi Laras Utara",
        "nama_provinsi": "Kalimantan Selatan",
        "pulau": "",
        "route_create": "https://opsroom.sipongidata.my.id/daops/laporan/groundcheck/create/form",
        "hotspot_date": "2026-09-12",
        "distance_hgu_km": 1.548,
        "zone": "1–3 km",
        "location_status": "OUTSIDE HGU"
      }
    },
    {
      "type": "Feature",
      "geometry": {
        "type": "Point",
        "coordinates": [
          114.95793,
          -2.76256
        ]
      },
      "properties": {
        "confidence": "medium",
        "confidence_value": null,
        "sumber": "NASA-SNPP",
        "date_hotspot": "Sabtu, 05 September 2026 13:31:00",
        "date_hotspot_ori": "2026-09-05T06:31:00.000000Z",
        "provinsi": null,
        "kabkota": "Tapin",
        "desa": "Buas-Buas",
        "hs_id": "2026-09-05T06:31:00.000000Z",
        "provinsi_id": 12,
        "long": 114.95793,
        "ori_sumber": null,
        "desa_id": null,
        "counter": 1,
        "confidence_level": "medium",
        "kawasan": "",
        "kecamatan": "Candi Laras Utara",
        "nama_provinsi": "Kalimantan Selatan",
        "pulau": "",
        "route_create": "https://opsroom.sipongidata.my.id/daops/laporan/groundcheck/create/form",
        "hotspot_date": "2026-09-05",
        "distance_hgu_km": 2.716,
        "zone": "1–3 km",
        "location_status": "OUTSIDE HGU"
      }
    },
    {
      "type": "Feature",
      "geometry": {
        "type": "Point",
        "coordinates": [
          114.89674,
          -2.67934
        ]
      },
      "properties": {
        "confidence": "medium",
        "confidence_value": null,
        "sumber": "NASA-NOAA20",
        "date_hotspot": "Sabtu, 19 September 2026 00:07:00",
        "date_hotspot_ori": "2026-09-18T17:07:00.000000Z",
        "provinsi": null,
        "kabkota": "Tapin",
        "desa": "Buas-Buas",
        "hs_id": "2026-09-18T17:07:00.000000Z",
        "provinsi_id": 12,
        "long": 114.89674,
        "ori_sumber": null,
        "desa_id": null,
        "counter": 2,
        "confidence_level": "medium",
        "kawasan": "",
        "kecamatan": "Candi Laras Utara",
        "nama_provinsi": "Kalimantan Selatan",
        "pulau": "",
        "route_create": "https://opsroom.sipongidata.my.id/daops/laporan/groundcheck/create/form",
        "hotspot_date": "2026-09-19",
        "distance_hgu_km": 2.032,
        "zone": "1–3 km",
        "location_status": "OUTSIDE HGU"
      }
    },
    {
      "type": "Feature",
      "geometry": {
        "type": "Point",
        "coordinates": [
          114.89897,
          -2.68336
        ]
      },
      "properties": {
        "confidence": "medium",
        "confidence_value": null,
        "sumber": "NASA-NOAA20",
        "date_hotspot": "Sabtu, 19 September 2026 00:07:00",
        "date_hotspot_ori": "2026-09-18T17:07:00.000000Z",
        "provinsi": null,
        "kabkota": "Tapin",
        "desa": "Buas-Buas",
        "hs_id": "2026-09-18T17:07:00.000000Z",
        "provinsi_id": 12,
        "long": 114.89897,
        "ori_sumber": null,
        "desa_id": null,
        "counter": 2,
        "confidence_level": "medium",
        "kawasan": "",
        "kecamatan": "Candi Laras Utara",
        "nama_provinsi": "Kalimantan Selatan",
        "pulau": "",
        "route_create": "https://opsroom.sipongidata.my.id/daops/laporan/groundcheck/create/form",
        "hotspot_date": "2026-09-19",
        "distance_hgu_km": 1.548,
        "zone": "1–3 km",
        "location_status": "OUTSIDE HGU"
      }
    },
    {
      "type": "Feature",
      "geometry": {
        "type": "Point",
        "coordinates": [
          114.92605,
          -2.65326
        ]
      },
      "properties": {
        "confidence": "medium",
        "confidence_value": null,
        "sumber": "NASA-SNPP",
        "date_hotspot": "Minggu, 06 September 2026 00:32:00",
        "date_hotspot_ori": "2026-09-05T17:32:00.000000Z",
        "provinsi": null,
        "kabkota": "Tapin",
        "desa": "Sawaja",
        "hs_id": "2026-09-05T17:32:00.000000Z",
        "provinsi_id": 12,
        "long": 114.92605,
        "ori_sumber": null,
        "desa_id": null,
        "counter": 7,
        "confidence_level": "medium",
        "kawasan": "",
        "kecamatan": "Candi Laras Utara",
        "nama_provinsi": "Kalimantan Selatan",
        "pulau": "",
        "route_create": "https://opsroom.sipongidata.my.id/daops/laporan/groundcheck/create/form",
        "hotspot_date": "2026-09-06",
        "distance_hgu_km": 4.32,
        "zone": "3–5 km",
        "location_status": "OUTSIDE HGU"
      }
    },
    {
      "type": "Feature",
      "geometry": {
        "type": "Point",
        "coordinates": [
          114.93084,
          -2.65938
        ]
      },
      "properties": {
        "confidence": "medium",
        "confidence_value": null,
        "sumber": "NASA-SNPP",
        "date_hotspot": "Minggu, 06 September 2026 00:32:00",
        "date_hotspot_ori": "2026-09-05T17:32:00.000000Z",
        "provinsi": null,
        "kabkota": "Tapin",
        "desa": "Sawaja",
        "hs_id": "2026-09-05T17:32:00.000000Z",
        "provinsi_id": 12,
        "long": 114.93084,
        "ori_sumber": null,
        "desa_id": null,
        "counter": 7,
        "confidence_level": "medium",
        "kawasan": "",
        "kecamatan": "Candi Laras Utara",
        "nama_provinsi": "Kalimantan Selatan",
        "pulau": "",
        "route_create": "https://opsroom.sipongidata.my.id/daops/laporan/groundcheck/create/form",
        "hotspot_date": "2026-09-06",
        "distance_hgu_km": 3.648,
        "zone": "3–5 km",
        "location_status": "OUTSIDE HGU"
      }
    },
    {
      "type": "Feature",
      "geometry": {
        "type": "Point",
        "coordinates": [
          114.90108,
          -2.68005
        ]
      },
      "properties": {
        "confidence": "medium",
        "confidence_value": null,
        "sumber": "NASA-NOAA20",
        "date_hotspot": "Sabtu, 19 September 2026 00:07:00",
        "date_hotspot_ori": "2026-09-18T17:07:00.000000Z",
        "provinsi": null,
        "kabkota": "Tapin",
        "desa": "Sawaja",
        "hs_id": "2026-09-18T17:07:00.000000Z",
        "provinsi_id": 12,
        "long": 114.90108,
        "ori_sumber": null,
        "desa_id": null,
        "counter": 2,
        "confidence_level": "medium",
        "kawasan": "",
        "kecamatan": "Candi Laras Utara",
        "nama_provinsi": "Kalimantan Selatan",
        "pulau": "",
        "route_create": "https://opsroom.sipongidata.my.id/daops/laporan/groundcheck/create/form",
        "hotspot_date": "2026-09-19",
        "distance_hgu_km": 1.659,
        "zone": "1–3 km",
        "location_status": "OUTSIDE HGU"
      }
    },
    {
      "type": "Feature",
      "geometry": {
        "type": "Point",
        "coordinates": [
          114.9054,
          -2.68077
        ]
      },
      "properties": {
        "confidence": "medium",
        "confidence_value": null,
        "sumber": "NASA-NOAA20",
        "date_hotspot": "Sabtu, 19 September 2026 00:07:00",
        "date_hotspot_ori": "2026-09-18T17:07:00.000000Z",
        "provinsi": null,
        "kabkota": "Tapin",
        "desa": "Sawaja",
        "hs_id": "2026-09-18T17:07:00.000000Z",
        "provinsi_id": 12,
        "long": 114.9054,
        "ori_sumber": null,
        "desa_id": null,
        "counter": 2,
        "confidence_level": "medium",
        "kawasan": "",
        "kecamatan": "Candi Laras Utara",
        "nama_provinsi": "Kalimantan Selatan",
        "pulau": "",
        "route_create": "https://opsroom.sipongidata.my.id/daops/laporan/groundcheck/create/form",
        "hotspot_date": "2026-09-19",
        "distance_hgu_km": 1.362,
        "zone": "1–3 km",
        "location_status": "OUTSIDE HGU"
      }
    },
    {
      "type": "Feature",
      "geometry": {
        "type": "Point",
        "coordinates": [
          114.90642,
          -2.67485
        ]
      },
      "properties": {
        "confidence": "medium",
        "confidence_value": null,
        "sumber": "NASA-NOAA20",
        "date_hotspot": "Sabtu, 19 September 2026 00:07:00",
        "date_hotspot_ori": "2026-09-18T17:07:00.000000Z",
        "provinsi": null,
        "kabkota": "Tapin",
        "desa": "Sawaja",
        "hs_id": "2026-09-18T17:07:00.000000Z",
        "provinsi_id": 12,
        "long": 114.90642,
        "ori_sumber": null,
        "desa_id": null,
        "counter": 2,
        "confidence_level": "medium",
        "kawasan": "",
        "kecamatan": "Candi Laras Utara",
        "nama_provinsi": "Kalimantan Selatan",
        "pulau": "",
        "route_create": "https://opsroom.sipongidata.my.id/daops/laporan/groundcheck/create/form",
        "hotspot_date": "2026-09-19",
        "distance_hgu_km": 1.965,
        "zone": "1–3 km",
        "location_status": "OUTSIDE HGU"
      }
    },
    {
      "type": "Feature",
      "geometry": {
        "type": "Point",
        "coordinates": [
          114.9321,
          -2.65428
        ]
      },
      "properties": {
        "confidence": "medium",
        "confidence_value": null,
        "sumber": "NASA-NOAA20",
        "date_hotspot": "Minggu, 06 September 2026 00:49:00",
        "date_hotspot_ori": "2026-09-05T17:49:00.000000Z",
        "provinsi": null,
        "kabkota": "Tapin",
        "desa": "Sawaja",
        "hs_id": "2026-09-05T17:49:00.000000Z",
        "provinsi_id": 12,
        "long": 114.9321,
        "ori_sumber": null,
        "desa_id": null,
        "counter": 6,
        "confidence_level": "medium",
        "kawasan": "",
        "kecamatan": "Candi Laras Utara",
        "nama_provinsi": "Kalimantan Selatan",
        "pulau": "",
        "route_create": "https://opsroom.sipongidata.my.id/daops/laporan/groundcheck/create/form",
        "hotspot_date": "2026-09-06",
        "distance_hgu_km": 4.212,
        "zone": "3–5 km",
        "location_status": "OUTSIDE HGU"
      }
    },
    {
      "type": "Feature",
      "geometry": {
        "type": "Point",
        "coordinates": [
          114.84799,
          -2.96673
        ]
      },
      "properties": {
        "confidence": "medium",
        "confidence_value": null,
        "sumber": "NASA-NOAA20",
        "date_hotspot": "Senin, 28 September 2026 13:18:00",
        "date_hotspot_ori": "2026-09-28T06:18:00.000000Z",
        "provinsi": null,
        "kabkota": "Tapin",
        "desa": "Keladan",
        "hs_id": "2026-09-28T06:18:00.000000Z",
        "provinsi_id": 12,
        "long": 114.84799,
        "ori_sumber": null,
        "desa_id": null,
        "counter": 1,
        "confidence_level": "medium",
        "kawasan": "",
        "kecamatan": "Candi Laras Utara",
        "nama_provinsi": "Kalimantan Selatan",
        "pulau": "",
        "route_create": "https://opsroom.sipongidata.my.id/daops/laporan/groundcheck/create/form",
        "hotspot_date": "2026-09-28",
        "distance_hgu_km": 3.163,
        "zone": "3–5 km",
        "location_status": "OUTSIDE HGU"
      }
    },
    {
      "type": "Feature",
      "geometry": {
        "type": "Point",
        "coordinates": [
          114.81438,
          -2.88743
        ]
      },
      "properties": {
        "confidence": "medium",
        "confidence_value": null,
        "sumber": "NASA-NOAA20",
        "date_hotspot": "Senin, 28 September 2026 13:18:00",
        "date_hotspot_ori": "2026-09-28T06:18:00.000000Z",
        "provinsi": null,
        "kabkota": "Barito Kuala",
        "desa": "Banitan",
        "hs_id": "2026-09-28T06:18:00.000000Z",
        "provinsi_id": 12,
        "long": 114.81438,
        "ori_sumber": null,
        "desa_id": null,
        "counter": 1,
        "confidence_level": "medium",
        "kawasan": "",
        "kecamatan": "Bakumpai",
        "nama_provinsi": "Kalimantan Selatan",
        "pulau": "",
        "route_create": "https://opsroom.sipongidata.my.id/daops/laporan/groundcheck/create/form",
        "hotspot_date": "2026-09-28",
        "distance_hgu_km": 1.894,
        "zone": "1–3 km",
        "location_status": "OUTSIDE HGU"
      }
    },
    {
      "type": "Feature",
      "geometry": {
        "type": "Point",
        "coordinates": [
          114.80448,
          -2.93359
        ]
      },
      "properties": {
        "confidence": "medium",
        "confidence_value": null,
        "sumber": "NASA-NOAA20",
        "date_hotspot": "Senin, 28 September 2026 13:18:00",
        "date_hotspot_ori": "2026-09-28T06:18:00.000000Z",
        "provinsi": null,
        "kabkota": "Barito Kuala",
        "desa": "Banitan",
        "hs_id": "2026-09-28T06:18:00.000000Z",
        "provinsi_id": 12,
        "long": 114.80448,
        "ori_sumber": null,
        "desa_id": null,
        "counter": 1,
        "confidence_level": "medium",
        "kawasan": "",
        "kecamatan": "Bakumpai",
        "nama_provinsi": "Kalimantan Selatan",
        "pulau": "",
        "route_create": "https://opsroom.sipongidata.my.id/daops/laporan/groundcheck/create/form",
        "hotspot_date": "2026-09-28",
        "distance_hgu_km": 0.966,
        "zone": "0–1 km",
        "location_status": "OUTSIDE HGU"
      }
    },
    {
      "type": "Feature",
      "geometry": {
        "type": "Point",
        "coordinates": [
          114.85731,
          -2.91613
        ]
      },
      "properties": {
        "confidence": "medium",
        "confidence_value": null,
        "sumber": "NASA-NOAA20",
        "date_hotspot": "Senin, 28 September 2026 13:18:00",
        "date_hotspot_ori": "2026-09-28T06:18:00.000000Z",
        "provinsi": null,
        "kabkota": "Tapin",
        "desa": "Sungai Selai",
        "hs_id": "2026-09-28T06:18:00.000000Z",
        "provinsi_id": 12,
        "long": 114.85731,
        "ori_sumber": null,
        "desa_id": null,
        "counter": 1,
        "confidence_level": "medium",
        "kawasan": "",
        "kecamatan": "Candi Laras Utara",
        "nama_provinsi": "Kalimantan Selatan",
        "pulau": "",
        "route_create": "https://opsroom.sipongidata.my.id/daops/laporan/groundcheck/create/form",
        "hotspot_date": "2026-09-28",
        "distance_hgu_km": 0.36,
        "zone": "0–1 km",
        "location_status": "OUTSIDE HGU"
      }
    },
    {
      "type": "Feature",
      "geometry": {
        "type": "Point",
        "coordinates": [
          114.80322,
          -2.89228
        ]
      },
      "properties": {
        "confidence": "medium",
        "confidence_value": null,
        "sumber": "NASA-NOAA20",
        "date_hotspot": "Senin, 28 September 2026 13:18:00",
        "date_hotspot_ori": "2026-09-28T06:18:00.000000Z",
        "provinsi": null,
        "kabkota": "Barito Kuala",
        "desa": "Banitan",
        "hs_id": "2026-09-28T06:18:00.000000Z",
        "provinsi_id": 12,
        "long": 114.80322,
        "ori_sumber": null,
        "desa_id": null,
        "counter": 1,
        "confidence_level": "medium",
        "kawasan": "",
        "kecamatan": "Bakumpai",
        "nama_provinsi": "Kalimantan Selatan",
        "pulau": "",
        "route_create": "https://opsroom.sipongidata.my.id/daops/laporan/groundcheck/create/form",
        "hotspot_date": "2026-09-28",
        "distance_hgu_km": 2.794,
        "zone": "1–3 km",
        "location_status": "OUTSIDE HGU"
      }
    },
    {
      "type": "Feature",
      "geometry": {
        "type": "Point",
        "coordinates": [
          114.8157,
          -2.89032
        ]
      },
      "properties": {
        "confidence": "medium",
        "confidence_value": null,
        "sumber": "NASA-NOAA20",
        "date_hotspot": "Senin, 28 September 2026 13:18:00",
        "date_hotspot_ori": "2026-09-28T06:18:00.000000Z",
        "provinsi": null,
        "kabkota": "Barito Kuala",
        "desa": "Banitan",
        "hs_id": "2026-09-28T06:18:00.000000Z",
        "provinsi_id": 12,
        "long": 114.8157,
        "ori_sumber": null,
        "desa_id": null,
        "counter": 1,
        "confidence_level": "medium",
        "kawasan": "",
        "kecamatan": "Bakumpai",
        "nama_provinsi": "Kalimantan Selatan",
        "pulau": "",
        "route_create": "https://opsroom.sipongidata.my.id/daops/laporan/groundcheck/create/form",
        "hotspot_date": "2026-09-28",
        "distance_hgu_km": 1.625,
        "zone": "1–3 km",
        "location_status": "OUTSIDE HGU"
      }
    },
    {
      "type": "Feature",
      "geometry": {
        "type": "Point",
        "coordinates": [
          114.78233,
          -2.95494
        ]
      },
      "properties": {
        "confidence": "medium",
        "confidence_value": null,
        "sumber": "NASA-NOAA20",
        "date_hotspot": "Senin, 28 September 2026 13:18:00",
        "date_hotspot_ori": "2026-09-28T06:18:00.000000Z",
        "provinsi": null,
        "kabkota": "Barito Kuala",
        "desa": "Murung Raya",
        "hs_id": "2026-09-28T06:18:00.000000Z",
        "provinsi_id": 12,
        "long": 114.78233,
        "ori_sumber": null,
        "desa_id": null,
        "counter": 1,
        "confidence_level": "medium",
        "kawasan": "",
        "kecamatan": "Bakumpai",
        "nama_provinsi": "Kalimantan Selatan",
        "pulau": "",
        "route_create": "https://opsroom.sipongidata.my.id/daops/laporan/groundcheck/create/form",
        "hotspot_date": "2026-09-28",
        "distance_hgu_km": 4.191,
        "zone": "3–5 km",
        "location_status": "OUTSIDE HGU"
      }
    },
    {
      "type": "Feature",
      "geometry": {
        "type": "Point",
        "coordinates": [
          114.8176,
          -2.86692
        ]
      },
      "properties": {
        "confidence": "medium",
        "confidence_value": null,
        "sumber": "NASA-NOAA20",
        "date_hotspot": "Selasa, 29 September 2026 12:57:00",
        "date_hotspot_ori": "2026-09-29T05:57:00.000000Z",
        "provinsi": null,
        "kabkota": "Barito Kuala",
        "desa": "Banitan",
        "hs_id": "2026-09-29T05:57:00.000000Z",
        "provinsi_id": 12,
        "long": 114.8176,
        "ori_sumber": null,
        "desa_id": null,
        "counter": 2,
        "confidence_level": "medium",
        "kawasan": "",
        "kecamatan": "Bakumpai",
        "nama_provinsi": "Kalimantan Selatan",
        "pulau": "",
        "route_create": "https://opsroom.sipongidata.my.id/daops/laporan/groundcheck/create/form",
        "hotspot_date": "2026-09-29",
        "distance_hgu_km": 2.399,
        "zone": "1–3 km",
        "location_status": "OUTSIDE HGU"
      }
    },
    {
      "type": "Feature",
      "geometry": {
        "type": "Point",
        "coordinates": [
          114.82168,
          -2.86973
        ]
      },
      "properties": {
        "confidence": "medium",
        "confidence_value": null,
        "sumber": "NASA-NOAA20",
        "date_hotspot": "Selasa, 29 September 2026 12:57:00",
        "date_hotspot_ori": "2026-09-29T05:57:00.000000Z",
        "provinsi": null,
        "kabkota": "Barito Kuala",
        "desa": "Banitan",
        "hs_id": "2026-09-29T05:57:00.000000Z",
        "provinsi_id": 12,
        "long": 114.82168,
        "ori_sumber": null,
        "desa_id": null,
        "counter": 2,
        "confidence_level": "medium",
        "kawasan": "",
        "kecamatan": "Bakumpai",
        "nama_provinsi": "Kalimantan Selatan",
        "pulau": "",
        "route_create": "https://opsroom.sipongidata.my.id/daops/laporan/groundcheck/create/form",
        "hotspot_date": "2026-09-29",
        "distance_hgu_km": 1.868,
        "zone": "1–3 km",
        "location_status": "OUTSIDE HGU"
      }
    },
    {
      "type": "Feature",
      "geometry": {
        "type": "Point",
        "coordinates": [
          114.84418,
          -2.96963
        ]
      },
      "properties": {
        "confidence": "medium",
        "confidence_value": null,
        "sumber": "NASA-NOAA20",
        "date_hotspot": "Selasa, 29 September 2026 12:57:00",
        "date_hotspot_ori": "2026-09-29T05:57:00.000000Z",
        "provinsi": null,
        "kabkota": "Tapin",
        "desa": "Keladan",
        "hs_id": "2026-09-29T05:57:00.000000Z",
        "provinsi_id": 12,
        "long": 114.84418,
        "ori_sumber": null,
        "desa_id": null,
        "counter": 2,
        "confidence_level": "medium",
        "kawasan": "",
        "kecamatan": "Candi Laras Utara",
        "nama_provinsi": "Kalimantan Selatan",
        "pulau": "",
        "route_create": "https://opsroom.sipongidata.my.id/daops/laporan/groundcheck/create/form",
        "hotspot_date": "2026-09-29",
        "distance_hgu_km": 3.347,
        "zone": "3–5 km",
        "location_status": "OUTSIDE HGU"
      }
    },
    {
      "type": "Feature",
      "geometry": {
        "type": "Point",
        "coordinates": [
          114.85181,
          -2.97034
        ]
      },
      "properties": {
        "confidence": "medium",
        "confidence_value": null,
        "sumber": "NASA-NOAA20",
        "date_hotspot": "Selasa, 29 September 2026 12:57:00",
        "date_hotspot_ori": "2026-09-29T05:57:00.000000Z",
        "provinsi": null,
        "kabkota": "Tapin",
        "desa": "Keladan",
        "hs_id": "2026-09-29T05:57:00.000000Z",
        "provinsi_id": 12,
        "long": 114.85181,
        "ori_sumber": null,
        "desa_id": null,
        "counter": 2,
        "confidence_level": "medium",
        "kawasan": "",
        "kecamatan": "Candi Laras Utara",
        "nama_provinsi": "Kalimantan Selatan",
        "pulau": "",
        "route_create": "https://opsroom.sipongidata.my.id/daops/laporan/groundcheck/create/form",
        "hotspot_date": "2026-09-29",
        "distance_hgu_km": 3.698,
        "zone": "3–5 km",
        "location_status": "OUTSIDE HGU"
      }
    },
    {
      "type": "Feature",
      "geometry": {
        "type": "Point",
        "coordinates": [
          114.85134,
          -2.96854
        ]
      },
      "properties": {
        "confidence": "medium",
        "confidence_value": null,
        "sumber": "NASA-NOAA20",
        "date_hotspot": "Selasa, 29 September 2026 12:57:00",
        "date_hotspot_ori": "2026-09-29T05:57:00.000000Z",
        "provinsi": null,
        "kabkota": "Tapin",
        "desa": "Keladan",
        "hs_id": "2026-09-29T05:57:00.000000Z",
        "provinsi_id": 12,
        "long": 114.85134,
        "ori_sumber": null,
        "desa_id": null,
        "counter": 2,
        "confidence_level": "medium",
        "kawasan": "",
        "kecamatan": "Candi Laras Utara",
        "nama_provinsi": "Kalimantan Selatan",
        "pulau": "",
        "route_create": "https://opsroom.sipongidata.my.id/daops/laporan/groundcheck/create/form",
        "hotspot_date": "2026-09-29",
        "distance_hgu_km": 3.496,
        "zone": "3–5 km",
        "location_status": "OUTSIDE HGU"
      }
    },
    {
      "type": "Feature",
      "geometry": {
        "type": "Point",
        "coordinates": [
          114.92455,
          -2.75566
        ]
      },
      "properties": {
        "confidence": "medium",
        "confidence_value": null,
        "sumber": "NASA-SNPP",
        "date_hotspot": "Rabu, 30 September 2026 12:21:00",
        "date_hotspot_ori": "2026-09-30T05:21:00.000000Z",
        "provinsi": null,
        "kabkota": "Tapin",
        "desa": "Buas-Buas",
        "hs_id": "2026-09-30T05:21:00.000000Z",
        "provinsi_id": 12,
        "long": 114.92455,
        "ori_sumber": null,
        "desa_id": null,
        "counter": 1,
        "confidence_level": "medium",
        "kawasan": "",
        "kecamatan": "Candi Laras Utara",
        "nama_provinsi": "Kalimantan Selatan",
        "pulau": "",
        "route_create": "https://opsroom.sipongidata.my.id/daops/laporan/groundcheck/create/form",
        "hotspot_date": "2026-09-30",
        "distance_hgu_km": 1.969,
        "zone": "1–3 km",
        "location_status": "OUTSIDE HGU"
      }
    },
    {
      "type": "Feature",
      "geometry": {
        "type": "Point",
        "coordinates": [
          114.97482,
          -2.76421
        ]
      },
      "properties": {
        "confidence": "medium",
        "confidence_value": null,
        "sumber": "NASA-NOAA20",
        "date_hotspot": "Selasa, 22 September 2026 13:29:00",
        "date_hotspot_ori": "2026-09-22T06:29:00.000000Z",
        "provinsi": null,
        "kabkota": "Tapin",
        "desa": "Buas-Buas",
        "hs_id": "2026-09-22T06:29:00.000000Z",
        "provinsi_id": 12,
        "long": 114.97482,
        "ori_sumber": null,
        "desa_id": null,
        "counter": 1,
        "confidence_level": "medium",
        "kawasan": "",
        "kecamatan": "Candi Laras Utara",
        "nama_provinsi": "Kalimantan Selatan",
        "pulau": "",
        "route_create": "https://opsroom.sipongidata.my.id/daops/laporan/groundcheck/create/form",
        "hotspot_date": "2026-09-22",
        "distance_hgu_km": 3.417,
        "zone": "3–5 km",
        "location_status": "OUTSIDE HGU"
      }
    },
    {
      "type": "Feature",
      "geometry": {
        "type": "Point",
        "coordinates": [
          114.97128,
          -2.76478
        ]
      },
      "properties": {
        "confidence": "medium",
        "confidence_value": null,
        "sumber": "NASA-NOAA20",
        "date_hotspot": "Selasa, 22 September 2026 13:29:00",
        "date_hotspot_ori": "2026-09-22T06:29:00.000000Z",
        "provinsi": null,
        "kabkota": "Tapin",
        "desa": "Buas-Buas",
        "hs_id": "2026-09-22T06:29:00.000000Z",
        "provinsi_id": 12,
        "long": 114.97128,
        "ori_sumber": null,
        "desa_id": null,
        "counter": 1,
        "confidence_level": "medium",
        "kawasan": "",
        "kecamatan": "Candi Laras Utara",
        "nama_provinsi": "Kalimantan Selatan",
        "pulau": "",
        "route_create": "https://opsroom.sipongidata.my.id/daops/laporan/groundcheck/create/form",
        "hotspot_date": "2026-09-22",
        "distance_hgu_km": 3.282,
        "zone": "3–5 km",
        "location_status": "OUTSIDE HGU"
      }
    },
    {
      "type": "Feature",
      "geometry": {
        "type": "Point",
        "coordinates": [
          114.9063,
          -2.67815
        ]
      },
      "properties": {
        "confidence": "medium",
        "confidence_value": null,
        "sumber": "NASA-SNPP",
        "date_hotspot": "Rabu, 23 September 2026 00:11:00",
        "date_hotspot_ori": "2026-09-22T17:11:00.000000Z",
        "provinsi": null,
        "kabkota": "Tapin",
        "desa": "Sawaja",
        "hs_id": "2026-09-22T17:11:00.000000Z",
        "provinsi_id": 12,
        "long": 114.9063,
        "ori_sumber": null,
        "desa_id": null,
        "counter": 6,
        "confidence_level": "medium",
        "kawasan": "",
        "kecamatan": "Candi Laras Utara",
        "nama_provinsi": "Kalimantan Selatan",
        "pulau": "",
        "route_create": "https://opsroom.sipongidata.my.id/daops/laporan/groundcheck/create/form",
        "hotspot_date": "2026-09-23",
        "distance_hgu_km": 1.611,
        "zone": "1–3 km",
        "location_status": "OUTSIDE HGU"
      }
    },
    {
      "type": "Feature",
      "geometry": {
        "type": "Point",
        "coordinates": [
          114.90616,
          -2.6748
        ]
      },
      "properties": {
        "confidence": "medium",
        "confidence_value": null,
        "sumber": "NASA-NOAA20",
        "date_hotspot": "Rabu, 23 September 2026 00:32:00",
        "date_hotspot_ori": "2026-09-22T17:32:00.000000Z",
        "provinsi": null,
        "kabkota": "Tapin",
        "desa": "Sawaja",
        "hs_id": "2026-09-22T17:32:00.000000Z",
        "provinsi_id": 12,
        "long": 114.90616,
        "ori_sumber": null,
        "desa_id": null,
        "counter": 6,
        "confidence_level": "medium",
        "kawasan": "",
        "kecamatan": "Candi Laras Utara",
        "nama_provinsi": "Kalimantan Selatan",
        "pulau": "",
        "route_create": "https://opsroom.sipongidata.my.id/daops/laporan/groundcheck/create/form",
        "hotspot_date": "2026-09-23",
        "distance_hgu_km": 1.976,
        "zone": "1–3 km",
        "location_status": "OUTSIDE HGU"
      }
    },
    {
      "type": "Feature",
      "geometry": {
        "type": "Point",
        "coordinates": [
          114.78021,
          -2.94928
        ]
      },
      "properties": {
        "confidence": "medium",
        "confidence_value": null,
        "sumber": "NASA-NOAA20",
        "date_hotspot": "Rabu, 23 September 2026 13:12:00",
        "date_hotspot_ori": "2026-09-23T06:12:00.000000Z",
        "provinsi": null,
        "kabkota": "Barito Kuala",
        "desa": "Murung Raya",
        "hs_id": "2026-09-23T06:12:00.000000Z",
        "provinsi_id": 12,
        "long": 114.78021,
        "ori_sumber": null,
        "desa_id": null,
        "counter": 2,
        "confidence_level": "medium",
        "kawasan": "",
        "kecamatan": "Bakumpai",
        "nama_provinsi": "Kalimantan Selatan",
        "pulau": "",
        "route_create": "https://opsroom.sipongidata.my.id/daops/laporan/groundcheck/create/form",
        "hotspot_date": "2026-09-23",
        "distance_hgu_km": 4.133,
        "zone": "3–5 km",
        "location_status": "OUTSIDE HGU"
      }
    },
    {
      "type": "Feature",
      "geometry": {
        "type": "Point",
        "coordinates": [
          114.90377,
          -2.68107
        ]
      },
      "properties": {
        "confidence": "medium",
        "confidence_value": null,
        "sumber": "NASA-NOAA20",
        "date_hotspot": "Rabu, 23 September 2026 13:12:00",
        "date_hotspot_ori": "2026-09-23T06:12:00.000000Z",
        "provinsi": null,
        "kabkota": "Tapin",
        "desa": "Sawaja",
        "hs_id": "2026-09-23T06:12:00.000000Z",
        "provinsi_id": 12,
        "long": 114.90377,
        "ori_sumber": null,
        "desa_id": null,
        "counter": 6,
        "confidence_level": "medium",
        "kawasan": "",
        "kecamatan": "Candi Laras Utara",
        "nama_provinsi": "Kalimantan Selatan",
        "pulau": "",
        "route_create": "https://opsroom.sipongidata.my.id/daops/laporan/groundcheck/create/form",
        "hotspot_date": "2026-09-23",
        "distance_hgu_km": 1.406,
        "zone": "1–3 km",
        "location_status": "OUTSIDE HGU"
      }
    },
    {
      "type": "Feature",
      "geometry": {
        "type": "Point",
        "coordinates": [
          114.90305,
          -2.84207
        ]
      },
      "properties": {
        "confidence": "medium",
        "confidence_value": null,
        "sumber": "NASA-SNPP",
        "date_hotspot": "Kamis, 24 September 2026 12:33:00",
        "date_hotspot_ori": "2026-09-24T05:33:00.000000Z",
        "provinsi": null,
        "kabkota": "Tapin",
        "desa": "Baulin",
        "hs_id": "2026-09-24T05:33:00.000000Z",
        "provinsi_id": 12,
        "long": 114.90305,
        "ori_sumber": null,
        "desa_id": null,
        "counter": 1,
        "confidence_level": "medium",
        "kawasan": "",
        "kecamatan": "Candi Laras Selatan",
        "nama_provinsi": "Kalimantan Selatan",
        "pulau": "",
        "route_create": "https://opsroom.sipongidata.my.id/daops/laporan/groundcheck/create/form",
        "hotspot_date": "2026-09-24",
        "distance_hgu_km": 1.813,
        "zone": "1–3 km",
        "location_status": "OUTSIDE HGU"
      }
    },
    {
      "type": "Feature",
      "geometry": {
        "type": "Point",
        "coordinates": [
          114.90023,
          -2.67607
        ]
      },
      "properties": {
        "confidence": "medium",
        "confidence_value": null,
        "sumber": "NASA-NOAA20",
        "date_hotspot": "Jumat, 25 September 2026 01:34:00",
        "date_hotspot_ori": "2026-09-24T18:34:00.000000Z",
        "provinsi": null,
        "kabkota": "Tapin",
        "desa": "Sawaja",
        "hs_id": "2026-09-24T18:34:00.000000Z",
        "provinsi_id": 12,
        "long": 114.90023,
        "ori_sumber": null,
        "desa_id": null,
        "counter": 1,
        "confidence_level": "medium",
        "kawasan": "",
        "kecamatan": "Candi Laras Utara",
        "nama_provinsi": "Kalimantan Selatan",
        "pulau": "",
        "route_create": "https://opsroom.sipongidata.my.id/daops/laporan/groundcheck/create/form",
        "hotspot_date": "2026-09-25",
        "distance_hgu_km": 2.081,
        "zone": "1–3 km",
        "location_status": "OUTSIDE HGU"
      }
    },
    {
      "type": "Feature",
      "geometry": {
        "type": "Point",
        "coordinates": [
          114.88266,
          -2.89633
        ]
      },
      "properties": {
        "confidence": "medium",
        "confidence_value": null,
        "sumber": "NASA-SNPP",
        "date_hotspot": "Sabtu, 26 September 2026 00:56:00",
        "date_hotspot_ori": "2026-09-25T17:56:00.000000Z",
        "provinsi": null,
        "kabkota": "Tapin",
        "desa": "Sungai Selai",
        "hs_id": "2026-09-25T17:56:00.000000Z",
        "provinsi_id": 12,
        "long": 114.88266,
        "ori_sumber": null,
        "desa_id": null,
        "counter": 1,
        "confidence_level": "medium",
        "kawasan": "",
        "kecamatan": "Candi Laras Utara",
        "nama_provinsi": "Kalimantan Selatan",
        "pulau": "",
        "route_create": "https://opsroom.sipongidata.my.id/daops/laporan/groundcheck/create/form",
        "hotspot_date": "2026-09-26",
        "distance_hgu_km": 0.868,
        "zone": "0–1 km",
        "location_status": "OUTSIDE HGU"
      }
    },
    {
      "type": "Feature",
      "geometry": {
        "type": "Point",
        "coordinates": [
          114.90241,
          -2.67959
        ]
      },
      "properties": {
        "confidence": "medium",
        "confidence_value": null,
        "sumber": "NASA-SNPP",
        "date_hotspot": "Sabtu, 26 September 2026 00:56:00",
        "date_hotspot_ori": "2026-09-25T17:56:00.000000Z",
        "provinsi": null,
        "kabkota": "Tapin",
        "desa": "Sawaja",
        "hs_id": "2026-09-25T17:56:00.000000Z",
        "provinsi_id": 12,
        "long": 114.90241,
        "ori_sumber": null,
        "desa_id": null,
        "counter": 9,
        "confidence_level": "medium",
        "kawasan": "",
        "kecamatan": "Candi Laras Utara",
        "nama_provinsi": "Kalimantan Selatan",
        "pulau": "",
        "route_create": "https://opsroom.sipongidata.my.id/daops/laporan/groundcheck/create/form",
        "hotspot_date": "2026-09-26",
        "distance_hgu_km": 1.623,
        "zone": "1–3 km",
        "location_status": "OUTSIDE HGU"
      }
    },
    {
      "type": "Feature",
      "geometry": {
        "type": "Point",
        "coordinates": [
          114.93754,
          -2.65216
        ]
      },
      "properties": {
        "confidence": "medium",
        "confidence_value": null,
        "sumber": "NASA-NOAA20",
        "date_hotspot": "Kamis, 03 September 2026 00:05:00",
        "date_hotspot_ori": "2026-09-02T17:05:00.000000Z",
        "provinsi": null,
        "kabkota": "Hulu Sungai Selatan",
        "desa": "Bajayau",
        "hs_id": "2026-09-02T17:05:00.000000Z",
        "provinsi_id": 12,
        "long": 114.93754,
        "ori_sumber": null,
        "desa_id": null,
        "counter": 5,
        "confidence_level": "medium",
        "kawasan": "",
        "kecamatan": "Daha Barat",
        "nama_provinsi": "Kalimantan Selatan",
        "pulau": "",
        "route_create": "https://opsroom.sipongidata.my.id/daops/laporan/groundcheck/create/form",
        "hotspot_date": "2026-09-03",
        "distance_hgu_km": 4.444,
        "zone": "3–5 km",
        "location_status": "OUTSIDE HGU"
      }
    },
    {
      "type": "Feature",
      "geometry": {
        "type": "Point",
        "coordinates": [
          114.95196,
          -2.72542
        ]
      },
      "properties": {
        "confidence": "medium",
        "confidence_value": null,
        "sumber": "NASA-NOAA20",
        "date_hotspot": "Kamis, 03 September 2026 00:05:00",
        "date_hotspot_ori": "2026-09-02T17:05:00.000000Z",
        "provinsi": null,
        "kabkota": "Tapin",
        "desa": "Sawaja",
        "hs_id": "2026-09-02T17:05:00.000000Z",
        "provinsi_id": 12,
        "long": 114.95196,
        "ori_sumber": null,
        "desa_id": null,
        "counter": 2,
        "confidence_level": "medium",
        "kawasan": "",
        "kecamatan": "Candi Laras Utara",
        "nama_provinsi": "Kalimantan Selatan",
        "pulau": "",
        "route_create": "https://opsroom.sipongidata.my.id/daops/laporan/groundcheck/create/form",
        "hotspot_date": "2026-09-03",
        "distance_hgu_km": 0.42,
        "zone": "0–1 km",
        "location_status": "OUTSIDE HGU"
      }
    },
    {
      "type": "Feature",
      "geometry": {
        "type": "Point",
        "coordinates": [
          114.95427,
          -2.7274
        ]
      },
      "properties": {
        "confidence": "medium",
        "confidence_value": null,
        "sumber": "NASA-SNPP",
        "date_hotspot": "Kamis, 03 September 2026 01:28:00",
        "date_hotspot_ori": "2026-09-02T18:28:00.000000Z",
        "provinsi": null,
        "kabkota": "Tapin",
        "desa": "Sawaja",
        "hs_id": "2026-09-02T18:28:00.000000Z",
        "provinsi_id": 12,
        "long": 114.95427,
        "ori_sumber": null,
        "desa_id": null,
        "counter": 1,
        "confidence_level": "medium",
        "kawasan": "",
        "kecamatan": "Candi Laras Utara",
        "nama_provinsi": "Kalimantan Selatan",
        "pulau": "",
        "route_create": "https://opsroom.sipongidata.my.id/daops/laporan/groundcheck/create/form",
        "hotspot_date": "2026-09-03",
        "distance_hgu_km": 0.363,
        "zone": "0–1 km",
        "location_status": "OUTSIDE HGU"
      }
    },
    {
      "type": "Feature",
      "geometry": {
        "type": "Point",
        "coordinates": [
          114.92451,
          -2.65077
        ]
      },
      "properties": {
        "confidence": "medium",
        "confidence_value": null,
        "sumber": "NASA-SNPP",
        "date_hotspot": "Kamis, 03 September 2026 01:28:00",
        "date_hotspot_ori": "2026-09-02T18:28:00.000000Z",
        "provinsi": null,
        "kabkota": "Tapin",
        "desa": "Sawaja",
        "hs_id": "2026-09-02T18:28:00.000000Z",
        "provinsi_id": 12,
        "long": 114.92451,
        "ori_sumber": null,
        "desa_id": null,
        "counter": 2,
        "confidence_level": "medium",
        "kawasan": "",
        "kecamatan": "Candi Laras Utara",
        "nama_provinsi": "Kalimantan Selatan",
        "pulau": "",
        "route_create": "https://opsroom.sipongidata.my.id/daops/laporan/groundcheck/create/form",
        "hotspot_date": "2026-09-03",
        "distance_hgu_km": 4.595,
        "zone": "3–5 km",
        "location_status": "OUTSIDE HGU"
      }
    },
    {
      "type": "Feature",
      "geometry": {
        "type": "Point",
        "coordinates": [
          114.92636,
          -2.65235
        ]
      },
      "properties": {
        "confidence": "medium",
        "confidence_value": null,
        "sumber": "NASA-SNPP",
        "date_hotspot": "Kamis, 03 September 2026 01:28:00",
        "date_hotspot_ori": "2026-09-02T18:28:00.000000Z",
        "provinsi": null,
        "kabkota": "Tapin",
        "desa": "Sawaja",
        "hs_id": "2026-09-02T18:28:00.000000Z",
        "provinsi_id": 12,
        "long": 114.92636,
        "ori_sumber": null,
        "desa_id": null,
        "counter": 4,
        "confidence_level": "medium",
        "kawasan": "",
        "kecamatan": "Candi Laras Utara",
        "nama_provinsi": "Kalimantan Selatan",
        "pulau": "",
        "route_create": "https://opsroom.sipongidata.my.id/daops/laporan/groundcheck/create/form",
        "hotspot_date": "2026-09-03",
        "distance_hgu_km": 4.421,
        "zone": "3–5 km",
        "location_status": "OUTSIDE HGU"
      }
    },
    {
      "type": "Feature",
      "geometry": {
        "type": "Point",
        "coordinates": [
          114.93317,
          -2.65205
        ]
      },
      "properties": {
        "confidence": "medium",
        "confidence_value": null,
        "sumber": "NASA-SNPP",
        "date_hotspot": "Kamis, 03 September 2026 01:28:00",
        "date_hotspot_ori": "2026-09-02T18:28:00.000000Z",
        "provinsi": null,
        "kabkota": "Tapin",
        "desa": "Sawaja",
        "hs_id": "2026-09-02T18:28:00.000000Z",
        "provinsi_id": 12,
        "long": 114.93317,
        "ori_sumber": null,
        "desa_id": null,
        "counter": 4,
        "confidence_level": "medium",
        "kawasan": "",
        "kecamatan": "Candi Laras Utara",
        "nama_provinsi": "Kalimantan Selatan",
        "pulau": "",
        "route_create": "https://opsroom.sipongidata.my.id/daops/laporan/groundcheck/create/form",
        "hotspot_date": "2026-09-03",
        "distance_hgu_km": 4.458,
        "zone": "3–5 km",
        "location_status": "OUTSIDE HGU"
      }
    },
    {
      "type": "Feature",
      "geometry": {
        "type": "Point",
        "coordinates": [
          114.93221,
          -2.65735
        ]
      },
      "properties": {
        "confidence": "medium",
        "confidence_value": null,
        "sumber": "NASA-NOAA20",
        "date_hotspot": "Kamis, 03 September 2026 00:05:00",
        "date_hotspot_ori": "2026-09-02T17:05:00.000000Z",
        "provinsi": null,
        "kabkota": "Tapin",
        "desa": "Sawaja",
        "hs_id": "2026-09-02T17:05:00.000000Z",
        "provinsi_id": 12,
        "long": 114.93221,
        "ori_sumber": null,
        "desa_id": null,
        "counter": 5,
        "confidence_level": "medium",
        "kawasan": "",
        "kecamatan": "Candi Laras Utara",
        "nama_provinsi": "Kalimantan Selatan",
        "pulau": "",
        "route_create": "https://opsroom.sipongidata.my.id/daops/laporan/groundcheck/create/form",
        "hotspot_date": "2026-09-03",
        "distance_hgu_km": 3.872,
        "zone": "3–5 km",
        "location_status": "OUTSIDE HGU"
      }
    },
    {
      "type": "Feature",
      "geometry": {
        "type": "Point",
        "coordinates": [
          114.93896,
          -2.65291
        ]
      },
      "properties": {
        "confidence": "medium",
        "confidence_value": null,
        "sumber": "NASA-SNPP",
        "date_hotspot": "Kamis, 03 September 2026 01:28:00",
        "date_hotspot_ori": "2026-09-02T18:28:00.000000Z",
        "provinsi": null,
        "kabkota": "Hulu Sungai Selatan",
        "desa": "Bajayau",
        "hs_id": "2026-09-02T18:28:00.000000Z",
        "provinsi_id": 12,
        "long": 114.93896,
        "ori_sumber": null,
        "desa_id": null,
        "counter": 5,
        "confidence_level": "medium",
        "kawasan": "",
        "kecamatan": "Daha Barat",
        "nama_provinsi": "Kalimantan Selatan",
        "pulau": "",
        "route_create": "https://opsroom.sipongidata.my.id/daops/laporan/groundcheck/create/form",
        "hotspot_date": "2026-09-03",
        "distance_hgu_km": 4.362,
        "zone": "3–5 km",
        "location_status": "OUTSIDE HGU"
      }
    },
    {
      "type": "Feature",
      "geometry": {
        "type": "Point",
        "coordinates": [
          114.93572,
          -2.65896
        ]
      },
      "properties": {
        "confidence": "medium",
        "confidence_value": null,
        "sumber": "NASA-SNPP",
        "date_hotspot": "Kamis, 03 September 2026 01:28:00",
        "date_hotspot_ori": "2026-09-02T18:28:00.000000Z",
        "provinsi": null,
        "kabkota": "Tapin",
        "desa": "Sawaja",
        "hs_id": "2026-09-02T18:28:00.000000Z",
        "provinsi_id": 12,
        "long": 114.93572,
        "ori_sumber": null,
        "desa_id": null,
        "counter": 4,
        "confidence_level": "medium",
        "kawasan": "",
        "kecamatan": "Candi Laras Utara",
        "nama_provinsi": "Kalimantan Selatan",
        "pulau": "",
        "route_create": "https://opsroom.sipongidata.my.id/daops/laporan/groundcheck/create/form",
        "hotspot_date": "2026-09-03",
        "distance_hgu_km": 3.692,
        "zone": "3–5 km",
        "location_status": "OUTSIDE HGU"
      }
    },
    {
      "type": "Feature",
      "geometry": {
        "type": "Point",
        "coordinates": [
          114.9324,
          -2.65709
        ]
      },
      "properties": {
        "confidence": "medium",
        "confidence_value": null,
        "sumber": "NASA-SNPP",
        "date_hotspot": "Kamis, 03 September 2026 01:28:00",
        "date_hotspot_ori": "2026-09-02T18:28:00.000000Z",
        "provinsi": null,
        "kabkota": "Tapin",
        "desa": "Sawaja",
        "hs_id": "2026-09-02T18:28:00.000000Z",
        "provinsi_id": 12,
        "long": 114.9324,
        "ori_sumber": null,
        "desa_id": null,
        "counter": 4,
        "confidence_level": "medium",
        "kawasan": "",
        "kecamatan": "Candi Laras Utara",
        "nama_provinsi": "Kalimantan Selatan",
        "pulau": "",
        "route_create": "https://opsroom.sipongidata.my.id/daops/laporan/groundcheck/create/form",
        "hotspot_date": "2026-09-03",
        "distance_hgu_km": 3.901,
        "zone": "3–5 km",
        "location_status": "OUTSIDE HGU"
      }
    },
    {
      "type": "Feature",
      "geometry": {
        "type": "Point",
        "coordinates": [
          114.93606,
          -2.65248
        ]
      },
      "properties": {
        "confidence": "medium",
        "confidence_value": null,
        "sumber": "NASA-SNPP",
        "date_hotspot": "Kamis, 03 September 2026 01:28:00",
        "date_hotspot_ori": "2026-09-02T18:28:00.000000Z",
        "provinsi": null,
        "kabkota": "Tapin",
        "desa": "Sawaja",
        "hs_id": "2026-09-02T18:28:00.000000Z",
        "provinsi_id": 12,
        "long": 114.93606,
        "ori_sumber": null,
        "desa_id": null,
        "counter": 5,
        "confidence_level": "medium",
        "kawasan": "",
        "kecamatan": "Candi Laras Utara",
        "nama_provinsi": "Kalimantan Selatan",
        "pulau": "",
        "route_create": "https://opsroom.sipongidata.my.id/daops/laporan/groundcheck/create/form",
        "hotspot_date": "2026-09-03",
        "distance_hgu_km": 4.409,
        "zone": "3–5 km",
        "location_status": "OUTSIDE HGU"
      }
    },
    {
      "type": "Feature",
      "geometry": {
        "type": "Point",
        "coordinates": [
          114.90862,
          -2.68243
        ]
      },
      "properties": {
        "confidence": "medium",
        "confidence_value": null,
        "sumber": "NASA-SNPP",
        "date_hotspot": "Jumat, 18 September 2026 00:05:00",
        "date_hotspot_ori": "2026-09-17T17:05:00.000000Z",
        "provinsi": null,
        "kabkota": "Tapin",
        "desa": "Sawaja",
        "hs_id": "2026-09-17T17:05:00.000000Z",
        "provinsi_id": 12,
        "long": 114.90862,
        "ori_sumber": null,
        "desa_id": null,
        "counter": 1,
        "confidence_level": "medium",
        "kawasan": "",
        "kecamatan": "Candi Laras Utara",
        "nama_provinsi": "Kalimantan Selatan",
        "pulau": "",
        "route_create": "https://opsroom.sipongidata.my.id/daops/laporan/groundcheck/create/form",
        "hotspot_date": "2026-09-18",
        "distance_hgu_km": 1.099,
        "zone": "1–3 km",
        "location_status": "OUTSIDE HGU"
      }
    },
    {
      "type": "Feature",
      "geometry": {
        "type": "Point",
        "coordinates": [
          114.92554,
          -2.65261
        ]
      },
      "properties": {
        "confidence": "medium",
        "confidence_value": null,
        "sumber": "NASA-NOAA20",
        "date_hotspot": "Jumat, 04 September 2026 01:28:00",
        "date_hotspot_ori": "2026-09-03T18:28:00.000000Z",
        "provinsi": null,
        "kabkota": "Tapin",
        "desa": "Sawaja",
        "hs_id": "2026-09-03T18:28:00.000000Z",
        "provinsi_id": 12,
        "long": 114.92554,
        "ori_sumber": null,
        "desa_id": null,
        "counter": 3,
        "confidence_level": "medium",
        "kawasan": "",
        "kecamatan": "Candi Laras Utara",
        "nama_provinsi": "Kalimantan Selatan",
        "pulau": "",
        "route_create": "https://opsroom.sipongidata.my.id/daops/laporan/groundcheck/create/form",
        "hotspot_date": "2026-09-04",
        "distance_hgu_km": 4.392,
        "zone": "3–5 km",
        "location_status": "OUTSIDE HGU"
      }
    },
    {
      "type": "Feature",
      "geometry": {
        "type": "Point",
        "coordinates": [
          114.9285,
          -2.6588
        ]
      },
      "properties": {
        "confidence": "medium",
        "confidence_value": null,
        "sumber": "NASA-NOAA20",
        "date_hotspot": "Jumat, 04 September 2026 01:28:00",
        "date_hotspot_ori": "2026-09-03T18:28:00.000000Z",
        "provinsi": null,
        "kabkota": "Tapin",
        "desa": "Sawaja",
        "hs_id": "2026-09-03T18:28:00.000000Z",
        "provinsi_id": 12,
        "long": 114.9285,
        "ori_sumber": null,
        "desa_id": null,
        "counter": 6,
        "confidence_level": "medium",
        "kawasan": "",
        "kecamatan": "Candi Laras Utara",
        "nama_provinsi": "Kalimantan Selatan",
        "pulau": "",
        "route_create": "https://opsroom.sipongidata.my.id/daops/laporan/groundcheck/create/form",
        "hotspot_date": "2026-09-04",
        "distance_hgu_km": 3.71,
        "zone": "3–5 km",
        "location_status": "OUTSIDE HGU"
      }
    },
    {
      "type": "Feature",
      "geometry": {
        "type": "Point",
        "coordinates": [
          114.93696,
          -2.6543
        ]
      },
      "properties": {
        "confidence": "medium",
        "confidence_value": null,
        "sumber": "NASA-NOAA20",
        "date_hotspot": "Jumat, 04 September 2026 01:28:00",
        "date_hotspot_ori": "2026-09-03T18:28:00.000000Z",
        "provinsi": null,
        "kabkota": "Tapin",
        "desa": "Sawaja",
        "hs_id": "2026-09-03T18:28:00.000000Z",
        "provinsi_id": 12,
        "long": 114.93696,
        "ori_sumber": null,
        "desa_id": null,
        "counter": 6,
        "confidence_level": "medium",
        "kawasan": "",
        "kecamatan": "Candi Laras Utara",
        "nama_provinsi": "Kalimantan Selatan",
        "pulau": "",
        "route_create": "https://opsroom.sipongidata.my.id/daops/laporan/groundcheck/create/form",
        "hotspot_date": "2026-09-04",
        "distance_hgu_km": 4.208,
        "zone": "3–5 km",
        "location_status": "OUTSIDE HGU"
      }
    },
    {
      "type": "Feature",
      "geometry": {
        "type": "Point",
        "coordinates": [
          114.93404,
          -2.65821
        ]
      },
      "properties": {
        "confidence": "medium",
        "confidence_value": null,
        "sumber": "NASA-SNPP",
        "date_hotspot": "Jumat, 04 September 2026 01:09:00",
        "date_hotspot_ori": "2026-09-03T18:09:00.000000Z",
        "provinsi": null,
        "kabkota": "Tapin",
        "desa": "Sawaja",
        "hs_id": "2026-09-03T18:09:00.000000Z",
        "provinsi_id": 12,
        "long": 114.93404,
        "ori_sumber": null,
        "desa_id": null,
        "counter": 5,
        "confidence_level": "medium",
        "kawasan": "",
        "kecamatan": "Candi Laras Utara",
        "nama_provinsi": "Kalimantan Selatan",
        "pulau": "",
        "route_create": "https://opsroom.sipongidata.my.id/daops/laporan/groundcheck/create/form",
        "hotspot_date": "2026-09-04",
        "distance_hgu_km": 3.776,
        "zone": "3–5 km",
        "location_status": "OUTSIDE HGU"
      }
    },
    {
      "type": "Feature",
      "geometry": {
        "type": "Point",
        "coordinates": [
          114.9521,
          -2.79821
        ]
      },
      "properties": {
        "confidence": "medium",
        "confidence_value": null,
        "sumber": "NASA-NOAA20",
        "date_hotspot": "Jumat, 04 September 2026 12:27:00",
        "date_hotspot_ori": "2026-09-04T05:27:00.000000Z",
        "provinsi": null,
        "kabkota": "Tapin",
        "desa": "Rawana Hulu",
        "hs_id": "2026-09-04T05:27:00.000000Z",
        "provinsi_id": 12,
        "long": 114.9521,
        "ori_sumber": null,
        "desa_id": null,
        "counter": 1,
        "confidence_level": "medium",
        "kawasan": "",
        "kecamatan": "Candi Laras Utara",
        "nama_provinsi": "Kalimantan Selatan",
        "pulau": "",
        "route_create": "https://opsroom.sipongidata.my.id/daops/laporan/groundcheck/create/form",
        "hotspot_date": "2026-09-04",
        "distance_hgu_km": 4.555,
        "zone": "3–5 km",
        "location_status": "OUTSIDE HGU"
      }
    },
    {
      "type": "Feature",
      "geometry": {
        "type": "Point",
        "coordinates": [
          114.93576,
          -2.65679
        ]
      },
      "properties": {
        "confidence": "medium",
        "confidence_value": null,
        "sumber": "NASA-NOAA20",
        "date_hotspot": "Jumat, 04 September 2026 12:27:00",
        "date_hotspot_ori": "2026-09-04T05:27:00.000000Z",
        "provinsi": null,
        "kabkota": "Tapin",
        "desa": "Sawaja",
        "hs_id": "2026-09-04T05:27:00.000000Z",
        "provinsi_id": 12,
        "long": 114.93576,
        "ori_sumber": null,
        "desa_id": null,
        "counter": 6,
        "confidence_level": "medium",
        "kawasan": "",
        "kecamatan": "Candi Laras Utara",
        "nama_provinsi": "Kalimantan Selatan",
        "pulau": "",
        "route_create": "https://opsroom.sipongidata.my.id/daops/laporan/groundcheck/create/form",
        "hotspot_date": "2026-09-04",
        "distance_hgu_km": 3.932,
        "zone": "3–5 km",
        "location_status": "OUTSIDE HGU"
      }
    },
    {
      "type": "Feature",
      "geometry": {
        "type": "Point",
        "coordinates": [
          114.90714,
          -2.68191
        ]
      },
      "properties": {
        "confidence": "medium",
        "confidence_value": null,
        "sumber": "NASA-NOAA20",
        "date_hotspot": "Jumat, 18 September 2026 13:03:00",
        "date_hotspot_ori": "2026-09-18T06:03:00.000000Z",
        "provinsi": null,
        "kabkota": "Tapin",
        "desa": "Sawaja",
        "hs_id": "2026-09-18T06:03:00.000000Z",
        "provinsi_id": 12,
        "long": 114.90714,
        "ori_sumber": null,
        "desa_id": null,
        "counter": 1,
        "confidence_level": "medium",
        "kawasan": "",
        "kecamatan": "Candi Laras Utara",
        "nama_provinsi": "Kalimantan Selatan",
        "pulau": "",
        "route_create": "https://opsroom.sipongidata.my.id/daops/laporan/groundcheck/create/form",
        "hotspot_date": "2026-09-18",
        "distance_hgu_km": 1.185,
        "zone": "1–3 km",
        "location_status": "OUTSIDE HGU"
      }
    },
    {
      "type": "Feature",
      "geometry": {
        "type": "Point",
        "coordinates": [
          114.96144,
          -2.64772
        ]
      },
      "properties": {
        "confidence": "medium",
        "confidence_value": null,
        "sumber": "NASA-NOAA20",
        "date_hotspot": "Jumat, 18 September 2026 13:03:00",
        "date_hotspot_ori": "2026-09-18T06:03:00.000000Z",
        "provinsi": null,
        "kabkota": "Hulu Sungai Selatan",
        "desa": "Baru",
        "hs_id": "2026-09-18T06:03:00.000000Z",
        "provinsi_id": 12,
        "long": 114.96144,
        "ori_sumber": null,
        "desa_id": null,
        "counter": 1,
        "confidence_level": "medium",
        "kawasan": "",
        "kecamatan": "Daha Barat",
        "nama_provinsi": "Kalimantan Selatan",
        "pulau": "",
        "route_create": "https://opsroom.sipongidata.my.id/daops/laporan/groundcheck/create/form",
        "hotspot_date": "2026-09-18",
        "distance_hgu_km": 4.958,
        "zone": "3–5 km",
        "location_status": "OUTSIDE HGU"
      }
    },
    {
      "type": "Feature",
      "geometry": {
        "type": "Point",
        "coordinates": [
          114.95728,
          -2.64836
        ]
      },
      "properties": {
        "confidence": "medium",
        "confidence_value": null,
        "sumber": "NASA-NOAA20",
        "date_hotspot": "Jumat, 18 September 2026 13:03:00",
        "date_hotspot_ori": "2026-09-18T06:03:00.000000Z",
        "provinsi": null,
        "kabkota": "Hulu Sungai Selatan",
        "desa": "Baru",
        "hs_id": "2026-09-18T06:03:00.000000Z",
        "provinsi_id": 12,
        "long": 114.95728,
        "ori_sumber": null,
        "desa_id": null,
        "counter": 1,
        "confidence_level": "medium",
        "kawasan": "",
        "kecamatan": "Daha Barat",
        "nama_provinsi": "Kalimantan Selatan",
        "pulau": "",
        "route_create": "https://opsroom.sipongidata.my.id/daops/laporan/groundcheck/create/form",
        "hotspot_date": "2026-09-18",
        "distance_hgu_km": 4.881,
        "zone": "3–5 km",
        "location_status": "OUTSIDE HGU"
      }
    },
    {
      "type": "Feature",
      "geometry": {
        "type": "Point",
        "coordinates": [
          114.9101,
          -2.67938
        ]
      },
      "properties": {
        "confidence": "medium",
        "confidence_value": null,
        "sumber": "NASA-NOAA20",
        "date_hotspot": "Jumat, 18 September 2026 13:03:00",
        "date_hotspot_ori": "2026-09-18T06:03:00.000000Z",
        "provinsi": null,
        "kabkota": "Tapin",
        "desa": "Sawaja",
        "hs_id": "2026-09-18T06:03:00.000000Z",
        "provinsi_id": 12,
        "long": 114.9101,
        "ori_sumber": null,
        "desa_id": null,
        "counter": 1,
        "confidence_level": "medium",
        "kawasan": "",
        "kecamatan": "Candi Laras Utara",
        "nama_provinsi": "Kalimantan Selatan",
        "pulau": "",
        "route_create": "https://opsroom.sipongidata.my.id/daops/laporan/groundcheck/create/form",
        "hotspot_date": "2026-09-18",
        "distance_hgu_km": 1.429,
        "zone": "1–3 km",
        "location_status": "OUTSIDE HGU"
      }
    },
    {
      "type": "Feature",
      "geometry": {
        "type": "Point",
        "coordinates": [
          114.92982,
          -2.6543
        ]
      },
      "properties": {
        "confidence": "medium",
        "confidence_value": null,
        "sumber": "NASA-NOAA20",
        "date_hotspot": "Sabtu, 05 September 2026 01:11:00",
        "date_hotspot_ori": "2026-09-04T18:11:00.000000Z",
        "provinsi": null,
        "kabkota": "Tapin",
        "desa": "Sawaja",
        "hs_id": "2026-09-04T18:11:00.000000Z",
        "provinsi_id": 12,
        "long": 114.92982,
        "ori_sumber": null,
        "desa_id": null,
        "counter": 5,
        "confidence_level": "medium",
        "kawasan": "",
        "kecamatan": "Candi Laras Utara",
        "nama_provinsi": "Kalimantan Selatan",
        "pulau": "",
        "route_create": "https://opsroom.sipongidata.my.id/daops/laporan/groundcheck/create/form",
        "hotspot_date": "2026-09-05",
        "distance_hgu_km": 4.209,
        "zone": "3–5 km",
        "location_status": "OUTSIDE HGU"
      }
    },
    {
      "type": "Feature",
      "geometry": {
        "type": "Point",
        "coordinates": [
          114.92266,
          -2.65318
        ]
      },
      "properties": {
        "confidence": "medium",
        "confidence_value": null,
        "sumber": "NASA-NOAA20",
        "date_hotspot": "Sabtu, 05 September 2026 01:11:00",
        "date_hotspot_ori": "2026-09-04T18:11:00.000000Z",
        "provinsi": null,
        "kabkota": "Tapin",
        "desa": "Sawaja",
        "hs_id": "2026-09-04T18:11:00.000000Z",
        "provinsi_id": 12,
        "long": 114.92266,
        "ori_sumber": null,
        "desa_id": null,
        "counter": 4,
        "confidence_level": "medium",
        "kawasan": "",
        "kecamatan": "Candi Laras Utara",
        "nama_provinsi": "Kalimantan Selatan",
        "pulau": "",
        "route_create": "https://opsroom.sipongidata.my.id/daops/laporan/groundcheck/create/form",
        "hotspot_date": "2026-09-05",
        "distance_hgu_km": 4.327,
        "zone": "3–5 km",
        "location_status": "OUTSIDE HGU"
      }
    },
    {
      "type": "Feature",
      "geometry": {
        "type": "Point",
        "coordinates": [
          114.92624,
          -2.65374
        ]
      },
      "properties": {
        "confidence": "medium",
        "confidence_value": null,
        "sumber": "NASA-NOAA20",
        "date_hotspot": "Sabtu, 05 September 2026 01:11:00",
        "date_hotspot_ori": "2026-09-04T18:11:00.000000Z",
        "provinsi": null,
        "kabkota": "Tapin",
        "desa": "Sawaja",
        "hs_id": "2026-09-04T18:11:00.000000Z",
        "provinsi_id": 12,
        "long": 114.92624,
        "ori_sumber": null,
        "desa_id": null,
        "counter": 4,
        "confidence_level": "medium",
        "kawasan": "",
        "kecamatan": "Candi Laras Utara",
        "nama_provinsi": "Kalimantan Selatan",
        "pulau": "",
        "route_create": "https://opsroom.sipongidata.my.id/daops/laporan/groundcheck/create/form",
        "hotspot_date": "2026-09-05",
        "distance_hgu_km": 4.267,
        "zone": "3–5 km",
        "location_status": "OUTSIDE HGU"
      }
    },
    {
      "type": "Feature",
      "geometry": {
        "type": "Point",
        "coordinates": [
          114.9334,
          -2.65486
        ]
      },
      "properties": {
        "confidence": "medium",
        "confidence_value": null,
        "sumber": "NASA-NOAA20",
        "date_hotspot": "Sabtu, 05 September 2026 01:11:00",
        "date_hotspot_ori": "2026-09-04T18:11:00.000000Z",
        "provinsi": null,
        "kabkota": "Tapin",
        "desa": "Sawaja",
        "hs_id": "2026-09-04T18:11:00.000000Z",
        "provinsi_id": 12,
        "long": 114.9334,
        "ori_sumber": null,
        "desa_id": null,
        "counter": 5,
        "confidence_level": "medium",
        "kawasan": "",
        "kecamatan": "Candi Laras Utara",
        "nama_provinsi": "Kalimantan Selatan",
        "pulau": "",
        "route_create": "https://opsroom.sipongidata.my.id/daops/laporan/groundcheck/create/form",
        "hotspot_date": "2026-09-05",
        "distance_hgu_km": 4.147,
        "zone": "3–5 km",
        "location_status": "OUTSIDE HGU"
      }
    },
    {
      "type": "Feature",
      "geometry": {
        "type": "Point",
        "coordinates": [
          114.93697,
          -2.65543
        ]
      },
      "properties": {
        "confidence": "medium",
        "confidence_value": null,
        "sumber": "NASA-NOAA20",
        "date_hotspot": "Sabtu, 05 September 2026 01:11:00",
        "date_hotspot_ori": "2026-09-04T18:11:00.000000Z",
        "provinsi": null,
        "kabkota": "Tapin",
        "desa": "Sawaja",
        "hs_id": "2026-09-04T18:11:00.000000Z",
        "provinsi_id": 12,
        "long": 114.93697,
        "ori_sumber": null,
        "desa_id": null,
        "counter": 7,
        "confidence_level": "medium",
        "kawasan": "",
        "kecamatan": "Candi Laras Utara",
        "nama_provinsi": "Kalimantan Selatan",
        "pulau": "",
        "route_create": "https://opsroom.sipongidata.my.id/daops/laporan/groundcheck/create/form",
        "hotspot_date": "2026-09-05",
        "distance_hgu_km": 4.083,
        "zone": "3–5 km",
        "location_status": "OUTSIDE HGU"
      }
    },
    {
      "type": "Feature",
      "geometry": {
        "type": "Point",
        "coordinates": [
          114.92442,
          -2.65667
        ]
      },
      "properties": {
        "confidence": "medium",
        "confidence_value": null,
        "sumber": "NASA-SNPP",
        "date_hotspot": "Sabtu, 05 September 2026 00:49:00",
        "date_hotspot_ori": "2026-09-04T17:49:00.000000Z",
        "provinsi": null,
        "kabkota": "Tapin",
        "desa": "Sawaja",
        "hs_id": "2026-09-04T17:49:00.000000Z",
        "provinsi_id": 12,
        "long": 114.92442,
        "ori_sumber": null,
        "desa_id": null,
        "counter": 6,
        "confidence_level": "medium",
        "kawasan": "",
        "kecamatan": "Candi Laras Utara",
        "nama_provinsi": "Kalimantan Selatan",
        "pulau": "",
        "route_create": "https://opsroom.sipongidata.my.id/daops/laporan/groundcheck/create/form",
        "hotspot_date": "2026-09-05",
        "distance_hgu_km": 3.942,
        "zone": "3–5 km",
        "location_status": "OUTSIDE HGU"
      }
    },
    {
      "type": "Feature",
      "geometry": {
        "type": "Point",
        "coordinates": [
          114.77961,
          -2.94537
        ]
      },
      "properties": {
        "confidence": "medium",
        "confidence_value": null,
        "sumber": "NASA-NOAA20",
        "date_hotspot": "Rabu, 23 September 2026 13:12:00",
        "date_hotspot_ori": "2026-09-23T06:12:00.000000Z",
        "provinsi": null,
        "kabkota": "Barito Kuala",
        "desa": "Sungai Selirik",
        "hs_id": "2026-09-23T06:12:00.000000Z",
        "provinsi_id": 12,
        "long": 114.77961,
        "ori_sumber": null,
        "desa_id": null,
        "counter": 2,
        "confidence_level": "medium",
        "kawasan": "",
        "kecamatan": "Bakumpai",
        "nama_provinsi": "Kalimantan Selatan",
        "pulau": "",
        "route_create": "https://opsroom.sipongidata.my.id/daops/laporan/groundcheck/create/form",
        "hotspot_date": "2026-09-23",
        "distance_hgu_km": 4.008,
        "zone": "3–5 km",
        "location_status": "OUTSIDE HGU"
      }
    },
    {
      "type": "Feature",
      "geometry": {
        "type": "Point",
        "coordinates": [
          114.93023,
          -2.65665
        ]
      },
      "properties": {
        "confidence": "medium",
        "confidence_value": null,
        "sumber": "NASA-SNPP",
        "date_hotspot": "Sabtu, 05 September 2026 13:31:00",
        "date_hotspot_ori": "2026-09-05T06:31:00.000000Z",
        "provinsi": null,
        "kabkota": "Tapin",
        "desa": "Sawaja",
        "hs_id": "2026-09-05T06:31:00.000000Z",
        "provinsi_id": 12,
        "long": 114.93023,
        "ori_sumber": null,
        "desa_id": null,
        "counter": 6,
        "confidence_level": "medium",
        "kawasan": "",
        "kecamatan": "Candi Laras Utara",
        "nama_provinsi": "Kalimantan Selatan",
        "pulau": "",
        "route_create": "https://opsroom.sipongidata.my.id/daops/laporan/groundcheck/create/form",
        "hotspot_date": "2026-09-05",
        "distance_hgu_km": 3.95,
        "zone": "3–5 km",
        "location_status": "OUTSIDE HGU"
      }
    },
    {
      "type": "Feature",
      "geometry": {
        "type": "Point",
        "coordinates": [
          114.93155,
          -2.65503
        ]
      },
      "properties": {
        "confidence": "medium",
        "confidence_value": null,
        "sumber": "NASA-SNPP",
        "date_hotspot": "Minggu, 06 September 2026 00:32:00",
        "date_hotspot_ori": "2026-09-05T17:32:00.000000Z",
        "provinsi": null,
        "kabkota": "Tapin",
        "desa": "Sawaja",
        "hs_id": "2026-09-05T17:32:00.000000Z",
        "provinsi_id": 12,
        "long": 114.93155,
        "ori_sumber": null,
        "desa_id": null,
        "counter": 7,
        "confidence_level": "medium",
        "kawasan": "",
        "kecamatan": "Candi Laras Utara",
        "nama_provinsi": "Kalimantan Selatan",
        "pulau": "",
        "route_create": "https://opsroom.sipongidata.my.id/daops/laporan/groundcheck/create/form",
        "hotspot_date": "2026-09-06",
        "distance_hgu_km": 4.129,
        "zone": "3–5 km",
        "location_status": "OUTSIDE HGU"
      }
    },
    {
      "type": "Feature",
      "geometry": {
        "type": "Point",
        "coordinates": [
          114.93568,
          -2.65572
        ]
      },
      "properties": {
        "confidence": "medium",
        "confidence_value": null,
        "sumber": "NASA-SNPP",
        "date_hotspot": "Minggu, 06 September 2026 00:32:00",
        "date_hotspot_ori": "2026-09-05T17:32:00.000000Z",
        "provinsi": null,
        "kabkota": "Tapin",
        "desa": "Sawaja",
        "hs_id": "2026-09-05T17:32:00.000000Z",
        "provinsi_id": 12,
        "long": 114.93568,
        "ori_sumber": null,
        "desa_id": null,
        "counter": 7,
        "confidence_level": "medium",
        "kawasan": "",
        "kecamatan": "Candi Laras Utara",
        "nama_provinsi": "Kalimantan Selatan",
        "pulau": "",
        "route_create": "https://opsroom.sipongidata.my.id/daops/laporan/groundcheck/create/form",
        "hotspot_date": "2026-09-06",
        "distance_hgu_km": 4.05,
        "zone": "3–5 km",
        "location_status": "OUTSIDE HGU"
      }
    },
    {
      "type": "Feature",
      "geometry": {
        "type": "Point",
        "coordinates": [
          114.93018,
          -2.65392
        ]
      },
      "properties": {
        "confidence": "medium",
        "confidence_value": null,
        "sumber": "NASA-SNPP",
        "date_hotspot": "Minggu, 06 September 2026 00:32:00",
        "date_hotspot_ori": "2026-09-05T17:32:00.000000Z",
        "provinsi": null,
        "kabkota": "Tapin",
        "desa": "Sawaja",
        "hs_id": "2026-09-05T17:32:00.000000Z",
        "provinsi_id": 12,
        "long": 114.93018,
        "ori_sumber": null,
        "desa_id": null,
        "counter": 7,
        "confidence_level": "medium",
        "kawasan": "",
        "kecamatan": "Candi Laras Utara",
        "nama_provinsi": "Kalimantan Selatan",
        "pulau": "",
        "route_create": "https://opsroom.sipongidata.my.id/daops/laporan/groundcheck/create/form",
        "hotspot_date": "2026-09-06",
        "distance_hgu_km": 4.251,
        "zone": "3–5 km",
        "location_status": "OUTSIDE HGU"
      }
    },
    {
      "type": "Feature",
      "geometry": {
        "type": "Point",
        "coordinates": [
          114.77299,
          -2.94727
        ]
      },
      "properties": {
        "confidence": "medium",
        "confidence_value": null,
        "sumber": "NASA-NOAA20",
        "date_hotspot": "Minggu, 06 September 2026 13:29:00",
        "date_hotspot_ori": "2026-09-06T06:29:00.000000Z",
        "provinsi": null,
        "kabkota": "Barito Kuala",
        "desa": "Sungai Selirik",
        "hs_id": "2026-09-06T06:29:00.000000Z",
        "provinsi_id": 12,
        "long": 114.77299,
        "ori_sumber": null,
        "desa_id": null,
        "counter": 1,
        "confidence_level": "medium",
        "kawasan": "",
        "kecamatan": "Bakumpai",
        "nama_provinsi": "Kalimantan Selatan",
        "pulau": "",
        "route_create": "https://opsroom.sipongidata.my.id/daops/laporan/groundcheck/create/form",
        "hotspot_date": "2026-09-06",
        "distance_hgu_km": 4.77,
        "zone": "3–5 km",
        "location_status": "OUTSIDE HGU"
      }
    },
    {
      "type": "Feature",
      "geometry": {
        "type": "Point",
        "coordinates": [
          114.81448,
          -2.93311
        ]
      },
      "properties": {
        "confidence": "medium",
        "confidence_value": null,
        "sumber": "NASA-NOAA20",
        "date_hotspot": "Sabtu, 19 September 2026 12:46:00",
        "date_hotspot_ori": "2026-09-19T05:46:00.000000Z",
        "provinsi": null,
        "kabkota": "Tapin",
        "desa": "Keladan",
        "hs_id": "2026-09-19T05:46:00.000000Z",
        "provinsi_id": 12,
        "long": 114.81448,
        "ori_sumber": null,
        "desa_id": null,
        "counter": 1,
        "confidence_level": "medium",
        "kawasan": "",
        "kecamatan": "Candi Laras Utara",
        "nama_provinsi": "Kalimantan Selatan",
        "pulau": "",
        "route_create": "https://opsroom.sipongidata.my.id/daops/laporan/groundcheck/create/form",
        "hotspot_date": "2026-09-19",
        "distance_hgu_km": 0.0,
        "zone": "Inside HGU",
        "location_status": "INSIDE HGU"
      }
    },
    {
      "type": "Feature",
      "geometry": {
        "type": "Point",
        "coordinates": [
          114.90336,
          -2.67522
        ]
      },
      "properties": {
        "confidence": "medium",
        "confidence_value": null,
        "sumber": "NASA-NOAA20",
        "date_hotspot": "Minggu, 20 September 2026 01:28:00",
        "date_hotspot_ori": "2026-09-19T18:28:00.000000Z",
        "provinsi": null,
        "kabkota": "Tapin",
        "desa": "Sawaja",
        "hs_id": "2026-09-19T18:28:00.000000Z",
        "provinsi_id": 12,
        "long": 114.90336,
        "ori_sumber": null,
        "desa_id": null,
        "counter": 3,
        "confidence_level": "medium",
        "kawasan": "",
        "kecamatan": "Candi Laras Utara",
        "nama_provinsi": "Kalimantan Selatan",
        "pulau": "",
        "route_create": "https://opsroom.sipongidata.my.id/daops/laporan/groundcheck/create/form",
        "hotspot_date": "2026-09-20",
        "distance_hgu_km": 2.017,
        "zone": "1–3 km",
        "location_status": "OUTSIDE HGU"
      }
    },
    {
      "type": "Feature",
      "geometry": {
        "type": "Point",
        "coordinates": [
          114.9537,
          -2.6524
        ]
      },
      "properties": {
        "confidence": "medium",
        "confidence_value": null,
        "sumber": "NASA-SNPP",
        "date_hotspot": "Minggu, 20 September 2026 01:11:00",
        "date_hotspot_ori": "2026-09-19T18:11:00.000000Z",
        "provinsi": null,
        "kabkota": "Hulu Sungai Selatan",
        "desa": "Baru",
        "hs_id": "2026-09-19T18:11:00.000000Z",
        "provinsi_id": 12,
        "long": 114.9537,
        "ori_sumber": null,
        "desa_id": null,
        "counter": 1,
        "confidence_level": "medium",
        "kawasan": "",
        "kecamatan": "Daha Barat",
        "nama_provinsi": "Kalimantan Selatan",
        "pulau": "",
        "route_create": "https://opsroom.sipongidata.my.id/daops/laporan/groundcheck/create/form",
        "hotspot_date": "2026-09-20",
        "distance_hgu_km": 4.432,
        "zone": "3–5 km",
        "location_status": "OUTSIDE HGU"
      }
    },
    {
      "type": "Feature",
      "geometry": {
        "type": "Point",
        "coordinates": [
          114.95853,
          -2.64938
        ]
      },
      "properties": {
        "confidence": "medium",
        "confidence_value": null,
        "sumber": "NASA-SNPP",
        "date_hotspot": "Minggu, 20 September 2026 01:11:00",
        "date_hotspot_ori": "2026-09-19T18:11:00.000000Z",
        "provinsi": null,
        "kabkota": "Hulu Sungai Selatan",
        "desa": "Baru",
        "hs_id": "2026-09-19T18:11:00.000000Z",
        "provinsi_id": 12,
        "long": 114.95853,
        "ori_sumber": null,
        "desa_id": null,
        "counter": 1,
        "confidence_level": "medium",
        "kawasan": "",
        "kecamatan": "Daha Barat",
        "nama_provinsi": "Kalimantan Selatan",
        "pulau": "",
        "route_create": "https://opsroom.sipongidata.my.id/daops/laporan/groundcheck/create/form",
        "hotspot_date": "2026-09-20",
        "distance_hgu_km": 4.77,
        "zone": "3–5 km",
        "location_status": "OUTSIDE HGU"
      }
    },
    {
      "type": "Feature",
      "geometry": {
        "type": "Point",
        "coordinates": [
          114.91019,
          -2.67948
        ]
      },
      "properties": {
        "confidence": "medium",
        "confidence_value": null,
        "sumber": "NASA-SNPP",
        "date_hotspot": "Minggu, 20 September 2026 01:11:00",
        "date_hotspot_ori": "2026-09-19T18:11:00.000000Z",
        "provinsi": null,
        "kabkota": "Tapin",
        "desa": "Sawaja",
        "hs_id": "2026-09-19T18:11:00.000000Z",
        "provinsi_id": 12,
        "long": 114.91019,
        "ori_sumber": null,
        "desa_id": null,
        "counter": 3,
        "confidence_level": "medium",
        "kawasan": "",
        "kecamatan": "Candi Laras Utara",
        "nama_provinsi": "Kalimantan Selatan",
        "pulau": "",
        "route_create": "https://opsroom.sipongidata.my.id/daops/laporan/groundcheck/create/form",
        "hotspot_date": "2026-09-20",
        "distance_hgu_km": 1.417,
        "zone": "1–3 km",
        "location_status": "OUTSIDE HGU"
      }
    },
    {
      "type": "Feature",
      "geometry": {
        "type": "Point",
        "coordinates": [
          114.90112,
          -2.68182
        ]
      },
      "properties": {
        "confidence": "medium",
        "confidence_value": null,
        "sumber": "NASA-SNPP",
        "date_hotspot": "Minggu, 20 September 2026 01:11:00",
        "date_hotspot_ori": "2026-09-19T18:11:00.000000Z",
        "provinsi": null,
        "kabkota": "Tapin",
        "desa": "Buas-Buas",
        "hs_id": "2026-09-19T18:11:00.000000Z",
        "provinsi_id": 12,
        "long": 114.90112,
        "ori_sumber": null,
        "desa_id": null,
        "counter": 3,
        "confidence_level": "medium",
        "kawasan": "",
        "kecamatan": "Candi Laras Utara",
        "nama_provinsi": "Kalimantan Selatan",
        "pulau": "",
        "route_create": "https://opsroom.sipongidata.my.id/daops/laporan/groundcheck/create/form",
        "hotspot_date": "2026-09-20",
        "distance_hgu_km": 1.501,
        "zone": "1–3 km",
        "location_status": "OUTSIDE HGU"
      }
    },
    {
      "type": "Feature",
      "geometry": {
        "type": "Point",
        "coordinates": [
          114.9065,
          -2.67516
        ]
      },
      "properties": {
        "confidence": "medium",
        "confidence_value": null,
        "sumber": "NASA-SNPP",
        "date_hotspot": "Minggu, 20 September 2026 01:11:00",
        "date_hotspot_ori": "2026-09-19T18:11:00.000000Z",
        "provinsi": null,
        "kabkota": "Tapin",
        "desa": "Sawaja",
        "hs_id": "2026-09-19T18:11:00.000000Z",
        "provinsi_id": 12,
        "long": 114.9065,
        "ori_sumber": null,
        "desa_id": null,
        "counter": 3,
        "confidence_level": "medium",
        "kawasan": "",
        "kecamatan": "Candi Laras Utara",
        "nama_provinsi": "Kalimantan Selatan",
        "pulau": "",
        "route_create": "https://opsroom.sipongidata.my.id/daops/laporan/groundcheck/create/form",
        "hotspot_date": "2026-09-20",
        "distance_hgu_km": 1.93,
        "zone": "1–3 km",
        "location_status": "OUTSIDE HGU"
      }
    },
    {
      "type": "Feature",
      "geometry": {
        "type": "Point",
        "coordinates": [
          114.90714,
          -2.67578
        ]
      },
      "properties": {
        "confidence": "medium",
        "confidence_value": null,
        "sumber": "NASA-NOAA20",
        "date_hotspot": "Minggu, 20 September 2026 01:28:00",
        "date_hotspot_ori": "2026-09-19T18:28:00.000000Z",
        "provinsi": null,
        "kabkota": "Tapin",
        "desa": "Sawaja",
        "hs_id": "2026-09-19T18:28:00.000000Z",
        "provinsi_id": 12,
        "long": 114.90714,
        "ori_sumber": null,
        "desa_id": null,
        "counter": 3,
        "confidence_level": "medium",
        "kawasan": "",
        "kecamatan": "Candi Laras Utara",
        "nama_provinsi": "Kalimantan Selatan",
        "pulau": "",
        "route_create": "https://opsroom.sipongidata.my.id/daops/laporan/groundcheck/create/form",
        "hotspot_date": "2026-09-20",
        "distance_hgu_km": 1.85,
        "zone": "1–3 km",
        "location_status": "OUTSIDE HGU"
      }
    },
    {
      "type": "Feature",
      "geometry": {
        "type": "Point",
        "coordinates": [
          114.88108,
          -2.80274
        ]
      },
      "properties": {
        "confidence": "medium",
        "confidence_value": null,
        "sumber": "NASA-SNPP",
        "date_hotspot": "Jumat, 11 September 2026 13:16:00",
        "date_hotspot_ori": "2026-09-11T06:16:00.000000Z",
        "provinsi": null,
        "kabkota": "Tapin",
        "desa": "Batalas",
        "hs_id": "2026-09-11T06:16:00.000000Z",
        "provinsi_id": 12,
        "long": 114.88108,
        "ori_sumber": null,
        "desa_id": null,
        "counter": 1,
        "confidence_level": "medium",
        "kawasan": "",
        "kecamatan": "Candi Laras Utara",
        "nama_provinsi": "Kalimantan Selatan",
        "pulau": "",
        "route_create": "https://opsroom.sipongidata.my.id/daops/laporan/groundcheck/create/form",
        "hotspot_date": "2026-09-11",
        "distance_hgu_km": 1.52,
        "zone": "1–3 km",
        "location_status": "OUTSIDE HGU"
      }
    },
    {
      "type": "Feature",
      "geometry": {
        "type": "Point",
        "coordinates": [
          114.87614,
          -2.80351
        ]
      },
      "properties": {
        "confidence": "medium",
        "confidence_value": null,
        "sumber": "NASA-SNPP",
        "date_hotspot": "Jumat, 11 September 2026 13:16:00",
        "date_hotspot_ori": "2026-09-11T06:16:00.000000Z",
        "provinsi": null,
        "kabkota": "Tapin",
        "desa": "Batalas",
        "hs_id": "2026-09-11T06:16:00.000000Z",
        "provinsi_id": 12,
        "long": 114.87614,
        "ori_sumber": null,
        "desa_id": null,
        "counter": 1,
        "confidence_level": "medium",
        "kawasan": "",
        "kecamatan": "Candi Laras Utara",
        "nama_provinsi": "Kalimantan Selatan",
        "pulau": "",
        "route_create": "https://opsroom.sipongidata.my.id/daops/laporan/groundcheck/create/form",
        "hotspot_date": "2026-09-11",
        "distance_hgu_km": 0.969,
        "zone": "0–1 km",
        "location_status": "OUTSIDE HGU"
      }
    },
    {
      "type": "Feature",
      "geometry": {
        "type": "Point",
        "coordinates": [
          114.92997,
          -2.67929
        ]
      },
      "properties": {
        "confidence": "medium",
        "confidence_value": null,
        "sumber": "NASA-SNPP",
        "date_hotspot": "Jumat, 11 September 2026 13:16:00",
        "date_hotspot_ori": "2026-09-11T06:16:00.000000Z",
        "provinsi": null,
        "kabkota": "Tapin",
        "desa": "Sawaja",
        "hs_id": "2026-09-11T06:16:00.000000Z",
        "provinsi_id": 12,
        "long": 114.92997,
        "ori_sumber": null,
        "desa_id": null,
        "counter": 1,
        "confidence_level": "medium",
        "kawasan": "",
        "kecamatan": "Candi Laras Utara",
        "nama_provinsi": "Kalimantan Selatan",
        "pulau": "",
        "route_create": "https://opsroom.sipongidata.my.id/daops/laporan/groundcheck/create/form",
        "hotspot_date": "2026-09-11",
        "distance_hgu_km": 1.445,
        "zone": "1–3 km",
        "location_status": "OUTSIDE HGU"
      }
    },
    {
      "type": "Feature",
      "geometry": {
        "type": "Point",
        "coordinates": [
          114.87733,
          -2.8058
        ]
      },
      "properties": {
        "confidence": "medium",
        "confidence_value": null,
        "sumber": "NASA-NOAA20",
        "date_hotspot": "Jumat, 11 September 2026 13:35:00",
        "date_hotspot_ori": "2026-09-11T06:35:00.000000Z",
        "provinsi": null,
        "kabkota": "Tapin",
        "desa": "Batalas",
        "hs_id": "2026-09-11T06:35:00.000000Z",
        "provinsi_id": 12,
        "long": 114.87733,
        "ori_sumber": null,
        "desa_id": null,
        "counter": 1,
        "confidence_level": "medium",
        "kawasan": "",
        "kecamatan": "Candi Laras Utara",
        "nama_provinsi": "Kalimantan Selatan",
        "pulau": "",
        "route_create": "https://opsroom.sipongidata.my.id/daops/laporan/groundcheck/create/form",
        "hotspot_date": "2026-09-11",
        "distance_hgu_km": 1.095,
        "zone": "1–3 km",
        "location_status": "OUTSIDE HGU"
      }
    },
    {
      "type": "Feature",
      "geometry": {
        "type": "Point",
        "coordinates": [
          114.87377,
          -2.81259
        ]
      },
      "properties": {
        "confidence": "medium",
        "confidence_value": null,
        "sumber": "NASA-NOAA20",
        "date_hotspot": "Jumat, 11 September 2026 13:35:00",
        "date_hotspot_ori": "2026-09-11T06:35:00.000000Z",
        "provinsi": null,
        "kabkota": "Tapin",
        "desa": "Batalas",
        "hs_id": "2026-09-11T06:35:00.000000Z",
        "provinsi_id": 12,
        "long": 114.87377,
        "ori_sumber": null,
        "desa_id": null,
        "counter": 1,
        "confidence_level": "medium",
        "kawasan": "",
        "kecamatan": "Candi Laras Utara",
        "nama_provinsi": "Kalimantan Selatan",
        "pulau": "",
        "route_create": "https://opsroom.sipongidata.my.id/daops/laporan/groundcheck/create/form",
        "hotspot_date": "2026-09-11",
        "distance_hgu_km": 0.691,
        "zone": "0–1 km",
        "location_status": "OUTSIDE HGU"
      }
    },
    {
      "type": "Feature",
      "geometry": {
        "type": "Point",
        "coordinates": [
          114.80392,
          -2.71509
        ]
      },
      "properties": {
        "confidence": "medium",
        "confidence_value": null,
        "sumber": "NASA-SNPP",
        "date_hotspot": "Jumat, 11 September 2026 13:16:00",
        "date_hotspot_ori": "2026-09-11T06:16:00.000000Z",
        "provinsi": null,
        "kabkota": "Barito Kuala",
        "desa": "Jambu",
        "hs_id": "2026-09-11T06:16:00.000000Z",
        "provinsi_id": 12,
        "long": 114.80392,
        "ori_sumber": null,
        "desa_id": null,
        "counter": 1,
        "confidence_level": "medium",
        "kawasan": "",
        "kecamatan": "Kuripan",
        "nama_provinsi": "Kalimantan Selatan",
        "pulau": "",
        "route_create": "https://opsroom.sipongidata.my.id/daops/laporan/groundcheck/create/form",
        "hotspot_date": "2026-09-11",
        "distance_hgu_km": 4.792,
        "zone": "3–5 km",
        "location_status": "OUTSIDE HGU"
      }
    },
    {
      "type": "Feature",
      "geometry": {
        "type": "Point",
        "coordinates": [
          114.87025,
          -2.81937
        ]
      },
      "properties": {
        "confidence": "medium",
        "confidence_value": null,
        "sumber": "NASA-NOAA20",
        "date_hotspot": "Jumat, 11 September 2026 13:35:00",
        "date_hotspot_ori": "2026-09-11T06:35:00.000000Z",
        "provinsi": null,
        "kabkota": "Tapin",
        "desa": "Batalas",
        "hs_id": "2026-09-11T06:35:00.000000Z",
        "provinsi_id": 12,
        "long": 114.87025,
        "ori_sumber": null,
        "desa_id": null,
        "counter": 1,
        "confidence_level": "medium",
        "kawasan": "",
        "kecamatan": "Candi Laras Utara",
        "nama_provinsi": "Kalimantan Selatan",
        "pulau": "",
        "route_create": "https://opsroom.sipongidata.my.id/daops/laporan/groundcheck/create/form",
        "hotspot_date": "2026-09-11",
        "distance_hgu_km": 0.663,
        "zone": "0–1 km",
        "location_status": "OUTSIDE HGU"
      }
    },
    {
      "type": "Feature",
      "geometry": {
        "type": "Point",
        "coordinates": [
          114.81115,
          -2.93171
        ]
      },
      "properties": {
        "confidence": "medium",
        "confidence_value": null,
        "sumber": "NASA-SNPP",
        "date_hotspot": "Minggu, 20 September 2026 12:08:00",
        "date_hotspot_ori": "2026-09-20T05:08:00.000000Z",
        "provinsi": null,
        "kabkota": "Barito Kuala",
        "desa": "Banitan",
        "hs_id": "2026-09-20T05:08:00.000000Z",
        "provinsi_id": 12,
        "long": 114.81115,
        "ori_sumber": null,
        "desa_id": null,
        "counter": 1,
        "confidence_level": "medium",
        "kawasan": "",
        "kecamatan": "Bakumpai",
        "nama_provinsi": "Kalimantan Selatan",
        "pulau": "",
        "route_create": "https://opsroom.sipongidata.my.id/daops/laporan/groundcheck/create/form",
        "hotspot_date": "2026-09-20",
        "distance_hgu_km": 0.198,
        "zone": "0–1 km",
        "location_status": "OUTSIDE HGU"
      }
    },
    {
      "type": "Feature",
      "geometry": {
        "type": "Point",
        "coordinates": [
          114.87202,
          -2.78894
        ]
      },
      "properties": {
        "confidence": "medium",
        "confidence_value": null,
        "sumber": "NASA-NOAA20",
        "date_hotspot": "Sabtu, 12 September 2026 00:37:00",
        "date_hotspot_ori": "2026-09-11T17:37:00.000000Z",
        "provinsi": null,
        "kabkota": "Tapin",
        "desa": "Teluk Haur",
        "hs_id": "2026-09-11T17:37:00.000000Z",
        "provinsi_id": 12,
        "long": 114.87202,
        "ori_sumber": null,
        "desa_id": null,
        "counter": 1,
        "confidence_level": "medium",
        "kawasan": "",
        "kecamatan": "Candi Laras Utara",
        "nama_provinsi": "Kalimantan Selatan",
        "pulau": "",
        "route_create": "https://opsroom.sipongidata.my.id/daops/laporan/groundcheck/create/form",
        "hotspot_date": "2026-09-12",
        "distance_hgu_km": 0.489,
        "zone": "0–1 km",
        "location_status": "OUTSIDE HGU"
      }
    },
    {
      "type": "Feature",
      "geometry": {
        "type": "Point",
        "coordinates": [
          114.8726,
          -2.81088
        ]
      },
      "properties": {
        "confidence": "medium",
        "confidence_value": null,
        "sumber": "NASA-NOAA20",
        "date_hotspot": "Sabtu, 12 September 2026 00:37:00",
        "date_hotspot_ori": "2026-09-11T17:37:00.000000Z",
        "provinsi": null,
        "kabkota": "Tapin",
        "desa": "Batalas",
        "hs_id": "2026-09-11T17:37:00.000000Z",
        "provinsi_id": 12,
        "long": 114.8726,
        "ori_sumber": null,
        "desa_id": null,
        "counter": 2,
        "confidence_level": "medium",
        "kawasan": "",
        "kecamatan": "Candi Laras Utara",
        "nama_provinsi": "Kalimantan Selatan",
        "pulau": "",
        "route_create": "https://opsroom.sipongidata.my.id/daops/laporan/groundcheck/create/form",
        "hotspot_date": "2026-09-12",
        "distance_hgu_km": 0.563,
        "zone": "0–1 km",
        "location_status": "OUTSIDE HGU"
      }
    },
    {
      "type": "Feature",
      "geometry": {
        "type": "Point",
        "coordinates": [
          114.87489,
          -2.79668
        ]
      },
      "properties": {
        "confidence": "medium",
        "confidence_value": null,
        "sumber": "NASA-NOAA20",
        "date_hotspot": "Sabtu, 12 September 2026 00:37:00",
        "date_hotspot_ori": "2026-09-11T17:37:00.000000Z",
        "provinsi": null,
        "kabkota": "Tapin",
        "desa": "Teluk Haur",
        "hs_id": "2026-09-11T17:37:00.000000Z",
        "provinsi_id": 12,
        "long": 114.87489,
        "ori_sumber": null,
        "desa_id": null,
        "counter": 1,
        "confidence_level": "medium",
        "kawasan": "",
        "kecamatan": "Candi Laras Utara",
        "nama_provinsi": "Kalimantan Selatan",
        "pulau": "",
        "route_create": "https://opsroom.sipongidata.my.id/daops/laporan/groundcheck/create/form",
        "hotspot_date": "2026-09-12",
        "distance_hgu_km": 0.829,
        "zone": "0–1 km",
        "location_status": "OUTSIDE HGU"
      }
    },
    {
      "type": "Feature",
      "geometry": {
        "type": "Point",
        "coordinates": [
          114.81197,
          -2.93186
        ]
      },
      "properties": {
        "confidence": "medium",
        "confidence_value": null,
        "sumber": "NASA-NOAA20",
        "date_hotspot": "Minggu, 20 September 2026 12:27:00",
        "date_hotspot_ori": "2026-09-20T05:27:00.000000Z",
        "provinsi": null,
        "kabkota": "Barito Kuala",
        "desa": "Banitan",
        "hs_id": "2026-09-20T05:27:00.000000Z",
        "provinsi_id": 12,
        "long": 114.81197,
        "ori_sumber": null,
        "desa_id": null,
        "counter": 2,
        "confidence_level": "medium",
        "kawasan": "",
        "kecamatan": "Bakumpai",
        "nama_provinsi": "Kalimantan Selatan",
        "pulau": "",
        "route_create": "https://opsroom.sipongidata.my.id/daops/laporan/groundcheck/create/form",
        "hotspot_date": "2026-09-20",
        "distance_hgu_km": 0.112,
        "zone": "0–1 km",
        "location_status": "OUTSIDE HGU"
      }
    },
    {
      "type": "Feature",
      "geometry": {
        "type": "Point",
        "coordinates": [
          114.85993,
          -2.82899
        ]
      },
      "properties": {
        "confidence": "medium",
        "confidence_value": null,
        "sumber": "NASA-NOAA20",
        "date_hotspot": "Minggu, 20 September 2026 12:27:00",
        "date_hotspot_ori": "2026-09-20T05:27:00.000000Z",
        "provinsi": null,
        "kabkota": "Tapin",
        "desa": "Batalas",
        "hs_id": "2026-09-20T05:27:00.000000Z",
        "provinsi_id": 12,
        "long": 114.85993,
        "ori_sumber": null,
        "desa_id": null,
        "counter": 1,
        "confidence_level": "medium",
        "kawasan": "",
        "kecamatan": "Candi Laras Utara",
        "nama_provinsi": "Kalimantan Selatan",
        "pulau": "",
        "route_create": "https://opsroom.sipongidata.my.id/daops/laporan/groundcheck/create/form",
        "hotspot_date": "2026-09-20",
        "distance_hgu_km": 0.313,
        "zone": "0–1 km",
        "location_status": "OUTSIDE HGU"
      }
    },
    {
      "type": "Feature",
      "geometry": {
        "type": "Point",
        "coordinates": [
          114.90221,
          -2.80086
        ]
      },
      "properties": {
        "confidence": "medium",
        "confidence_value": null,
        "sumber": "NASA-NOAA20",
        "date_hotspot": "Minggu, 20 September 2026 12:27:00",
        "date_hotspot_ori": "2026-09-20T05:27:00.000000Z",
        "provinsi": null,
        "kabkota": "Tapin",
        "desa": "Teluk Haur",
        "hs_id": "2026-09-20T05:27:00.000000Z",
        "provinsi_id": 12,
        "long": 114.90221,
        "ori_sumber": null,
        "desa_id": null,
        "counter": 1,
        "confidence_level": "medium",
        "kawasan": "",
        "kecamatan": "Candi Laras Utara",
        "nama_provinsi": "Kalimantan Selatan",
        "pulau": "",
        "route_create": "https://opsroom.sipongidata.my.id/daops/laporan/groundcheck/create/form",
        "hotspot_date": "2026-09-20",
        "distance_hgu_km": 2.782,
        "zone": "1–3 km",
        "location_status": "OUTSIDE HGU"
      }
    },
    {
      "type": "Feature",
      "geometry": {
        "type": "Point",
        "coordinates": [
          114.93557,
          -2.78672
        ]
      },
      "properties": {
        "confidence": "medium",
        "confidence_value": null,
        "sumber": "NASA-NOAA20",
        "date_hotspot": "Minggu, 20 September 2026 12:27:00",
        "date_hotspot_ori": "2026-09-20T05:27:00.000000Z",
        "provinsi": null,
        "kabkota": "Tapin",
        "desa": "Buas-Buas Hilir",
        "hs_id": "2026-09-20T05:27:00.000000Z",
        "provinsi_id": 12,
        "long": 114.93557,
        "ori_sumber": null,
        "desa_id": null,
        "counter": 1,
        "confidence_level": "medium",
        "kawasan": "",
        "kecamatan": "Candi Laras Utara",
        "nama_provinsi": "Kalimantan Selatan",
        "pulau": "",
        "route_create": "https://opsroom.sipongidata.my.id/daops/laporan/groundcheck/create/form",
        "hotspot_date": "2026-09-20",
        "distance_hgu_km": 2.322,
        "zone": "1–3 km",
        "location_status": "OUTSIDE HGU"
      }
    },
    {
      "type": "Feature",
      "geometry": {
        "type": "Point",
        "coordinates": [
          114.90411,
          -2.67869
        ]
      },
      "properties": {
        "confidence": "medium",
        "confidence_value": null,
        "sumber": "NASA-SNPP",
        "date_hotspot": "Minggu, 20 September 2026 12:08:00",
        "date_hotspot_ori": "2026-09-20T05:08:00.000000Z",
        "provinsi": null,
        "kabkota": "Tapin",
        "desa": "Sawaja",
        "hs_id": "2026-09-20T05:08:00.000000Z",
        "provinsi_id": 12,
        "long": 114.90411,
        "ori_sumber": null,
        "desa_id": null,
        "counter": 3,
        "confidence_level": "medium",
        "kawasan": "",
        "kecamatan": "Candi Laras Utara",
        "nama_provinsi": "Kalimantan Selatan",
        "pulau": "",
        "route_create": "https://opsroom.sipongidata.my.id/daops/laporan/groundcheck/create/form",
        "hotspot_date": "2026-09-20",
        "distance_hgu_km": 1.629,
        "zone": "1–3 km",
        "location_status": "OUTSIDE HGU"
      }
    },
    {
      "type": "Feature",
      "geometry": {
        "type": "Point",
        "coordinates": [
          114.89225,
          -2.85023
        ]
      },
      "properties": {
        "confidence": "medium",
        "confidence_value": null,
        "sumber": "NASA-NOAA20",
        "date_hotspot": "Senin, 21 September 2026 01:11:00",
        "date_hotspot_ori": "2026-09-20T18:11:00.000000Z",
        "provinsi": null,
        "kabkota": "Tapin",
        "desa": "Margasari Hulu",
        "hs_id": "2026-09-20T18:11:00.000000Z",
        "provinsi_id": 12,
        "long": 114.89225,
        "ori_sumber": null,
        "desa_id": null,
        "counter": 2,
        "confidence_level": "medium",
        "kawasan": "",
        "kecamatan": "Candi Laras Selatan",
        "nama_provinsi": "Kalimantan Selatan",
        "pulau": "",
        "route_create": "https://opsroom.sipongidata.my.id/daops/laporan/groundcheck/create/form",
        "hotspot_date": "2026-09-21",
        "distance_hgu_km": 0.609,
        "zone": "0–1 km",
        "location_status": "OUTSIDE HGU"
      }
    },
    {
      "type": "Feature",
      "geometry": {
        "type": "Point",
        "coordinates": [
          114.89165,
          -2.8543
        ]
      },
      "properties": {
        "confidence": "medium",
        "confidence_value": null,
        "sumber": "NASA-NOAA20",
        "date_hotspot": "Senin, 21 September 2026 01:11:00",
        "date_hotspot_ori": "2026-09-20T18:11:00.000000Z",
        "provinsi": null,
        "kabkota": "Tapin",
        "desa": "Margasari Hulu",
        "hs_id": "2026-09-20T18:11:00.000000Z",
        "provinsi_id": 12,
        "long": 114.89165,
        "ori_sumber": null,
        "desa_id": null,
        "counter": 2,
        "confidence_level": "medium",
        "kawasan": "",
        "kecamatan": "Candi Laras Selatan",
        "nama_provinsi": "Kalimantan Selatan",
        "pulau": "",
        "route_create": "https://opsroom.sipongidata.my.id/daops/laporan/groundcheck/create/form",
        "hotspot_date": "2026-09-21",
        "distance_hgu_km": 0.777,
        "zone": "0–1 km",
        "location_status": "OUTSIDE HGU"
      }
    },
    {
      "type": "Feature",
      "geometry": {
        "type": "Point",
        "coordinates": [
          114.87915,
          -2.79102
        ]
      },
      "properties": {
        "confidence": "medium",
        "confidence_value": null,
        "sumber": "NASA-NOAA20",
        "date_hotspot": "Sabtu, 12 September 2026 13:18:00",
        "date_hotspot_ori": "2026-09-12T06:18:00.000000Z",
        "provinsi": null,
        "kabkota": "Tapin",
        "desa": "Teluk Haur",
        "hs_id": "2026-09-12T06:18:00.000000Z",
        "provinsi_id": 12,
        "long": 114.87915,
        "ori_sumber": null,
        "desa_id": null,
        "counter": 1,
        "confidence_level": "medium",
        "kawasan": "",
        "kecamatan": "Candi Laras Utara",
        "nama_provinsi": "Kalimantan Selatan",
        "pulau": "",
        "route_create": "https://opsroom.sipongidata.my.id/daops/laporan/groundcheck/create/form",
        "hotspot_date": "2026-09-12",
        "distance_hgu_km": 1.287,
        "zone": "1–3 km",
        "location_status": "OUTSIDE HGU"
      }
    },
    {
      "type": "Feature",
      "geometry": {
        "type": "Point",
        "coordinates": [
          114.95454,
          -2.65395
        ]
      },
      "properties": {
        "confidence": "medium",
        "confidence_value": null,
        "sumber": "NASA-SNPP",
        "date_hotspot": "Senin, 21 September 2026 00:49:00",
        "date_hotspot_ori": "2026-09-20T17:49:00.000000Z",
        "provinsi": null,
        "kabkota": "Hulu Sungai Selatan",
        "desa": "Baru",
        "hs_id": "2026-09-20T17:49:00.000000Z",
        "provinsi_id": 12,
        "long": 114.95454,
        "ori_sumber": null,
        "desa_id": null,
        "counter": 2,
        "confidence_level": "medium",
        "kawasan": "",
        "kecamatan": "Daha Barat",
        "nama_provinsi": "Kalimantan Selatan",
        "pulau": "",
        "route_create": "https://opsroom.sipongidata.my.id/daops/laporan/groundcheck/create/form",
        "hotspot_date": "2026-09-21",
        "distance_hgu_km": 4.262,
        "zone": "3–5 km",
        "location_status": "OUTSIDE HGU"
      }
    },
    {
      "type": "Feature",
      "geometry": {
        "type": "Point",
        "coordinates": [
          114.88949,
          -2.79605
        ]
      },
      "properties": {
        "confidence": "medium",
        "confidence_value": null,
        "sumber": "NASA-NOAA20",
        "date_hotspot": "Minggu, 13 September 2026 00:20:00",
        "date_hotspot_ori": "2026-09-12T17:20:00.000000Z",
        "provinsi": null,
        "kabkota": "Tapin",
        "desa": "Teluk Haur",
        "hs_id": "2026-09-12T17:20:00.000000Z",
        "provinsi_id": 12,
        "long": 114.88949,
        "ori_sumber": null,
        "desa_id": null,
        "counter": 2,
        "confidence_level": "medium",
        "kawasan": "",
        "kecamatan": "Candi Laras Utara",
        "nama_provinsi": "Kalimantan Selatan",
        "pulau": "",
        "route_create": "https://opsroom.sipongidata.my.id/daops/laporan/groundcheck/create/form",
        "hotspot_date": "2026-09-13",
        "distance_hgu_km": 2.25,
        "zone": "1–3 km",
        "location_status": "OUTSIDE HGU"
      }
    },
    {
      "type": "Feature",
      "geometry": {
        "type": "Point",
        "coordinates": [
          114.8887,
          -2.80084
        ]
      },
      "properties": {
        "confidence": "medium",
        "confidence_value": null,
        "sumber": "NASA-NOAA20",
        "date_hotspot": "Minggu, 13 September 2026 00:20:00",
        "date_hotspot_ori": "2026-09-12T17:20:00.000000Z",
        "provinsi": null,
        "kabkota": "Tapin",
        "desa": "Teluk Haur",
        "hs_id": "2026-09-12T17:20:00.000000Z",
        "provinsi_id": 12,
        "long": 114.8887,
        "ori_sumber": null,
        "desa_id": null,
        "counter": 3,
        "confidence_level": "medium",
        "kawasan": "",
        "kecamatan": "Candi Laras Utara",
        "nama_provinsi": "Kalimantan Selatan",
        "pulau": "",
        "route_create": "https://opsroom.sipongidata.my.id/daops/laporan/groundcheck/create/form",
        "hotspot_date": "2026-09-13",
        "distance_hgu_km": 2.369,
        "zone": "1–3 km",
        "location_status": "OUTSIDE HGU"
      }
    },
    {
      "type": "Feature",
      "geometry": {
        "type": "Point",
        "coordinates": [
          114.89733,
          -2.85039
        ]
      },
      "properties": {
        "confidence": "medium",
        "confidence_value": null,
        "sumber": "NASA-SNPP",
        "date_hotspot": "Senin, 21 September 2026 00:49:00",
        "date_hotspot_ori": "2026-09-20T17:49:00.000000Z",
        "provinsi": null,
        "kabkota": "Tapin",
        "desa": "Baulin",
        "hs_id": "2026-09-20T17:49:00.000000Z",
        "provinsi_id": 12,
        "long": 114.89733,
        "ori_sumber": null,
        "desa_id": null,
        "counter": 2,
        "confidence_level": "medium",
        "kawasan": "",
        "kecamatan": "Candi Laras Selatan",
        "nama_provinsi": "Kalimantan Selatan",
        "pulau": "",
        "route_create": "https://opsroom.sipongidata.my.id/daops/laporan/groundcheck/create/form",
        "hotspot_date": "2026-09-21",
        "distance_hgu_km": 1.17,
        "zone": "1–3 km",
        "location_status": "OUTSIDE HGU"
      }
    },
    {
      "type": "Feature",
      "geometry": {
        "type": "Point",
        "coordinates": [
          114.93416,
          -2.67203
        ]
      },
      "properties": {
        "confidence": "medium",
        "confidence_value": null,
        "sumber": "NASA-SNPP",
        "date_hotspot": "Minggu, 13 September 2026 12:40:00",
        "date_hotspot_ori": "2026-09-13T05:40:00.000000Z",
        "provinsi": null,
        "kabkota": "Tapin",
        "desa": "Sawaja",
        "hs_id": "2026-09-13T05:40:00.000000Z",
        "provinsi_id": 12,
        "long": 114.93416,
        "ori_sumber": null,
        "desa_id": null,
        "counter": 3,
        "confidence_level": "medium",
        "kawasan": "",
        "kecamatan": "Candi Laras Utara",
        "nama_provinsi": "Kalimantan Selatan",
        "pulau": "",
        "route_create": "https://opsroom.sipongidata.my.id/daops/laporan/groundcheck/create/form",
        "hotspot_date": "2026-09-13",
        "distance_hgu_km": 2.247,
        "zone": "1–3 km",
        "location_status": "OUTSIDE HGU"
      }
    },
    {
      "type": "Feature",
      "geometry": {
        "type": "Point",
        "coordinates": [
          114.94772,
          -2.74317
        ]
      },
      "properties": {
        "confidence": "medium",
        "confidence_value": null,
        "sumber": "NASA-NOAA20",
        "date_hotspot": "Minggu, 13 September 2026 12:57:00",
        "date_hotspot_ori": "2026-09-13T05:57:00.000000Z",
        "provinsi": null,
        "kabkota": "Tapin",
        "desa": "Buas-Buas",
        "hs_id": "2026-09-13T05:57:00.000000Z",
        "provinsi_id": 12,
        "long": 114.94772,
        "ori_sumber": null,
        "desa_id": null,
        "counter": 3,
        "confidence_level": "medium",
        "kawasan": "",
        "kecamatan": "Candi Laras Utara",
        "nama_provinsi": "Kalimantan Selatan",
        "pulau": "",
        "route_create": "https://opsroom.sipongidata.my.id/daops/laporan/groundcheck/create/form",
        "hotspot_date": "2026-09-13",
        "distance_hgu_km": 0.569,
        "zone": "0–1 km",
        "location_status": "OUTSIDE HGU"
      }
    },
    {
      "type": "Feature",
      "geometry": {
        "type": "Point",
        "coordinates": [
          114.95135,
          -2.74262
        ]
      },
      "properties": {
        "confidence": "medium",
        "confidence_value": null,
        "sumber": "NASA-NOAA20",
        "date_hotspot": "Minggu, 13 September 2026 12:57:00",
        "date_hotspot_ori": "2026-09-13T05:57:00.000000Z",
        "provinsi": null,
        "kabkota": "Tapin",
        "desa": "Buas-Buas",
        "hs_id": "2026-09-13T05:57:00.000000Z",
        "provinsi_id": 12,
        "long": 114.95135,
        "ori_sumber": null,
        "desa_id": null,
        "counter": 3,
        "confidence_level": "medium",
        "kawasan": "",
        "kecamatan": "Candi Laras Utara",
        "nama_provinsi": "Kalimantan Selatan",
        "pulau": "",
        "route_create": "https://opsroom.sipongidata.my.id/daops/laporan/groundcheck/create/form",
        "hotspot_date": "2026-09-13",
        "distance_hgu_km": 0.509,
        "zone": "0–1 km",
        "location_status": "OUTSIDE HGU"
      }
    },
    {
      "type": "Feature",
      "geometry": {
        "type": "Point",
        "coordinates": [
          114.88715,
          -2.80224
        ]
      },
      "properties": {
        "confidence": "medium",
        "confidence_value": null,
        "sumber": "NASA-NOAA20",
        "date_hotspot": "Minggu, 13 September 2026 12:57:00",
        "date_hotspot_ori": "2026-09-13T05:57:00.000000Z",
        "provinsi": null,
        "kabkota": "Tapin",
        "desa": "Teluk Haur",
        "hs_id": "2026-09-13T05:57:00.000000Z",
        "provinsi_id": 12,
        "long": 114.88715,
        "ori_sumber": null,
        "desa_id": null,
        "counter": 3,
        "confidence_level": "medium",
        "kawasan": "",
        "kecamatan": "Candi Laras Utara",
        "nama_provinsi": "Kalimantan Selatan",
        "pulau": "",
        "route_create": "https://opsroom.sipongidata.my.id/daops/laporan/groundcheck/create/form",
        "hotspot_date": "2026-09-13",
        "distance_hgu_km": 2.196,
        "zone": "1–3 km",
        "location_status": "OUTSIDE HGU"
      }
    },
    {
      "type": "Feature",
      "geometry": {
        "type": "Point",
        "coordinates": [
          114.88665,
          -2.79886
        ]
      },
      "properties": {
        "confidence": "medium",
        "confidence_value": null,
        "sumber": "NASA-NOAA20",
        "date_hotspot": "Minggu, 13 September 2026 12:57:00",
        "date_hotspot_ori": "2026-09-13T05:57:00.000000Z",
        "provinsi": null,
        "kabkota": "Tapin",
        "desa": "Teluk Haur",
        "hs_id": "2026-09-13T05:57:00.000000Z",
        "provinsi_id": 12,
        "long": 114.88665,
        "ori_sumber": null,
        "desa_id": null,
        "counter": 2,
        "confidence_level": "medium",
        "kawasan": "",
        "kecamatan": "Candi Laras Utara",
        "nama_provinsi": "Kalimantan Selatan",
        "pulau": "",
        "route_create": "https://opsroom.sipongidata.my.id/daops/laporan/groundcheck/create/form",
        "hotspot_date": "2026-09-13",
        "distance_hgu_km": 2.141,
        "zone": "1–3 km",
        "location_status": "OUTSIDE HGU"
      }
    },
    {
      "type": "Feature",
      "geometry": {
        "type": "Point",
        "coordinates": [
          114.89024,
          -2.7983
        ]
      },
      "properties": {
        "confidence": "medium",
        "confidence_value": null,
        "sumber": "NASA-NOAA20",
        "date_hotspot": "Minggu, 13 September 2026 12:57:00",
        "date_hotspot_ori": "2026-09-13T05:57:00.000000Z",
        "provinsi": null,
        "kabkota": "Tapin",
        "desa": "Teluk Haur",
        "hs_id": "2026-09-13T05:57:00.000000Z",
        "provinsi_id": 12,
        "long": 114.89024,
        "ori_sumber": null,
        "desa_id": null,
        "counter": 2,
        "confidence_level": "medium",
        "kawasan": "",
        "kecamatan": "Candi Laras Utara",
        "nama_provinsi": "Kalimantan Selatan",
        "pulau": "",
        "route_create": "https://opsroom.sipongidata.my.id/daops/laporan/groundcheck/create/form",
        "hotspot_date": "2026-09-13",
        "distance_hgu_km": 2.499,
        "zone": "1–3 km",
        "location_status": "OUTSIDE HGU"
      }
    },
    {
      "type": "Feature",
      "geometry": {
        "type": "Point",
        "coordinates": [
          114.93848,
          -2.68229
        ]
      },
      "properties": {
        "confidence": "medium",
        "confidence_value": null,
        "sumber": "NASA-NOAA20",
        "date_hotspot": "Minggu, 13 September 2026 12:57:00",
        "date_hotspot_ori": "2026-09-13T05:57:00.000000Z",
        "provinsi": null,
        "kabkota": "Tapin",
        "desa": "Sawaja",
        "hs_id": "2026-09-13T05:57:00.000000Z",
        "provinsi_id": 12,
        "long": 114.93848,
        "ori_sumber": null,
        "desa_id": null,
        "counter": 1,
        "confidence_level": "medium",
        "kawasan": "",
        "kecamatan": "Candi Laras Utara",
        "nama_provinsi": "Kalimantan Selatan",
        "pulau": "",
        "route_create": "https://opsroom.sipongidata.my.id/daops/laporan/groundcheck/create/form",
        "hotspot_date": "2026-09-13",
        "distance_hgu_km": 1.112,
        "zone": "1–3 km",
        "location_status": "OUTSIDE HGU"
      }
    },
    {
      "type": "Feature",
      "geometry": {
        "type": "Point",
        "coordinates": [
          114.93127,
          -2.68341
        ]
      },
      "properties": {
        "confidence": "medium",
        "confidence_value": null,
        "sumber": "NASA-NOAA20",
        "date_hotspot": "Minggu, 13 September 2026 12:57:00",
        "date_hotspot_ori": "2026-09-13T05:57:00.000000Z",
        "provinsi": null,
        "kabkota": "Tapin",
        "desa": "Sawaja",
        "hs_id": "2026-09-13T05:57:00.000000Z",
        "provinsi_id": 12,
        "long": 114.93127,
        "ori_sumber": null,
        "desa_id": null,
        "counter": 1,
        "confidence_level": "medium",
        "kawasan": "",
        "kecamatan": "Candi Laras Utara",
        "nama_provinsi": "Kalimantan Selatan",
        "pulau": "",
        "route_create": "https://opsroom.sipongidata.my.id/daops/laporan/groundcheck/create/form",
        "hotspot_date": "2026-09-13",
        "distance_hgu_km": 0.991,
        "zone": "0–1 km",
        "location_status": "OUTSIDE HGU"
      }
    },
    {
      "type": "Feature",
      "geometry": {
        "type": "Point",
        "coordinates": [
          114.93487,
          -2.68285
        ]
      },
      "properties": {
        "confidence": "medium",
        "confidence_value": null,
        "sumber": "NASA-NOAA20",
        "date_hotspot": "Minggu, 13 September 2026 12:57:00",
        "date_hotspot_ori": "2026-09-13T05:57:00.000000Z",
        "provinsi": null,
        "kabkota": "Tapin",
        "desa": "Sawaja",
        "hs_id": "2026-09-13T05:57:00.000000Z",
        "provinsi_id": 12,
        "long": 114.93487,
        "ori_sumber": null,
        "desa_id": null,
        "counter": 1,
        "confidence_level": "medium",
        "kawasan": "",
        "kecamatan": "Candi Laras Utara",
        "nama_provinsi": "Kalimantan Selatan",
        "pulau": "",
        "route_create": "https://opsroom.sipongidata.my.id/daops/laporan/groundcheck/create/form",
        "hotspot_date": "2026-09-13",
        "distance_hgu_km": 1.05,
        "zone": "1–3 km",
        "location_status": "OUTSIDE HGU"
      }
    },
    {
      "type": "Feature",
      "geometry": {
        "type": "Point",
        "coordinates": [
          114.9421,
          -2.68173
        ]
      },
      "properties": {
        "confidence": "medium",
        "confidence_value": null,
        "sumber": "NASA-NOAA20",
        "date_hotspot": "Minggu, 13 September 2026 12:57:00",
        "date_hotspot_ori": "2026-09-13T05:57:00.000000Z",
        "provinsi": null,
        "kabkota": "Tapin",
        "desa": "Sawaja",
        "hs_id": "2026-09-13T05:57:00.000000Z",
        "provinsi_id": 12,
        "long": 114.9421,
        "ori_sumber": null,
        "desa_id": null,
        "counter": 1,
        "confidence_level": "medium",
        "kawasan": "",
        "kecamatan": "Candi Laras Utara",
        "nama_provinsi": "Kalimantan Selatan",
        "pulau": "",
        "route_create": "https://opsroom.sipongidata.my.id/daops/laporan/groundcheck/create/form",
        "hotspot_date": "2026-09-13",
        "distance_hgu_km": 1.175,
        "zone": "1–3 km",
        "location_status": "OUTSIDE HGU"
      }
    },
    {
      "type": "Feature",
      "geometry": {
        "type": "Point",
        "coordinates": [
          114.94412,
          -2.74373
        ]
      },
      "properties": {
        "confidence": "medium",
        "confidence_value": null,
        "sumber": "NASA-NOAA20",
        "date_hotspot": "Minggu, 13 September 2026 12:57:00",
        "date_hotspot_ori": "2026-09-13T05:57:00.000000Z",
        "provinsi": null,
        "kabkota": "Tapin",
        "desa": "Buas-Buas",
        "hs_id": "2026-09-13T05:57:00.000000Z",
        "provinsi_id": 12,
        "long": 114.94412,
        "ori_sumber": null,
        "desa_id": null,
        "counter": 3,
        "confidence_level": "medium",
        "kawasan": "",
        "kecamatan": "Candi Laras Utara",
        "nama_provinsi": "Kalimantan Selatan",
        "pulau": "",
        "route_create": "https://opsroom.sipongidata.my.id/daops/laporan/groundcheck/create/form",
        "hotspot_date": "2026-09-13",
        "distance_hgu_km": 0.632,
        "zone": "0–1 km",
        "location_status": "OUTSIDE HGU"
      }
    },
    {
      "type": "Feature",
      "geometry": {
        "type": "Point",
        "coordinates": [
          114.86508,
          -2.82636
        ]
      },
      "properties": {
        "confidence": "medium",
        "confidence_value": null,
        "sumber": "NASA-NOAA20",
        "date_hotspot": "Minggu, 13 September 2026 12:57:00",
        "date_hotspot_ori": "2026-09-13T05:57:00.000000Z",
        "provinsi": null,
        "kabkota": "Tapin",
        "desa": "Batalas",
        "hs_id": "2026-09-13T05:57:00.000000Z",
        "provinsi_id": 12,
        "long": 114.86508,
        "ori_sumber": null,
        "desa_id": null,
        "counter": 1,
        "confidence_level": "medium",
        "kawasan": "",
        "kecamatan": "Candi Laras Utara",
        "nama_provinsi": "Kalimantan Selatan",
        "pulau": "",
        "route_create": "https://opsroom.sipongidata.my.id/daops/laporan/groundcheck/create/form",
        "hotspot_date": "2026-09-13",
        "distance_hgu_km": 0.333,
        "zone": "0–1 km",
        "location_status": "OUTSIDE HGU"
      }
    },
    {
      "type": "Feature",
      "geometry": {
        "type": "Point",
        "coordinates": [
          114.87022,
          -2.81176
        ]
      },
      "properties": {
        "confidence": "medium",
        "confidence_value": null,
        "sumber": "NASA-NOAA20",
        "date_hotspot": "Minggu, 13 September 2026 12:57:00",
        "date_hotspot_ori": "2026-09-13T05:57:00.000000Z",
        "provinsi": null,
        "kabkota": "Tapin",
        "desa": "Batalas",
        "hs_id": "2026-09-13T05:57:00.000000Z",
        "provinsi_id": 12,
        "long": 114.87022,
        "ori_sumber": null,
        "desa_id": null,
        "counter": 3,
        "confidence_level": "medium",
        "kawasan": "",
        "kecamatan": "Candi Laras Utara",
        "nama_provinsi": "Kalimantan Selatan",
        "pulau": "",
        "route_create": "https://opsroom.sipongidata.my.id/daops/laporan/groundcheck/create/form",
        "hotspot_date": "2026-09-13",
        "distance_hgu_km": 0.297,
        "zone": "0–1 km",
        "location_status": "OUTSIDE HGU"
      }
    },
    {
      "type": "Feature",
      "geometry": {
        "type": "Point",
        "coordinates": [
          114.87433,
          -2.81458
        ]
      },
      "properties": {
        "confidence": "medium",
        "confidence_value": null,
        "sumber": "NASA-NOAA20",
        "date_hotspot": "Minggu, 13 September 2026 12:57:00",
        "date_hotspot_ori": "2026-09-13T05:57:00.000000Z",
        "provinsi": null,
        "kabkota": "Tapin",
        "desa": "Batalas",
        "hs_id": "2026-09-13T05:57:00.000000Z",
        "provinsi_id": 12,
        "long": 114.87433,
        "ori_sumber": null,
        "desa_id": null,
        "counter": 3,
        "confidence_level": "medium",
        "kawasan": "",
        "kecamatan": "Candi Laras Utara",
        "nama_provinsi": "Kalimantan Selatan",
        "pulau": "",
        "route_create": "https://opsroom.sipongidata.my.id/daops/laporan/groundcheck/create/form",
        "hotspot_date": "2026-09-13",
        "distance_hgu_km": 0.77,
        "zone": "0–1 km",
        "location_status": "OUTSIDE HGU"
      }
    },
    {
      "type": "Feature",
      "geometry": {
        "type": "Point",
        "coordinates": [
          114.92406,
          -2.6603
        ]
      },
      "properties": {
        "confidence": "medium",
        "confidence_value": null,
        "sumber": "NASA-NOAA20",
        "date_hotspot": "Minggu, 13 September 2026 12:57:00",
        "date_hotspot_ori": "2026-09-13T05:57:00.000000Z",
        "provinsi": null,
        "kabkota": "Tapin",
        "desa": "Sawaja",
        "hs_id": "2026-09-13T05:57:00.000000Z",
        "provinsi_id": 12,
        "long": 114.92406,
        "ori_sumber": null,
        "desa_id": null,
        "counter": 1,
        "confidence_level": "medium",
        "kawasan": "",
        "kecamatan": "Candi Laras Utara",
        "nama_provinsi": "Kalimantan Selatan",
        "pulau": "",
        "route_create": "https://opsroom.sipongidata.my.id/daops/laporan/groundcheck/create/form",
        "hotspot_date": "2026-09-13",
        "distance_hgu_km": 3.541,
        "zone": "3–5 km",
        "location_status": "OUTSIDE HGU"
      }
    },
    {
      "type": "Feature",
      "geometry": {
        "type": "Point",
        "coordinates": [
          114.92717,
          -2.65635
        ]
      },
      "properties": {
        "confidence": "medium",
        "confidence_value": null,
        "sumber": "NASA-NOAA20",
        "date_hotspot": "Minggu, 13 September 2026 12:57:00",
        "date_hotspot_ori": "2026-09-13T05:57:00.000000Z",
        "provinsi": null,
        "kabkota": "Tapin",
        "desa": "Sawaja",
        "hs_id": "2026-09-13T05:57:00.000000Z",
        "provinsi_id": 12,
        "long": 114.92717,
        "ori_sumber": null,
        "desa_id": null,
        "counter": 1,
        "confidence_level": "medium",
        "kawasan": "",
        "kecamatan": "Candi Laras Utara",
        "nama_provinsi": "Kalimantan Selatan",
        "pulau": "",
        "route_create": "https://opsroom.sipongidata.my.id/daops/laporan/groundcheck/create/form",
        "hotspot_date": "2026-09-13",
        "distance_hgu_km": 3.979,
        "zone": "3–5 km",
        "location_status": "OUTSIDE HGU"
      }
    },
    {
      "type": "Feature",
      "geometry": {
        "type": "Point",
        "coordinates": [
          114.93075,
          -2.68003
        ]
      },
      "properties": {
        "confidence": "medium",
        "confidence_value": null,
        "sumber": "NASA-NOAA20",
        "date_hotspot": "Minggu, 13 September 2026 12:57:00",
        "date_hotspot_ori": "2026-09-13T05:57:00.000000Z",
        "provinsi": null,
        "kabkota": "Tapin",
        "desa": "Sawaja",
        "hs_id": "2026-09-13T05:57:00.000000Z",
        "provinsi_id": 12,
        "long": 114.93075,
        "ori_sumber": null,
        "desa_id": null,
        "counter": 1,
        "confidence_level": "medium",
        "kawasan": "",
        "kecamatan": "Candi Laras Utara",
        "nama_provinsi": "Kalimantan Selatan",
        "pulau": "",
        "route_create": "https://opsroom.sipongidata.my.id/daops/laporan/groundcheck/create/form",
        "hotspot_date": "2026-09-13",
        "distance_hgu_km": 1.364,
        "zone": "1–3 km",
        "location_status": "OUTSIDE HGU"
      }
    },
    {
      "type": "Feature",
      "geometry": {
        "type": "Point",
        "coordinates": [
          114.94118,
          -2.72797
        ]
      },
      "properties": {
        "confidence": "medium",
        "confidence_value": null,
        "sumber": "NASA-NOAA20",
        "date_hotspot": "Senin, 14 September 2026 00:00:00",
        "date_hotspot_ori": "2026-09-13T17:00:00.000000Z",
        "provinsi": null,
        "kabkota": "Tapin",
        "desa": "Buas-Buas",
        "hs_id": "2026-09-13T17:00:00.000000Z",
        "provinsi_id": 12,
        "long": 114.94118,
        "ori_sumber": null,
        "desa_id": null,
        "counter": 1,
        "confidence_level": "medium",
        "kawasan": "",
        "kecamatan": "Candi Laras Utara",
        "nama_provinsi": "Kalimantan Selatan",
        "pulau": "",
        "route_create": "https://opsroom.sipongidata.my.id/daops/laporan/groundcheck/create/form",
        "hotspot_date": "2026-09-14",
        "distance_hgu_km": 0.0,
        "zone": "Inside HGU",
        "location_status": "INSIDE HGU"
      }
    },
    {
      "type": "Feature",
      "geometry": {
        "type": "Point",
        "coordinates": [
          114.95971,
          -2.64835
        ]
      },
      "properties": {
        "confidence": "medium",
        "confidence_value": null,
        "sumber": "NASA-NOAA20",
        "date_hotspot": "Senin, 21 September 2026 01:11:00",
        "date_hotspot_ori": "2026-09-20T18:11:00.000000Z",
        "provinsi": null,
        "kabkota": "Hulu Sungai Selatan",
        "desa": "Baru",
        "hs_id": "2026-09-20T18:11:00.000000Z",
        "provinsi_id": 12,
        "long": 114.95971,
        "ori_sumber": null,
        "desa_id": null,
        "counter": 4,
        "confidence_level": "medium",
        "kawasan": "",
        "kecamatan": "Daha Barat",
        "nama_provinsi": "Kalimantan Selatan",
        "pulau": "",
        "route_create": "https://opsroom.sipongidata.my.id/daops/laporan/groundcheck/create/form",
        "hotspot_date": "2026-09-21",
        "distance_hgu_km": 4.886,
        "zone": "3–5 km",
        "location_status": "OUTSIDE HGU"
      }
    },
    {
      "type": "Feature",
      "geometry": {
        "type": "Point",
        "coordinates": [
          114.95612,
          -2.6478
        ]
      },
      "properties": {
        "confidence": "medium",
        "confidence_value": null,
        "sumber": "NASA-NOAA20",
        "date_hotspot": "Senin, 21 September 2026 01:11:00",
        "date_hotspot_ori": "2026-09-20T18:11:00.000000Z",
        "provinsi": null,
        "kabkota": "Hulu Sungai Selatan",
        "desa": "Baru",
        "hs_id": "2026-09-20T18:11:00.000000Z",
        "provinsi_id": 12,
        "long": 114.95612,
        "ori_sumber": null,
        "desa_id": null,
        "counter": 4,
        "confidence_level": "medium",
        "kawasan": "",
        "kecamatan": "Daha Barat",
        "nama_provinsi": "Kalimantan Selatan",
        "pulau": "",
        "route_create": "https://opsroom.sipongidata.my.id/daops/laporan/groundcheck/create/form",
        "hotspot_date": "2026-09-21",
        "distance_hgu_km": 4.943,
        "zone": "3–5 km",
        "location_status": "OUTSIDE HGU"
      }
    },
    {
      "type": "Feature",
      "geometry": {
        "type": "Point",
        "coordinates": [
          114.95251,
          -2.64725
        ]
      },
      "properties": {
        "confidence": "medium",
        "confidence_value": null,
        "sumber": "NASA-NOAA20",
        "date_hotspot": "Senin, 21 September 2026 01:11:00",
        "date_hotspot_ori": "2026-09-20T18:11:00.000000Z",
        "provinsi": null,
        "kabkota": "Hulu Sungai Selatan",
        "desa": "Baru",
        "hs_id": "2026-09-20T18:11:00.000000Z",
        "provinsi_id": 12,
        "long": 114.95251,
        "ori_sumber": null,
        "desa_id": null,
        "counter": 4,
        "confidence_level": "medium",
        "kawasan": "",
        "kecamatan": "Daha Barat",
        "nama_provinsi": "Kalimantan Selatan",
        "pulau": "",
        "route_create": "https://opsroom.sipongidata.my.id/daops/laporan/groundcheck/create/form",
        "hotspot_date": "2026-09-21",
        "distance_hgu_km": 4.999,
        "zone": "3–5 km",
        "location_status": "OUTSIDE HGU"
      }
    },
    {
      "type": "Feature",
      "geometry": {
        "type": "Point",
        "coordinates": [
          114.95126,
          -2.6494
        ]
      },
      "properties": {
        "confidence": "medium",
        "confidence_value": null,
        "sumber": "NASA-SNPP",
        "date_hotspot": "Senin, 21 September 2026 00:49:00",
        "date_hotspot_ori": "2026-09-20T17:49:00.000000Z",
        "provinsi": null,
        "kabkota": "Hulu Sungai Selatan",
        "desa": "Baru",
        "hs_id": "2026-09-20T17:49:00.000000Z",
        "provinsi_id": 12,
        "long": 114.95126,
        "ori_sumber": null,
        "desa_id": null,
        "counter": 2,
        "confidence_level": "medium",
        "kawasan": "",
        "kecamatan": "Daha Barat",
        "nama_provinsi": "Kalimantan Selatan",
        "pulau": "",
        "route_create": "https://opsroom.sipongidata.my.id/daops/laporan/groundcheck/create/form",
        "hotspot_date": "2026-09-21",
        "distance_hgu_km": 4.758,
        "zone": "3–5 km",
        "location_status": "OUTSIDE HGU"
      }
    },
    {
      "type": "Feature",
      "geometry": {
        "type": "Point",
        "coordinates": [
          114.95508,
          -2.65057
        ]
      },
      "properties": {
        "confidence": "medium",
        "confidence_value": null,
        "sumber": "NASA-SNPP",
        "date_hotspot": "Senin, 21 September 2026 00:49:00",
        "date_hotspot_ori": "2026-09-20T17:49:00.000000Z",
        "provinsi": null,
        "kabkota": "Hulu Sungai Selatan",
        "desa": "Baru",
        "hs_id": "2026-09-20T17:49:00.000000Z",
        "provinsi_id": 12,
        "long": 114.95508,
        "ori_sumber": null,
        "desa_id": null,
        "counter": 2,
        "confidence_level": "medium",
        "kawasan": "",
        "kecamatan": "Daha Barat",
        "nama_provinsi": "Kalimantan Selatan",
        "pulau": "",
        "route_create": "https://opsroom.sipongidata.my.id/daops/laporan/groundcheck/create/form",
        "hotspot_date": "2026-09-21",
        "distance_hgu_km": 4.636,
        "zone": "3–5 km",
        "location_status": "OUTSIDE HGU"
      }
    },
    {
      "type": "Feature",
      "geometry": {
        "type": "Point",
        "coordinates": [
          114.91057,
          -2.68233
        ]
      },
      "properties": {
        "confidence": "medium",
        "confidence_value": null,
        "sumber": "NASA-NOAA20",
        "date_hotspot": "Senin, 21 September 2026 01:11:00",
        "date_hotspot_ori": "2026-09-20T18:11:00.000000Z",
        "provinsi": null,
        "kabkota": "Tapin",
        "desa": "Sawaja",
        "hs_id": "2026-09-20T18:11:00.000000Z",
        "provinsi_id": 12,
        "long": 114.91057,
        "ori_sumber": null,
        "desa_id": null,
        "counter": 4,
        "confidence_level": "medium",
        "kawasan": "",
        "kecamatan": "Candi Laras Utara",
        "nama_provinsi": "Kalimantan Selatan",
        "pulau": "",
        "route_create": "https://opsroom.sipongidata.my.id/daops/laporan/groundcheck/create/form",
        "hotspot_date": "2026-09-21",
        "distance_hgu_km": 1.101,
        "zone": "1–3 km",
        "location_status": "OUTSIDE HGU"
      }
    },
    {
      "type": "Feature",
      "geometry": {
        "type": "Point",
        "coordinates": [
          114.91222,
          -2.6888
        ]
      },
      "properties": {
        "confidence": "medium",
        "confidence_value": null,
        "sumber": "NASA-SNPP",
        "date_hotspot": "Senin, 21 September 2026 00:49:00",
        "date_hotspot_ori": "2026-09-20T17:49:00.000000Z",
        "provinsi": null,
        "kabkota": "Tapin",
        "desa": "Sawaja",
        "hs_id": "2026-09-20T17:49:00.000000Z",
        "provinsi_id": 12,
        "long": 114.91222,
        "ori_sumber": null,
        "desa_id": null,
        "counter": 2,
        "confidence_level": "medium",
        "kawasan": "",
        "kecamatan": "Candi Laras Utara",
        "nama_provinsi": "Kalimantan Selatan",
        "pulau": "",
        "route_create": "https://opsroom.sipongidata.my.id/daops/laporan/groundcheck/create/form",
        "hotspot_date": "2026-09-21",
        "distance_hgu_km": 0.381,
        "zone": "0–1 km",
        "location_status": "OUTSIDE HGU"
      }
    },
    {
      "type": "Feature",
      "geometry": {
        "type": "Point",
        "coordinates": [
          114.88512,
          -2.88369
        ]
      },
      "properties": {
        "confidence": "medium",
        "confidence_value": null,
        "sumber": "NASA-SNPP",
        "date_hotspot": "Senin, 21 September 2026 00:49:00",
        "date_hotspot_ori": "2026-09-20T17:49:00.000000Z",
        "provinsi": null,
        "kabkota": "Tapin",
        "desa": "Pariok",
        "hs_id": "2026-09-20T17:49:00.000000Z",
        "provinsi_id": 12,
        "long": 114.88512,
        "ori_sumber": null,
        "desa_id": null,
        "counter": 2,
        "confidence_level": "medium",
        "kawasan": "",
        "kecamatan": "Candi Laras Utara",
        "nama_provinsi": "Kalimantan Selatan",
        "pulau": "",
        "route_create": "https://opsroom.sipongidata.my.id/daops/laporan/groundcheck/create/form",
        "hotspot_date": "2026-09-21",
        "distance_hgu_km": 0.724,
        "zone": "0–1 km",
        "location_status": "OUTSIDE HGU"
      }
    },
    {
      "type": "Feature",
      "geometry": {
        "type": "Point",
        "coordinates": [
          114.90305,
          -2.67692
        ]
      },
      "properties": {
        "confidence": "medium",
        "confidence_value": null,
        "sumber": "NASA-SNPP",
        "date_hotspot": "Senin, 21 September 2026 00:49:00",
        "date_hotspot_ori": "2026-09-20T17:49:00.000000Z",
        "provinsi": null,
        "kabkota": "Tapin",
        "desa": "Sawaja",
        "hs_id": "2026-09-20T17:49:00.000000Z",
        "provinsi_id": 12,
        "long": 114.90305,
        "ori_sumber": null,
        "desa_id": null,
        "counter": 4,
        "confidence_level": "medium",
        "kawasan": "",
        "kecamatan": "Candi Laras Utara",
        "nama_provinsi": "Kalimantan Selatan",
        "pulau": "",
        "route_create": "https://opsroom.sipongidata.my.id/daops/laporan/groundcheck/create/form",
        "hotspot_date": "2026-09-21",
        "distance_hgu_km": 1.855,
        "zone": "1–3 km",
        "location_status": "OUTSIDE HGU"
      }
    },
    {
      "type": "Feature",
      "geometry": {
        "type": "Point",
        "coordinates": [
          114.94794,
          -2.73172
        ]
      },
      "properties": {
        "confidence": "medium",
        "confidence_value": null,
        "sumber": "NASA-SNPP",
        "date_hotspot": "Senin, 14 September 2026 01:21:00",
        "date_hotspot_ori": "2026-09-13T18:21:00.000000Z",
        "provinsi": null,
        "kabkota": "Tapin",
        "desa": "Buas-Buas",
        "hs_id": "2026-09-13T18:21:00.000000Z",
        "provinsi_id": 12,
        "long": 114.94794,
        "ori_sumber": null,
        "desa_id": null,
        "counter": 2,
        "confidence_level": "medium",
        "kawasan": "",
        "kecamatan": "Candi Laras Utara",
        "nama_provinsi": "Kalimantan Selatan",
        "pulau": "",
        "route_create": "https://opsroom.sipongidata.my.id/daops/laporan/groundcheck/create/form",
        "hotspot_date": "2026-09-14",
        "distance_hgu_km": 0.0,
        "zone": "Inside HGU",
        "location_status": "INSIDE HGU"
      }
    },
    {
      "type": "Feature",
      "geometry": {
        "type": "Point",
        "coordinates": [
          114.94863,
          -2.72722
        ]
      },
      "properties": {
        "confidence": "medium",
        "confidence_value": null,
        "sumber": "NASA-SNPP",
        "date_hotspot": "Senin, 14 September 2026 01:21:00",
        "date_hotspot_ori": "2026-09-13T18:21:00.000000Z",
        "provinsi": null,
        "kabkota": "Tapin",
        "desa": "Sawaja",
        "hs_id": "2026-09-13T18:21:00.000000Z",
        "provinsi_id": 12,
        "long": 114.94863,
        "ori_sumber": null,
        "desa_id": null,
        "counter": 1,
        "confidence_level": "medium",
        "kawasan": "",
        "kecamatan": "Candi Laras Utara",
        "nama_provinsi": "Kalimantan Selatan",
        "pulau": "",
        "route_create": "https://opsroom.sipongidata.my.id/daops/laporan/groundcheck/create/form",
        "hotspot_date": "2026-09-14",
        "distance_hgu_km": 0.028,
        "zone": "0–1 km",
        "location_status": "OUTSIDE HGU"
      }
    },
    {
      "type": "Feature",
      "geometry": {
        "type": "Point",
        "coordinates": [
          115.00115,
          -2.68443
        ]
      },
      "properties": {
        "confidence": "medium",
        "confidence_value": null,
        "sumber": "NASA-SNPP",
        "date_hotspot": "Senin, 14 September 2026 01:21:00",
        "date_hotspot_ori": "2026-09-13T18:21:00.000000Z",
        "provinsi": null,
        "kabkota": "Hulu Sungai Selatan",
        "desa": "Bajayau",
        "hs_id": "2026-09-13T18:21:00.000000Z",
        "provinsi_id": 12,
        "long": 115.00115,
        "ori_sumber": null,
        "desa_id": null,
        "counter": 2,
        "confidence_level": "medium",
        "kawasan": "",
        "kecamatan": "Daha Barat",
        "nama_provinsi": "Kalimantan Selatan",
        "pulau": "",
        "route_create": "https://opsroom.sipongidata.my.id/daops/laporan/groundcheck/create/form",
        "hotspot_date": "2026-09-14",
        "distance_hgu_km": 4.409,
        "zone": "3–5 km",
        "location_status": "OUTSIDE HGU"
      }
    },
    {
      "type": "Feature",
      "geometry": {
        "type": "Point",
        "coordinates": [
          114.95066,
          -2.73865
        ]
      },
      "properties": {
        "confidence": "medium",
        "confidence_value": null,
        "sumber": "NASA-NOAA20",
        "date_hotspot": "Senin, 14 September 2026 01:41:00",
        "date_hotspot_ori": "2026-09-13T18:41:00.000000Z",
        "provinsi": null,
        "kabkota": "Tapin",
        "desa": "Buas-Buas",
        "hs_id": "2026-09-13T18:41:00.000000Z",
        "provinsi_id": 12,
        "long": 114.95066,
        "ori_sumber": null,
        "desa_id": null,
        "counter": 2,
        "confidence_level": "medium",
        "kawasan": "",
        "kecamatan": "Candi Laras Utara",
        "nama_provinsi": "Kalimantan Selatan",
        "pulau": "",
        "route_create": "https://opsroom.sipongidata.my.id/daops/laporan/groundcheck/create/form",
        "hotspot_date": "2026-09-14",
        "distance_hgu_km": 0.07,
        "zone": "0–1 km",
        "location_status": "OUTSIDE HGU"
      }
    },
    {
      "type": "Feature",
      "geometry": {
        "type": "Point",
        "coordinates": [
          114.9555,
          -2.65187
        ]
      },
      "properties": {
        "confidence": "medium",
        "confidence_value": null,
        "sumber": "NASA-NOAA20",
        "date_hotspot": "Senin, 21 September 2026 01:11:00",
        "date_hotspot_ori": "2026-09-20T18:11:00.000000Z",
        "provinsi": null,
        "kabkota": "Hulu Sungai Selatan",
        "desa": "Baru",
        "hs_id": "2026-09-20T18:11:00.000000Z",
        "provinsi_id": 12,
        "long": 114.9555,
        "ori_sumber": null,
        "desa_id": null,
        "counter": 4,
        "confidence_level": "medium",
        "kawasan": "",
        "kecamatan": "Daha Barat",
        "nama_provinsi": "Kalimantan Selatan",
        "pulau": "",
        "route_create": "https://opsroom.sipongidata.my.id/daops/laporan/groundcheck/create/form",
        "hotspot_date": "2026-09-21",
        "distance_hgu_km": 4.492,
        "zone": "3–5 km",
        "location_status": "OUTSIDE HGU"
      }
    },
    {
      "type": "Feature",
      "geometry": {
        "type": "Point",
        "coordinates": [
          114.90823,
          -2.67365
        ]
      },
      "properties": {
        "confidence": "medium",
        "confidence_value": null,
        "sumber": "NASA-NOAA20",
        "date_hotspot": "Senin, 21 September 2026 01:11:00",
        "date_hotspot_ori": "2026-09-20T18:11:00.000000Z",
        "provinsi": null,
        "kabkota": "Tapin",
        "desa": "Sawaja",
        "hs_id": "2026-09-20T18:11:00.000000Z",
        "provinsi_id": 12,
        "long": 114.90823,
        "ori_sumber": null,
        "desa_id": null,
        "counter": 4,
        "confidence_level": "medium",
        "kawasan": "",
        "kecamatan": "Candi Laras Utara",
        "nama_provinsi": "Kalimantan Selatan",
        "pulau": "",
        "route_create": "https://opsroom.sipongidata.my.id/daops/laporan/groundcheck/create/form",
        "hotspot_date": "2026-09-21",
        "distance_hgu_km": 2.071,
        "zone": "1–3 km",
        "location_status": "OUTSIDE HGU"
      }
    },
    {
      "type": "Feature",
      "geometry": {
        "type": "Point",
        "coordinates": [
          114.90405,
          -2.67715
        ]
      },
      "properties": {
        "confidence": "medium",
        "confidence_value": null,
        "sumber": "NASA-NOAA20",
        "date_hotspot": "Senin, 21 September 2026 01:11:00",
        "date_hotspot_ori": "2026-09-20T18:11:00.000000Z",
        "provinsi": null,
        "kabkota": "Tapin",
        "desa": "Sawaja",
        "hs_id": "2026-09-20T18:11:00.000000Z",
        "provinsi_id": 12,
        "long": 114.90405,
        "ori_sumber": null,
        "desa_id": null,
        "counter": 4,
        "confidence_level": "medium",
        "kawasan": "",
        "kecamatan": "Candi Laras Utara",
        "nama_provinsi": "Kalimantan Selatan",
        "pulau": "",
        "route_create": "https://opsroom.sipongidata.my.id/daops/laporan/groundcheck/create/form",
        "hotspot_date": "2026-09-21",
        "distance_hgu_km": 1.79,
        "zone": "1–3 km",
        "location_status": "OUTSIDE HGU"
      }
    },
    {
      "type": "Feature",
      "geometry": {
        "type": "Point",
        "coordinates": [
          114.86906,
          -2.80479
        ]
      },
      "properties": {
        "confidence": "medium",
        "confidence_value": null,
        "sumber": "NASA-SNPP",
        "date_hotspot": "Senin, 14 September 2026 12:21:00",
        "date_hotspot_ori": "2026-09-14T05:21:00.000000Z",
        "provinsi": null,
        "kabkota": "Tapin",
        "desa": "Batalas",
        "hs_id": "2026-09-14T05:21:00.000000Z",
        "provinsi_id": 12,
        "long": 114.86906,
        "ori_sumber": null,
        "desa_id": null,
        "counter": 1,
        "confidence_level": "medium",
        "kawasan": "",
        "kecamatan": "Candi Laras Utara",
        "nama_provinsi": "Kalimantan Selatan",
        "pulau": "",
        "route_create": "https://opsroom.sipongidata.my.id/daops/laporan/groundcheck/create/form",
        "hotspot_date": "2026-09-14",
        "distance_hgu_km": 0.178,
        "zone": "0–1 km",
        "location_status": "OUTSIDE HGU"
      }
    },
    {
      "type": "Feature",
      "geometry": {
        "type": "Point",
        "coordinates": [
          114.95337,
          -2.73725
        ]
      },
      "properties": {
        "confidence": "medium",
        "confidence_value": null,
        "sumber": "NASA-SNPP",
        "date_hotspot": "Senin, 14 September 2026 12:21:00",
        "date_hotspot_ori": "2026-09-14T05:21:00.000000Z",
        "provinsi": null,
        "kabkota": "Tapin",
        "desa": "Buas-Buas",
        "hs_id": "2026-09-14T05:21:00.000000Z",
        "provinsi_id": 12,
        "long": 114.95337,
        "ori_sumber": null,
        "desa_id": null,
        "counter": 2,
        "confidence_level": "medium",
        "kawasan": "",
        "kecamatan": "Candi Laras Utara",
        "nama_provinsi": "Kalimantan Selatan",
        "pulau": "",
        "route_create": "https://opsroom.sipongidata.my.id/daops/laporan/groundcheck/create/form",
        "hotspot_date": "2026-09-14",
        "distance_hgu_km": 0.0,
        "zone": "Inside HGU",
        "location_status": "INSIDE HGU"
      }
    },
    {
      "type": "Feature",
      "geometry": {
        "type": "Point",
        "coordinates": [
          114.90196,
          -2.68369
        ]
      },
      "properties": {
        "confidence": "medium",
        "confidence_value": null,
        "sumber": "NASA-SNPP",
        "date_hotspot": "Senin, 21 September 2026 00:49:00",
        "date_hotspot_ori": "2026-09-20T17:49:00.000000Z",
        "provinsi": null,
        "kabkota": "Tapin",
        "desa": "Buas-Buas",
        "hs_id": "2026-09-20T17:49:00.000000Z",
        "provinsi_id": 12,
        "long": 114.90196,
        "ori_sumber": null,
        "desa_id": null,
        "counter": 4,
        "confidence_level": "medium",
        "kawasan": "",
        "kecamatan": "Candi Laras Utara",
        "nama_provinsi": "Kalimantan Selatan",
        "pulau": "",
        "route_create": "https://opsroom.sipongidata.my.id/daops/laporan/groundcheck/create/form",
        "hotspot_date": "2026-09-21",
        "distance_hgu_km": 1.283,
        "zone": "1–3 km",
        "location_status": "OUTSIDE HGU"
      }
    },
    {
      "type": "Feature",
      "geometry": {
        "type": "Point",
        "coordinates": [
          114.86935,
          -2.81203
        ]
      },
      "properties": {
        "confidence": "medium",
        "confidence_value": null,
        "sumber": "NASA-NOAA20",
        "date_hotspot": "Senin, 14 September 2026 12:40:00",
        "date_hotspot_ori": "2026-09-14T05:40:00.000000Z",
        "provinsi": null,
        "kabkota": "Tapin",
        "desa": "Batalas",
        "hs_id": "2026-09-14T05:40:00.000000Z",
        "provinsi_id": 12,
        "long": 114.86935,
        "ori_sumber": null,
        "desa_id": null,
        "counter": 4,
        "confidence_level": "medium",
        "kawasan": "",
        "kecamatan": "Candi Laras Utara",
        "nama_provinsi": "Kalimantan Selatan",
        "pulau": "",
        "route_create": "https://opsroom.sipongidata.my.id/daops/laporan/groundcheck/create/form",
        "hotspot_date": "2026-09-14",
        "distance_hgu_km": 0.2,
        "zone": "0–1 km",
        "location_status": "OUTSIDE HGU"
      }
    },
    {
      "type": "Feature",
      "geometry": {
        "type": "Point",
        "coordinates": [
          114.82835,
          -2.8582
        ]
      },
      "properties": {
        "confidence": "medium",
        "confidence_value": null,
        "sumber": "NASA-NOAA20",
        "date_hotspot": "Kamis, 01 Oktober 2026 12:23:00",
        "date_hotspot_ori": "2026-10-01T05:23:00.000000Z",
        "provinsi": null,
        "kabkota": "Barito Kuala",
        "desa": "Banitan",
        "hs_id": "2026-10-01T05:23:00.000000Z",
        "provinsi_id": 12,
        "long": 114.82835,
        "ori_sumber": null,
        "desa_id": null,
        "counter": 1,
        "confidence_level": "medium",
        "kawasan": "",
        "kecamatan": "Bakumpai",
        "nama_provinsi": "Kalimantan Selatan",
        "pulau": "",
        "route_create": "https://opsroom.sipongidata.my.id/daops/laporan/groundcheck/create/form",
        "hotspot_date": "2026-10-01",
        "distance_hgu_km": 1.556,
        "zone": "1–3 km",
        "location_status": "OUTSIDE HGU"
      }
    },
    {
      "type": "Feature",
      "geometry": {
        "type": "Point",
        "coordinates": [
          114.92339,
          -2.675
        ]
      },
      "properties": {
        "confidence": "medium",
        "confidence_value": null,
        "sumber": "NASA-NOAA20",
        "date_hotspot": "Kamis, 01 Oktober 2026 12:23:00",
        "date_hotspot_ori": "2026-10-01T05:23:00.000000Z",
        "provinsi": null,
        "kabkota": "Tapin",
        "desa": "Sawaja",
        "hs_id": "2026-10-01T05:23:00.000000Z",
        "provinsi_id": 12,
        "long": 114.92339,
        "ori_sumber": null,
        "desa_id": null,
        "counter": 1,
        "confidence_level": "medium",
        "kawasan": "",
        "kecamatan": "Candi Laras Utara",
        "nama_provinsi": "Kalimantan Selatan",
        "pulau": "",
        "route_create": "https://opsroom.sipongidata.my.id/daops/laporan/groundcheck/create/form",
        "hotspot_date": "2026-10-01",
        "distance_hgu_km": 1.914,
        "zone": "1–3 km",
        "location_status": "OUTSIDE HGU"
      }
    },
    {
      "type": "Feature",
      "geometry": {
        "type": "Point",
        "coordinates": [
          114.80936,
          -2.94767
        ]
      },
      "properties": {
        "confidence": "medium",
        "confidence_value": null,
        "sumber": "NASA-NOAA20",
        "date_hotspot": "Kamis, 01 Oktober 2026 12:23:00",
        "date_hotspot_ori": "2026-10-01T05:23:00.000000Z",
        "provinsi": null,
        "kabkota": "Tapin",
        "desa": "Keladan",
        "hs_id": "2026-10-01T05:23:00.000000Z",
        "provinsi_id": 12,
        "long": 114.80936,
        "ori_sumber": null,
        "desa_id": null,
        "counter": 1,
        "confidence_level": "medium",
        "kawasan": "",
        "kecamatan": "Candi Laras Utara",
        "nama_provinsi": "Kalimantan Selatan",
        "pulau": "",
        "route_create": "https://opsroom.sipongidata.my.id/daops/laporan/groundcheck/create/form",
        "hotspot_date": "2026-10-01",
        "distance_hgu_km": 1.292,
        "zone": "1–3 km",
        "location_status": "OUTSIDE HGU"
      }
    },
    {
      "type": "Feature",
      "geometry": {
        "type": "Point",
        "coordinates": [
          114.91297,
          -2.68159
        ]
      },
      "properties": {
        "confidence": "medium",
        "confidence_value": null,
        "sumber": "NASA-NOAA20",
        "date_hotspot": "Kamis, 01 Oktober 2026 12:23:00",
        "date_hotspot_ori": "2026-10-01T05:23:00.000000Z",
        "provinsi": null,
        "kabkota": "Tapin",
        "desa": "Sawaja",
        "hs_id": "2026-10-01T05:23:00.000000Z",
        "provinsi_id": 12,
        "long": 114.91297,
        "ori_sumber": null,
        "desa_id": null,
        "counter": 1,
        "confidence_level": "medium",
        "kawasan": "",
        "kecamatan": "Candi Laras Utara",
        "nama_provinsi": "Kalimantan Selatan",
        "pulau": "",
        "route_create": "https://opsroom.sipongidata.my.id/daops/laporan/groundcheck/create/form",
        "hotspot_date": "2026-10-01",
        "distance_hgu_km": 1.176,
        "zone": "1–3 km",
        "location_status": "OUTSIDE HGU"
      }
    },
    {
      "type": "Feature",
      "geometry": {
        "type": "Point",
        "coordinates": [
          114.84843,
          -2.91634
        ]
      },
      "properties": {
        "confidence": "medium",
        "confidence_value": null,
        "sumber": "NASA-NOAA20",
        "date_hotspot": "Kamis, 01 Oktober 2026 12:23:00",
        "date_hotspot_ori": "2026-10-01T05:23:00.000000Z",
        "provinsi": null,
        "kabkota": "Tapin",
        "desa": "Sungai Selai Hilir",
        "hs_id": "2026-10-01T05:23:00.000000Z",
        "provinsi_id": 12,
        "long": 114.84843,
        "ori_sumber": null,
        "desa_id": null,
        "counter": 1,
        "confidence_level": "medium",
        "kawasan": "",
        "kecamatan": "Candi Laras Utara",
        "nama_provinsi": "Kalimantan Selatan",
        "pulau": "",
        "route_create": "https://opsroom.sipongidata.my.id/daops/laporan/groundcheck/create/form",
        "hotspot_date": "2026-10-01",
        "distance_hgu_km": 0.307,
        "zone": "0–1 km",
        "location_status": "OUTSIDE HGU"
      }
    },
    {
      "type": "Feature",
      "geometry": {
        "type": "Point",
        "coordinates": [
          114.96915,
          -2.78064
        ]
      },
      "properties": {
        "confidence": "medium",
        "confidence_value": null,
        "sumber": "NASA-NOAA20",
        "date_hotspot": "Kamis, 01 Oktober 2026 12:23:00",
        "date_hotspot_ori": "2026-10-01T05:23:00.000000Z",
        "provinsi": null,
        "kabkota": "Tapin",
        "desa": "Buas-Buas",
        "hs_id": "2026-10-01T05:23:00.000000Z",
        "provinsi_id": 12,
        "long": 114.96915,
        "ori_sumber": null,
        "desa_id": null,
        "counter": 1,
        "confidence_level": "medium",
        "kawasan": "",
        "kecamatan": "Candi Laras Utara",
        "nama_provinsi": "Kalimantan Selatan",
        "pulau": "",
        "route_create": "https://opsroom.sipongidata.my.id/daops/laporan/groundcheck/create/form",
        "hotspot_date": "2026-10-01",
        "distance_hgu_km": 4.861,
        "zone": "3–5 km",
        "location_status": "OUTSIDE HGU"
      }
    },
    {
      "type": "Feature",
      "geometry": {
        "type": "Point",
        "coordinates": [
          114.80578,
          -2.9431
        ]
      },
      "properties": {
        "confidence": "medium",
        "confidence_value": null,
        "sumber": "NASA-NOAA20",
        "date_hotspot": "Kamis, 01 Oktober 2026 12:23:00",
        "date_hotspot_ori": "2026-10-01T05:23:00.000000Z",
        "provinsi": null,
        "kabkota": "Barito Kuala",
        "desa": "Murung Raya",
        "hs_id": "2026-10-01T05:23:00.000000Z",
        "provinsi_id": 12,
        "long": 114.80578,
        "ori_sumber": null,
        "desa_id": null,
        "counter": 1,
        "confidence_level": "medium",
        "kawasan": "",
        "kecamatan": "Bakumpai",
        "nama_provinsi": "Kalimantan Selatan",
        "pulau": "",
        "route_create": "https://opsroom.sipongidata.my.id/daops/laporan/groundcheck/create/form",
        "hotspot_date": "2026-10-01",
        "distance_hgu_km": 1.279,
        "zone": "1–3 km",
        "location_status": "OUTSIDE HGU"
      }
    },
    {
      "type": "Feature",
      "geometry": {
        "type": "Point",
        "coordinates": [
          114.81721,
          -2.94138
        ]
      },
      "properties": {
        "confidence": "medium",
        "confidence_value": null,
        "sumber": "NASA-NOAA20",
        "date_hotspot": "Kamis, 01 Oktober 2026 12:23:00",
        "date_hotspot_ori": "2026-10-01T05:23:00.000000Z",
        "provinsi": null,
        "kabkota": "Tapin",
        "desa": "Keladan",
        "hs_id": "2026-10-01T05:23:00.000000Z",
        "provinsi_id": 12,
        "long": 114.81721,
        "ori_sumber": null,
        "desa_id": null,
        "counter": 1,
        "confidence_level": "medium",
        "kawasan": "",
        "kecamatan": "Candi Laras Utara",
        "nama_provinsi": "Kalimantan Selatan",
        "pulau": "",
        "route_create": "https://opsroom.sipongidata.my.id/daops/laporan/groundcheck/create/form",
        "hotspot_date": "2026-10-01",
        "distance_hgu_km": 0.273,
        "zone": "0–1 km",
        "location_status": "OUTSIDE HGU"
      }
    },
    {
      "type": "Feature",
      "geometry": {
        "type": "Point",
        "coordinates": [
          114.83337,
          -2.87274
        ]
      },
      "properties": {
        "confidence": "medium",
        "confidence_value": null,
        "sumber": "NASA-NOAA20",
        "date_hotspot": "Kamis, 01 Oktober 2026 12:23:00",
        "date_hotspot_ori": "2026-10-01T05:23:00.000000Z",
        "provinsi": null,
        "kabkota": "Barito Kuala",
        "desa": "Banitan",
        "hs_id": "2026-10-01T05:23:00.000000Z",
        "provinsi_id": 12,
        "long": 114.83337,
        "ori_sumber": null,
        "desa_id": null,
        "counter": 1,
        "confidence_level": "medium",
        "kawasan": "",
        "kecamatan": "Bakumpai",
        "nama_provinsi": "Kalimantan Selatan",
        "pulau": "",
        "route_create": "https://opsroom.sipongidata.my.id/daops/laporan/groundcheck/create/form",
        "hotspot_date": "2026-10-01",
        "distance_hgu_km": 0.531,
        "zone": "0–1 km",
        "location_status": "OUTSIDE HGU"
      }
    },
    {
      "type": "Feature",
      "geometry": {
        "type": "Point",
        "coordinates": [
          114.87881,
          -2.8966
        ]
      },
      "properties": {
        "confidence": "medium",
        "confidence_value": null,
        "sumber": "NASA-NOAA20",
        "date_hotspot": "Kamis, 01 Oktober 2026 12:23:00",
        "date_hotspot_ori": "2026-10-01T05:23:00.000000Z",
        "provinsi": null,
        "kabkota": "Tapin",
        "desa": "Sungai Selai",
        "hs_id": "2026-10-01T05:23:00.000000Z",
        "provinsi_id": 12,
        "long": 114.87881,
        "ori_sumber": null,
        "desa_id": null,
        "counter": 1,
        "confidence_level": "medium",
        "kawasan": "",
        "kecamatan": "Candi Laras Utara",
        "nama_provinsi": "Kalimantan Selatan",
        "pulau": "",
        "route_create": "https://opsroom.sipongidata.my.id/daops/laporan/groundcheck/create/form",
        "hotspot_date": "2026-10-01",
        "distance_hgu_km": 0.48,
        "zone": "0–1 km",
        "location_status": "OUTSIDE HGU"
      }
    },
    {
      "type": "Feature",
      "geometry": {
        "type": "Point",
        "coordinates": [
          114.9275,
          -2.66431
        ]
      },
      "properties": {
        "confidence": "medium",
        "confidence_value": null,
        "sumber": "NASA-NOAA20",
        "date_hotspot": "Kamis, 01 Oktober 2026 12:23:00",
        "date_hotspot_ori": "2026-10-01T05:23:00.000000Z",
        "provinsi": null,
        "kabkota": "Tapin",
        "desa": "Sawaja",
        "hs_id": "2026-10-01T05:23:00.000000Z",
        "provinsi_id": 12,
        "long": 114.9275,
        "ori_sumber": null,
        "desa_id": null,
        "counter": 1,
        "confidence_level": "medium",
        "kawasan": "",
        "kecamatan": "Candi Laras Utara",
        "nama_provinsi": "Kalimantan Selatan",
        "pulau": "",
        "route_create": "https://opsroom.sipongidata.my.id/daops/laporan/groundcheck/create/form",
        "hotspot_date": "2026-10-01",
        "distance_hgu_km": 3.099,
        "zone": "3–5 km",
        "location_status": "OUTSIDE HGU"
      }
    },
    {
      "type": "Feature",
      "geometry": {
        "type": "Point",
        "coordinates": [
          114.92482,
          -2.68488
        ]
      },
      "properties": {
        "confidence": "medium",
        "confidence_value": null,
        "sumber": "NASA-NOAA20",
        "date_hotspot": "Kamis, 01 Oktober 2026 12:23:00",
        "date_hotspot_ori": "2026-10-01T05:23:00.000000Z",
        "provinsi": null,
        "kabkota": "Tapin",
        "desa": "Sawaja",
        "hs_id": "2026-10-01T05:23:00.000000Z",
        "provinsi_id": 12,
        "long": 114.92482,
        "ori_sumber": null,
        "desa_id": null,
        "counter": 1,
        "confidence_level": "medium",
        "kawasan": "",
        "kecamatan": "Candi Laras Utara",
        "nama_provinsi": "Kalimantan Selatan",
        "pulau": "",
        "route_create": "https://opsroom.sipongidata.my.id/daops/laporan/groundcheck/create/form",
        "hotspot_date": "2026-10-01",
        "distance_hgu_km": 0.822,
        "zone": "0–1 km",
        "location_status": "OUTSIDE HGU"
      }
    },
    {
      "type": "Feature",
      "geometry": {
        "type": "Point",
        "coordinates": [
          114.81436,
          -2.94181
        ]
      },
      "properties": {
        "confidence": "medium",
        "confidence_value": null,
        "sumber": "NASA-NOAA20",
        "date_hotspot": "Kamis, 01 Oktober 2026 12:23:00",
        "date_hotspot_ori": "2026-10-01T05:23:00.000000Z",
        "provinsi": null,
        "kabkota": "Tapin",
        "desa": "Keladan",
        "hs_id": "2026-10-01T05:23:00.000000Z",
        "provinsi_id": 12,
        "long": 114.81436,
        "ori_sumber": null,
        "desa_id": null,
        "counter": 1,
        "confidence_level": "medium",
        "kawasan": "",
        "kecamatan": "Candi Laras Utara",
        "nama_provinsi": "Kalimantan Selatan",
        "pulau": "",
        "route_create": "https://opsroom.sipongidata.my.id/daops/laporan/groundcheck/create/form",
        "hotspot_date": "2026-10-01",
        "distance_hgu_km": 0.438,
        "zone": "0–1 km",
        "location_status": "OUTSIDE HGU"
      }
    },
    {
      "type": "Feature",
      "geometry": {
        "type": "Point",
        "coordinates": [
          114.82697,
          -2.86858
        ]
      },
      "properties": {
        "confidence": "medium",
        "confidence_value": null,
        "sumber": "NASA-NOAA20",
        "date_hotspot": "Kamis, 01 Oktober 2026 12:23:00",
        "date_hotspot_ori": "2026-10-01T05:23:00.000000Z",
        "provinsi": null,
        "kabkota": "Barito Kuala",
        "desa": "Banitan",
        "hs_id": "2026-10-01T05:23:00.000000Z",
        "provinsi_id": 12,
        "long": 114.82697,
        "ori_sumber": null,
        "desa_id": null,
        "counter": 1,
        "confidence_level": "medium",
        "kawasan": "",
        "kecamatan": "Bakumpai",
        "nama_provinsi": "Kalimantan Selatan",
        "pulau": "",
        "route_create": "https://opsroom.sipongidata.my.id/daops/laporan/groundcheck/create/form",
        "hotspot_date": "2026-10-01",
        "distance_hgu_km": 1.36,
        "zone": "1–3 km",
        "location_status": "OUTSIDE HGU"
      }
    },
    {
      "type": "Feature",
      "geometry": {
        "type": "Point",
        "coordinates": [
          114.82717,
          -2.85767
        ]
      },
      "properties": {
        "confidence": "medium",
        "confidence_value": null,
        "sumber": "NASA-NOAA20",
        "date_hotspot": "Kamis, 01 Oktober 2026 12:23:00",
        "date_hotspot_ori": "2026-10-01T05:23:00.000000Z",
        "provinsi": null,
        "kabkota": "Barito Kuala",
        "desa": "Banitan",
        "hs_id": "2026-10-01T05:23:00.000000Z",
        "provinsi_id": 12,
        "long": 114.82717,
        "ori_sumber": null,
        "desa_id": null,
        "counter": 1,
        "confidence_level": "medium",
        "kawasan": "",
        "kecamatan": "Bakumpai",
        "nama_provinsi": "Kalimantan Selatan",
        "pulau": "",
        "route_create": "https://opsroom.sipongidata.my.id/daops/laporan/groundcheck/create/form",
        "hotspot_date": "2026-10-01",
        "distance_hgu_km": 1.686,
        "zone": "1–3 km",
        "location_status": "OUTSIDE HGU"
      }
    },
    {
      "type": "Feature",
      "geometry": {
        "type": "Point",
        "coordinates": [
          114.80864,
          -2.94267
        ]
      },
      "properties": {
        "confidence": "medium",
        "confidence_value": null,
        "sumber": "NASA-NOAA20",
        "date_hotspot": "Kamis, 01 Oktober 2026 12:23:00",
        "date_hotspot_ori": "2026-10-01T05:23:00.000000Z",
        "provinsi": null,
        "kabkota": "Tapin",
        "desa": "Keladan",
        "hs_id": "2026-10-01T05:23:00.000000Z",
        "provinsi_id": 12,
        "long": 114.80864,
        "ori_sumber": null,
        "desa_id": null,
        "counter": 1,
        "confidence_level": "medium",
        "kawasan": "",
        "kecamatan": "Candi Laras Utara",
        "nama_provinsi": "Kalimantan Selatan",
        "pulau": "",
        "route_create": "https://opsroom.sipongidata.my.id/daops/laporan/groundcheck/create/form",
        "hotspot_date": "2026-10-01",
        "distance_hgu_km": 0.996,
        "zone": "0–1 km",
        "location_status": "OUTSIDE HGU"
      }
    },
    {
      "type": "Feature",
      "geometry": {
        "type": "Point",
        "coordinates": [
          114.96844,
          -2.77572
        ]
      },
      "properties": {
        "confidence": "medium",
        "confidence_value": null,
        "sumber": "NASA-NOAA20",
        "date_hotspot": "Kamis, 01 Oktober 2026 12:23:00",
        "date_hotspot_ori": "2026-10-01T05:23:00.000000Z",
        "provinsi": null,
        "kabkota": "Tapin",
        "desa": "Buas-Buas",
        "hs_id": "2026-10-01T05:23:00.000000Z",
        "provinsi_id": 12,
        "long": 114.96844,
        "ori_sumber": null,
        "desa_id": null,
        "counter": 1,
        "confidence_level": "medium",
        "kawasan": "",
        "kecamatan": "Candi Laras Utara",
        "nama_provinsi": "Kalimantan Selatan",
        "pulau": "",
        "route_create": "https://opsroom.sipongidata.my.id/daops/laporan/groundcheck/create/form",
        "hotspot_date": "2026-10-01",
        "distance_hgu_km": 4.314,
        "zone": "3–5 km",
        "location_status": "OUTSIDE HGU"
      }
    },
    {
      "type": "Feature",
      "geometry": {
        "type": "Point",
        "coordinates": [
          114.81048,
          -2.9426
        ]
      },
      "properties": {
        "confidence": "medium",
        "confidence_value": null,
        "sumber": "NASA-SNPP",
        "date_hotspot": "Kamis, 01 Oktober 2026 13:42:00",
        "date_hotspot_ori": "2026-10-01T06:42:00.000000Z",
        "provinsi": null,
        "kabkota": "Tapin",
        "desa": "Keladan",
        "hs_id": "2026-10-01T06:42:00.000000Z",
        "provinsi_id": 12,
        "long": 114.81048,
        "ori_sumber": null,
        "desa_id": null,
        "counter": 1,
        "confidence_level": "medium",
        "kawasan": "",
        "kecamatan": "Candi Laras Utara",
        "nama_provinsi": "Kalimantan Selatan",
        "pulau": "",
        "route_create": "https://opsroom.sipongidata.my.id/daops/laporan/groundcheck/create/form",
        "hotspot_date": "2026-10-01",
        "distance_hgu_km": 0.83,
        "zone": "0–1 km",
        "location_status": "OUTSIDE HGU"
      }
    },
    {
      "type": "Feature",
      "geometry": {
        "type": "Point",
        "coordinates": [
          114.90553,
          -2.66428
        ]
      },
      "properties": {
        "confidence": "medium",
        "confidence_value": null,
        "sumber": "NASA-SNPP",
        "date_hotspot": "Kamis, 01 Oktober 2026 13:42:00",
        "date_hotspot_ori": "2026-10-01T06:42:00.000000Z",
        "provinsi": null,
        "kabkota": "Tapin",
        "desa": "Sawaja",
        "hs_id": "2026-10-01T06:42:00.000000Z",
        "provinsi_id": 12,
        "long": 114.90553,
        "ori_sumber": null,
        "desa_id": null,
        "counter": 1,
        "confidence_level": "medium",
        "kawasan": "",
        "kecamatan": "Candi Laras Utara",
        "nama_provinsi": "Kalimantan Selatan",
        "pulau": "",
        "route_create": "https://opsroom.sipongidata.my.id/daops/laporan/groundcheck/create/form",
        "hotspot_date": "2026-10-01",
        "distance_hgu_km": 3.135,
        "zone": "3–5 km",
        "location_status": "OUTSIDE HGU"
      }
    },
    {
      "type": "Feature",
      "geometry": {
        "type": "Point",
        "coordinates": [
          114.91086,
          -2.66953
        ]
      },
      "properties": {
        "confidence": "medium",
        "confidence_value": null,
        "sumber": "NASA-SNPP",
        "date_hotspot": "Kamis, 01 Oktober 2026 13:42:00",
        "date_hotspot_ori": "2026-10-01T06:42:00.000000Z",
        "provinsi": null,
        "kabkota": "Tapin",
        "desa": "Sawaja",
        "hs_id": "2026-10-01T06:42:00.000000Z",
        "provinsi_id": 12,
        "long": 114.91086,
        "ori_sumber": null,
        "desa_id": null,
        "counter": 1,
        "confidence_level": "medium",
        "kawasan": "",
        "kecamatan": "Candi Laras Utara",
        "nama_provinsi": "Kalimantan Selatan",
        "pulau": "",
        "route_create": "https://opsroom.sipongidata.my.id/daops/laporan/groundcheck/create/form",
        "hotspot_date": "2026-10-01",
        "distance_hgu_km": 2.516,
        "zone": "1–3 km",
        "location_status": "OUTSIDE HGU"
      }
    },
    {
      "type": "Feature",
      "geometry": {
        "type": "Point",
        "coordinates": [
          114.91525,
          -2.6688
        ]
      },
      "properties": {
        "confidence": "medium",
        "confidence_value": null,
        "sumber": "NASA-SNPP",
        "date_hotspot": "Kamis, 01 Oktober 2026 13:42:00",
        "date_hotspot_ori": "2026-10-01T06:42:00.000000Z",
        "provinsi": null,
        "kabkota": "Tapin",
        "desa": "Sawaja",
        "hs_id": "2026-10-01T06:42:00.000000Z",
        "provinsi_id": 12,
        "long": 114.91525,
        "ori_sumber": null,
        "desa_id": null,
        "counter": 1,
        "confidence_level": "medium",
        "kawasan": "",
        "kecamatan": "Candi Laras Utara",
        "nama_provinsi": "Kalimantan Selatan",
        "pulau": "",
        "route_create": "https://opsroom.sipongidata.my.id/daops/laporan/groundcheck/create/form",
        "hotspot_date": "2026-10-01",
        "distance_hgu_km": 2.594,
        "zone": "1–3 km",
        "location_status": "OUTSIDE HGU"
      }
    },
    {
      "type": "Feature",
      "geometry": {
        "type": "Point",
        "coordinates": [
          114.96947,
          -2.77848
        ]
      },
      "properties": {
        "confidence": "medium",
        "confidence_value": null,
        "sumber": "NASA-SNPP",
        "date_hotspot": "Kamis, 01 Oktober 2026 13:42:00",
        "date_hotspot_ori": "2026-10-01T06:42:00.000000Z",
        "provinsi": null,
        "kabkota": "Tapin",
        "desa": "Buas-Buas",
        "hs_id": "2026-10-01T06:42:00.000000Z",
        "provinsi_id": 12,
        "long": 114.96947,
        "ori_sumber": null,
        "desa_id": null,
        "counter": 1,
        "confidence_level": "medium",
        "kawasan": "",
        "kecamatan": "Candi Laras Utara",
        "nama_provinsi": "Kalimantan Selatan",
        "pulau": "",
        "route_create": "https://opsroom.sipongidata.my.id/daops/laporan/groundcheck/create/form",
        "hotspot_date": "2026-10-01",
        "distance_hgu_km": 4.639,
        "zone": "3–5 km",
        "location_status": "OUTSIDE HGU"
      }
    },
    {
      "type": "Feature",
      "geometry": {
        "type": "Point",
        "coordinates": [
          114.84949,
          -2.91176
        ]
      },
      "properties": {
        "confidence": "medium",
        "confidence_value": null,
        "sumber": "NASA-SNPP",
        "date_hotspot": "Kamis, 01 Oktober 2026 13:42:00",
        "date_hotspot_ori": "2026-10-01T06:42:00.000000Z",
        "provinsi": null,
        "kabkota": "Tapin",
        "desa": "Sungai Selai Hilir",
        "hs_id": "2026-10-01T06:42:00.000000Z",
        "provinsi_id": 12,
        "long": 114.84949,
        "ori_sumber": null,
        "desa_id": null,
        "counter": 1,
        "confidence_level": "medium",
        "kawasan": "",
        "kecamatan": "Candi Laras Utara",
        "nama_provinsi": "Kalimantan Selatan",
        "pulau": "",
        "route_create": "https://opsroom.sipongidata.my.id/daops/laporan/groundcheck/create/form",
        "hotspot_date": "2026-10-01",
        "distance_hgu_km": 0.0,
        "zone": "Inside HGU",
        "location_status": "INSIDE HGU"
      }
    },
    {
      "type": "Feature",
      "geometry": {
        "type": "Point",
        "coordinates": [
          114.85475,
          -2.91698
        ]
      },
      "properties": {
        "confidence": "medium",
        "confidence_value": null,
        "sumber": "NASA-SNPP",
        "date_hotspot": "Kamis, 01 Oktober 2026 13:42:00",
        "date_hotspot_ori": "2026-10-01T06:42:00.000000Z",
        "provinsi": null,
        "kabkota": "Tapin",
        "desa": "Sungai Selai",
        "hs_id": "2026-10-01T06:42:00.000000Z",
        "provinsi_id": 12,
        "long": 114.85475,
        "ori_sumber": null,
        "desa_id": null,
        "counter": 1,
        "confidence_level": "medium",
        "kawasan": "",
        "kecamatan": "Candi Laras Utara",
        "nama_provinsi": "Kalimantan Selatan",
        "pulau": "",
        "route_create": "https://opsroom.sipongidata.my.id/daops/laporan/groundcheck/create/form",
        "hotspot_date": "2026-10-01",
        "distance_hgu_km": 0.406,
        "zone": "0–1 km",
        "location_status": "OUTSIDE HGU"
      }
    },
    {
      "type": "Feature",
      "geometry": {
        "type": "Point",
        "coordinates": [
          114.81473,
          -2.94189
        ]
      },
      "properties": {
        "confidence": "medium",
        "confidence_value": null,
        "sumber": "NASA-SNPP",
        "date_hotspot": "Kamis, 01 Oktober 2026 13:42:00",
        "date_hotspot_ori": "2026-10-01T06:42:00.000000Z",
        "provinsi": null,
        "kabkota": "Tapin",
        "desa": "Keladan",
        "hs_id": "2026-10-01T06:42:00.000000Z",
        "provinsi_id": 12,
        "long": 114.81473,
        "ori_sumber": null,
        "desa_id": null,
        "counter": 1,
        "confidence_level": "medium",
        "kawasan": "",
        "kecamatan": "Candi Laras Utara",
        "nama_provinsi": "Kalimantan Selatan",
        "pulau": "",
        "route_create": "https://opsroom.sipongidata.my.id/daops/laporan/groundcheck/create/form",
        "hotspot_date": "2026-10-01",
        "distance_hgu_km": 0.42,
        "zone": "0–1 km",
        "location_status": "OUTSIDE HGU"
      }
    },
    {
      "type": "Feature",
      "geometry": {
        "type": "Point",
        "coordinates": [
          114.81158,
          -2.87794
        ]
      },
      "properties": {
        "confidence": "medium",
        "confidence_value": null,
        "sumber": "NASA-SNPP",
        "date_hotspot": "Kamis, 01 Oktober 2026 13:42:00",
        "date_hotspot_ori": "2026-10-01T06:42:00.000000Z",
        "provinsi": null,
        "kabkota": "Barito Kuala",
        "desa": "Banitan",
        "hs_id": "2026-10-01T06:42:00.000000Z",
        "provinsi_id": 12,
        "long": 114.81158,
        "ori_sumber": null,
        "desa_id": null,
        "counter": 1,
        "confidence_level": "medium",
        "kawasan": "",
        "kecamatan": "Bakumpai",
        "nama_provinsi": "Kalimantan Selatan",
        "pulau": "",
        "route_create": "https://opsroom.sipongidata.my.id/daops/laporan/groundcheck/create/form",
        "hotspot_date": "2026-10-01",
        "distance_hgu_km": 2.603,
        "zone": "1–3 km",
        "location_status": "OUTSIDE HGU"
      }
    },
    {
      "type": "Feature",
      "geometry": {
        "type": "Point",
        "coordinates": [
          114.77453,
          -2.93642
        ]
      },
      "properties": {
        "confidence": "medium",
        "confidence_value": null,
        "sumber": "NASA-SNPP",
        "date_hotspot": "Kamis, 01 Oktober 2026 13:42:00",
        "date_hotspot_ori": "2026-10-01T06:42:00.000000Z",
        "provinsi": null,
        "kabkota": "Barito Kuala",
        "desa": "Sungai Selirik",
        "hs_id": "2026-10-01T06:42:00.000000Z",
        "provinsi_id": 12,
        "long": 114.77453,
        "ori_sumber": null,
        "desa_id": null,
        "counter": 1,
        "confidence_level": "medium",
        "kawasan": "",
        "kecamatan": "Bakumpai",
        "nama_provinsi": "Kalimantan Selatan",
        "pulau": "",
        "route_create": "https://opsroom.sipongidata.my.id/daops/laporan/groundcheck/create/form",
        "hotspot_date": "2026-10-01",
        "distance_hgu_km": 4.304,
        "zone": "3–5 km",
        "location_status": "OUTSIDE HGU"
      }
    },
    {
      "type": "Feature",
      "geometry": {
        "type": "Point",
        "coordinates": [
          114.84613,
          -2.91841
        ]
      },
      "properties": {
        "confidence": "medium",
        "confidence_value": null,
        "sumber": "NASA-SNPP",
        "date_hotspot": "Kamis, 01 Oktober 2026 13:42:00",
        "date_hotspot_ori": "2026-10-01T06:42:00.000000Z",
        "provinsi": null,
        "kabkota": "Tapin",
        "desa": "Sungai Selai Hilir",
        "hs_id": "2026-10-01T06:42:00.000000Z",
        "provinsi_id": 12,
        "long": 114.84613,
        "ori_sumber": null,
        "desa_id": null,
        "counter": 1,
        "confidence_level": "medium",
        "kawasan": "",
        "kecamatan": "Candi Laras Utara",
        "nama_provinsi": "Kalimantan Selatan",
        "pulau": "",
        "route_create": "https://opsroom.sipongidata.my.id/daops/laporan/groundcheck/create/form",
        "hotspot_date": "2026-10-01",
        "distance_hgu_km": 0.371,
        "zone": "0–1 km",
        "location_status": "OUTSIDE HGU"
      }
    },
    {
      "type": "Feature",
      "geometry": {
        "type": "Point",
        "coordinates": [
          114.94643,
          -2.80525
        ]
      },
      "properties": {
        "confidence": "medium",
        "confidence_value": null,
        "sumber": "NASA-SNPP",
        "date_hotspot": "Sabtu, 26 September 2026 00:56:00",
        "date_hotspot_ori": "2026-09-25T17:56:00.000000Z",
        "provinsi": null,
        "kabkota": "Tapin",
        "desa": "Rawana Hulu",
        "hs_id": "2026-09-25T17:56:00.000000Z",
        "provinsi_id": 12,
        "long": 114.94643,
        "ori_sumber": null,
        "desa_id": null,
        "counter": 1,
        "confidence_level": "medium",
        "kawasan": "",
        "kecamatan": "Candi Laras Utara",
        "nama_provinsi": "Kalimantan Selatan",
        "pulau": "",
        "route_create": "https://opsroom.sipongidata.my.id/daops/laporan/groundcheck/create/form",
        "hotspot_date": "2026-09-26",
        "distance_hgu_km": 4.558,
        "zone": "3–5 km",
        "location_status": "OUTSIDE HGU"
      }
    },
    {
      "type": "Feature",
      "geometry": {
        "type": "Point",
        "coordinates": [
          114.80923,
          -2.86339
        ]
      },
      "properties": {
        "confidence": "medium",
        "confidence_value": null,
        "sumber": "NASA-SNPP",
        "date_hotspot": "Selasa, 22 September 2026 13:10:00",
        "date_hotspot_ori": "2026-09-22T06:10:00.000000Z",
        "provinsi": null,
        "kabkota": "Barito Kuala",
        "desa": "Banitan",
        "hs_id": "2026-09-22T06:10:00.000000Z",
        "provinsi_id": 12,
        "long": 114.80923,
        "ori_sumber": null,
        "desa_id": null,
        "counter": 1,
        "confidence_level": "medium",
        "kawasan": "",
        "kecamatan": "Bakumpai",
        "nama_provinsi": "Kalimantan Selatan",
        "pulau": "",
        "route_create": "https://opsroom.sipongidata.my.id/daops/laporan/groundcheck/create/form",
        "hotspot_date": "2026-09-22",
        "distance_hgu_km": 3.408,
        "zone": "3–5 km",
        "location_status": "OUTSIDE HGU"
      }
    },
    {
      "type": "Feature",
      "geometry": {
        "type": "Point",
        "coordinates": [
          114.88918,
          -2.84736
        ]
      },
      "properties": {
        "confidence": "medium",
        "confidence_value": null,
        "sumber": "NASA-SNPP",
        "date_hotspot": "Selasa, 22 September 2026 13:10:00",
        "date_hotspot_ori": "2026-09-22T06:10:00.000000Z",
        "provinsi": null,
        "kabkota": "Tapin",
        "desa": "Margasari Hulu",
        "hs_id": "2026-09-22T06:10:00.000000Z",
        "provinsi_id": 12,
        "long": 114.88918,
        "ori_sumber": null,
        "desa_id": null,
        "counter": 3,
        "confidence_level": "medium",
        "kawasan": "",
        "kecamatan": "Candi Laras Selatan",
        "nama_provinsi": "Kalimantan Selatan",
        "pulau": "",
        "route_create": "https://opsroom.sipongidata.my.id/daops/laporan/groundcheck/create/form",
        "hotspot_date": "2026-09-22",
        "distance_hgu_km": 0.258,
        "zone": "0–1 km",
        "location_status": "OUTSIDE HGU"
      }
    },
    {
      "type": "Feature",
      "geometry": {
        "type": "Point",
        "coordinates": [
          114.81779,
          -2.87932
        ]
      },
      "properties": {
        "confidence": "medium",
        "confidence_value": null,
        "sumber": "NASA-SNPP",
        "date_hotspot": "Jumat, 02 Oktober 2026 00:43:00",
        "date_hotspot_ori": "2026-10-01T17:43:00.000000Z",
        "provinsi": null,
        "kabkota": "Barito Kuala",
        "desa": "Banitan",
        "hs_id": "2026-10-01T17:43:00.000000Z",
        "provinsi_id": 12,
        "long": 114.81779,
        "ori_sumber": null,
        "desa_id": null,
        "counter": 2,
        "confidence_level": "medium",
        "kawasan": "",
        "kecamatan": "Bakumpai",
        "nama_provinsi": "Kalimantan Selatan",
        "pulau": "",
        "route_create": "https://opsroom.sipongidata.my.id/daops/laporan/groundcheck/create/form",
        "hotspot_date": "2026-10-02",
        "distance_hgu_km": 1.903,
        "zone": "1–3 km",
        "location_status": "OUTSIDE HGU"
      }
    },
    {
      "type": "Feature",
      "geometry": {
        "type": "Point",
        "coordinates": [
          114.78288,
          -2.95548
        ]
      },
      "properties": {
        "confidence": "medium",
        "confidence_value": null,
        "sumber": "NASA-SNPP",
        "date_hotspot": "Senin, 28 September 2026 12:57:00",
        "date_hotspot_ori": "2026-09-28T05:57:00.000000Z",
        "provinsi": null,
        "kabkota": "Barito Kuala",
        "desa": "Murung Raya",
        "hs_id": "2026-09-28T05:57:00.000000Z",
        "provinsi_id": 12,
        "long": 114.78288,
        "ori_sumber": null,
        "desa_id": null,
        "counter": 1,
        "confidence_level": "medium",
        "kawasan": "",
        "kecamatan": "Bakumpai",
        "nama_provinsi": "Kalimantan Selatan",
        "pulau": "",
        "route_create": "https://opsroom.sipongidata.my.id/daops/laporan/groundcheck/create/form",
        "hotspot_date": "2026-09-28",
        "distance_hgu_km": 4.167,
        "zone": "3–5 km",
        "location_status": "OUTSIDE HGU"
      }
    },
    {
      "type": "Feature",
      "geometry": {
        "type": "Point",
        "coordinates": [
          114.81194,
          -2.88983
        ]
      },
      "properties": {
        "confidence": "medium",
        "confidence_value": null,
        "sumber": "NASA-SNPP",
        "date_hotspot": "Senin, 28 September 2026 12:57:00",
        "date_hotspot_ori": "2026-09-28T05:57:00.000000Z",
        "provinsi": null,
        "kabkota": "Barito Kuala",
        "desa": "Banitan",
        "hs_id": "2026-09-28T05:57:00.000000Z",
        "provinsi_id": 12,
        "long": 114.81194,
        "ori_sumber": null,
        "desa_id": null,
        "counter": 1,
        "confidence_level": "medium",
        "kawasan": "",
        "kecamatan": "Bakumpai",
        "nama_provinsi": "Kalimantan Selatan",
        "pulau": "",
        "route_create": "https://opsroom.sipongidata.my.id/daops/laporan/groundcheck/create/form",
        "hotspot_date": "2026-09-28",
        "distance_hgu_km": 2.027,
        "zone": "1–3 km",
        "location_status": "OUTSIDE HGU"
      }
    },
    {
      "type": "Feature",
      "geometry": {
        "type": "Point",
        "coordinates": [
          114.81144,
          -2.88651
        ]
      },
      "properties": {
        "confidence": "medium",
        "confidence_value": null,
        "sumber": "NASA-SNPP",
        "date_hotspot": "Senin, 28 September 2026 12:57:00",
        "date_hotspot_ori": "2026-09-28T05:57:00.000000Z",
        "provinsi": null,
        "kabkota": "Barito Kuala",
        "desa": "Banitan",
        "hs_id": "2026-09-28T05:57:00.000000Z",
        "provinsi_id": 12,
        "long": 114.81144,
        "ori_sumber": null,
        "desa_id": null,
        "counter": 1,
        "confidence_level": "medium",
        "kawasan": "",
        "kecamatan": "Bakumpai",
        "nama_provinsi": "Kalimantan Selatan",
        "pulau": "",
        "route_create": "https://opsroom.sipongidata.my.id/daops/laporan/groundcheck/create/form",
        "hotspot_date": "2026-09-28",
        "distance_hgu_km": 2.233,
        "zone": "1–3 km",
        "location_status": "OUTSIDE HGU"
      }
    },
    {
      "type": "Feature",
      "geometry": {
        "type": "Point",
        "coordinates": [
          114.78339,
          -2.95881
        ]
      },
      "properties": {
        "confidence": "medium",
        "confidence_value": null,
        "sumber": "NASA-SNPP",
        "date_hotspot": "Senin, 28 September 2026 12:57:00",
        "date_hotspot_ori": "2026-09-28T05:57:00.000000Z",
        "provinsi": null,
        "kabkota": "Barito Kuala",
        "desa": "Murung Raya",
        "hs_id": "2026-09-28T05:57:00.000000Z",
        "provinsi_id": 12,
        "long": 114.78339,
        "ori_sumber": null,
        "desa_id": null,
        "counter": 1,
        "confidence_level": "medium",
        "kawasan": "",
        "kecamatan": "Bakumpai",
        "nama_provinsi": "Kalimantan Selatan",
        "pulau": "",
        "route_create": "https://opsroom.sipongidata.my.id/daops/laporan/groundcheck/create/form",
        "hotspot_date": "2026-09-28",
        "distance_hgu_km": 4.315,
        "zone": "3–5 km",
        "location_status": "OUTSIDE HGU"
      }
    },
    {
      "type": "Feature",
      "geometry": {
        "type": "Point",
        "coordinates": [
          114.80462,
          -2.93515
        ]
      },
      "properties": {
        "confidence": "medium",
        "confidence_value": null,
        "sumber": "NASA-SNPP",
        "date_hotspot": "Senin, 28 September 2026 12:57:00",
        "date_hotspot_ori": "2026-09-28T05:57:00.000000Z",
        "provinsi": null,
        "kabkota": "Barito Kuala",
        "desa": "Banitan",
        "hs_id": "2026-09-28T05:57:00.000000Z",
        "provinsi_id": 12,
        "long": 114.80462,
        "ori_sumber": null,
        "desa_id": null,
        "counter": 1,
        "confidence_level": "medium",
        "kawasan": "",
        "kecamatan": "Bakumpai",
        "nama_provinsi": "Kalimantan Selatan",
        "pulau": "",
        "route_create": "https://opsroom.sipongidata.my.id/daops/laporan/groundcheck/create/form",
        "hotspot_date": "2026-09-28",
        "distance_hgu_km": 1.006,
        "zone": "1–3 km",
        "location_status": "OUTSIDE HGU"
      }
    },
    {
      "type": "Feature",
      "geometry": {
        "type": "Point",
        "coordinates": [
          114.80807,
          -2.93463
        ]
      },
      "properties": {
        "confidence": "medium",
        "confidence_value": null,
        "sumber": "NASA-SNPP",
        "date_hotspot": "Senin, 28 September 2026 12:57:00",
        "date_hotspot_ori": "2026-09-28T05:57:00.000000Z",
        "provinsi": null,
        "kabkota": "Barito Kuala",
        "desa": "Banitan",
        "hs_id": "2026-09-28T05:57:00.000000Z",
        "provinsi_id": 12,
        "long": 114.80807,
        "ori_sumber": null,
        "desa_id": null,
        "counter": 1,
        "confidence_level": "medium",
        "kawasan": "",
        "kecamatan": "Bakumpai",
        "nama_provinsi": "Kalimantan Selatan",
        "pulau": "",
        "route_create": "https://opsroom.sipongidata.my.id/daops/laporan/groundcheck/create/form",
        "hotspot_date": "2026-09-28",
        "distance_hgu_km": 0.639,
        "zone": "0–1 km",
        "location_status": "OUTSIDE HGU"
      }
    },
    {
      "type": "Feature",
      "geometry": {
        "type": "Point",
        "coordinates": [
          114.80675,
          -2.89315
        ]
      },
      "properties": {
        "confidence": "medium",
        "confidence_value": null,
        "sumber": "NASA-NOAA20",
        "date_hotspot": "Senin, 28 September 2026 13:18:00",
        "date_hotspot_ori": "2026-09-28T06:18:00.000000Z",
        "provinsi": null,
        "kabkota": "Barito Kuala",
        "desa": "Banitan",
        "hs_id": "2026-09-28T06:18:00.000000Z",
        "provinsi_id": 12,
        "long": 114.80675,
        "ori_sumber": null,
        "desa_id": null,
        "counter": 1,
        "confidence_level": "medium",
        "kawasan": "",
        "kecamatan": "Bakumpai",
        "nama_provinsi": "Kalimantan Selatan",
        "pulau": "",
        "route_create": "https://opsroom.sipongidata.my.id/daops/laporan/groundcheck/create/form",
        "hotspot_date": "2026-09-28",
        "distance_hgu_km": 2.397,
        "zone": "1–3 km",
        "location_status": "OUTSIDE HGU"
      }
    },
    {
      "type": "Feature",
      "geometry": {
        "type": "Point",
        "coordinates": [
          114.783,
          -2.95927
        ]
      },
      "properties": {
        "confidence": "medium",
        "confidence_value": null,
        "sumber": "NASA-NOAA20",
        "date_hotspot": "Senin, 28 September 2026 13:18:00",
        "date_hotspot_ori": "2026-09-28T06:18:00.000000Z",
        "provinsi": null,
        "kabkota": "Barito Kuala",
        "desa": "Murung Raya",
        "hs_id": "2026-09-28T06:18:00.000000Z",
        "provinsi_id": 12,
        "long": 114.783,
        "ori_sumber": null,
        "desa_id": null,
        "counter": 1,
        "confidence_level": "medium",
        "kawasan": "",
        "kecamatan": "Bakumpai",
        "nama_provinsi": "Kalimantan Selatan",
        "pulau": "",
        "route_create": "https://opsroom.sipongidata.my.id/daops/laporan/groundcheck/create/form",
        "hotspot_date": "2026-09-28",
        "distance_hgu_km": 4.38,
        "zone": "3–5 km",
        "location_status": "OUTSIDE HGU"
      }
    },
    {
      "type": "Feature",
      "geometry": {
        "type": "Point",
        "coordinates": [
          114.90206,
          -2.67756
        ]
      },
      "properties": {
        "confidence": "medium",
        "confidence_value": null,
        "sumber": "NASA-NOAA20",
        "date_hotspot": "Selasa, 29 September 2026 00:20:00",
        "date_hotspot_ori": "2026-09-28T17:20:00.000000Z",
        "provinsi": null,
        "kabkota": "Tapin",
        "desa": "Sawaja",
        "hs_id": "2026-09-28T17:20:00.000000Z",
        "provinsi_id": 12,
        "long": 114.90206,
        "ori_sumber": null,
        "desa_id": null,
        "counter": 1,
        "confidence_level": "medium",
        "kawasan": "",
        "kecamatan": "Candi Laras Utara",
        "nama_provinsi": "Kalimantan Selatan",
        "pulau": "",
        "route_create": "https://opsroom.sipongidata.my.id/daops/laporan/groundcheck/create/form",
        "hotspot_date": "2026-09-29",
        "distance_hgu_km": 1.838,
        "zone": "1–3 km",
        "location_status": "OUTSIDE HGU"
      }
    },
    {
      "type": "Feature",
      "geometry": {
        "type": "Point",
        "coordinates": [
          114.81847,
          -2.86489
        ]
      },
      "properties": {
        "confidence": "medium",
        "confidence_value": null,
        "sumber": "NASA-NOAA20",
        "date_hotspot": "Selasa, 29 September 2026 00:20:00",
        "date_hotspot_ori": "2026-09-28T17:20:00.000000Z",
        "provinsi": null,
        "kabkota": "Barito Kuala",
        "desa": "Banitan",
        "hs_id": "2026-09-28T17:20:00.000000Z",
        "provinsi_id": 12,
        "long": 114.81847,
        "ori_sumber": null,
        "desa_id": null,
        "counter": 2,
        "confidence_level": "medium",
        "kawasan": "",
        "kecamatan": "Bakumpai",
        "nama_provinsi": "Kalimantan Selatan",
        "pulau": "",
        "route_create": "https://opsroom.sipongidata.my.id/daops/laporan/groundcheck/create/form",
        "hotspot_date": "2026-09-29",
        "distance_hgu_km": 2.387,
        "zone": "1–3 km",
        "location_status": "OUTSIDE HGU"
      }
    },
    {
      "type": "Feature",
      "geometry": {
        "type": "Point",
        "coordinates": [
          114.85544,
          -2.92311
        ]
      },
      "properties": {
        "confidence": "medium",
        "confidence_value": null,
        "sumber": "NASA-NOAA20",
        "date_hotspot": "Selasa, 29 September 2026 12:57:00",
        "date_hotspot_ori": "2026-09-29T05:57:00.000000Z",
        "provinsi": null,
        "kabkota": "Tapin",
        "desa": "Sungai Selai Hilir",
        "hs_id": "2026-09-29T05:57:00.000000Z",
        "provinsi_id": 12,
        "long": 114.85544,
        "ori_sumber": null,
        "desa_id": null,
        "counter": 2,
        "confidence_level": "medium",
        "kawasan": "",
        "kecamatan": "Candi Laras Utara",
        "nama_provinsi": "Kalimantan Selatan",
        "pulau": "",
        "route_create": "https://opsroom.sipongidata.my.id/daops/laporan/groundcheck/create/form",
        "hotspot_date": "2026-09-29",
        "distance_hgu_km": 1.088,
        "zone": "1–3 km",
        "location_status": "OUTSIDE HGU"
      }
    },
    {
      "type": "Feature",
      "geometry": {
        "type": "Point",
        "coordinates": [
          114.98238,
          -2.72101
        ]
      },
      "properties": {
        "confidence": "medium",
        "confidence_value": null,
        "sumber": "NASA-NOAA20",
        "date_hotspot": "Selasa, 29 September 2026 12:57:00",
        "date_hotspot_ori": "2026-09-29T05:57:00.000000Z",
        "provinsi": null,
        "kabkota": "Hulu Sungai Selatan",
        "desa": "Bajayau Tengah",
        "hs_id": "2026-09-29T05:57:00.000000Z",
        "provinsi_id": 12,
        "long": 114.98238,
        "ori_sumber": null,
        "desa_id": null,
        "counter": 1,
        "confidence_level": "medium",
        "kawasan": "",
        "kecamatan": "Daha Barat",
        "nama_provinsi": "Kalimantan Selatan",
        "pulau": "",
        "route_create": "https://opsroom.sipongidata.my.id/daops/laporan/groundcheck/create/form",
        "hotspot_date": "2026-09-29",
        "distance_hgu_km": 2.233,
        "zone": "1–3 km",
        "location_status": "OUTSIDE HGU"
      }
    },
    {
      "type": "Feature",
      "geometry": {
        "type": "Point",
        "coordinates": [
          114.82646,
          -2.85694
        ]
      },
      "properties": {
        "confidence": "medium",
        "confidence_value": null,
        "sumber": "NASA-NOAA20",
        "date_hotspot": "Selasa, 29 September 2026 12:57:00",
        "date_hotspot_ori": "2026-09-29T05:57:00.000000Z",
        "provinsi": null,
        "kabkota": "Barito Kuala",
        "desa": "Banitan",
        "hs_id": "2026-09-29T05:57:00.000000Z",
        "provinsi_id": 12,
        "long": 114.82646,
        "ori_sumber": null,
        "desa_id": null,
        "counter": 2,
        "confidence_level": "medium",
        "kawasan": "",
        "kecamatan": "Bakumpai",
        "nama_provinsi": "Kalimantan Selatan",
        "pulau": "",
        "route_create": "https://opsroom.sipongidata.my.id/daops/laporan/groundcheck/create/form",
        "hotspot_date": "2026-09-29",
        "distance_hgu_km": 1.762,
        "zone": "1–3 km",
        "location_status": "OUTSIDE HGU"
      }
    },
    {
      "type": "Feature",
      "geometry": {
        "type": "Point",
        "coordinates": [
          114.9828,
          -2.72118
        ]
      },
      "properties": {
        "confidence": "medium",
        "confidence_value": null,
        "sumber": "NASA-SNPP",
        "date_hotspot": "Selasa, 29 September 2026 12:40:00",
        "date_hotspot_ori": "2026-09-29T05:40:00.000000Z",
        "provinsi": null,
        "kabkota": "Hulu Sungai Selatan",
        "desa": "Bajayau Tengah",
        "hs_id": "2026-09-29T05:40:00.000000Z",
        "provinsi_id": 12,
        "long": 114.9828,
        "ori_sumber": null,
        "desa_id": null,
        "counter": 1,
        "confidence_level": "medium",
        "kawasan": "",
        "kecamatan": "Daha Barat",
        "nama_provinsi": "Kalimantan Selatan",
        "pulau": "",
        "route_create": "https://opsroom.sipongidata.my.id/daops/laporan/groundcheck/create/form",
        "hotspot_date": "2026-09-29",
        "distance_hgu_km": 2.28,
        "zone": "1–3 km",
        "location_status": "OUTSIDE HGU"
      }
    },
    {
      "type": "Feature",
      "geometry": {
        "type": "Point",
        "coordinates": [
          114.88316,
          -2.85176
        ]
      },
      "properties": {
        "confidence": "medium",
        "confidence_value": null,
        "sumber": "NASA-SNPP",
        "date_hotspot": "Selasa, 29 September 2026 12:40:00",
        "date_hotspot_ori": "2026-09-29T05:40:00.000000Z",
        "provinsi": null,
        "kabkota": "Tapin",
        "desa": "Margasari Hulu",
        "hs_id": "2026-09-29T05:40:00.000000Z",
        "provinsi_id": 12,
        "long": 114.88316,
        "ori_sumber": null,
        "desa_id": null,
        "counter": 1,
        "confidence_level": "medium",
        "kawasan": "",
        "kecamatan": "Candi Laras Selatan",
        "nama_provinsi": "Kalimantan Selatan",
        "pulau": "",
        "route_create": "https://opsroom.sipongidata.my.id/daops/laporan/groundcheck/create/form",
        "hotspot_date": "2026-09-29",
        "distance_hgu_km": 0.286,
        "zone": "0–1 km",
        "location_status": "OUTSIDE HGU"
      }
    },
    {
      "type": "Feature",
      "geometry": {
        "type": "Point",
        "coordinates": [
          114.88345,
          -2.79133
        ]
      },
      "properties": {
        "confidence": "medium",
        "confidence_value": null,
        "sumber": "NASA-NOAA20",
        "date_hotspot": "Senin, 14 September 2026 12:40:00",
        "date_hotspot_ori": "2026-09-14T05:40:00.000000Z",
        "provinsi": null,
        "kabkota": "Tapin",
        "desa": "Teluk Haur",
        "hs_id": "2026-09-14T05:40:00.000000Z",
        "provinsi_id": 12,
        "long": 114.88345,
        "ori_sumber": null,
        "desa_id": null,
        "counter": 3,
        "confidence_level": "medium",
        "kawasan": "",
        "kecamatan": "Candi Laras Utara",
        "nama_provinsi": "Kalimantan Selatan",
        "pulau": "",
        "route_create": "https://opsroom.sipongidata.my.id/daops/laporan/groundcheck/create/form",
        "hotspot_date": "2026-09-14",
        "distance_hgu_km": 1.728,
        "zone": "1–3 km",
        "location_status": "OUTSIDE HGU"
      }
    },
    {
      "type": "Feature",
      "geometry": {
        "type": "Point",
        "coordinates": [
          114.86621,
          -2.81993
        ]
      },
      "properties": {
        "confidence": "medium",
        "confidence_value": null,
        "sumber": "NASA-NOAA20",
        "date_hotspot": "Senin, 14 September 2026 12:40:00",
        "date_hotspot_ori": "2026-09-14T05:40:00.000000Z",
        "provinsi": null,
        "kabkota": "Tapin",
        "desa": "Batalas",
        "hs_id": "2026-09-14T05:40:00.000000Z",
        "provinsi_id": 12,
        "long": 114.86621,
        "ori_sumber": null,
        "desa_id": null,
        "counter": 2,
        "confidence_level": "medium",
        "kawasan": "",
        "kecamatan": "Candi Laras Utara",
        "nama_provinsi": "Kalimantan Selatan",
        "pulau": "",
        "route_create": "https://opsroom.sipongidata.my.id/daops/laporan/groundcheck/create/form",
        "hotspot_date": "2026-09-14",
        "distance_hgu_km": 0.348,
        "zone": "0–1 km",
        "location_status": "OUTSIDE HGU"
      }
    },
    {
      "type": "Feature",
      "geometry": {
        "type": "Point",
        "coordinates": [
          114.86254,
          -2.82421
        ]
      },
      "properties": {
        "confidence": "medium",
        "confidence_value": null,
        "sumber": "NASA-NOAA20",
        "date_hotspot": "Senin, 14 September 2026 12:40:00",
        "date_hotspot_ori": "2026-09-14T05:40:00.000000Z",
        "provinsi": null,
        "kabkota": "Tapin",
        "desa": "Batalas",
        "hs_id": "2026-09-14T05:40:00.000000Z",
        "provinsi_id": 12,
        "long": 114.86254,
        "ori_sumber": null,
        "desa_id": null,
        "counter": 2,
        "confidence_level": "medium",
        "kawasan": "",
        "kecamatan": "Candi Laras Utara",
        "nama_provinsi": "Kalimantan Selatan",
        "pulau": "",
        "route_create": "https://opsroom.sipongidata.my.id/daops/laporan/groundcheck/create/form",
        "hotspot_date": "2026-09-14",
        "distance_hgu_km": 0.197,
        "zone": "0–1 km",
        "location_status": "OUTSIDE HGU"
      }
    },
    {
      "type": "Feature",
      "geometry": {
        "type": "Point",
        "coordinates": [
          114.87678,
          -2.83318
        ]
      },
      "properties": {
        "confidence": "medium",
        "confidence_value": null,
        "sumber": "NASA-NOAA20",
        "date_hotspot": "Senin, 14 September 2026 12:40:00",
        "date_hotspot_ori": "2026-09-14T05:40:00.000000Z",
        "provinsi": null,
        "kabkota": "Tapin",
        "desa": "Batalas",
        "hs_id": "2026-09-14T05:40:00.000000Z",
        "provinsi_id": 12,
        "long": 114.87678,
        "ori_sumber": null,
        "desa_id": null,
        "counter": 4,
        "confidence_level": "medium",
        "kawasan": "",
        "kecamatan": "Candi Laras Utara",
        "nama_provinsi": "Kalimantan Selatan",
        "pulau": "",
        "route_create": "https://opsroom.sipongidata.my.id/daops/laporan/groundcheck/create/form",
        "hotspot_date": "2026-09-14",
        "distance_hgu_km": 0.062,
        "zone": "0–1 km",
        "location_status": "OUTSIDE HGU"
      }
    },
    {
      "type": "Feature",
      "geometry": {
        "type": "Point",
        "coordinates": [
          114.88679,
          -2.8587
        ]
      },
      "properties": {
        "confidence": "medium",
        "confidence_value": null,
        "sumber": "NASA-SNPP",
        "date_hotspot": "Selasa, 22 September 2026 13:10:00",
        "date_hotspot_ori": "2026-09-22T06:10:00.000000Z",
        "provinsi": null,
        "kabkota": "Tapin",
        "desa": "Pariok",
        "hs_id": "2026-09-22T06:10:00.000000Z",
        "provinsi_id": 12,
        "long": 114.88679,
        "ori_sumber": null,
        "desa_id": null,
        "counter": 3,
        "confidence_level": "medium",
        "kawasan": "",
        "kecamatan": "Candi Laras Utara",
        "nama_provinsi": "Kalimantan Selatan",
        "pulau": "",
        "route_create": "https://opsroom.sipongidata.my.id/daops/laporan/groundcheck/create/form",
        "hotspot_date": "2026-09-22",
        "distance_hgu_km": 0.838,
        "zone": "0–1 km",
        "location_status": "OUTSIDE HGU"
      }
    },
    {
      "type": "Feature",
      "geometry": {
        "type": "Point",
        "coordinates": [
          114.88274,
          -2.85932
        ]
      },
      "properties": {
        "confidence": "medium",
        "confidence_value": null,
        "sumber": "NASA-SNPP",
        "date_hotspot": "Selasa, 22 September 2026 13:10:00",
        "date_hotspot_ori": "2026-09-22T06:10:00.000000Z",
        "provinsi": null,
        "kabkota": "Tapin",
        "desa": "Pariok",
        "hs_id": "2026-09-22T06:10:00.000000Z",
        "provinsi_id": 12,
        "long": 114.88274,
        "ori_sumber": null,
        "desa_id": null,
        "counter": 3,
        "confidence_level": "medium",
        "kawasan": "",
        "kecamatan": "Candi Laras Utara",
        "nama_provinsi": "Kalimantan Selatan",
        "pulau": "",
        "route_create": "https://opsroom.sipongidata.my.id/daops/laporan/groundcheck/create/form",
        "hotspot_date": "2026-09-22",
        "distance_hgu_km": 0.387,
        "zone": "0–1 km",
        "location_status": "OUTSIDE HGU"
      }
    },
    {
      "type": "Feature",
      "geometry": {
        "type": "Point",
        "coordinates": [
          114.85764,
          -2.83032
        ]
      },
      "properties": {
        "confidence": "medium",
        "confidence_value": null,
        "sumber": "NASA-SNPP",
        "date_hotspot": "Selasa, 22 September 2026 13:10:00",
        "date_hotspot_ori": "2026-09-22T06:10:00.000000Z",
        "provinsi": null,
        "kabkota": "Tapin",
        "desa": "Batalas",
        "hs_id": "2026-09-22T06:10:00.000000Z",
        "provinsi_id": 12,
        "long": 114.85764,
        "ori_sumber": null,
        "desa_id": null,
        "counter": 2,
        "confidence_level": "medium",
        "kawasan": "",
        "kecamatan": "Candi Laras Utara",
        "nama_provinsi": "Kalimantan Selatan",
        "pulau": "",
        "route_create": "https://opsroom.sipongidata.my.id/daops/laporan/groundcheck/create/form",
        "hotspot_date": "2026-09-22",
        "distance_hgu_km": 0.376,
        "zone": "0–1 km",
        "location_status": "OUTSIDE HGU"
      }
    },
    {
      "type": "Feature",
      "geometry": {
        "type": "Point",
        "coordinates": [
          114.8793,
          -2.8911
        ]
      },
      "properties": {
        "confidence": "medium",
        "confidence_value": null,
        "sumber": "NASA-SNPP",
        "date_hotspot": "Selasa, 22 September 2026 13:10:00",
        "date_hotspot_ori": "2026-09-22T06:10:00.000000Z",
        "provinsi": null,
        "kabkota": "Tapin",
        "desa": "Sungai Selai",
        "hs_id": "2026-09-22T06:10:00.000000Z",
        "provinsi_id": 12,
        "long": 114.8793,
        "ori_sumber": null,
        "desa_id": null,
        "counter": 3,
        "confidence_level": "medium",
        "kawasan": "",
        "kecamatan": "Candi Laras Utara",
        "nama_provinsi": "Kalimantan Selatan",
        "pulau": "",
        "route_create": "https://opsroom.sipongidata.my.id/daops/laporan/groundcheck/create/form",
        "hotspot_date": "2026-09-22",
        "distance_hgu_km": 0.31,
        "zone": "0–1 km",
        "location_status": "OUTSIDE HGU"
      }
    },
    {
      "type": "Feature",
      "geometry": {
        "type": "Point",
        "coordinates": [
          114.82021,
          -2.98481
        ]
      },
      "properties": {
        "confidence": "medium",
        "confidence_value": null,
        "sumber": "NASA-NOAA20",
        "date_hotspot": "Senin, 21 September 2026 12:08:00",
        "date_hotspot_ori": "2026-09-21T05:08:00.000000Z",
        "provinsi": null,
        "kabkota": "Tapin",
        "desa": "Keladan",
        "hs_id": "2026-09-21T05:08:00.000000Z",
        "provinsi_id": 12,
        "long": 114.82021,
        "ori_sumber": null,
        "desa_id": null,
        "counter": 2,
        "confidence_level": "medium",
        "kawasan": "",
        "kecamatan": "Candi Laras Utara",
        "nama_provinsi": "Kalimantan Selatan",
        "pulau": "",
        "route_create": "https://opsroom.sipongidata.my.id/daops/laporan/groundcheck/create/form",
        "hotspot_date": "2026-09-21",
        "distance_hgu_km": 4.982,
        "zone": "3–5 km",
        "location_status": "OUTSIDE HGU"
      }
    },
    {
      "type": "Feature",
      "geometry": {
        "type": "Point",
        "coordinates": [
          114.89464,
          -2.84865
        ]
      },
      "properties": {
        "confidence": "medium",
        "confidence_value": null,
        "sumber": "NASA-NOAA20",
        "date_hotspot": "Senin, 21 September 2026 12:08:00",
        "date_hotspot_ori": "2026-09-21T05:08:00.000000Z",
        "provinsi": null,
        "kabkota": "Tapin",
        "desa": "Baulin",
        "hs_id": "2026-09-21T05:08:00.000000Z",
        "provinsi_id": 12,
        "long": 114.89464,
        "ori_sumber": null,
        "desa_id": null,
        "counter": 2,
        "confidence_level": "medium",
        "kawasan": "",
        "kecamatan": "Candi Laras Selatan",
        "nama_provinsi": "Kalimantan Selatan",
        "pulau": "",
        "route_create": "https://opsroom.sipongidata.my.id/daops/laporan/groundcheck/create/form",
        "hotspot_date": "2026-09-21",
        "distance_hgu_km": 0.863,
        "zone": "0–1 km",
        "location_status": "OUTSIDE HGU"
      }
    },
    {
      "type": "Feature",
      "geometry": {
        "type": "Point",
        "coordinates": [
          114.9493,
          -2.65324
        ]
      },
      "properties": {
        "confidence": "medium",
        "confidence_value": null,
        "sumber": "NASA-NOAA20",
        "date_hotspot": "Selasa, 15 September 2026 01:21:00",
        "date_hotspot_ori": "2026-09-14T18:21:00.000000Z",
        "provinsi": null,
        "kabkota": "Hulu Sungai Selatan",
        "desa": "Baru",
        "hs_id": "2026-09-14T18:21:00.000000Z",
        "provinsi_id": 12,
        "long": 114.9493,
        "ori_sumber": null,
        "desa_id": null,
        "counter": 1,
        "confidence_level": "medium",
        "kawasan": "",
        "kecamatan": "Daha Barat",
        "nama_provinsi": "Kalimantan Selatan",
        "pulau": "",
        "route_create": "https://opsroom.sipongidata.my.id/daops/laporan/groundcheck/create/form",
        "hotspot_date": "2026-09-15",
        "distance_hgu_km": 4.329,
        "zone": "3–5 km",
        "location_status": "OUTSIDE HGU"
      }
    },
    {
      "type": "Feature",
      "geometry": {
        "type": "Point",
        "coordinates": [
          114.95319,
          -2.73556
        ]
      },
      "properties": {
        "confidence": "medium",
        "confidence_value": null,
        "sumber": "NASA-NOAA20",
        "date_hotspot": "Selasa, 15 September 2026 01:21:00",
        "date_hotspot_ori": "2026-09-14T18:21:00.000000Z",
        "provinsi": null,
        "kabkota": "Tapin",
        "desa": "Buas-Buas",
        "hs_id": "2026-09-14T18:21:00.000000Z",
        "provinsi_id": 12,
        "long": 114.95319,
        "ori_sumber": null,
        "desa_id": null,
        "counter": 3,
        "confidence_level": "medium",
        "kawasan": "",
        "kecamatan": "Candi Laras Utara",
        "nama_provinsi": "Kalimantan Selatan",
        "pulau": "",
        "route_create": "https://opsroom.sipongidata.my.id/daops/laporan/groundcheck/create/form",
        "hotspot_date": "2026-09-15",
        "distance_hgu_km": 0.0,
        "zone": "Inside HGU",
        "location_status": "INSIDE HGU"
      }
    },
    {
      "type": "Feature",
      "geometry": {
        "type": "Point",
        "coordinates": [
          114.80511,
          -2.91077
        ]
      },
      "properties": {
        "confidence": "medium",
        "confidence_value": null,
        "sumber": "NASA-SNPP",
        "date_hotspot": "Senin, 21 September 2026 13:31:00",
        "date_hotspot_ori": "2026-09-21T06:31:00.000000Z",
        "provinsi": null,
        "kabkota": "Barito Kuala",
        "desa": "Banitan",
        "hs_id": "2026-09-21T06:31:00.000000Z",
        "provinsi_id": 12,
        "long": 114.80511,
        "ori_sumber": null,
        "desa_id": null,
        "counter": 1,
        "confidence_level": "medium",
        "kawasan": "",
        "kecamatan": "Bakumpai",
        "nama_provinsi": "Kalimantan Selatan",
        "pulau": "",
        "route_create": "https://opsroom.sipongidata.my.id/daops/laporan/groundcheck/create/form",
        "hotspot_date": "2026-09-21",
        "distance_hgu_km": 1.77,
        "zone": "1–3 km",
        "location_status": "OUTSIDE HGU"
      }
    },
    {
      "type": "Feature",
      "geometry": {
        "type": "Point",
        "coordinates": [
          114.90258,
          -2.67932
        ]
      },
      "properties": {
        "confidence": "medium",
        "confidence_value": null,
        "sumber": "NASA-SNPP",
        "date_hotspot": "Senin, 21 September 2026 13:31:00",
        "date_hotspot_ori": "2026-09-21T06:31:00.000000Z",
        "provinsi": null,
        "kabkota": "Tapin",
        "desa": "Sawaja",
        "hs_id": "2026-09-21T06:31:00.000000Z",
        "provinsi_id": 12,
        "long": 114.90258,
        "ori_sumber": null,
        "desa_id": null,
        "counter": 4,
        "confidence_level": "medium",
        "kawasan": "",
        "kecamatan": "Candi Laras Utara",
        "nama_provinsi": "Kalimantan Selatan",
        "pulau": "",
        "route_create": "https://opsroom.sipongidata.my.id/daops/laporan/groundcheck/create/form",
        "hotspot_date": "2026-09-21",
        "distance_hgu_km": 1.639,
        "zone": "1–3 km",
        "location_status": "OUTSIDE HGU"
      }
    },
    {
      "type": "Feature",
      "geometry": {
        "type": "Point",
        "coordinates": [
          114.88343,
          -2.77971
        ]
      },
      "properties": {
        "confidence": "medium",
        "confidence_value": null,
        "sumber": "NASA-NOAA20",
        "date_hotspot": "Selasa, 15 September 2026 12:23:00",
        "date_hotspot_ori": "2026-09-15T05:23:00.000000Z",
        "provinsi": null,
        "kabkota": "Tapin",
        "desa": "Teluk Haur",
        "hs_id": "2026-09-15T05:23:00.000000Z",
        "provinsi_id": 12,
        "long": 114.88343,
        "ori_sumber": null,
        "desa_id": null,
        "counter": 4,
        "confidence_level": "medium",
        "kawasan": "",
        "kecamatan": "Candi Laras Utara",
        "nama_provinsi": "Kalimantan Selatan",
        "pulau": "",
        "route_create": "https://opsroom.sipongidata.my.id/daops/laporan/groundcheck/create/form",
        "hotspot_date": "2026-09-15",
        "distance_hgu_km": 0.443,
        "zone": "0–1 km",
        "location_status": "OUTSIDE HGU"
      }
    },
    {
      "type": "Feature",
      "geometry": {
        "type": "Point",
        "coordinates": [
          114.88304,
          -2.77569
        ]
      },
      "properties": {
        "confidence": "medium",
        "confidence_value": null,
        "sumber": "NASA-SNPP",
        "date_hotspot": "Selasa, 15 September 2026 13:42:00",
        "date_hotspot_ori": "2026-09-15T06:42:00.000000Z",
        "provinsi": null,
        "kabkota": "Tapin",
        "desa": "Teluk Haur",
        "hs_id": "2026-09-15T06:42:00.000000Z",
        "provinsi_id": 12,
        "long": 114.88304,
        "ori_sumber": null,
        "desa_id": null,
        "counter": 1,
        "confidence_level": "medium",
        "kawasan": "",
        "kecamatan": "Candi Laras Utara",
        "nama_provinsi": "Kalimantan Selatan",
        "pulau": "",
        "route_create": "https://opsroom.sipongidata.my.id/daops/laporan/groundcheck/create/form",
        "hotspot_date": "2026-09-15",
        "distance_hgu_km": 0.0,
        "zone": "Inside HGU",
        "location_status": "INSIDE HGU"
      }
    },
    {
      "type": "Feature",
      "geometry": {
        "type": "Point",
        "coordinates": [
          114.92088,
          -2.69334
        ]
      },
      "properties": {
        "confidence": "medium",
        "confidence_value": null,
        "sumber": "NASA-SNPP",
        "date_hotspot": "Selasa, 15 September 2026 13:42:00",
        "date_hotspot_ori": "2026-09-15T06:42:00.000000Z",
        "provinsi": null,
        "kabkota": "Tapin",
        "desa": "Sawaja",
        "hs_id": "2026-09-15T06:42:00.000000Z",
        "provinsi_id": 12,
        "long": 114.92088,
        "ori_sumber": null,
        "desa_id": null,
        "counter": 1,
        "confidence_level": "medium",
        "kawasan": "",
        "kecamatan": "Candi Laras Utara",
        "nama_provinsi": "Kalimantan Selatan",
        "pulau": "",
        "route_create": "https://opsroom.sipongidata.my.id/daops/laporan/groundcheck/create/form",
        "hotspot_date": "2026-09-15",
        "distance_hgu_km": 0.0,
        "zone": "Inside HGU",
        "location_status": "INSIDE HGU"
      }
    },
    {
      "type": "Feature",
      "geometry": {
        "type": "Point",
        "coordinates": [
          114.9101,
          -2.68278
        ]
      },
      "properties": {
        "confidence": "medium",
        "confidence_value": null,
        "sumber": "NASA-SNPP",
        "date_hotspot": "Selasa, 15 September 2026 13:42:00",
        "date_hotspot_ori": "2026-09-15T06:42:00.000000Z",
        "provinsi": null,
        "kabkota": "Tapin",
        "desa": "Sawaja",
        "hs_id": "2026-09-15T06:42:00.000000Z",
        "provinsi_id": 12,
        "long": 114.9101,
        "ori_sumber": null,
        "desa_id": null,
        "counter": 1,
        "confidence_level": "medium",
        "kawasan": "",
        "kecamatan": "Candi Laras Utara",
        "nama_provinsi": "Kalimantan Selatan",
        "pulau": "",
        "route_create": "https://opsroom.sipongidata.my.id/daops/laporan/groundcheck/create/form",
        "hotspot_date": "2026-09-15",
        "distance_hgu_km": 1.053,
        "zone": "1–3 km",
        "location_status": "OUTSIDE HGU"
      }
    },
    {
      "type": "Feature",
      "geometry": {
        "type": "Point",
        "coordinates": [
          114.92339,
          -2.68057
        ]
      },
      "properties": {
        "confidence": "medium",
        "confidence_value": null,
        "sumber": "NASA-SNPP",
        "date_hotspot": "Selasa, 15 September 2026 13:42:00",
        "date_hotspot_ori": "2026-09-15T06:42:00.000000Z",
        "provinsi": null,
        "kabkota": "Tapin",
        "desa": "Sawaja",
        "hs_id": "2026-09-15T06:42:00.000000Z",
        "provinsi_id": 12,
        "long": 114.92339,
        "ori_sumber": null,
        "desa_id": null,
        "counter": 1,
        "confidence_level": "medium",
        "kawasan": "",
        "kecamatan": "Candi Laras Utara",
        "nama_provinsi": "Kalimantan Selatan",
        "pulau": "",
        "route_create": "https://opsroom.sipongidata.my.id/daops/laporan/groundcheck/create/form",
        "hotspot_date": "2026-09-15",
        "distance_hgu_km": 1.298,
        "zone": "1–3 km",
        "location_status": "OUTSIDE HGU"
      }
    },
    {
      "type": "Feature",
      "geometry": {
        "type": "Point",
        "coordinates": [
          114.96258,
          -2.7462
        ]
      },
      "properties": {
        "confidence": "medium",
        "confidence_value": null,
        "sumber": "NASA-NOAA20",
        "date_hotspot": "Selasa, 15 September 2026 12:23:00",
        "date_hotspot_ori": "2026-09-15T05:23:00.000000Z",
        "provinsi": null,
        "kabkota": "Tapin",
        "desa": "Buas-Buas",
        "hs_id": "2026-09-15T05:23:00.000000Z",
        "provinsi_id": 12,
        "long": 114.96258,
        "ori_sumber": null,
        "desa_id": null,
        "counter": 1,
        "confidence_level": "medium",
        "kawasan": "",
        "kecamatan": "Candi Laras Utara",
        "nama_provinsi": "Kalimantan Selatan",
        "pulau": "",
        "route_create": "https://opsroom.sipongidata.my.id/daops/laporan/groundcheck/create/form",
        "hotspot_date": "2026-09-15",
        "distance_hgu_km": 1.011,
        "zone": "1–3 km",
        "location_status": "OUTSIDE HGU"
      }
    },
    {
      "type": "Feature",
      "geometry": {
        "type": "Point",
        "coordinates": [
          115.00558,
          -2.6946
        ]
      },
      "properties": {
        "confidence": "medium",
        "confidence_value": null,
        "sumber": "NASA-NOAA20",
        "date_hotspot": "Selasa, 15 September 2026 12:23:00",
        "date_hotspot_ori": "2026-09-15T05:23:00.000000Z",
        "provinsi": null,
        "kabkota": "Hulu Sungai Selatan",
        "desa": "Bajayau",
        "hs_id": "2026-09-15T05:23:00.000000Z",
        "provinsi_id": 12,
        "long": 115.00558,
        "ori_sumber": null,
        "desa_id": null,
        "counter": 1,
        "confidence_level": "medium",
        "kawasan": "",
        "kecamatan": "Daha Barat",
        "nama_provinsi": "Kalimantan Selatan",
        "pulau": "",
        "route_create": "https://opsroom.sipongidata.my.id/daops/laporan/groundcheck/create/form",
        "hotspot_date": "2026-09-15",
        "distance_hgu_km": 4.808,
        "zone": "3–5 km",
        "location_status": "OUTSIDE HGU"
      }
    },
    {
      "type": "Feature",
      "geometry": {
        "type": "Point",
        "coordinates": [
          114.91445,
          -2.68784
        ]
      },
      "properties": {
        "confidence": "medium",
        "confidence_value": null,
        "sumber": "NASA-NOAA20",
        "date_hotspot": "Selasa, 15 September 2026 12:23:00",
        "date_hotspot_ori": "2026-09-15T05:23:00.000000Z",
        "provinsi": null,
        "kabkota": "Tapin",
        "desa": "Sawaja",
        "hs_id": "2026-09-15T05:23:00.000000Z",
        "provinsi_id": 12,
        "long": 114.91445,
        "ori_sumber": null,
        "desa_id": null,
        "counter": 1,
        "confidence_level": "medium",
        "kawasan": "",
        "kecamatan": "Candi Laras Utara",
        "nama_provinsi": "Kalimantan Selatan",
        "pulau": "",
        "route_create": "https://opsroom.sipongidata.my.id/daops/laporan/groundcheck/create/form",
        "hotspot_date": "2026-09-15",
        "distance_hgu_km": 0.487,
        "zone": "0–1 km",
        "location_status": "OUTSIDE HGU"
      }
    },
    {
      "type": "Feature",
      "geometry": {
        "type": "Point",
        "coordinates": [
          114.91224,
          -2.68667
        ]
      },
      "properties": {
        "confidence": "medium",
        "confidence_value": null,
        "sumber": "NASA-NOAA20",
        "date_hotspot": "Selasa, 15 September 2026 12:23:00",
        "date_hotspot_ori": "2026-09-15T05:23:00.000000Z",
        "provinsi": null,
        "kabkota": "Tapin",
        "desa": "Sawaja",
        "hs_id": "2026-09-15T05:23:00.000000Z",
        "provinsi_id": 12,
        "long": 114.91224,
        "ori_sumber": null,
        "desa_id": null,
        "counter": 1,
        "confidence_level": "medium",
        "kawasan": "",
        "kecamatan": "Candi Laras Utara",
        "nama_provinsi": "Kalimantan Selatan",
        "pulau": "",
        "route_create": "https://opsroom.sipongidata.my.id/daops/laporan/groundcheck/create/form",
        "hotspot_date": "2026-09-15",
        "distance_hgu_km": 0.616,
        "zone": "0–1 km",
        "location_status": "OUTSIDE HGU"
      }
    },
    {
      "type": "Feature",
      "geometry": {
        "type": "Point",
        "coordinates": [
          114.94962,
          -2.65053
        ]
      },
      "properties": {
        "confidence": "medium",
        "confidence_value": null,
        "sumber": "NASA-NOAA20",
        "date_hotspot": "Selasa, 22 September 2026 00:49:00",
        "date_hotspot_ori": "2026-09-21T17:49:00.000000Z",
        "provinsi": null,
        "kabkota": "Hulu Sungai Selatan",
        "desa": "Baru",
        "hs_id": "2026-09-21T17:49:00.000000Z",
        "provinsi_id": 12,
        "long": 114.94962,
        "ori_sumber": null,
        "desa_id": null,
        "counter": 5,
        "confidence_level": "medium",
        "kawasan": "",
        "kecamatan": "Daha Barat",
        "nama_provinsi": "Kalimantan Selatan",
        "pulau": "",
        "route_create": "https://opsroom.sipongidata.my.id/daops/laporan/groundcheck/create/form",
        "hotspot_date": "2026-09-22",
        "distance_hgu_km": 4.63,
        "zone": "3–5 km",
        "location_status": "OUTSIDE HGU"
      }
    },
    {
      "type": "Feature",
      "geometry": {
        "type": "Point",
        "coordinates": [
          114.90707,
          -2.67434
        ]
      },
      "properties": {
        "confidence": "medium",
        "confidence_value": null,
        "sumber": "NASA-NOAA20",
        "date_hotspot": "Selasa, 22 September 2026 00:49:00",
        "date_hotspot_ori": "2026-09-21T17:49:00.000000Z",
        "provinsi": null,
        "kabkota": "Tapin",
        "desa": "Sawaja",
        "hs_id": "2026-09-21T17:49:00.000000Z",
        "provinsi_id": 12,
        "long": 114.90707,
        "ori_sumber": null,
        "desa_id": null,
        "counter": 5,
        "confidence_level": "medium",
        "kawasan": "",
        "kecamatan": "Candi Laras Utara",
        "nama_provinsi": "Kalimantan Selatan",
        "pulau": "",
        "route_create": "https://opsroom.sipongidata.my.id/daops/laporan/groundcheck/create/form",
        "hotspot_date": "2026-09-22",
        "distance_hgu_km": 2.009,
        "zone": "1–3 km",
        "location_status": "OUTSIDE HGU"
      }
    },
    {
      "type": "Feature",
      "geometry": {
        "type": "Point",
        "coordinates": [
          114.90948,
          -2.6815
        ]
      },
      "properties": {
        "confidence": "medium",
        "confidence_value": null,
        "sumber": "NASA-NOAA20",
        "date_hotspot": "Selasa, 22 September 2026 00:49:00",
        "date_hotspot_ori": "2026-09-21T17:49:00.000000Z",
        "provinsi": null,
        "kabkota": "Tapin",
        "desa": "Sawaja",
        "hs_id": "2026-09-21T17:49:00.000000Z",
        "provinsi_id": 12,
        "long": 114.90948,
        "ori_sumber": null,
        "desa_id": null,
        "counter": 5,
        "confidence_level": "medium",
        "kawasan": "",
        "kecamatan": "Candi Laras Utara",
        "nama_provinsi": "Kalimantan Selatan",
        "pulau": "",
        "route_create": "https://opsroom.sipongidata.my.id/daops/laporan/groundcheck/create/form",
        "hotspot_date": "2026-09-22",
        "distance_hgu_km": 1.196,
        "zone": "1–3 km",
        "location_status": "OUTSIDE HGU"
      }
    },
    {
      "type": "Feature",
      "geometry": {
        "type": "Point",
        "coordinates": [
          114.90208,
          -2.68372
        ]
      },
      "properties": {
        "confidence": "medium",
        "confidence_value": null,
        "sumber": "NASA-NOAA20",
        "date_hotspot": "Selasa, 22 September 2026 00:49:00",
        "date_hotspot_ori": "2026-09-21T17:49:00.000000Z",
        "provinsi": null,
        "kabkota": "Tapin",
        "desa": "Buas-Buas",
        "hs_id": "2026-09-21T17:49:00.000000Z",
        "provinsi_id": 12,
        "long": 114.90208,
        "ori_sumber": null,
        "desa_id": null,
        "counter": 5,
        "confidence_level": "medium",
        "kawasan": "",
        "kecamatan": "Candi Laras Utara",
        "nama_provinsi": "Kalimantan Selatan",
        "pulau": "",
        "route_create": "https://opsroom.sipongidata.my.id/daops/laporan/groundcheck/create/form",
        "hotspot_date": "2026-09-22",
        "distance_hgu_km": 1.271,
        "zone": "1–3 km",
        "location_status": "OUTSIDE HGU"
      }
    },
    {
      "type": "Feature",
      "geometry": {
        "type": "Point",
        "coordinates": [
          114.90942,
          -2.66843
        ]
      },
      "properties": {
        "confidence": "medium",
        "confidence_value": null,
        "sumber": "NASA-NOAA20",
        "date_hotspot": "Rabu, 16 September 2026 01:04:00",
        "date_hotspot_ori": "2026-09-15T18:04:00.000000Z",
        "provinsi": null,
        "kabkota": "Tapin",
        "desa": "Sawaja",
        "hs_id": "2026-09-15T18:04:00.000000Z",
        "provinsi_id": 12,
        "long": 114.90942,
        "ori_sumber": null,
        "desa_id": null,
        "counter": 2,
        "confidence_level": "medium",
        "kawasan": "",
        "kecamatan": "Candi Laras Utara",
        "nama_provinsi": "Kalimantan Selatan",
        "pulau": "",
        "route_create": "https://opsroom.sipongidata.my.id/daops/laporan/groundcheck/create/form",
        "hotspot_date": "2026-09-16",
        "distance_hgu_km": 2.642,
        "zone": "1–3 km",
        "location_status": "OUTSIDE HGU"
      }
    },
    {
      "type": "Feature",
      "geometry": {
        "type": "Point",
        "coordinates": [
          114.90509,
          -2.66776
        ]
      },
      "properties": {
        "confidence": "medium",
        "confidence_value": null,
        "sumber": "NASA-NOAA20",
        "date_hotspot": "Rabu, 16 September 2026 01:04:00",
        "date_hotspot_ori": "2026-09-15T18:04:00.000000Z",
        "provinsi": null,
        "kabkota": "Tapin",
        "desa": "Sawaja",
        "hs_id": "2026-09-15T18:04:00.000000Z",
        "provinsi_id": 12,
        "long": 114.90509,
        "ori_sumber": null,
        "desa_id": null,
        "counter": 1,
        "confidence_level": "medium",
        "kawasan": "",
        "kecamatan": "Candi Laras Utara",
        "nama_provinsi": "Kalimantan Selatan",
        "pulau": "",
        "route_create": "https://opsroom.sipongidata.my.id/daops/laporan/groundcheck/create/form",
        "hotspot_date": "2026-09-16",
        "distance_hgu_km": 2.763,
        "zone": "1–3 km",
        "location_status": "OUTSIDE HGU"
      }
    },
    {
      "type": "Feature",
      "geometry": {
        "type": "Point",
        "coordinates": [
          114.90565,
          -2.66408
        ]
      },
      "properties": {
        "confidence": "medium",
        "confidence_value": null,
        "sumber": "NASA-NOAA20",
        "date_hotspot": "Rabu, 16 September 2026 01:04:00",
        "date_hotspot_ori": "2026-09-15T18:04:00.000000Z",
        "provinsi": null,
        "kabkota": "Tapin",
        "desa": "Sawaja",
        "hs_id": "2026-09-15T18:04:00.000000Z",
        "provinsi_id": 12,
        "long": 114.90565,
        "ori_sumber": null,
        "desa_id": null,
        "counter": 1,
        "confidence_level": "medium",
        "kawasan": "",
        "kecamatan": "Candi Laras Utara",
        "nama_provinsi": "Kalimantan Selatan",
        "pulau": "",
        "route_create": "https://opsroom.sipongidata.my.id/daops/laporan/groundcheck/create/form",
        "hotspot_date": "2026-09-16",
        "distance_hgu_km": 3.155,
        "zone": "3–5 km",
        "location_status": "OUTSIDE HGU"
      }
    },
    {
      "type": "Feature",
      "geometry": {
        "type": "Point",
        "coordinates": [
          114.9528,
          -2.74569
        ]
      },
      "properties": {
        "confidence": "medium",
        "confidence_value": null,
        "sumber": "NASA-NOAA20",
        "date_hotspot": "Rabu, 16 September 2026 01:04:00",
        "date_hotspot_ori": "2026-09-15T18:04:00.000000Z",
        "provinsi": null,
        "kabkota": "Tapin",
        "desa": "Buas-Buas",
        "hs_id": "2026-09-15T18:04:00.000000Z",
        "provinsi_id": 12,
        "long": 114.9528,
        "ori_sumber": null,
        "desa_id": null,
        "counter": 2,
        "confidence_level": "medium",
        "kawasan": "",
        "kecamatan": "Candi Laras Utara",
        "nama_provinsi": "Kalimantan Selatan",
        "pulau": "",
        "route_create": "https://opsroom.sipongidata.my.id/daops/laporan/groundcheck/create/form",
        "hotspot_date": "2026-09-16",
        "distance_hgu_km": 0.849,
        "zone": "0–1 km",
        "location_status": "OUTSIDE HGU"
      }
    },
    {
      "type": "Feature",
      "geometry": {
        "type": "Point",
        "coordinates": [
          114.90396,
          -2.67512
        ]
      },
      "properties": {
        "confidence": "medium",
        "confidence_value": null,
        "sumber": "NASA-NOAA20",
        "date_hotspot": "Rabu, 16 September 2026 01:04:00",
        "date_hotspot_ori": "2026-09-15T18:04:00.000000Z",
        "provinsi": null,
        "kabkota": "Tapin",
        "desa": "Sawaja",
        "hs_id": "2026-09-15T18:04:00.000000Z",
        "provinsi_id": 12,
        "long": 114.90396,
        "ori_sumber": null,
        "desa_id": null,
        "counter": 1,
        "confidence_level": "medium",
        "kawasan": "",
        "kecamatan": "Candi Laras Utara",
        "nama_provinsi": "Kalimantan Selatan",
        "pulau": "",
        "route_create": "https://opsroom.sipongidata.my.id/daops/laporan/groundcheck/create/form",
        "hotspot_date": "2026-09-16",
        "distance_hgu_km": 2.005,
        "zone": "1–3 km",
        "location_status": "OUTSIDE HGU"
      }
    },
    {
      "type": "Feature",
      "geometry": {
        "type": "Point",
        "coordinates": [
          114.90594,
          -2.66769
        ]
      },
      "properties": {
        "confidence": "medium",
        "confidence_value": null,
        "sumber": "NASA-SNPP",
        "date_hotspot": "Rabu, 16 September 2026 00:43:00",
        "date_hotspot_ori": "2026-09-15T17:43:00.000000Z",
        "provinsi": null,
        "kabkota": "Tapin",
        "desa": "Sawaja",
        "hs_id": "2026-09-15T17:43:00.000000Z",
        "provinsi_id": 12,
        "long": 114.90594,
        "ori_sumber": null,
        "desa_id": null,
        "counter": 2,
        "confidence_level": "medium",
        "kawasan": "",
        "kecamatan": "Candi Laras Utara",
        "nama_provinsi": "Kalimantan Selatan",
        "pulau": "",
        "route_create": "https://opsroom.sipongidata.my.id/daops/laporan/groundcheck/create/form",
        "hotspot_date": "2026-09-16",
        "distance_hgu_km": 2.755,
        "zone": "1–3 km",
        "location_status": "OUTSIDE HGU"
      }
    },
    {
      "type": "Feature",
      "geometry": {
        "type": "Point",
        "coordinates": [
          114.92351,
          -2.689
        ]
      },
      "properties": {
        "confidence": "medium",
        "confidence_value": null,
        "sumber": "NASA-SNPP",
        "date_hotspot": "Rabu, 16 September 2026 00:43:00",
        "date_hotspot_ori": "2026-09-15T17:43:00.000000Z",
        "provinsi": null,
        "kabkota": "Tapin",
        "desa": "Sawaja",
        "hs_id": "2026-09-15T17:43:00.000000Z",
        "provinsi_id": 12,
        "long": 114.92351,
        "ori_sumber": null,
        "desa_id": null,
        "counter": 2,
        "confidence_level": "medium",
        "kawasan": "",
        "kecamatan": "Candi Laras Utara",
        "nama_provinsi": "Kalimantan Selatan",
        "pulau": "",
        "route_create": "https://opsroom.sipongidata.my.id/daops/laporan/groundcheck/create/form",
        "hotspot_date": "2026-09-16",
        "distance_hgu_km": 0.366,
        "zone": "0–1 km",
        "location_status": "OUTSIDE HGU"
      }
    },
    {
      "type": "Feature",
      "geometry": {
        "type": "Point",
        "coordinates": [
          114.91942,
          -2.68833
        ]
      },
      "properties": {
        "confidence": "medium",
        "confidence_value": null,
        "sumber": "NASA-SNPP",
        "date_hotspot": "Rabu, 16 September 2026 00:43:00",
        "date_hotspot_ori": "2026-09-15T17:43:00.000000Z",
        "provinsi": null,
        "kabkota": "Tapin",
        "desa": "Sawaja",
        "hs_id": "2026-09-15T17:43:00.000000Z",
        "provinsi_id": 12,
        "long": 114.91942,
        "ori_sumber": null,
        "desa_id": null,
        "counter": 2,
        "confidence_level": "medium",
        "kawasan": "",
        "kecamatan": "Candi Laras Utara",
        "nama_provinsi": "Kalimantan Selatan",
        "pulau": "",
        "route_create": "https://opsroom.sipongidata.my.id/daops/laporan/groundcheck/create/form",
        "hotspot_date": "2026-09-16",
        "distance_hgu_km": 0.439,
        "zone": "0–1 km",
        "location_status": "OUTSIDE HGU"
      }
    },
    {
      "type": "Feature",
      "geometry": {
        "type": "Point",
        "coordinates": [
          114.90773,
          -2.68274
        ]
      },
      "properties": {
        "confidence": "medium",
        "confidence_value": null,
        "sumber": "NASA-SNPP",
        "date_hotspot": "Rabu, 16 September 2026 00:43:00",
        "date_hotspot_ori": "2026-09-15T17:43:00.000000Z",
        "provinsi": null,
        "kabkota": "Tapin",
        "desa": "Sawaja",
        "hs_id": "2026-09-15T17:43:00.000000Z",
        "provinsi_id": 12,
        "long": 114.90773,
        "ori_sumber": null,
        "desa_id": null,
        "counter": 2,
        "confidence_level": "medium",
        "kawasan": "",
        "kecamatan": "Candi Laras Utara",
        "nama_provinsi": "Kalimantan Selatan",
        "pulau": "",
        "route_create": "https://opsroom.sipongidata.my.id/daops/laporan/groundcheck/create/form",
        "hotspot_date": "2026-09-16",
        "distance_hgu_km": 1.081,
        "zone": "1–3 km",
        "location_status": "OUTSIDE HGU"
      }
    },
    {
      "type": "Feature",
      "geometry": {
        "type": "Point",
        "coordinates": [
          114.89004,
          -2.84835
        ]
      },
      "properties": {
        "confidence": "medium",
        "confidence_value": null,
        "sumber": "NASA-NOAA20",
        "date_hotspot": "Selasa, 22 September 2026 00:49:00",
        "date_hotspot_ori": "2026-09-21T17:49:00.000000Z",
        "provinsi": null,
        "kabkota": "Tapin",
        "desa": "Margasari Hulu",
        "hs_id": "2026-09-21T17:49:00.000000Z",
        "provinsi_id": 12,
        "long": 114.89004,
        "ori_sumber": null,
        "desa_id": null,
        "counter": 3,
        "confidence_level": "medium",
        "kawasan": "",
        "kecamatan": "Candi Laras Selatan",
        "nama_provinsi": "Kalimantan Selatan",
        "pulau": "",
        "route_create": "https://opsroom.sipongidata.my.id/daops/laporan/groundcheck/create/form",
        "hotspot_date": "2026-09-22",
        "distance_hgu_km": 0.352,
        "zone": "0–1 km",
        "location_status": "OUTSIDE HGU"
      }
    },
    {
      "type": "Feature",
      "geometry": {
        "type": "Point",
        "coordinates": [
          114.89056,
          -2.84504
        ]
      },
      "properties": {
        "confidence": "medium",
        "confidence_value": null,
        "sumber": "NASA-NOAA20",
        "date_hotspot": "Selasa, 22 September 2026 00:49:00",
        "date_hotspot_ori": "2026-09-21T17:49:00.000000Z",
        "provinsi": null,
        "kabkota": "Tapin",
        "desa": "Baulin",
        "hs_id": "2026-09-21T17:49:00.000000Z",
        "provinsi_id": 12,
        "long": 114.89056,
        "ori_sumber": null,
        "desa_id": null,
        "counter": 3,
        "confidence_level": "medium",
        "kawasan": "",
        "kecamatan": "Candi Laras Selatan",
        "nama_provinsi": "Kalimantan Selatan",
        "pulau": "",
        "route_create": "https://opsroom.sipongidata.my.id/daops/laporan/groundcheck/create/form",
        "hotspot_date": "2026-09-22",
        "distance_hgu_km": 0.415,
        "zone": "0–1 km",
        "location_status": "OUTSIDE HGU"
      }
    },
    {
      "type": "Feature",
      "geometry": {
        "type": "Point",
        "coordinates": [
          114.95306,
          -2.65108
        ]
      },
      "properties": {
        "confidence": "medium",
        "confidence_value": null,
        "sumber": "NASA-NOAA20",
        "date_hotspot": "Selasa, 22 September 2026 00:49:00",
        "date_hotspot_ori": "2026-09-21T17:49:00.000000Z",
        "provinsi": null,
        "kabkota": "Hulu Sungai Selatan",
        "desa": "Baru",
        "hs_id": "2026-09-21T17:49:00.000000Z",
        "provinsi_id": 12,
        "long": 114.95306,
        "ori_sumber": null,
        "desa_id": null,
        "counter": 5,
        "confidence_level": "medium",
        "kawasan": "",
        "kecamatan": "Daha Barat",
        "nama_provinsi": "Kalimantan Selatan",
        "pulau": "",
        "route_create": "https://opsroom.sipongidata.my.id/daops/laporan/groundcheck/create/form",
        "hotspot_date": "2026-09-22",
        "distance_hgu_km": 4.577,
        "zone": "3–5 km",
        "location_status": "OUTSIDE HGU"
      }
    },
    {
      "type": "Feature",
      "geometry": {
        "type": "Point",
        "coordinates": [
          114.81142,
          -2.931
        ]
      },
      "properties": {
        "confidence": "medium",
        "confidence_value": null,
        "sumber": "NASA-SNPP",
        "date_hotspot": "Selasa, 22 September 2026 13:10:00",
        "date_hotspot_ori": "2026-09-22T06:10:00.000000Z",
        "provinsi": null,
        "kabkota": "Barito Kuala",
        "desa": "Banitan",
        "hs_id": "2026-09-22T06:10:00.000000Z",
        "provinsi_id": 12,
        "long": 114.81142,
        "ori_sumber": null,
        "desa_id": null,
        "counter": 1,
        "confidence_level": "medium",
        "kawasan": "",
        "kecamatan": "Bakumpai",
        "nama_provinsi": "Kalimantan Selatan",
        "pulau": "",
        "route_create": "https://opsroom.sipongidata.my.id/daops/laporan/groundcheck/create/form",
        "hotspot_date": "2026-09-22",
        "distance_hgu_km": 0.177,
        "zone": "0–1 km",
        "location_status": "OUTSIDE HGU"
      }
    },
    {
      "type": "Feature",
      "geometry": {
        "type": "Point",
        "coordinates": [
          114.93044,
          -2.67529
        ]
      },
      "properties": {
        "confidence": "medium",
        "confidence_value": null,
        "sumber": "NASA-NOAA20",
        "date_hotspot": "Selasa, 22 September 2026 13:29:00",
        "date_hotspot_ori": "2026-09-22T06:29:00.000000Z",
        "provinsi": null,
        "kabkota": "Tapin",
        "desa": "Sawaja",
        "hs_id": "2026-09-22T06:29:00.000000Z",
        "provinsi_id": 12,
        "long": 114.93044,
        "ori_sumber": null,
        "desa_id": null,
        "counter": 1,
        "confidence_level": "medium",
        "kawasan": "",
        "kecamatan": "Candi Laras Utara",
        "nama_provinsi": "Kalimantan Selatan",
        "pulau": "",
        "route_create": "https://opsroom.sipongidata.my.id/daops/laporan/groundcheck/create/form",
        "hotspot_date": "2026-09-22",
        "distance_hgu_km": 1.888,
        "zone": "1–3 km",
        "location_status": "OUTSIDE HGU"
      }
    },
    {
      "type": "Feature",
      "geometry": {
        "type": "Point",
        "coordinates": [
          114.90569,
          -2.67927
        ]
      },
      "properties": {
        "confidence": "medium",
        "confidence_value": null,
        "sumber": "NASA-NOAA20",
        "date_hotspot": "Selasa, 22 September 2026 13:29:00",
        "date_hotspot_ori": "2026-09-22T06:29:00.000000Z",
        "provinsi": null,
        "kabkota": "Tapin",
        "desa": "Sawaja",
        "hs_id": "2026-09-22T06:29:00.000000Z",
        "provinsi_id": 12,
        "long": 114.90569,
        "ori_sumber": null,
        "desa_id": null,
        "counter": 5,
        "confidence_level": "medium",
        "kawasan": "",
        "kecamatan": "Candi Laras Utara",
        "nama_provinsi": "Kalimantan Selatan",
        "pulau": "",
        "route_create": "https://opsroom.sipongidata.my.id/daops/laporan/groundcheck/create/form",
        "hotspot_date": "2026-09-22",
        "distance_hgu_km": 1.509,
        "zone": "1–3 km",
        "location_status": "OUTSIDE HGU"
      }
    },
    {
      "type": "Feature",
      "geometry": {
        "type": "Point",
        "coordinates": [
          114.95528,
          -2.76364
        ]
      },
      "properties": {
        "confidence": "medium",
        "confidence_value": null,
        "sumber": "NASA-SNPP",
        "date_hotspot": "Selasa, 22 September 2026 13:10:00",
        "date_hotspot_ori": "2026-09-22T06:10:00.000000Z",
        "provinsi": null,
        "kabkota": "Tapin",
        "desa": "Buas-Buas",
        "hs_id": "2026-09-22T06:10:00.000000Z",
        "provinsi_id": 12,
        "long": 114.95528,
        "ori_sumber": null,
        "desa_id": null,
        "counter": 1,
        "confidence_level": "medium",
        "kawasan": "",
        "kecamatan": "Candi Laras Utara",
        "nama_provinsi": "Kalimantan Selatan",
        "pulau": "",
        "route_create": "https://opsroom.sipongidata.my.id/daops/laporan/groundcheck/create/form",
        "hotspot_date": "2026-09-22",
        "distance_hgu_km": 2.835,
        "zone": "1–3 km",
        "location_status": "OUTSIDE HGU"
      }
    },
    {
      "type": "Feature",
      "geometry": {
        "type": "Point",
        "coordinates": [
          114.96331,
          -2.76045
        ]
      },
      "properties": {
        "confidence": "medium",
        "confidence_value": null,
        "sumber": "NASA-NOAA20",
        "date_hotspot": "Selasa, 22 September 2026 13:29:00",
        "date_hotspot_ori": "2026-09-22T06:29:00.000000Z",
        "provinsi": null,
        "kabkota": "Tapin",
        "desa": "Buas-Buas",
        "hs_id": "2026-09-22T06:29:00.000000Z",
        "provinsi_id": 12,
        "long": 114.96331,
        "ori_sumber": null,
        "desa_id": null,
        "counter": 1,
        "confidence_level": "medium",
        "kawasan": "",
        "kecamatan": "Candi Laras Utara",
        "nama_provinsi": "Kalimantan Selatan",
        "pulau": "",
        "route_create": "https://opsroom.sipongidata.my.id/daops/laporan/groundcheck/create/form",
        "hotspot_date": "2026-09-22",
        "distance_hgu_km": 2.538,
        "zone": "1–3 km",
        "location_status": "OUTSIDE HGU"
      }
    },
    {
      "type": "Feature",
      "geometry": {
        "type": "Point",
        "coordinates": [
          114.95461,
          -2.65091
        ]
      },
      "properties": {
        "confidence": "medium",
        "confidence_value": null,
        "sumber": "NASA-NOAA20",
        "date_hotspot": "Rabu, 23 September 2026 00:32:00",
        "date_hotspot_ori": "2026-09-22T17:32:00.000000Z",
        "provinsi": null,
        "kabkota": "Hulu Sungai Selatan",
        "desa": "Baru",
        "hs_id": "2026-09-22T17:32:00.000000Z",
        "provinsi_id": 12,
        "long": 114.95461,
        "ori_sumber": null,
        "desa_id": null,
        "counter": 6,
        "confidence_level": "medium",
        "kawasan": "",
        "kecamatan": "Daha Barat",
        "nama_provinsi": "Kalimantan Selatan",
        "pulau": "",
        "route_create": "https://opsroom.sipongidata.my.id/daops/laporan/groundcheck/create/form",
        "hotspot_date": "2026-09-23",
        "distance_hgu_km": 4.598,
        "zone": "3–5 km",
        "location_status": "OUTSIDE HGU"
      }
    },
    {
      "type": "Feature",
      "geometry": {
        "type": "Point",
        "coordinates": [
          114.90006,
          -2.68176
        ]
      },
      "properties": {
        "confidence": "medium",
        "confidence_value": null,
        "sumber": "NASA-NOAA20",
        "date_hotspot": "Rabu, 23 September 2026 00:32:00",
        "date_hotspot_ori": "2026-09-22T17:32:00.000000Z",
        "provinsi": null,
        "kabkota": "Tapin",
        "desa": "Buas-Buas",
        "hs_id": "2026-09-22T17:32:00.000000Z",
        "provinsi_id": 12,
        "long": 114.90006,
        "ori_sumber": null,
        "desa_id": null,
        "counter": 6,
        "confidence_level": "medium",
        "kawasan": "",
        "kecamatan": "Candi Laras Utara",
        "nama_provinsi": "Kalimantan Selatan",
        "pulau": "",
        "route_create": "https://opsroom.sipongidata.my.id/daops/laporan/groundcheck/create/form",
        "hotspot_date": "2026-09-23",
        "distance_hgu_km": 1.583,
        "zone": "1–3 km",
        "location_status": "OUTSIDE HGU"
      }
    },
    {
      "type": "Feature",
      "geometry": {
        "type": "Point",
        "coordinates": [
          114.9007,
          -2.67789
        ]
      },
      "properties": {
        "confidence": "medium",
        "confidence_value": null,
        "sumber": "NASA-NOAA20",
        "date_hotspot": "Rabu, 23 September 2026 00:32:00",
        "date_hotspot_ori": "2026-09-22T17:32:00.000000Z",
        "provinsi": null,
        "kabkota": "Tapin",
        "desa": "Sawaja",
        "hs_id": "2026-09-22T17:32:00.000000Z",
        "provinsi_id": 12,
        "long": 114.9007,
        "ori_sumber": null,
        "desa_id": null,
        "counter": 6,
        "confidence_level": "medium",
        "kawasan": "",
        "kecamatan": "Candi Laras Utara",
        "nama_provinsi": "Kalimantan Selatan",
        "pulau": "",
        "route_create": "https://opsroom.sipongidata.my.id/daops/laporan/groundcheck/create/form",
        "hotspot_date": "2026-09-23",
        "distance_hgu_km": 1.882,
        "zone": "1–3 km",
        "location_status": "OUTSIDE HGU"
      }
    },
    {
      "type": "Feature",
      "geometry": {
        "type": "Point",
        "coordinates": [
          114.94979,
          -2.65012
        ]
      },
      "properties": {
        "confidence": "medium",
        "confidence_value": null,
        "sumber": "NASA-NOAA20",
        "date_hotspot": "Rabu, 23 September 2026 00:32:00",
        "date_hotspot_ori": "2026-09-22T17:32:00.000000Z",
        "provinsi": null,
        "kabkota": "Hulu Sungai Selatan",
        "desa": "Baru",
        "hs_id": "2026-09-22T17:32:00.000000Z",
        "provinsi_id": 12,
        "long": 114.94979,
        "ori_sumber": null,
        "desa_id": null,
        "counter": 6,
        "confidence_level": "medium",
        "kawasan": "",
        "kecamatan": "Daha Barat",
        "nama_provinsi": "Kalimantan Selatan",
        "pulau": "",
        "route_create": "https://opsroom.sipongidata.my.id/daops/laporan/groundcheck/create/form",
        "hotspot_date": "2026-09-23",
        "distance_hgu_km": 4.675,
        "zone": "3–5 km",
        "location_status": "OUTSIDE HGU"
      }
    },
    {
      "type": "Feature",
      "geometry": {
        "type": "Point",
        "coordinates": [
          114.88807,
          -2.84917
        ]
      },
      "properties": {
        "confidence": "medium",
        "confidence_value": null,
        "sumber": "NASA-NOAA20",
        "date_hotspot": "Rabu, 23 September 2026 00:32:00",
        "date_hotspot_ori": "2026-09-22T17:32:00.000000Z",
        "provinsi": null,
        "kabkota": "Tapin",
        "desa": "Margasari Hulu",
        "hs_id": "2026-09-22T17:32:00.000000Z",
        "provinsi_id": 12,
        "long": 114.88807,
        "ori_sumber": null,
        "desa_id": null,
        "counter": 4,
        "confidence_level": "medium",
        "kawasan": "",
        "kecamatan": "Candi Laras Selatan",
        "nama_provinsi": "Kalimantan Selatan",
        "pulau": "",
        "route_create": "https://opsroom.sipongidata.my.id/daops/laporan/groundcheck/create/form",
        "hotspot_date": "2026-09-23",
        "distance_hgu_km": 0.132,
        "zone": "0–1 km",
        "location_status": "OUTSIDE HGU"
      }
    },
    {
      "type": "Feature",
      "geometry": {
        "type": "Point",
        "coordinates": [
          114.90285,
          -2.67809
        ]
      },
      "properties": {
        "confidence": "medium",
        "confidence_value": null,
        "sumber": "NASA-SNPP",
        "date_hotspot": "Kamis, 24 September 2026 01:34:00",
        "date_hotspot_ori": "2026-09-23T18:34:00.000000Z",
        "provinsi": null,
        "kabkota": "Tapin",
        "desa": "Sawaja",
        "hs_id": "2026-09-23T18:34:00.000000Z",
        "provinsi_id": 12,
        "long": 114.90285,
        "ori_sumber": null,
        "desa_id": null,
        "counter": 7,
        "confidence_level": "medium",
        "kawasan": "",
        "kecamatan": "Candi Laras Utara",
        "nama_provinsi": "Kalimantan Selatan",
        "pulau": "",
        "route_create": "https://opsroom.sipongidata.my.id/daops/laporan/groundcheck/create/form",
        "hotspot_date": "2026-09-24",
        "distance_hgu_km": 1.747,
        "zone": "1–3 km",
        "location_status": "OUTSIDE HGU"
      }
    },
    {
      "type": "Feature",
      "geometry": {
        "type": "Point",
        "coordinates": [
          114.89021,
          -2.881
        ]
      },
      "properties": {
        "confidence": "medium",
        "confidence_value": null,
        "sumber": "NASA-SNPP",
        "date_hotspot": "Kamis, 24 September 2026 12:33:00",
        "date_hotspot_ori": "2026-09-24T05:33:00.000000Z",
        "provinsi": null,
        "kabkota": "Tapin",
        "desa": "Pariok",
        "hs_id": "2026-09-24T05:33:00.000000Z",
        "provinsi_id": 12,
        "long": 114.89021,
        "ori_sumber": null,
        "desa_id": null,
        "counter": 1,
        "confidence_level": "medium",
        "kawasan": "",
        "kecamatan": "Candi Laras Utara",
        "nama_provinsi": "Kalimantan Selatan",
        "pulau": "",
        "route_create": "https://opsroom.sipongidata.my.id/daops/laporan/groundcheck/create/form",
        "hotspot_date": "2026-09-24",
        "distance_hgu_km": 1.214,
        "zone": "1–3 km",
        "location_status": "OUTSIDE HGU"
      }
    },
    {
      "type": "Feature",
      "geometry": {
        "type": "Point",
        "coordinates": [
          114.94794,
          -2.80316
        ]
      },
      "properties": {
        "confidence": "medium",
        "confidence_value": null,
        "sumber": "NASA-SNPP",
        "date_hotspot": "Kamis, 24 September 2026 12:33:00",
        "date_hotspot_ori": "2026-09-24T05:33:00.000000Z",
        "provinsi": null,
        "kabkota": "Tapin",
        "desa": "Rawana Hulu",
        "hs_id": "2026-09-24T05:33:00.000000Z",
        "provinsi_id": 12,
        "long": 114.94794,
        "ori_sumber": null,
        "desa_id": null,
        "counter": 1,
        "confidence_level": "medium",
        "kawasan": "",
        "kecamatan": "Candi Laras Utara",
        "nama_provinsi": "Kalimantan Selatan",
        "pulau": "",
        "route_create": "https://opsroom.sipongidata.my.id/daops/laporan/groundcheck/create/form",
        "hotspot_date": "2026-09-24",
        "distance_hgu_km": 4.52,
        "zone": "3–5 km",
        "location_status": "OUTSIDE HGU"
      }
    },
    {
      "type": "Feature",
      "geometry": {
        "type": "Point",
        "coordinates": [
          114.90514,
          -2.6784
        ]
      },
      "properties": {
        "confidence": "medium",
        "confidence_value": null,
        "sumber": "NASA-SNPP",
        "date_hotspot": "Jumat, 25 September 2026 01:15:00",
        "date_hotspot_ori": "2026-09-24T18:15:00.000000Z",
        "provinsi": null,
        "kabkota": "Tapin",
        "desa": "Sawaja",
        "hs_id": "2026-09-24T18:15:00.000000Z",
        "provinsi_id": 12,
        "long": 114.90514,
        "ori_sumber": null,
        "desa_id": null,
        "counter": 8,
        "confidence_level": "medium",
        "kawasan": "",
        "kecamatan": "Candi Laras Utara",
        "nama_provinsi": "Kalimantan Selatan",
        "pulau": "",
        "route_create": "https://opsroom.sipongidata.my.id/daops/laporan/groundcheck/create/form",
        "hotspot_date": "2026-09-25",
        "distance_hgu_km": 1.619,
        "zone": "1–3 km",
        "location_status": "OUTSIDE HGU"
      }
    },
    {
      "type": "Feature",
      "geometry": {
        "type": "Point",
        "coordinates": [
          114.92743,
          -2.65434
        ]
      },
      "properties": {
        "confidence": "medium",
        "confidence_value": null,
        "sumber": "NASA-SNPP",
        "date_hotspot": "Minggu, 06 September 2026 00:32:00",
        "date_hotspot_ori": "2026-09-05T17:32:00.000000Z",
        "provinsi": null,
        "kabkota": "Tapin",
        "desa": "Sawaja",
        "hs_id": "2026-09-05T17:32:00.000000Z",
        "provinsi_id": 12,
        "long": 114.92743,
        "ori_sumber": null,
        "desa_id": null,
        "counter": 7,
        "confidence_level": "medium",
        "kawasan": "",
        "kecamatan": "Candi Laras Utara",
        "nama_provinsi": "Kalimantan Selatan",
        "pulau": "",
        "route_create": "https://opsroom.sipongidata.my.id/daops/laporan/groundcheck/create/form",
        "hotspot_date": "2026-09-06",
        "distance_hgu_km": 4.202,
        "zone": "3–5 km",
        "location_status": "OUTSIDE HGU"
      }
    },
    {
      "type": "Feature",
      "geometry": {
        "type": "Point",
        "coordinates": [
          114.93158,
          -2.65759
        ]
      },
      "properties": {
        "confidence": "medium",
        "confidence_value": null,
        "sumber": "NASA-NOAA20",
        "date_hotspot": "Minggu, 06 September 2026 00:49:00",
        "date_hotspot_ori": "2026-09-05T17:49:00.000000Z",
        "provinsi": null,
        "kabkota": "Tapin",
        "desa": "Sawaja",
        "hs_id": "2026-09-05T17:49:00.000000Z",
        "provinsi_id": 12,
        "long": 114.93158,
        "ori_sumber": null,
        "desa_id": null,
        "counter": 8,
        "confidence_level": "medium",
        "kawasan": "",
        "kecamatan": "Candi Laras Utara",
        "nama_provinsi": "Kalimantan Selatan",
        "pulau": "",
        "route_create": "https://opsroom.sipongidata.my.id/daops/laporan/groundcheck/create/form",
        "hotspot_date": "2026-09-06",
        "distance_hgu_km": 3.846,
        "zone": "3–5 km",
        "location_status": "OUTSIDE HGU"
      }
    },
    {
      "type": "Feature",
      "geometry": {
        "type": "Point",
        "coordinates": [
          114.92866,
          -2.65373
        ]
      },
      "properties": {
        "confidence": "medium",
        "confidence_value": null,
        "sumber": "NASA-NOAA20",
        "date_hotspot": "Minggu, 06 September 2026 00:49:00",
        "date_hotspot_ori": "2026-09-05T17:49:00.000000Z",
        "provinsi": null,
        "kabkota": "Tapin",
        "desa": "Sawaja",
        "hs_id": "2026-09-05T17:49:00.000000Z",
        "provinsi_id": 12,
        "long": 114.92866,
        "ori_sumber": null,
        "desa_id": null,
        "counter": 6,
        "confidence_level": "medium",
        "kawasan": "",
        "kecamatan": "Candi Laras Utara",
        "nama_provinsi": "Kalimantan Selatan",
        "pulau": "",
        "route_create": "https://opsroom.sipongidata.my.id/daops/laporan/groundcheck/create/form",
        "hotspot_date": "2026-09-06",
        "distance_hgu_km": 4.271,
        "zone": "3–5 km",
        "location_status": "OUTSIDE HGU"
      }
    },
    {
      "type": "Feature",
      "geometry": {
        "type": "Point",
        "coordinates": [
          114.94793,
          -2.64954
        ]
      },
      "properties": {
        "confidence": "medium",
        "confidence_value": null,
        "sumber": "NASA-NOAA20",
        "date_hotspot": "Minggu, 20 September 2026 01:28:00",
        "date_hotspot_ori": "2026-09-19T18:28:00.000000Z",
        "provinsi": null,
        "kabkota": "Hulu Sungai Selatan",
        "desa": "Baru",
        "hs_id": "2026-09-19T18:28:00.000000Z",
        "provinsi_id": 12,
        "long": 114.94793,
        "ori_sumber": null,
        "desa_id": null,
        "counter": 3,
        "confidence_level": "medium",
        "kawasan": "",
        "kecamatan": "Daha Barat",
        "nama_provinsi": "Kalimantan Selatan",
        "pulau": "",
        "route_create": "https://opsroom.sipongidata.my.id/daops/laporan/groundcheck/create/form",
        "hotspot_date": "2026-09-20",
        "distance_hgu_km": 4.738,
        "zone": "3–5 km",
        "location_status": "OUTSIDE HGU"
      }
    },
    {
      "type": "Feature",
      "geometry": {
        "type": "Point",
        "coordinates": [
          114.94923,
          -2.65323
        ]
      },
      "properties": {
        "confidence": "medium",
        "confidence_value": null,
        "sumber": "NASA-NOAA20",
        "date_hotspot": "Minggu, 20 September 2026 01:28:00",
        "date_hotspot_ori": "2026-09-19T18:28:00.000000Z",
        "provinsi": null,
        "kabkota": "Hulu Sungai Selatan",
        "desa": "Baru",
        "hs_id": "2026-09-19T18:28:00.000000Z",
        "provinsi_id": 12,
        "long": 114.94923,
        "ori_sumber": null,
        "desa_id": null,
        "counter": 3,
        "confidence_level": "medium",
        "kawasan": "",
        "kecamatan": "Daha Barat",
        "nama_provinsi": "Kalimantan Selatan",
        "pulau": "",
        "route_create": "https://opsroom.sipongidata.my.id/daops/laporan/groundcheck/create/form",
        "hotspot_date": "2026-09-20",
        "distance_hgu_km": 4.33,
        "zone": "3–5 km",
        "location_status": "OUTSIDE HGU"
      }
    },
    {
      "type": "Feature",
      "geometry": {
        "type": "Point",
        "coordinates": [
          114.94942,
          -2.65174
        ]
      },
      "properties": {
        "confidence": "medium",
        "confidence_value": null,
        "sumber": "NASA-SNPP",
        "date_hotspot": "Minggu, 20 September 2026 01:11:00",
        "date_hotspot_ori": "2026-09-19T18:11:00.000000Z",
        "provinsi": null,
        "kabkota": "Hulu Sungai Selatan",
        "desa": "Baru",
        "hs_id": "2026-09-19T18:11:00.000000Z",
        "provinsi_id": 12,
        "long": 114.94942,
        "ori_sumber": null,
        "desa_id": null,
        "counter": 1,
        "confidence_level": "medium",
        "kawasan": "",
        "kecamatan": "Daha Barat",
        "nama_provinsi": "Kalimantan Selatan",
        "pulau": "",
        "route_create": "https://opsroom.sipongidata.my.id/daops/laporan/groundcheck/create/form",
        "hotspot_date": "2026-09-20",
        "distance_hgu_km": 4.495,
        "zone": "3–5 km",
        "location_status": "OUTSIDE HGU"
      }
    },
    {
      "type": "Feature",
      "geometry": {
        "type": "Point",
        "coordinates": [
          114.88271,
          -2.81382
        ]
      },
      "properties": {
        "confidence": "medium",
        "confidence_value": null,
        "sumber": "NASA-SNPP",
        "date_hotspot": "Jumat, 11 September 2026 00:39:00",
        "date_hotspot_ori": "2026-09-10T17:39:00.000000Z",
        "provinsi": null,
        "kabkota": "Tapin",
        "desa": "Batalas",
        "hs_id": "2026-09-10T17:39:00.000000Z",
        "provinsi_id": 12,
        "long": 114.88271,
        "ori_sumber": null,
        "desa_id": null,
        "counter": 1,
        "confidence_level": "medium",
        "kawasan": "",
        "kecamatan": "Candi Laras Utara",
        "nama_provinsi": "Kalimantan Selatan",
        "pulau": "",
        "route_create": "https://opsroom.sipongidata.my.id/daops/laporan/groundcheck/create/form",
        "hotspot_date": "2026-09-11",
        "distance_hgu_km": 1.686,
        "zone": "1–3 km",
        "location_status": "OUTSIDE HGU"
      }
    },
    {
      "type": "Feature",
      "geometry": {
        "type": "Point",
        "coordinates": [
          114.88206,
          -2.81774
        ]
      },
      "properties": {
        "confidence": "medium",
        "confidence_value": null,
        "sumber": "NASA-SNPP",
        "date_hotspot": "Jumat, 11 September 2026 00:39:00",
        "date_hotspot_ori": "2026-09-10T17:39:00.000000Z",
        "provinsi": null,
        "kabkota": "Tapin",
        "desa": "Batalas",
        "hs_id": "2026-09-10T17:39:00.000000Z",
        "provinsi_id": 12,
        "long": 114.88206,
        "ori_sumber": null,
        "desa_id": null,
        "counter": 1,
        "confidence_level": "medium",
        "kawasan": "",
        "kecamatan": "Candi Laras Utara",
        "nama_provinsi": "Kalimantan Selatan",
        "pulau": "",
        "route_create": "https://opsroom.sipongidata.my.id/daops/laporan/groundcheck/create/form",
        "hotspot_date": "2026-09-11",
        "distance_hgu_km": 1.691,
        "zone": "1–3 km",
        "location_status": "OUTSIDE HGU"
      }
    },
    {
      "type": "Feature",
      "geometry": {
        "type": "Point",
        "coordinates": [
          115.00207,
          -2.70881
        ]
      },
      "properties": {
        "confidence": "medium",
        "confidence_value": null,
        "sumber": "NASA-SNPP",
        "date_hotspot": "Minggu, 20 September 2026 01:11:00",
        "date_hotspot_ori": "2026-09-19T18:11:00.000000Z",
        "provinsi": null,
        "kabkota": "Hulu Sungai Selatan",
        "desa": "Bajayau Tengah",
        "hs_id": "2026-09-19T18:11:00.000000Z",
        "provinsi_id": 12,
        "long": 115.00207,
        "ori_sumber": null,
        "desa_id": null,
        "counter": 1,
        "confidence_level": "medium",
        "kawasan": "",
        "kecamatan": "Daha Barat",
        "nama_provinsi": "Kalimantan Selatan",
        "pulau": "",
        "route_create": "https://opsroom.sipongidata.my.id/daops/laporan/groundcheck/create/form",
        "hotspot_date": "2026-09-20",
        "distance_hgu_km": 4.434,
        "zone": "3–5 km",
        "location_status": "OUTSIDE HGU"
      }
    },
    {
      "type": "Feature",
      "geometry": {
        "type": "Point",
        "coordinates": [
          114.89007,
          -2.83115
        ]
      },
      "properties": {
        "confidence": "medium",
        "confidence_value": null,
        "sumber": "NASA-SNPP",
        "date_hotspot": "Jumat, 11 September 2026 00:39:00",
        "date_hotspot_ori": "2026-09-10T17:39:00.000000Z",
        "provinsi": null,
        "kabkota": "Tapin",
        "desa": "Batalas",
        "hs_id": "2026-09-10T17:39:00.000000Z",
        "provinsi_id": 12,
        "long": 114.89007,
        "ori_sumber": null,
        "desa_id": null,
        "counter": 1,
        "confidence_level": "medium",
        "kawasan": "",
        "kecamatan": "Candi Laras Utara",
        "nama_provinsi": "Kalimantan Selatan",
        "pulau": "",
        "route_create": "https://opsroom.sipongidata.my.id/daops/laporan/groundcheck/create/form",
        "hotspot_date": "2026-09-11",
        "distance_hgu_km": 0.662,
        "zone": "0–1 km",
        "location_status": "OUTSIDE HGU"
      }
    },
    {
      "type": "Feature",
      "geometry": {
        "type": "Point",
        "coordinates": [
          114.89326,
          -2.82866
        ]
      },
      "properties": {
        "confidence": "medium",
        "confidence_value": null,
        "sumber": "NASA-SNPP",
        "date_hotspot": "Jumat, 11 September 2026 13:16:00",
        "date_hotspot_ori": "2026-09-11T06:16:00.000000Z",
        "provinsi": null,
        "kabkota": "Tapin",
        "desa": "Batalas",
        "hs_id": "2026-09-11T06:16:00.000000Z",
        "provinsi_id": 12,
        "long": 114.89326,
        "ori_sumber": null,
        "desa_id": null,
        "counter": 1,
        "confidence_level": "medium",
        "kawasan": "",
        "kecamatan": "Candi Laras Utara",
        "nama_provinsi": "Kalimantan Selatan",
        "pulau": "",
        "route_create": "https://opsroom.sipongidata.my.id/daops/laporan/groundcheck/create/form",
        "hotspot_date": "2026-09-11",
        "distance_hgu_km": 1.1,
        "zone": "1–3 km",
        "location_status": "OUTSIDE HGU"
      }
    },
    {
      "type": "Feature",
      "geometry": {
        "type": "Point",
        "coordinates": [
          114.82454,
          -2.83979
        ]
      },
      "properties": {
        "confidence": "medium",
        "confidence_value": null,
        "sumber": "NASA-SNPP",
        "date_hotspot": "Jumat, 11 September 2026 13:16:00",
        "date_hotspot_ori": "2026-09-11T06:16:00.000000Z",
        "provinsi": null,
        "kabkota": "Barito Kuala",
        "desa": "Banitan",
        "hs_id": "2026-09-11T06:16:00.000000Z",
        "provinsi_id": 12,
        "long": 114.82454,
        "ori_sumber": null,
        "desa_id": null,
        "counter": 1,
        "confidence_level": "medium",
        "kawasan": "",
        "kecamatan": "Bakumpai",
        "nama_provinsi": "Kalimantan Selatan",
        "pulau": "",
        "route_create": "https://opsroom.sipongidata.my.id/daops/laporan/groundcheck/create/form",
        "hotspot_date": "2026-09-11",
        "distance_hgu_km": 1.974,
        "zone": "1–3 km",
        "location_status": "OUTSIDE HGU"
      }
    },
    {
      "type": "Feature",
      "geometry": {
        "type": "Point",
        "coordinates": [
          114.89027,
          -2.82941
        ]
      },
      "properties": {
        "confidence": "medium",
        "confidence_value": null,
        "sumber": "NASA-SNPP",
        "date_hotspot": "Jumat, 11 September 2026 13:16:00",
        "date_hotspot_ori": "2026-09-11T06:16:00.000000Z",
        "provinsi": null,
        "kabkota": "Tapin",
        "desa": "Batalas",
        "hs_id": "2026-09-11T06:16:00.000000Z",
        "provinsi_id": 12,
        "long": 114.89027,
        "ori_sumber": null,
        "desa_id": null,
        "counter": 1,
        "confidence_level": "medium",
        "kawasan": "",
        "kecamatan": "Candi Laras Utara",
        "nama_provinsi": "Kalimantan Selatan",
        "pulau": "",
        "route_create": "https://opsroom.sipongidata.my.id/daops/laporan/groundcheck/create/form",
        "hotspot_date": "2026-09-11",
        "distance_hgu_km": 0.836,
        "zone": "0–1 km",
        "location_status": "OUTSIDE HGU"
      }
    },
    {
      "type": "Feature",
      "geometry": {
        "type": "Point",
        "coordinates": [
          114.89522,
          -2.82864
        ]
      },
      "properties": {
        "confidence": "medium",
        "confidence_value": null,
        "sumber": "NASA-SNPP",
        "date_hotspot": "Jumat, 11 September 2026 13:16:00",
        "date_hotspot_ori": "2026-09-11T06:16:00.000000Z",
        "provinsi": null,
        "kabkota": "Tapin",
        "desa": "Batalas",
        "hs_id": "2026-09-11T06:16:00.000000Z",
        "provinsi_id": 12,
        "long": 114.89522,
        "ori_sumber": null,
        "desa_id": null,
        "counter": 1,
        "confidence_level": "medium",
        "kawasan": "",
        "kecamatan": "Candi Laras Utara",
        "nama_provinsi": "Kalimantan Selatan",
        "pulau": "",
        "route_create": "https://opsroom.sipongidata.my.id/daops/laporan/groundcheck/create/form",
        "hotspot_date": "2026-09-11",
        "distance_hgu_km": 1.259,
        "zone": "1–3 km",
        "location_status": "OUTSIDE HGU"
      }
    },
    {
      "type": "Feature",
      "geometry": {
        "type": "Point",
        "coordinates": [
          114.82515,
          -2.84369
        ]
      },
      "properties": {
        "confidence": "medium",
        "confidence_value": null,
        "sumber": "NASA-SNPP",
        "date_hotspot": "Jumat, 11 September 2026 13:16:00",
        "date_hotspot_ori": "2026-09-11T06:16:00.000000Z",
        "provinsi": null,
        "kabkota": "Barito Kuala",
        "desa": "Banitan",
        "hs_id": "2026-09-11T06:16:00.000000Z",
        "provinsi_id": 12,
        "long": 114.82515,
        "ori_sumber": null,
        "desa_id": null,
        "counter": 1,
        "confidence_level": "medium",
        "kawasan": "",
        "kecamatan": "Bakumpai",
        "nama_provinsi": "Kalimantan Selatan",
        "pulau": "",
        "route_create": "https://opsroom.sipongidata.my.id/daops/laporan/groundcheck/create/form",
        "hotspot_date": "2026-09-11",
        "distance_hgu_km": 1.917,
        "zone": "1–3 km",
        "location_status": "OUTSIDE HGU"
      }
    },
    {
      "type": "Feature",
      "geometry": {
        "type": "Point",
        "coordinates": [
          114.88534,
          -2.83017
        ]
      },
      "properties": {
        "confidence": "medium",
        "confidence_value": null,
        "sumber": "NASA-SNPP",
        "date_hotspot": "Jumat, 11 September 2026 13:16:00",
        "date_hotspot_ori": "2026-09-11T06:16:00.000000Z",
        "provinsi": null,
        "kabkota": "Tapin",
        "desa": "Batalas",
        "hs_id": "2026-09-11T06:16:00.000000Z",
        "provinsi_id": 12,
        "long": 114.88534,
        "ori_sumber": null,
        "desa_id": null,
        "counter": 1,
        "confidence_level": "medium",
        "kawasan": "",
        "kecamatan": "Candi Laras Utara",
        "nama_provinsi": "Kalimantan Selatan",
        "pulau": "",
        "route_create": "https://opsroom.sipongidata.my.id/daops/laporan/groundcheck/create/form",
        "hotspot_date": "2026-09-11",
        "distance_hgu_km": 0.651,
        "zone": "0–1 km",
        "location_status": "OUTSIDE HGU"
      }
    },
    {
      "type": "Feature",
      "geometry": {
        "type": "Point",
        "coordinates": [
          114.82632,
          -2.83931
        ]
      },
      "properties": {
        "confidence": "medium",
        "confidence_value": null,
        "sumber": "NASA-SNPP",
        "date_hotspot": "Jumat, 11 September 2026 13:16:00",
        "date_hotspot_ori": "2026-09-11T06:16:00.000000Z",
        "provinsi": null,
        "kabkota": "Tapin",
        "desa": "Sungai Selai",
        "hs_id": "2026-09-11T06:16:00.000000Z",
        "provinsi_id": 12,
        "long": 114.82632,
        "ori_sumber": null,
        "desa_id": null,
        "counter": 1,
        "confidence_level": "medium",
        "kawasan": "",
        "kecamatan": "Candi Laras Utara",
        "nama_provinsi": "Kalimantan Selatan",
        "pulau": "",
        "route_create": "https://opsroom.sipongidata.my.id/daops/laporan/groundcheck/create/form",
        "hotspot_date": "2026-09-11",
        "distance_hgu_km": 1.773,
        "zone": "1–3 km",
        "location_status": "OUTSIDE HGU"
      }
    },
    {
      "type": "Feature",
      "geometry": {
        "type": "Point",
        "coordinates": [
          114.88967,
          -2.82549
        ]
      },
      "properties": {
        "confidence": "medium",
        "confidence_value": null,
        "sumber": "NASA-SNPP",
        "date_hotspot": "Jumat, 11 September 2026 13:16:00",
        "date_hotspot_ori": "2026-09-11T06:16:00.000000Z",
        "provinsi": null,
        "kabkota": "Tapin",
        "desa": "Batalas",
        "hs_id": "2026-09-11T06:16:00.000000Z",
        "provinsi_id": 12,
        "long": 114.88967,
        "ori_sumber": null,
        "desa_id": null,
        "counter": 1,
        "confidence_level": "medium",
        "kawasan": "",
        "kecamatan": "Candi Laras Utara",
        "nama_provinsi": "Kalimantan Selatan",
        "pulau": "",
        "route_create": "https://opsroom.sipongidata.my.id/daops/laporan/groundcheck/create/form",
        "hotspot_date": "2026-09-11",
        "distance_hgu_km": 1.212,
        "zone": "1–3 km",
        "location_status": "OUTSIDE HGU"
      }
    },
    {
      "type": "Feature",
      "geometry": {
        "type": "Point",
        "coordinates": [
          114.8149,
          -2.93667
        ]
      },
      "properties": {
        "confidence": "medium",
        "confidence_value": null,
        "sumber": "NASA-SNPP",
        "date_hotspot": "Minggu, 20 September 2026 13:48:00",
        "date_hotspot_ori": "2026-09-20T06:48:00.000000Z",
        "provinsi": null,
        "kabkota": "Tapin",
        "desa": "Keladan",
        "hs_id": "2026-09-20T06:48:00.000000Z",
        "provinsi_id": 12,
        "long": 114.8149,
        "ori_sumber": null,
        "desa_id": null,
        "counter": 1,
        "confidence_level": "medium",
        "kawasan": "",
        "kecamatan": "Candi Laras Utara",
        "nama_provinsi": "Kalimantan Selatan",
        "pulau": "",
        "route_create": "https://opsroom.sipongidata.my.id/daops/laporan/groundcheck/create/form",
        "hotspot_date": "2026-09-20",
        "distance_hgu_km": 0.054,
        "zone": "0–1 km",
        "location_status": "OUTSIDE HGU"
      }
    },
    {
      "type": "Feature",
      "geometry": {
        "type": "Point",
        "coordinates": [
          114.89463,
          -2.82768
        ]
      },
      "properties": {
        "confidence": "medium",
        "confidence_value": null,
        "sumber": "NASA-NOAA20",
        "date_hotspot": "Jumat, 11 September 2026 13:35:00",
        "date_hotspot_ori": "2026-09-11T06:35:00.000000Z",
        "provinsi": null,
        "kabkota": "Tapin",
        "desa": "Batalas",
        "hs_id": "2026-09-11T06:35:00.000000Z",
        "provinsi_id": 12,
        "long": 114.89463,
        "ori_sumber": null,
        "desa_id": null,
        "counter": 1,
        "confidence_level": "medium",
        "kawasan": "",
        "kecamatan": "Candi Laras Utara",
        "nama_provinsi": "Kalimantan Selatan",
        "pulau": "",
        "route_create": "https://opsroom.sipongidata.my.id/daops/laporan/groundcheck/create/form",
        "hotspot_date": "2026-09-11",
        "distance_hgu_km": 1.284,
        "zone": "1–3 km",
        "location_status": "OUTSIDE HGU"
      }
    },
    {
      "type": "Feature",
      "geometry": {
        "type": "Point",
        "coordinates": [
          114.88919,
          -2.82239
        ]
      },
      "properties": {
        "confidence": "medium",
        "confidence_value": null,
        "sumber": "NASA-NOAA20",
        "date_hotspot": "Jumat, 11 September 2026 13:35:00",
        "date_hotspot_ori": "2026-09-11T06:35:00.000000Z",
        "provinsi": null,
        "kabkota": "Tapin",
        "desa": "Batalas",
        "hs_id": "2026-09-11T06:35:00.000000Z",
        "provinsi_id": 12,
        "long": 114.88919,
        "ori_sumber": null,
        "desa_id": null,
        "counter": 1,
        "confidence_level": "medium",
        "kawasan": "",
        "kecamatan": "Candi Laras Utara",
        "nama_provinsi": "Kalimantan Selatan",
        "pulau": "",
        "route_create": "https://opsroom.sipongidata.my.id/daops/laporan/groundcheck/create/form",
        "hotspot_date": "2026-09-11",
        "distance_hgu_km": 1.533,
        "zone": "1–3 km",
        "location_status": "OUTSIDE HGU"
      }
    },
    {
      "type": "Feature",
      "geometry": {
        "type": "Point",
        "coordinates": [
          114.94212,
          -2.74514
        ]
      },
      "properties": {
        "confidence": "medium",
        "confidence_value": null,
        "sumber": "NASA-NOAA20",
        "date_hotspot": "Jumat, 11 September 2026 13:35:00",
        "date_hotspot_ori": "2026-09-11T06:35:00.000000Z",
        "provinsi": null,
        "kabkota": "Tapin",
        "desa": "Buas-Buas",
        "hs_id": "2026-09-11T06:35:00.000000Z",
        "provinsi_id": 12,
        "long": 114.94212,
        "ori_sumber": null,
        "desa_id": null,
        "counter": 1,
        "confidence_level": "medium",
        "kawasan": "",
        "kecamatan": "Candi Laras Utara",
        "nama_provinsi": "Kalimantan Selatan",
        "pulau": "",
        "route_create": "https://opsroom.sipongidata.my.id/daops/laporan/groundcheck/create/form",
        "hotspot_date": "2026-09-11",
        "distance_hgu_km": 0.792,
        "zone": "0–1 km",
        "location_status": "OUTSIDE HGU"
      }
    },
    {
      "type": "Feature",
      "geometry": {
        "type": "Point",
        "coordinates": [
          114.80618,
          -2.71696
        ]
      },
      "properties": {
        "confidence": "medium",
        "confidence_value": null,
        "sumber": "NASA-NOAA20",
        "date_hotspot": "Jumat, 11 September 2026 13:35:00",
        "date_hotspot_ori": "2026-09-11T06:35:00.000000Z",
        "provinsi": null,
        "kabkota": "Barito Kuala",
        "desa": "Jambu",
        "hs_id": "2026-09-11T06:35:00.000000Z",
        "provinsi_id": 12,
        "long": 114.80618,
        "ori_sumber": null,
        "desa_id": null,
        "counter": 1,
        "confidence_level": "medium",
        "kawasan": "",
        "kecamatan": "Kuripan",
        "nama_provinsi": "Kalimantan Selatan",
        "pulau": "",
        "route_create": "https://opsroom.sipongidata.my.id/daops/laporan/groundcheck/create/form",
        "hotspot_date": "2026-09-11",
        "distance_hgu_km": 4.477,
        "zone": "3–5 km",
        "location_status": "OUTSIDE HGU"
      }
    },
    {
      "type": "Feature",
      "geometry": {
        "type": "Point",
        "coordinates": [
          114.87737,
          -2.81135
        ]
      },
      "properties": {
        "confidence": "medium",
        "confidence_value": null,
        "sumber": "NASA-SNPP",
        "date_hotspot": "Jumat, 11 September 2026 13:16:00",
        "date_hotspot_ori": "2026-09-11T06:16:00.000000Z",
        "provinsi": null,
        "kabkota": "Tapin",
        "desa": "Batalas",
        "hs_id": "2026-09-11T06:16:00.000000Z",
        "provinsi_id": 12,
        "long": 114.87737,
        "ori_sumber": null,
        "desa_id": null,
        "counter": 1,
        "confidence_level": "medium",
        "kawasan": "",
        "kecamatan": "Candi Laras Utara",
        "nama_provinsi": "Kalimantan Selatan",
        "pulau": "",
        "route_create": "https://opsroom.sipongidata.my.id/daops/laporan/groundcheck/create/form",
        "hotspot_date": "2026-09-11",
        "distance_hgu_km": 1.093,
        "zone": "1–3 km",
        "location_status": "OUTSIDE HGU"
      }
    },
    {
      "type": "Feature",
      "geometry": {
        "type": "Point",
        "coordinates": [
          114.82694,
          -2.84321
        ]
      },
      "properties": {
        "confidence": "medium",
        "confidence_value": null,
        "sumber": "NASA-SNPP",
        "date_hotspot": "Jumat, 11 September 2026 13:16:00",
        "date_hotspot_ori": "2026-09-11T06:16:00.000000Z",
        "provinsi": null,
        "kabkota": "Barito Kuala",
        "desa": "Banitan",
        "hs_id": "2026-09-11T06:16:00.000000Z",
        "provinsi_id": 12,
        "long": 114.82694,
        "ori_sumber": null,
        "desa_id": null,
        "counter": 1,
        "confidence_level": "medium",
        "kawasan": "",
        "kecamatan": "Bakumpai",
        "nama_provinsi": "Kalimantan Selatan",
        "pulau": "",
        "route_create": "https://opsroom.sipongidata.my.id/daops/laporan/groundcheck/create/form",
        "hotspot_date": "2026-09-11",
        "distance_hgu_km": 1.718,
        "zone": "1–3 km",
        "location_status": "OUTSIDE HGU"
      }
    },
    {
      "type": "Feature",
      "geometry": {
        "type": "Point",
        "coordinates": [
          114.88038,
          -2.83094
        ]
      },
      "properties": {
        "confidence": "medium",
        "confidence_value": null,
        "sumber": "NASA-SNPP",
        "date_hotspot": "Jumat, 11 September 2026 13:16:00",
        "date_hotspot_ori": "2026-09-11T06:16:00.000000Z",
        "provinsi": null,
        "kabkota": "Tapin",
        "desa": "Batalas",
        "hs_id": "2026-09-11T06:16:00.000000Z",
        "provinsi_id": 12,
        "long": 114.88038,
        "ori_sumber": null,
        "desa_id": null,
        "counter": 1,
        "confidence_level": "medium",
        "kawasan": "",
        "kecamatan": "Candi Laras Utara",
        "nama_provinsi": "Kalimantan Selatan",
        "pulau": "",
        "route_create": "https://opsroom.sipongidata.my.id/daops/laporan/groundcheck/create/form",
        "hotspot_date": "2026-09-11",
        "distance_hgu_km": 0.328,
        "zone": "0–1 km",
        "location_status": "OUTSIDE HGU"
      }
    },
    {
      "type": "Feature",
      "geometry": {
        "type": "Point",
        "coordinates": [
          114.86871,
          -2.82072
        ]
      },
      "properties": {
        "confidence": "medium",
        "confidence_value": null,
        "sumber": "NASA-SNPP",
        "date_hotspot": "Jumat, 11 September 2026 13:16:00",
        "date_hotspot_ori": "2026-09-11T06:16:00.000000Z",
        "provinsi": null,
        "kabkota": "Tapin",
        "desa": "Batalas",
        "hs_id": "2026-09-11T06:16:00.000000Z",
        "provinsi_id": 12,
        "long": 114.86871,
        "ori_sumber": null,
        "desa_id": null,
        "counter": 1,
        "confidence_level": "medium",
        "kawasan": "",
        "kecamatan": "Candi Laras Utara",
        "nama_provinsi": "Kalimantan Selatan",
        "pulau": "",
        "route_create": "https://opsroom.sipongidata.my.id/daops/laporan/groundcheck/create/form",
        "hotspot_date": "2026-09-11",
        "distance_hgu_km": 0.621,
        "zone": "0–1 km",
        "location_status": "OUTSIDE HGU"
      }
    },
    {
      "type": "Feature",
      "geometry": {
        "type": "Point",
        "coordinates": [
          114.87365,
          -2.81995
        ]
      },
      "properties": {
        "confidence": "medium",
        "confidence_value": null,
        "sumber": "NASA-SNPP",
        "date_hotspot": "Jumat, 11 September 2026 13:16:00",
        "date_hotspot_ori": "2026-09-11T06:16:00.000000Z",
        "provinsi": null,
        "kabkota": "Tapin",
        "desa": "Batalas",
        "hs_id": "2026-09-11T06:16:00.000000Z",
        "provinsi_id": 12,
        "long": 114.87365,
        "ori_sumber": null,
        "desa_id": null,
        "counter": 1,
        "confidence_level": "medium",
        "kawasan": "",
        "kecamatan": "Candi Laras Utara",
        "nama_provinsi": "Kalimantan Selatan",
        "pulau": "",
        "route_create": "https://opsroom.sipongidata.my.id/daops/laporan/groundcheck/create/form",
        "hotspot_date": "2026-09-11",
        "distance_hgu_km": 0.999,
        "zone": "0–1 km",
        "location_status": "OUTSIDE HGU"
      }
    },
    {
      "type": "Feature",
      "geometry": {
        "type": "Point",
        "coordinates": [
          114.87796,
          -2.81526
        ]
      },
      "properties": {
        "confidence": "medium",
        "confidence_value": null,
        "sumber": "NASA-SNPP",
        "date_hotspot": "Jumat, 11 September 2026 13:16:00",
        "date_hotspot_ori": "2026-09-11T06:16:00.000000Z",
        "provinsi": null,
        "kabkota": "Tapin",
        "desa": "Batalas",
        "hs_id": "2026-09-11T06:16:00.000000Z",
        "provinsi_id": 12,
        "long": 114.87796,
        "ori_sumber": null,
        "desa_id": null,
        "counter": 1,
        "confidence_level": "medium",
        "kawasan": "",
        "kecamatan": "Candi Laras Utara",
        "nama_provinsi": "Kalimantan Selatan",
        "pulau": "",
        "route_create": "https://opsroom.sipongidata.my.id/daops/laporan/groundcheck/create/form",
        "hotspot_date": "2026-09-11",
        "distance_hgu_km": 1.18,
        "zone": "1–3 km",
        "location_status": "OUTSIDE HGU"
      }
    },
    {
      "type": "Feature",
      "geometry": {
        "type": "Point",
        "coordinates": [
          114.88229,
          -2.81057
        ]
      },
      "properties": {
        "confidence": "medium",
        "confidence_value": null,
        "sumber": "NASA-SNPP",
        "date_hotspot": "Jumat, 11 September 2026 13:16:00",
        "date_hotspot_ori": "2026-09-11T06:16:00.000000Z",
        "provinsi": null,
        "kabkota": "Tapin",
        "desa": "Batalas",
        "hs_id": "2026-09-11T06:16:00.000000Z",
        "provinsi_id": 12,
        "long": 114.88229,
        "ori_sumber": null,
        "desa_id": null,
        "counter": 1,
        "confidence_level": "medium",
        "kawasan": "",
        "kecamatan": "Candi Laras Utara",
        "nama_provinsi": "Kalimantan Selatan",
        "pulau": "",
        "route_create": "https://opsroom.sipongidata.my.id/daops/laporan/groundcheck/create/form",
        "hotspot_date": "2026-09-11",
        "distance_hgu_km": 1.641,
        "zone": "1–3 km",
        "location_status": "OUTSIDE HGU"
      }
    },
    {
      "type": "Feature",
      "geometry": {
        "type": "Point",
        "coordinates": [
          114.8758,
          -2.79055
        ]
      },
      "properties": {
        "confidence": "medium",
        "confidence_value": null,
        "sumber": "NASA-SNPP",
        "date_hotspot": "Sabtu, 12 September 2026 00:17:00",
        "date_hotspot_ori": "2026-09-11T17:17:00.000000Z",
        "provinsi": null,
        "kabkota": "Tapin",
        "desa": "Teluk Haur",
        "hs_id": "2026-09-11T17:17:00.000000Z",
        "provinsi_id": 12,
        "long": 114.8758,
        "ori_sumber": null,
        "desa_id": null,
        "counter": 1,
        "confidence_level": "medium",
        "kawasan": "",
        "kecamatan": "Candi Laras Utara",
        "nama_provinsi": "Kalimantan Selatan",
        "pulau": "",
        "route_create": "https://opsroom.sipongidata.my.id/daops/laporan/groundcheck/create/form",
        "hotspot_date": "2026-09-12",
        "distance_hgu_km": 0.913,
        "zone": "0–1 km",
        "location_status": "OUTSIDE HGU"
      }
    },
    {
      "type": "Feature",
      "geometry": {
        "type": "Point",
        "coordinates": [
          114.87234,
          -2.78999
        ]
      },
      "properties": {
        "confidence": "medium",
        "confidence_value": null,
        "sumber": "NASA-SNPP",
        "date_hotspot": "Sabtu, 12 September 2026 00:17:00",
        "date_hotspot_ori": "2026-09-11T17:17:00.000000Z",
        "provinsi": null,
        "kabkota": "Tapin",
        "desa": "Teluk Haur",
        "hs_id": "2026-09-11T17:17:00.000000Z",
        "provinsi_id": 12,
        "long": 114.87234,
        "ori_sumber": null,
        "desa_id": null,
        "counter": 1,
        "confidence_level": "medium",
        "kawasan": "",
        "kecamatan": "Candi Laras Utara",
        "nama_provinsi": "Kalimantan Selatan",
        "pulau": "",
        "route_create": "https://opsroom.sipongidata.my.id/daops/laporan/groundcheck/create/form",
        "hotspot_date": "2026-09-12",
        "distance_hgu_km": 0.527,
        "zone": "0–1 km",
        "location_status": "OUTSIDE HGU"
      }
    },
    {
      "type": "Feature",
      "geometry": {
        "type": "Point",
        "coordinates": [
          114.87602,
          -2.78959
        ]
      },
      "properties": {
        "confidence": "medium",
        "confidence_value": null,
        "sumber": "NASA-NOAA20",
        "date_hotspot": "Sabtu, 12 September 2026 00:37:00",
        "date_hotspot_ori": "2026-09-11T17:37:00.000000Z",
        "provinsi": null,
        "kabkota": "Tapin",
        "desa": "Teluk Haur",
        "hs_id": "2026-09-11T17:37:00.000000Z",
        "provinsi_id": 12,
        "long": 114.87602,
        "ori_sumber": null,
        "desa_id": null,
        "counter": 1,
        "confidence_level": "medium",
        "kawasan": "",
        "kecamatan": "Candi Laras Utara",
        "nama_provinsi": "Kalimantan Selatan",
        "pulau": "",
        "route_create": "https://opsroom.sipongidata.my.id/daops/laporan/groundcheck/create/form",
        "hotspot_date": "2026-09-12",
        "distance_hgu_km": 0.935,
        "zone": "0–1 km",
        "location_status": "OUTSIDE HGU"
      }
    },
    {
      "type": "Feature",
      "geometry": {
        "type": "Point",
        "coordinates": [
          114.87431,
          -2.80023
        ]
      },
      "properties": {
        "confidence": "medium",
        "confidence_value": null,
        "sumber": "NASA-NOAA20",
        "date_hotspot": "Sabtu, 12 September 2026 00:37:00",
        "date_hotspot_ori": "2026-09-11T17:37:00.000000Z",
        "provinsi": null,
        "kabkota": "Tapin",
        "desa": "Batalas",
        "hs_id": "2026-09-11T17:37:00.000000Z",
        "provinsi_id": 12,
        "long": 114.87431,
        "ori_sumber": null,
        "desa_id": null,
        "counter": 2,
        "confidence_level": "medium",
        "kawasan": "",
        "kecamatan": "Candi Laras Utara",
        "nama_provinsi": "Kalimantan Selatan",
        "pulau": "",
        "route_create": "https://opsroom.sipongidata.my.id/daops/laporan/groundcheck/create/form",
        "hotspot_date": "2026-09-12",
        "distance_hgu_km": 0.768,
        "zone": "0–1 km",
        "location_status": "OUTSIDE HGU"
      }
    },
    {
      "type": "Feature",
      "geometry": {
        "type": "Point",
        "coordinates": [
          114.96033,
          -2.64809
        ]
      },
      "properties": {
        "confidence": "medium",
        "confidence_value": null,
        "sumber": "NASA-NOAA20",
        "date_hotspot": "Minggu, 20 September 2026 12:27:00",
        "date_hotspot_ori": "2026-09-20T05:27:00.000000Z",
        "provinsi": null,
        "kabkota": "Hulu Sungai Selatan",
        "desa": "Baru",
        "hs_id": "2026-09-20T05:27:00.000000Z",
        "provinsi_id": 12,
        "long": 114.96033,
        "ori_sumber": null,
        "desa_id": null,
        "counter": 3,
        "confidence_level": "medium",
        "kawasan": "",
        "kecamatan": "Daha Barat",
        "nama_provinsi": "Kalimantan Selatan",
        "pulau": "",
        "route_create": "https://opsroom.sipongidata.my.id/daops/laporan/groundcheck/create/form",
        "hotspot_date": "2026-09-20",
        "distance_hgu_km": 4.915,
        "zone": "3–5 km",
        "location_status": "OUTSIDE HGU"
      }
    },
    {
      "type": "Feature",
      "geometry": {
        "type": "Point",
        "coordinates": [
          114.95016,
          -2.77292
        ]
      },
      "properties": {
        "confidence": "medium",
        "confidence_value": null,
        "sumber": "NASA-SNPP",
        "date_hotspot": "Sabtu, 12 September 2026 12:57:00",
        "date_hotspot_ori": "2026-09-12T05:57:00.000000Z",
        "provinsi": null,
        "kabkota": "Tapin",
        "desa": "Buas-Buas",
        "hs_id": "2026-09-12T05:57:00.000000Z",
        "provinsi_id": 12,
        "long": 114.95016,
        "ori_sumber": null,
        "desa_id": null,
        "counter": 1,
        "confidence_level": "medium",
        "kawasan": "",
        "kecamatan": "Candi Laras Utara",
        "nama_provinsi": "Kalimantan Selatan",
        "pulau": "",
        "route_create": "https://opsroom.sipongidata.my.id/daops/laporan/groundcheck/create/form",
        "hotspot_date": "2026-09-12",
        "distance_hgu_km": 3.626,
        "zone": "3–5 km",
        "location_status": "OUTSIDE HGU"
      }
    },
    {
      "type": "Feature",
      "geometry": {
        "type": "Point",
        "coordinates": [
          114.95065,
          -2.77624
        ]
      },
      "properties": {
        "confidence": "medium",
        "confidence_value": null,
        "sumber": "NASA-SNPP",
        "date_hotspot": "Sabtu, 12 September 2026 12:57:00",
        "date_hotspot_ori": "2026-09-12T05:57:00.000000Z",
        "provinsi": null,
        "kabkota": "Tapin",
        "desa": "Buas-Buas Hilir",
        "hs_id": "2026-09-12T05:57:00.000000Z",
        "provinsi_id": 12,
        "long": 114.95065,
        "ori_sumber": null,
        "desa_id": null,
        "counter": 1,
        "confidence_level": "medium",
        "kawasan": "",
        "kecamatan": "Candi Laras Utara",
        "nama_provinsi": "Kalimantan Selatan",
        "pulau": "",
        "route_create": "https://opsroom.sipongidata.my.id/daops/laporan/groundcheck/create/form",
        "hotspot_date": "2026-09-12",
        "distance_hgu_km": 3.666,
        "zone": "3–5 km",
        "location_status": "OUTSIDE HGU"
      }
    },
    {
      "type": "Feature",
      "geometry": {
        "type": "Point",
        "coordinates": [
          114.87336,
          -2.7881
        ]
      },
      "properties": {
        "confidence": "medium",
        "confidence_value": null,
        "sumber": "NASA-NOAA20",
        "date_hotspot": "Sabtu, 12 September 2026 13:18:00",
        "date_hotspot_ori": "2026-09-12T06:18:00.000000Z",
        "provinsi": null,
        "kabkota": "Tapin",
        "desa": "Teluk Haur",
        "hs_id": "2026-09-12T06:18:00.000000Z",
        "provinsi_id": 12,
        "long": 114.87336,
        "ori_sumber": null,
        "desa_id": null,
        "counter": 1,
        "confidence_level": "medium",
        "kawasan": "",
        "kecamatan": "Candi Laras Utara",
        "nama_provinsi": "Kalimantan Selatan",
        "pulau": "",
        "route_create": "https://opsroom.sipongidata.my.id/daops/laporan/groundcheck/create/form",
        "hotspot_date": "2026-09-12",
        "distance_hgu_km": 0.638,
        "zone": "0–1 km",
        "location_status": "OUTSIDE HGU"
      }
    },
    {
      "type": "Feature",
      "geometry": {
        "type": "Point",
        "coordinates": [
          114.87758,
          -2.78741
        ]
      },
      "properties": {
        "confidence": "medium",
        "confidence_value": null,
        "sumber": "NASA-NOAA20",
        "date_hotspot": "Sabtu, 12 September 2026 13:18:00",
        "date_hotspot_ori": "2026-09-12T06:18:00.000000Z",
        "provinsi": null,
        "kabkota": "Tapin",
        "desa": "Teluk Haur",
        "hs_id": "2026-09-12T06:18:00.000000Z",
        "provinsi_id": 12,
        "long": 114.87758,
        "ori_sumber": null,
        "desa_id": null,
        "counter": 1,
        "confidence_level": "medium",
        "kawasan": "",
        "kecamatan": "Candi Laras Utara",
        "nama_provinsi": "Kalimantan Selatan",
        "pulau": "",
        "route_create": "https://opsroom.sipongidata.my.id/daops/laporan/groundcheck/create/form",
        "hotspot_date": "2026-09-12",
        "distance_hgu_km": 1.107,
        "zone": "1–3 km",
        "location_status": "OUTSIDE HGU"
      }
    },
    {
      "type": "Feature",
      "geometry": {
        "type": "Point",
        "coordinates": [
          114.88408,
          -2.79474
        ]
      },
      "properties": {
        "confidence": "medium",
        "confidence_value": null,
        "sumber": "NASA-NOAA20",
        "date_hotspot": "Sabtu, 12 September 2026 13:18:00",
        "date_hotspot_ori": "2026-09-12T06:18:00.000000Z",
        "provinsi": null,
        "kabkota": "Tapin",
        "desa": "Teluk Haur",
        "hs_id": "2026-09-12T06:18:00.000000Z",
        "provinsi_id": 12,
        "long": 114.88408,
        "ori_sumber": null,
        "desa_id": null,
        "counter": 1,
        "confidence_level": "medium",
        "kawasan": "",
        "kecamatan": "Candi Laras Utara",
        "nama_provinsi": "Kalimantan Selatan",
        "pulau": "",
        "route_create": "https://opsroom.sipongidata.my.id/daops/laporan/groundcheck/create/form",
        "hotspot_date": "2026-09-12",
        "distance_hgu_km": 1.844,
        "zone": "1–3 km",
        "location_status": "OUTSIDE HGU"
      }
    },
    {
      "type": "Feature",
      "geometry": {
        "type": "Point",
        "coordinates": [
          114.87136,
          -2.79672
        ]
      },
      "properties": {
        "confidence": "medium",
        "confidence_value": null,
        "sumber": "NASA-NOAA20",
        "date_hotspot": "Sabtu, 12 September 2026 13:18:00",
        "date_hotspot_ori": "2026-09-12T06:18:00.000000Z",
        "provinsi": null,
        "kabkota": "Tapin",
        "desa": "Teluk Haur",
        "hs_id": "2026-09-12T06:18:00.000000Z",
        "provinsi_id": 12,
        "long": 114.87136,
        "ori_sumber": null,
        "desa_id": null,
        "counter": 1,
        "confidence_level": "medium",
        "kawasan": "",
        "kecamatan": "Candi Laras Utara",
        "nama_provinsi": "Kalimantan Selatan",
        "pulau": "",
        "route_create": "https://opsroom.sipongidata.my.id/daops/laporan/groundcheck/create/form",
        "hotspot_date": "2026-09-12",
        "distance_hgu_km": 0.437,
        "zone": "0–1 km",
        "location_status": "OUTSIDE HGU"
      }
    },
    {
      "type": "Feature",
      "geometry": {
        "type": "Point",
        "coordinates": [
          114.87,
          -2.78797
        ]
      },
      "properties": {
        "confidence": "medium",
        "confidence_value": null,
        "sumber": "NASA-NOAA20",
        "date_hotspot": "Sabtu, 12 September 2026 13:18:00",
        "date_hotspot_ori": "2026-09-12T06:18:00.000000Z",
        "provinsi": null,
        "kabkota": "Tapin",
        "desa": "Teluk Haur",
        "hs_id": "2026-09-12T06:18:00.000000Z",
        "provinsi_id": 12,
        "long": 114.87,
        "ori_sumber": null,
        "desa_id": null,
        "counter": 1,
        "confidence_level": "medium",
        "kawasan": "",
        "kecamatan": "Candi Laras Utara",
        "nama_provinsi": "Kalimantan Selatan",
        "pulau": "",
        "route_create": "https://opsroom.sipongidata.my.id/daops/laporan/groundcheck/create/form",
        "hotspot_date": "2026-09-12",
        "distance_hgu_km": 0.264,
        "zone": "0–1 km",
        "location_status": "OUTSIDE HGU"
      }
    },
    {
      "type": "Feature",
      "geometry": {
        "type": "Point",
        "coordinates": [
          114.87825,
          -2.79178
        ]
      },
      "properties": {
        "confidence": "medium",
        "confidence_value": null,
        "sumber": "NASA-NOAA20",
        "date_hotspot": "Sabtu, 12 September 2026 13:18:00",
        "date_hotspot_ori": "2026-09-12T06:18:00.000000Z",
        "provinsi": null,
        "kabkota": "Tapin",
        "desa": "Teluk Haur",
        "hs_id": "2026-09-12T06:18:00.000000Z",
        "provinsi_id": 12,
        "long": 114.87825,
        "ori_sumber": null,
        "desa_id": null,
        "counter": 1,
        "confidence_level": "medium",
        "kawasan": "",
        "kecamatan": "Candi Laras Utara",
        "nama_provinsi": "Kalimantan Selatan",
        "pulau": "",
        "route_create": "https://opsroom.sipongidata.my.id/daops/laporan/groundcheck/create/form",
        "hotspot_date": "2026-09-12",
        "distance_hgu_km": 1.188,
        "zone": "1–3 km",
        "location_status": "OUTSIDE HGU"
      }
    },
    {
      "type": "Feature",
      "geometry": {
        "type": "Point",
        "coordinates": [
          114.87423,
          -2.78731
        ]
      },
      "properties": {
        "confidence": "medium",
        "confidence_value": null,
        "sumber": "NASA-NOAA20",
        "date_hotspot": "Sabtu, 12 September 2026 13:18:00",
        "date_hotspot_ori": "2026-09-12T06:18:00.000000Z",
        "provinsi": null,
        "kabkota": "Tapin",
        "desa": "Teluk Haur",
        "hs_id": "2026-09-12T06:18:00.000000Z",
        "provinsi_id": 12,
        "long": 114.87423,
        "ori_sumber": null,
        "desa_id": null,
        "counter": 1,
        "confidence_level": "medium",
        "kawasan": "",
        "kecamatan": "Candi Laras Utara",
        "nama_provinsi": "Kalimantan Selatan",
        "pulau": "",
        "route_create": "https://opsroom.sipongidata.my.id/daops/laporan/groundcheck/create/form",
        "hotspot_date": "2026-09-12",
        "distance_hgu_km": 0.735,
        "zone": "0–1 km",
        "location_status": "OUTSIDE HGU"
      }
    },
    {
      "type": "Feature",
      "geometry": {
        "type": "Point",
        "coordinates": [
          114.88316,
          -2.79547
        ]
      },
      "properties": {
        "confidence": "medium",
        "confidence_value": null,
        "sumber": "NASA-NOAA20",
        "date_hotspot": "Sabtu, 12 September 2026 13:18:00",
        "date_hotspot_ori": "2026-09-12T06:18:00.000000Z",
        "provinsi": null,
        "kabkota": "Tapin",
        "desa": "Teluk Haur",
        "hs_id": "2026-09-12T06:18:00.000000Z",
        "provinsi_id": 12,
        "long": 114.88316,
        "ori_sumber": null,
        "desa_id": null,
        "counter": 1,
        "confidence_level": "medium",
        "kawasan": "",
        "kecamatan": "Candi Laras Utara",
        "nama_provinsi": "Kalimantan Selatan",
        "pulau": "",
        "route_create": "https://opsroom.sipongidata.my.id/daops/laporan/groundcheck/create/form",
        "hotspot_date": "2026-09-12",
        "distance_hgu_km": 1.744,
        "zone": "1–3 km",
        "location_status": "OUTSIDE HGU"
      }
    },
    {
      "type": "Feature",
      "geometry": {
        "type": "Point",
        "coordinates": [
          114.88609,
          -2.89088
        ]
      },
      "properties": {
        "confidence": "medium",
        "confidence_value": null,
        "sumber": "NASA-NOAA20",
        "date_hotspot": "Senin, 21 September 2026 01:11:00",
        "date_hotspot_ori": "2026-09-20T18:11:00.000000Z",
        "provinsi": null,
        "kabkota": "Tapin",
        "desa": "Pariok",
        "hs_id": "2026-09-20T18:11:00.000000Z",
        "provinsi_id": 12,
        "long": 114.88609,
        "ori_sumber": null,
        "desa_id": null,
        "counter": 2,
        "confidence_level": "medium",
        "kawasan": "",
        "kecamatan": "Candi Laras Utara",
        "nama_provinsi": "Kalimantan Selatan",
        "pulau": "",
        "route_create": "https://opsroom.sipongidata.my.id/daops/laporan/groundcheck/create/form",
        "hotspot_date": "2026-09-21",
        "distance_hgu_km": 1.006,
        "zone": "1–3 km",
        "location_status": "OUTSIDE HGU"
      }
    },
    {
      "type": "Feature",
      "geometry": {
        "type": "Point",
        "coordinates": [
          114.95095,
          -2.65338
        ]
      },
      "properties": {
        "confidence": "medium",
        "confidence_value": null,
        "sumber": "NASA-SNPP",
        "date_hotspot": "Senin, 21 September 2026 00:49:00",
        "date_hotspot_ori": "2026-09-20T17:49:00.000000Z",
        "provinsi": null,
        "kabkota": "Hulu Sungai Selatan",
        "desa": "Baru",
        "hs_id": "2026-09-20T17:49:00.000000Z",
        "provinsi_id": 12,
        "long": 114.95095,
        "ori_sumber": null,
        "desa_id": null,
        "counter": 2,
        "confidence_level": "medium",
        "kawasan": "",
        "kecamatan": "Daha Barat",
        "nama_provinsi": "Kalimantan Selatan",
        "pulau": "",
        "route_create": "https://opsroom.sipongidata.my.id/daops/laporan/groundcheck/create/form",
        "hotspot_date": "2026-09-21",
        "distance_hgu_km": 4.318,
        "zone": "3–5 km",
        "location_status": "OUTSIDE HGU"
      }
    },
    {
      "type": "Feature",
      "geometry": {
        "type": "Point",
        "coordinates": [
          114.88375,
          -2.88219
        ]
      },
      "properties": {
        "confidence": "medium",
        "confidence_value": null,
        "sumber": "NASA-NOAA20",
        "date_hotspot": "Senin, 21 September 2026 01:11:00",
        "date_hotspot_ori": "2026-09-20T18:11:00.000000Z",
        "provinsi": null,
        "kabkota": "Tapin",
        "desa": "Pariok",
        "hs_id": "2026-09-20T18:11:00.000000Z",
        "provinsi_id": 12,
        "long": 114.88375,
        "ori_sumber": null,
        "desa_id": null,
        "counter": 2,
        "confidence_level": "medium",
        "kawasan": "",
        "kecamatan": "Candi Laras Utara",
        "nama_provinsi": "Kalimantan Selatan",
        "pulau": "",
        "route_create": "https://opsroom.sipongidata.my.id/daops/laporan/groundcheck/create/form",
        "hotspot_date": "2026-09-21",
        "distance_hgu_km": 0.52,
        "zone": "0–1 km",
        "location_status": "OUTSIDE HGU"
      }
    },
    {
      "type": "Feature",
      "geometry": {
        "type": "Point",
        "coordinates": [
          114.88654,
          -2.88864
        ]
      },
      "properties": {
        "confidence": "medium",
        "confidence_value": null,
        "sumber": "NASA-NOAA20",
        "date_hotspot": "Minggu, 20 September 2026 12:27:00",
        "date_hotspot_ori": "2026-09-20T05:27:00.000000Z",
        "provinsi": null,
        "kabkota": "Tapin",
        "desa": "Pariok",
        "hs_id": "2026-09-20T05:27:00.000000Z",
        "provinsi_id": 12,
        "long": 114.88654,
        "ori_sumber": null,
        "desa_id": null,
        "counter": 1,
        "confidence_level": "medium",
        "kawasan": "",
        "kecamatan": "Candi Laras Utara",
        "nama_provinsi": "Kalimantan Selatan",
        "pulau": "",
        "route_create": "https://opsroom.sipongidata.my.id/daops/laporan/groundcheck/create/form",
        "hotspot_date": "2026-09-20",
        "distance_hgu_km": 1.003,
        "zone": "1–3 km",
        "location_status": "OUTSIDE HGU"
      }
    },
    {
      "type": "Feature",
      "geometry": {
        "type": "Point",
        "coordinates": [
          114.95148,
          -2.64999
        ]
      },
      "properties": {
        "confidence": "medium",
        "confidence_value": null,
        "sumber": "NASA-SNPP",
        "date_hotspot": "Senin, 21 September 2026 00:49:00",
        "date_hotspot_ori": "2026-09-20T17:49:00.000000Z",
        "provinsi": null,
        "kabkota": "Hulu Sungai Selatan",
        "desa": "Baru",
        "hs_id": "2026-09-20T17:49:00.000000Z",
        "provinsi_id": 12,
        "long": 114.95148,
        "ori_sumber": null,
        "desa_id": null,
        "counter": 2,
        "confidence_level": "medium",
        "kawasan": "",
        "kecamatan": "Daha Barat",
        "nama_provinsi": "Kalimantan Selatan",
        "pulau": "",
        "route_create": "https://opsroom.sipongidata.my.id/daops/laporan/groundcheck/create/form",
        "hotspot_date": "2026-09-21",
        "distance_hgu_km": 4.694,
        "zone": "3–5 km",
        "location_status": "OUTSIDE HGU"
      }
    },
    {
      "type": "Feature",
      "geometry": {
        "type": "Point",
        "coordinates": [
          114.94824,
          -2.74655
        ]
      },
      "properties": {
        "confidence": "medium",
        "confidence_value": null,
        "sumber": "NASA-NOAA20",
        "date_hotspot": "Minggu, 13 September 2026 12:57:00",
        "date_hotspot_ori": "2026-09-13T05:57:00.000000Z",
        "provinsi": null,
        "kabkota": "Tapin",
        "desa": "Buas-Buas",
        "hs_id": "2026-09-13T05:57:00.000000Z",
        "provinsi_id": 12,
        "long": 114.94824,
        "ori_sumber": null,
        "desa_id": null,
        "counter": 3,
        "confidence_level": "medium",
        "kawasan": "",
        "kecamatan": "Candi Laras Utara",
        "nama_provinsi": "Kalimantan Selatan",
        "pulau": "",
        "route_create": "https://opsroom.sipongidata.my.id/daops/laporan/groundcheck/create/form",
        "hotspot_date": "2026-09-13",
        "distance_hgu_km": 0.943,
        "zone": "0–1 km",
        "location_status": "OUTSIDE HGU"
      }
    },
    {
      "type": "Feature",
      "geometry": {
        "type": "Point",
        "coordinates": [
          114.95241,
          -2.73242
        ]
      },
      "properties": {
        "confidence": "medium",
        "confidence_value": null,
        "sumber": "NASA-SNPP",
        "date_hotspot": "Senin, 14 September 2026 01:21:00",
        "date_hotspot_ori": "2026-09-13T18:21:00.000000Z",
        "provinsi": null,
        "kabkota": "Tapin",
        "desa": "Buas-Buas",
        "hs_id": "2026-09-13T18:21:00.000000Z",
        "provinsi_id": 12,
        "long": 114.95241,
        "ori_sumber": null,
        "desa_id": null,
        "counter": 2,
        "confidence_level": "medium",
        "kawasan": "",
        "kecamatan": "Candi Laras Utara",
        "nama_provinsi": "Kalimantan Selatan",
        "pulau": "",
        "route_create": "https://opsroom.sipongidata.my.id/daops/laporan/groundcheck/create/form",
        "hotspot_date": "2026-09-14",
        "distance_hgu_km": 0.0,
        "zone": "Inside HGU",
        "location_status": "INSIDE HGU"
      }
    },
    {
      "type": "Feature",
      "geometry": {
        "type": "Point",
        "coordinates": [
          114.89374,
          -2.84982
        ]
      },
      "properties": {
        "confidence": "medium",
        "confidence_value": null,
        "sumber": "NASA-SNPP",
        "date_hotspot": "Senin, 21 September 2026 00:49:00",
        "date_hotspot_ori": "2026-09-20T17:49:00.000000Z",
        "provinsi": null,
        "kabkota": "Tapin",
        "desa": "Margasari Hulu",
        "hs_id": "2026-09-20T17:49:00.000000Z",
        "provinsi_id": 12,
        "long": 114.89374,
        "ori_sumber": null,
        "desa_id": null,
        "counter": 2,
        "confidence_level": "medium",
        "kawasan": "",
        "kecamatan": "Candi Laras Selatan",
        "nama_provinsi": "Kalimantan Selatan",
        "pulau": "",
        "route_create": "https://opsroom.sipongidata.my.id/daops/laporan/groundcheck/create/form",
        "hotspot_date": "2026-09-21",
        "distance_hgu_km": 0.766,
        "zone": "0–1 km",
        "location_status": "OUTSIDE HGU"
      }
    },
    {
      "type": "Feature",
      "geometry": {
        "type": "Point",
        "coordinates": [
          114.91022,
          -2.67807
        ]
      },
      "properties": {
        "confidence": "medium",
        "confidence_value": null,
        "sumber": "NASA-SNPP",
        "date_hotspot": "Senin, 21 September 2026 00:49:00",
        "date_hotspot_ori": "2026-09-20T17:49:00.000000Z",
        "provinsi": null,
        "kabkota": "Tapin",
        "desa": "Sawaja",
        "hs_id": "2026-09-20T17:49:00.000000Z",
        "provinsi_id": 12,
        "long": 114.91022,
        "ori_sumber": null,
        "desa_id": null,
        "counter": 4,
        "confidence_level": "medium",
        "kawasan": "",
        "kecamatan": "Candi Laras Utara",
        "nama_provinsi": "Kalimantan Selatan",
        "pulau": "",
        "route_create": "https://opsroom.sipongidata.my.id/daops/laporan/groundcheck/create/form",
        "hotspot_date": "2026-09-21",
        "distance_hgu_km": 1.573,
        "zone": "1–3 km",
        "location_status": "OUTSIDE HGU"
      }
    },
    {
      "type": "Feature",
      "geometry": {
        "type": "Point",
        "coordinates": [
          114.86026,
          -2.82333
        ]
      },
      "properties": {
        "confidence": "medium",
        "confidence_value": null,
        "sumber": "NASA-SNPP",
        "date_hotspot": "Senin, 14 September 2026 12:21:00",
        "date_hotspot_ori": "2026-09-14T05:21:00.000000Z",
        "provinsi": null,
        "kabkota": "Tapin",
        "desa": "Batalas",
        "hs_id": "2026-09-14T05:21:00.000000Z",
        "provinsi_id": 12,
        "long": 114.86026,
        "ori_sumber": null,
        "desa_id": null,
        "counter": 1,
        "confidence_level": "medium",
        "kawasan": "",
        "kecamatan": "Candi Laras Utara",
        "nama_provinsi": "Kalimantan Selatan",
        "pulau": "",
        "route_create": "https://opsroom.sipongidata.my.id/daops/laporan/groundcheck/create/form",
        "hotspot_date": "2026-09-14",
        "distance_hgu_km": 0.0,
        "zone": "Inside HGU",
        "location_status": "INSIDE HGU"
      }
    },
    {
      "type": "Feature",
      "geometry": {
        "type": "Point",
        "coordinates": [
          114.94093,
          -2.67642
        ]
      },
      "properties": {
        "confidence": "medium",
        "confidence_value": null,
        "sumber": "NASA-SNPP",
        "date_hotspot": "Senin, 14 September 2026 12:21:00",
        "date_hotspot_ori": "2026-09-14T05:21:00.000000Z",
        "provinsi": null,
        "kabkota": "Tapin",
        "desa": "Sawaja",
        "hs_id": "2026-09-14T05:21:00.000000Z",
        "provinsi_id": 12,
        "long": 114.94093,
        "ori_sumber": null,
        "desa_id": null,
        "counter": 2,
        "confidence_level": "medium",
        "kawasan": "",
        "kecamatan": "Candi Laras Utara",
        "nama_provinsi": "Kalimantan Selatan",
        "pulau": "",
        "route_create": "https://opsroom.sipongidata.my.id/daops/laporan/groundcheck/create/form",
        "hotspot_date": "2026-09-14",
        "distance_hgu_km": 1.762,
        "zone": "1–3 km",
        "location_status": "OUTSIDE HGU"
      }
    },
    {
      "type": "Feature",
      "geometry": {
        "type": "Point",
        "coordinates": [
          114.93726,
          -2.67697
        ]
      },
      "properties": {
        "confidence": "medium",
        "confidence_value": null,
        "sumber": "NASA-SNPP",
        "date_hotspot": "Senin, 14 September 2026 12:21:00",
        "date_hotspot_ori": "2026-09-14T05:21:00.000000Z",
        "provinsi": null,
        "kabkota": "Tapin",
        "desa": "Sawaja",
        "hs_id": "2026-09-14T05:21:00.000000Z",
        "provinsi_id": 12,
        "long": 114.93726,
        "ori_sumber": null,
        "desa_id": null,
        "counter": 2,
        "confidence_level": "medium",
        "kawasan": "",
        "kecamatan": "Candi Laras Utara",
        "nama_provinsi": "Kalimantan Selatan",
        "pulau": "",
        "route_create": "https://opsroom.sipongidata.my.id/daops/laporan/groundcheck/create/form",
        "hotspot_date": "2026-09-14",
        "distance_hgu_km": 1.7,
        "zone": "1–3 km",
        "location_status": "OUTSIDE HGU"
      }
    },
    {
      "type": "Feature",
      "geometry": {
        "type": "Point",
        "coordinates": [
          114.94015,
          -2.67084
        ]
      },
      "properties": {
        "confidence": "medium",
        "confidence_value": null,
        "sumber": "NASA-SNPP",
        "date_hotspot": "Senin, 14 September 2026 12:21:00",
        "date_hotspot_ori": "2026-09-14T05:21:00.000000Z",
        "provinsi": null,
        "kabkota": "Tapin",
        "desa": "Sawaja",
        "hs_id": "2026-09-14T05:21:00.000000Z",
        "provinsi_id": 12,
        "long": 114.94015,
        "ori_sumber": null,
        "desa_id": null,
        "counter": 4,
        "confidence_level": "medium",
        "kawasan": "",
        "kecamatan": "Candi Laras Utara",
        "nama_provinsi": "Kalimantan Selatan",
        "pulau": "",
        "route_create": "https://opsroom.sipongidata.my.id/daops/laporan/groundcheck/create/form",
        "hotspot_date": "2026-09-14",
        "distance_hgu_km": 2.379,
        "zone": "1–3 km",
        "location_status": "OUTSIDE HGU"
      }
    },
    {
      "type": "Feature",
      "geometry": {
        "type": "Point",
        "coordinates": [
          114.93199,
          -2.66635
        ]
      },
      "properties": {
        "confidence": "medium",
        "confidence_value": null,
        "sumber": "NASA-SNPP",
        "date_hotspot": "Senin, 14 September 2026 12:21:00",
        "date_hotspot_ori": "2026-09-14T05:21:00.000000Z",
        "provinsi": null,
        "kabkota": "Tapin",
        "desa": "Sawaja",
        "hs_id": "2026-09-14T05:21:00.000000Z",
        "provinsi_id": 12,
        "long": 114.93199,
        "ori_sumber": null,
        "desa_id": null,
        "counter": 4,
        "confidence_level": "medium",
        "kawasan": "",
        "kecamatan": "Candi Laras Utara",
        "nama_provinsi": "Kalimantan Selatan",
        "pulau": "",
        "route_create": "https://opsroom.sipongidata.my.id/daops/laporan/groundcheck/create/form",
        "hotspot_date": "2026-09-14",
        "distance_hgu_km": 2.877,
        "zone": "1–3 km",
        "location_status": "OUTSIDE HGU"
      }
    },
    {
      "type": "Feature",
      "geometry": {
        "type": "Point",
        "coordinates": [
          114.99825,
          -2.68493
        ]
      },
      "properties": {
        "confidence": "medium",
        "confidence_value": null,
        "sumber": "NASA-SNPP",
        "date_hotspot": "Senin, 14 September 2026 12:21:00",
        "date_hotspot_ori": "2026-09-14T05:21:00.000000Z",
        "provinsi": null,
        "kabkota": "Hulu Sungai Selatan",
        "desa": "Bajayau",
        "hs_id": "2026-09-14T05:21:00.000000Z",
        "provinsi_id": 12,
        "long": 114.99825,
        "ori_sumber": null,
        "desa_id": null,
        "counter": 1,
        "confidence_level": "medium",
        "kawasan": "",
        "kecamatan": "Daha Barat",
        "nama_provinsi": "Kalimantan Selatan",
        "pulau": "",
        "route_create": "https://opsroom.sipongidata.my.id/daops/laporan/groundcheck/create/form",
        "hotspot_date": "2026-09-14",
        "distance_hgu_km": 4.082,
        "zone": "3–5 km",
        "location_status": "OUTSIDE HGU"
      }
    },
    {
      "type": "Feature",
      "geometry": {
        "type": "Point",
        "coordinates": [
          114.8075,
          -2.92601
        ]
      },
      "properties": {
        "confidence": "medium",
        "confidence_value": null,
        "sumber": "NASA-NOAA20",
        "date_hotspot": "Senin, 14 September 2026 12:40:00",
        "date_hotspot_ori": "2026-09-14T05:40:00.000000Z",
        "provinsi": null,
        "kabkota": "Barito Kuala",
        "desa": "Banitan",
        "hs_id": "2026-09-14T05:40:00.000000Z",
        "provinsi_id": 12,
        "long": 114.8075,
        "ori_sumber": null,
        "desa_id": null,
        "counter": 1,
        "confidence_level": "medium",
        "kawasan": "",
        "kecamatan": "Bakumpai",
        "nama_provinsi": "Kalimantan Selatan",
        "pulau": "",
        "route_create": "https://opsroom.sipongidata.my.id/daops/laporan/groundcheck/create/form",
        "hotspot_date": "2026-09-14",
        "distance_hgu_km": 0.808,
        "zone": "0–1 km",
        "location_status": "OUTSIDE HGU"
      }
    },
    {
      "type": "Feature",
      "geometry": {
        "type": "Point",
        "coordinates": [
          114.80323,
          -2.92665
        ]
      },
      "properties": {
        "confidence": "medium",
        "confidence_value": null,
        "sumber": "NASA-NOAA20",
        "date_hotspot": "Senin, 14 September 2026 12:40:00",
        "date_hotspot_ori": "2026-09-14T05:40:00.000000Z",
        "provinsi": null,
        "kabkota": "Barito Kuala",
        "desa": "Banitan",
        "hs_id": "2026-09-14T05:40:00.000000Z",
        "provinsi_id": 12,
        "long": 114.80323,
        "ori_sumber": null,
        "desa_id": null,
        "counter": 1,
        "confidence_level": "medium",
        "kawasan": "",
        "kecamatan": "Bakumpai",
        "nama_provinsi": "Kalimantan Selatan",
        "pulau": "",
        "route_create": "https://opsroom.sipongidata.my.id/daops/laporan/groundcheck/create/form",
        "hotspot_date": "2026-09-14",
        "distance_hgu_km": 1.205,
        "zone": "1–3 km",
        "location_status": "OUTSIDE HGU"
      }
    },
    {
      "type": "Feature",
      "geometry": {
        "type": "Point",
        "coordinates": [
          114.86308,
          -2.82784
        ]
      },
      "properties": {
        "confidence": "medium",
        "confidence_value": null,
        "sumber": "NASA-NOAA20",
        "date_hotspot": "Senin, 14 September 2026 12:40:00",
        "date_hotspot_ori": "2026-09-14T05:40:00.000000Z",
        "provinsi": null,
        "kabkota": "Tapin",
        "desa": "Batalas",
        "hs_id": "2026-09-14T05:40:00.000000Z",
        "provinsi_id": 12,
        "long": 114.86308,
        "ori_sumber": null,
        "desa_id": null,
        "counter": 2,
        "confidence_level": "medium",
        "kawasan": "",
        "kecamatan": "Candi Laras Utara",
        "nama_provinsi": "Kalimantan Selatan",
        "pulau": "",
        "route_create": "https://opsroom.sipongidata.my.id/daops/laporan/groundcheck/create/form",
        "hotspot_date": "2026-09-14",
        "distance_hgu_km": 0.176,
        "zone": "0–1 km",
        "location_status": "OUTSIDE HGU"
      }
    },
    {
      "type": "Feature",
      "geometry": {
        "type": "Point",
        "coordinates": [
          114.92897,
          -2.65073
        ]
      },
      "properties": {
        "confidence": "medium",
        "confidence_value": null,
        "sumber": "NASA-NOAA20",
        "date_hotspot": "Kamis, 03 September 2026 00:05:00",
        "date_hotspot_ori": "2026-09-02T17:05:00.000000Z",
        "provinsi": null,
        "kabkota": "Tapin",
        "desa": "Sawaja",
        "hs_id": "2026-09-02T17:05:00.000000Z",
        "provinsi_id": 12,
        "long": 114.92897,
        "ori_sumber": null,
        "desa_id": null,
        "counter": 3,
        "confidence_level": "medium",
        "kawasan": "",
        "kecamatan": "Candi Laras Utara",
        "nama_provinsi": "Kalimantan Selatan",
        "pulau": "",
        "route_create": "https://opsroom.sipongidata.my.id/daops/laporan/groundcheck/create/form",
        "hotspot_date": "2026-09-03",
        "distance_hgu_km": 4.603,
        "zone": "3–5 km",
        "location_status": "OUTSIDE HGU"
      }
    },
    {
      "type": "Feature",
      "geometry": {
        "type": "Point",
        "coordinates": [
          114.92795,
          -2.65664
        ]
      },
      "properties": {
        "confidence": "medium",
        "confidence_value": null,
        "sumber": "NASA-NOAA20",
        "date_hotspot": "Kamis, 03 September 2026 00:05:00",
        "date_hotspot_ori": "2026-09-02T17:05:00.000000Z",
        "provinsi": null,
        "kabkota": "Tapin",
        "desa": "Sawaja",
        "hs_id": "2026-09-02T17:05:00.000000Z",
        "provinsi_id": 12,
        "long": 114.92795,
        "ori_sumber": null,
        "desa_id": null,
        "counter": 5,
        "confidence_level": "medium",
        "kawasan": "",
        "kecamatan": "Candi Laras Utara",
        "nama_provinsi": "Kalimantan Selatan",
        "pulau": "",
        "route_create": "https://opsroom.sipongidata.my.id/daops/laporan/groundcheck/create/form",
        "hotspot_date": "2026-09-03",
        "distance_hgu_km": 3.948,
        "zone": "3–5 km",
        "location_status": "OUTSIDE HGU"
      }
    },
    {
      "type": "Feature",
      "geometry": {
        "type": "Point",
        "coordinates": [
          114.914,
          -2.66041
        ]
      },
      "properties": {
        "confidence": "medium",
        "confidence_value": null,
        "sumber": "NASA-NOAA20",
        "date_hotspot": "Kamis, 03 September 2026 00:05:00",
        "date_hotspot_ori": "2026-09-02T17:05:00.000000Z",
        "provinsi": null,
        "kabkota": "Tapin",
        "desa": "Sawaja",
        "hs_id": "2026-09-02T17:05:00.000000Z",
        "provinsi_id": 12,
        "long": 114.914,
        "ori_sumber": null,
        "desa_id": null,
        "counter": 2,
        "confidence_level": "medium",
        "kawasan": "",
        "kecamatan": "Candi Laras Utara",
        "nama_provinsi": "Kalimantan Selatan",
        "pulau": "",
        "route_create": "https://opsroom.sipongidata.my.id/daops/laporan/groundcheck/create/form",
        "hotspot_date": "2026-09-03",
        "distance_hgu_km": 3.52,
        "zone": "3–5 km",
        "location_status": "OUTSIDE HGU"
      }
    },
    {
      "type": "Feature",
      "geometry": {
        "type": "Point",
        "coordinates": [
          114.93937,
          -2.65438
        ]
      },
      "properties": {
        "confidence": "medium",
        "confidence_value": null,
        "sumber": "NASA-SNPP",
        "date_hotspot": "Kamis, 03 September 2026 01:28:00",
        "date_hotspot_ori": "2026-09-02T18:28:00.000000Z",
        "provinsi": null,
        "kabkota": "Hulu Sungai Selatan",
        "desa": "Bajayau",
        "hs_id": "2026-09-02T18:28:00.000000Z",
        "provinsi_id": 12,
        "long": 114.93937,
        "ori_sumber": null,
        "desa_id": null,
        "counter": 5,
        "confidence_level": "medium",
        "kawasan": "",
        "kecamatan": "Daha Barat",
        "nama_provinsi": "Kalimantan Selatan",
        "pulau": "",
        "route_create": "https://opsroom.sipongidata.my.id/daops/laporan/groundcheck/create/form",
        "hotspot_date": "2026-09-03",
        "distance_hgu_km": 4.199,
        "zone": "3–5 km",
        "location_status": "OUTSIDE HGU"
      }
    },
    {
      "type": "Feature",
      "geometry": {
        "type": "Point",
        "coordinates": [
          114.9256,
          -2.65738
        ]
      },
      "properties": {
        "confidence": "medium",
        "confidence_value": null,
        "sumber": "NASA-SNPP",
        "date_hotspot": "Kamis, 03 September 2026 01:28:00",
        "date_hotspot_ori": "2026-09-02T18:28:00.000000Z",
        "provinsi": null,
        "kabkota": "Tapin",
        "desa": "Sawaja",
        "hs_id": "2026-09-02T18:28:00.000000Z",
        "provinsi_id": 12,
        "long": 114.9256,
        "ori_sumber": null,
        "desa_id": null,
        "counter": 4,
        "confidence_level": "medium",
        "kawasan": "",
        "kecamatan": "Candi Laras Utara",
        "nama_provinsi": "Kalimantan Selatan",
        "pulau": "",
        "route_create": "https://opsroom.sipongidata.my.id/daops/laporan/groundcheck/create/form",
        "hotspot_date": "2026-09-03",
        "distance_hgu_km": 3.864,
        "zone": "3–5 km",
        "location_status": "OUTSIDE HGU"
      }
    },
    {
      "type": "Feature",
      "geometry": {
        "type": "Point",
        "coordinates": [
          114.93528,
          -2.65752
        ]
      },
      "properties": {
        "confidence": "medium",
        "confidence_value": null,
        "sumber": "NASA-SNPP",
        "date_hotspot": "Kamis, 03 September 2026 01:28:00",
        "date_hotspot_ori": "2026-09-02T18:28:00.000000Z",
        "provinsi": null,
        "kabkota": "Tapin",
        "desa": "Sawaja",
        "hs_id": "2026-09-02T18:28:00.000000Z",
        "provinsi_id": 12,
        "long": 114.93528,
        "ori_sumber": null,
        "desa_id": null,
        "counter": 4,
        "confidence_level": "medium",
        "kawasan": "",
        "kecamatan": "Candi Laras Utara",
        "nama_provinsi": "Kalimantan Selatan",
        "pulau": "",
        "route_create": "https://opsroom.sipongidata.my.id/daops/laporan/groundcheck/create/form",
        "hotspot_date": "2026-09-03",
        "distance_hgu_km": 3.851,
        "zone": "3–5 km",
        "location_status": "OUTSIDE HGU"
      }
    },
    {
      "type": "Feature",
      "geometry": {
        "type": "Point",
        "coordinates": [
          114.93284,
          -2.65851
        ]
      },
      "properties": {
        "confidence": "medium",
        "confidence_value": null,
        "sumber": "NASA-SNPP",
        "date_hotspot": "Kamis, 03 September 2026 01:28:00",
        "date_hotspot_ori": "2026-09-02T18:28:00.000000Z",
        "provinsi": null,
        "kabkota": "Tapin",
        "desa": "Sawaja",
        "hs_id": "2026-09-02T18:28:00.000000Z",
        "provinsi_id": 12,
        "long": 114.93284,
        "ori_sumber": null,
        "desa_id": null,
        "counter": 4,
        "confidence_level": "medium",
        "kawasan": "",
        "kecamatan": "Candi Laras Utara",
        "nama_provinsi": "Kalimantan Selatan",
        "pulau": "",
        "route_create": "https://opsroom.sipongidata.my.id/daops/laporan/groundcheck/create/form",
        "hotspot_date": "2026-09-03",
        "distance_hgu_km": 3.744,
        "zone": "3–5 km",
        "location_status": "OUTSIDE HGU"
      }
    },
    {
      "type": "Feature",
      "geometry": {
        "type": "Point",
        "coordinates": [
          114.92617,
          -2.65321
        ]
      },
      "properties": {
        "confidence": "medium",
        "confidence_value": null,
        "sumber": "NASA-SNPP",
        "date_hotspot": "Kamis, 03 September 2026 12:25:00",
        "date_hotspot_ori": "2026-09-03T05:25:00.000000Z",
        "provinsi": null,
        "kabkota": "Tapin",
        "desa": "Sawaja",
        "hs_id": "2026-09-03T05:25:00.000000Z",
        "provinsi_id": 12,
        "long": 114.92617,
        "ori_sumber": null,
        "desa_id": null,
        "counter": 4,
        "confidence_level": "medium",
        "kawasan": "",
        "kecamatan": "Candi Laras Utara",
        "nama_provinsi": "Kalimantan Selatan",
        "pulau": "",
        "route_create": "https://opsroom.sipongidata.my.id/daops/laporan/groundcheck/create/form",
        "hotspot_date": "2026-09-03",
        "distance_hgu_km": 4.326,
        "zone": "3–5 km",
        "location_status": "OUTSIDE HGU"
      }
    },
    {
      "type": "Feature",
      "geometry": {
        "type": "Point",
        "coordinates": [
          114.9389,
          -2.65521
        ]
      },
      "properties": {
        "confidence": "medium",
        "confidence_value": null,
        "sumber": "NASA-SNPP",
        "date_hotspot": "Jumat, 04 September 2026 01:09:00",
        "date_hotspot_ori": "2026-09-03T18:09:00.000000Z",
        "provinsi": null,
        "kabkota": "Hulu Sungai Selatan",
        "desa": "Bajayau",
        "hs_id": "2026-09-03T18:09:00.000000Z",
        "provinsi_id": 12,
        "long": 114.9389,
        "ori_sumber": null,
        "desa_id": null,
        "counter": 6,
        "confidence_level": "medium",
        "kawasan": "",
        "kecamatan": "Daha Barat",
        "nama_provinsi": "Kalimantan Selatan",
        "pulau": "",
        "route_create": "https://opsroom.sipongidata.my.id/daops/laporan/groundcheck/create/form",
        "hotspot_date": "2026-09-04",
        "distance_hgu_km": 4.107,
        "zone": "3–5 km",
        "location_status": "OUTSIDE HGU"
      }
    },
    {
      "type": "Feature",
      "geometry": {
        "type": "Point",
        "coordinates": [
          114.92171,
          -2.6525
        ]
      },
      "properties": {
        "confidence": "medium",
        "confidence_value": null,
        "sumber": "NASA-SNPP",
        "date_hotspot": "Jumat, 04 September 2026 01:09:00",
        "date_hotspot_ori": "2026-09-03T18:09:00.000000Z",
        "provinsi": null,
        "kabkota": "Tapin",
        "desa": "Sawaja",
        "hs_id": "2026-09-03T18:09:00.000000Z",
        "provinsi_id": 12,
        "long": 114.92171,
        "ori_sumber": null,
        "desa_id": null,
        "counter": 3,
        "confidence_level": "medium",
        "kawasan": "",
        "kecamatan": "Candi Laras Utara",
        "nama_provinsi": "Kalimantan Selatan",
        "pulau": "",
        "route_create": "https://opsroom.sipongidata.my.id/daops/laporan/groundcheck/create/form",
        "hotspot_date": "2026-09-04",
        "distance_hgu_km": 4.402,
        "zone": "3–5 km",
        "location_status": "OUTSIDE HGU"
      }
    },
    {
      "type": "Feature",
      "geometry": {
        "type": "Point",
        "coordinates": [
          114.92973,
          -2.65753
        ]
      },
      "properties": {
        "confidence": "medium",
        "confidence_value": null,
        "sumber": "NASA-SNPP",
        "date_hotspot": "Jumat, 04 September 2026 01:09:00",
        "date_hotspot_ori": "2026-09-03T18:09:00.000000Z",
        "provinsi": null,
        "kabkota": "Tapin",
        "desa": "Sawaja",
        "hs_id": "2026-09-03T18:09:00.000000Z",
        "provinsi_id": 12,
        "long": 114.92973,
        "ori_sumber": null,
        "desa_id": null,
        "counter": 5,
        "confidence_level": "medium",
        "kawasan": "",
        "kecamatan": "Candi Laras Utara",
        "nama_provinsi": "Kalimantan Selatan",
        "pulau": "",
        "route_create": "https://opsroom.sipongidata.my.id/daops/laporan/groundcheck/create/form",
        "hotspot_date": "2026-09-04",
        "distance_hgu_km": 3.852,
        "zone": "3–5 km",
        "location_status": "OUTSIDE HGU"
      }
    },
    {
      "type": "Feature",
      "geometry": {
        "type": "Point",
        "coordinates": [
          114.92114,
          -2.65617
        ]
      },
      "properties": {
        "confidence": "medium",
        "confidence_value": null,
        "sumber": "NASA-SNPP",
        "date_hotspot": "Jumat, 04 September 2026 01:09:00",
        "date_hotspot_ori": "2026-09-03T18:09:00.000000Z",
        "provinsi": null,
        "kabkota": "Tapin",
        "desa": "Sawaja",
        "hs_id": "2026-09-03T18:09:00.000000Z",
        "provinsi_id": 12,
        "long": 114.92114,
        "ori_sumber": null,
        "desa_id": null,
        "counter": 5,
        "confidence_level": "medium",
        "kawasan": "",
        "kecamatan": "Candi Laras Utara",
        "nama_provinsi": "Kalimantan Selatan",
        "pulau": "",
        "route_create": "https://opsroom.sipongidata.my.id/daops/laporan/groundcheck/create/form",
        "hotspot_date": "2026-09-04",
        "distance_hgu_km": 3.996,
        "zone": "3–5 km",
        "location_status": "OUTSIDE HGU"
      }
    },
    {
      "type": "Feature",
      "geometry": {
        "type": "Point",
        "coordinates": [
          114.92545,
          -2.65685
        ]
      },
      "properties": {
        "confidence": "medium",
        "confidence_value": null,
        "sumber": "NASA-SNPP",
        "date_hotspot": "Jumat, 04 September 2026 01:09:00",
        "date_hotspot_ori": "2026-09-03T18:09:00.000000Z",
        "provinsi": null,
        "kabkota": "Tapin",
        "desa": "Sawaja",
        "hs_id": "2026-09-03T18:09:00.000000Z",
        "provinsi_id": 12,
        "long": 114.92545,
        "ori_sumber": null,
        "desa_id": null,
        "counter": 5,
        "confidence_level": "medium",
        "kawasan": "",
        "kecamatan": "Candi Laras Utara",
        "nama_provinsi": "Kalimantan Selatan",
        "pulau": "",
        "route_create": "https://opsroom.sipongidata.my.id/daops/laporan/groundcheck/create/form",
        "hotspot_date": "2026-09-04",
        "distance_hgu_km": 3.923,
        "zone": "3–5 km",
        "location_status": "OUTSIDE HGU"
      }
    },
    {
      "type": "Feature",
      "geometry": {
        "type": "Point",
        "coordinates": [
          114.80749,
          -2.72118
        ]
      },
      "properties": {
        "confidence": "medium",
        "confidence_value": null,
        "sumber": "NASA-NOAA20",
        "date_hotspot": "Jumat, 04 September 2026 12:27:00",
        "date_hotspot_ori": "2026-09-04T05:27:00.000000Z",
        "provinsi": null,
        "kabkota": "Barito Kuala",
        "desa": "Jambu",
        "hs_id": "2026-09-04T05:27:00.000000Z",
        "provinsi_id": 12,
        "long": 114.80749,
        "ori_sumber": null,
        "desa_id": null,
        "counter": 1,
        "confidence_level": "medium",
        "kawasan": "",
        "kecamatan": "Kuripan",
        "nama_provinsi": "Kalimantan Selatan",
        "pulau": "",
        "route_create": "https://opsroom.sipongidata.my.id/daops/laporan/groundcheck/create/form",
        "hotspot_date": "2026-09-04",
        "distance_hgu_km": 4.165,
        "zone": "3–5 km",
        "location_status": "OUTSIDE HGU"
      }
    },
    {
      "type": "Feature",
      "geometry": {
        "type": "Point",
        "coordinates": [
          114.88295,
          -2.91931
        ]
      },
      "properties": {
        "confidence": "medium",
        "confidence_value": null,
        "sumber": "NASA-NOAA20",
        "date_hotspot": "Jumat, 18 September 2026 13:03:00",
        "date_hotspot_ori": "2026-09-18T06:03:00.000000Z",
        "provinsi": null,
        "kabkota": "Tapin",
        "desa": "Sungai Selai",
        "hs_id": "2026-09-18T06:03:00.000000Z",
        "provinsi_id": 12,
        "long": 114.88295,
        "ori_sumber": null,
        "desa_id": null,
        "counter": 1,
        "confidence_level": "medium",
        "kawasan": "",
        "kecamatan": "Candi Laras Utara",
        "nama_provinsi": "Kalimantan Selatan",
        "pulau": "",
        "route_create": "https://opsroom.sipongidata.my.id/daops/laporan/groundcheck/create/form",
        "hotspot_date": "2026-09-18",
        "distance_hgu_km": 1.747,
        "zone": "1–3 km",
        "location_status": "OUTSIDE HGU"
      }
    },
    {
      "type": "Feature",
      "geometry": {
        "type": "Point",
        "coordinates": [
          114.903,
          -2.68254
        ]
      },
      "properties": {
        "confidence": "medium",
        "confidence_value": null,
        "sumber": "NASA-NOAA20",
        "date_hotspot": "Jumat, 18 September 2026 13:03:00",
        "date_hotspot_ori": "2026-09-18T06:03:00.000000Z",
        "provinsi": null,
        "kabkota": "Tapin",
        "desa": "Sawaja",
        "hs_id": "2026-09-18T06:03:00.000000Z",
        "provinsi_id": 12,
        "long": 114.903,
        "ori_sumber": null,
        "desa_id": null,
        "counter": 1,
        "confidence_level": "medium",
        "kawasan": "",
        "kecamatan": "Candi Laras Utara",
        "nama_provinsi": "Kalimantan Selatan",
        "pulau": "",
        "route_create": "https://opsroom.sipongidata.my.id/daops/laporan/groundcheck/create/form",
        "hotspot_date": "2026-09-18",
        "distance_hgu_km": 1.311,
        "zone": "1–3 km",
        "location_status": "OUTSIDE HGU"
      }
    },
    {
      "type": "Feature",
      "geometry": {
        "type": "Point",
        "coordinates": [
          114.95365,
          -2.65261
        ]
      },
      "properties": {
        "confidence": "medium",
        "confidence_value": null,
        "sumber": "NASA-NOAA20",
        "date_hotspot": "Jumat, 18 September 2026 13:03:00",
        "date_hotspot_ori": "2026-09-18T06:03:00.000000Z",
        "provinsi": null,
        "kabkota": "Hulu Sungai Selatan",
        "desa": "Baru",
        "hs_id": "2026-09-18T06:03:00.000000Z",
        "provinsi_id": 12,
        "long": 114.95365,
        "ori_sumber": null,
        "desa_id": null,
        "counter": 1,
        "confidence_level": "medium",
        "kawasan": "",
        "kecamatan": "Daha Barat",
        "nama_provinsi": "Kalimantan Selatan",
        "pulau": "",
        "route_create": "https://opsroom.sipongidata.my.id/daops/laporan/groundcheck/create/form",
        "hotspot_date": "2026-09-18",
        "distance_hgu_km": 4.409,
        "zone": "3–5 km",
        "location_status": "OUTSIDE HGU"
      }
    },
    {
      "type": "Feature",
      "geometry": {
        "type": "Point",
        "coordinates": [
          114.93569,
          -2.65499
        ]
      },
      "properties": {
        "confidence": "medium",
        "confidence_value": null,
        "sumber": "NASA-SNPP",
        "date_hotspot": "Sabtu, 05 September 2026 00:49:00",
        "date_hotspot_ori": "2026-09-04T17:49:00.000000Z",
        "provinsi": null,
        "kabkota": "Tapin",
        "desa": "Sawaja",
        "hs_id": "2026-09-04T17:49:00.000000Z",
        "provinsi_id": 12,
        "long": 114.93569,
        "ori_sumber": null,
        "desa_id": null,
        "counter": 6,
        "confidence_level": "medium",
        "kawasan": "",
        "kecamatan": "Candi Laras Utara",
        "nama_provinsi": "Kalimantan Selatan",
        "pulau": "",
        "route_create": "https://opsroom.sipongidata.my.id/daops/laporan/groundcheck/create/form",
        "hotspot_date": "2026-09-05",
        "distance_hgu_km": 4.131,
        "zone": "3–5 km",
        "location_status": "OUTSIDE HGU"
      }
    },
    {
      "type": "Feature",
      "geometry": {
        "type": "Point",
        "coordinates": [
          114.92854,
          -2.65386
        ]
      },
      "properties": {
        "confidence": "medium",
        "confidence_value": null,
        "sumber": "NASA-SNPP",
        "date_hotspot": "Sabtu, 05 September 2026 00:49:00",
        "date_hotspot_ori": "2026-09-04T17:49:00.000000Z",
        "provinsi": null,
        "kabkota": "Tapin",
        "desa": "Sawaja",
        "hs_id": "2026-09-04T17:49:00.000000Z",
        "provinsi_id": 12,
        "long": 114.92854,
        "ori_sumber": null,
        "desa_id": null,
        "counter": 6,
        "confidence_level": "medium",
        "kawasan": "",
        "kecamatan": "Candi Laras Utara",
        "nama_provinsi": "Kalimantan Selatan",
        "pulau": "",
        "route_create": "https://opsroom.sipongidata.my.id/daops/laporan/groundcheck/create/form",
        "hotspot_date": "2026-09-05",
        "distance_hgu_km": 4.256,
        "zone": "3–5 km",
        "location_status": "OUTSIDE HGU"
      }
    },
    {
      "type": "Feature",
      "geometry": {
        "type": "Point",
        "coordinates": [
          114.93158,
          -2.6578
        ]
      },
      "properties": {
        "confidence": "medium",
        "confidence_value": null,
        "sumber": "NASA-SNPP",
        "date_hotspot": "Sabtu, 05 September 2026 00:49:00",
        "date_hotspot_ori": "2026-09-04T17:49:00.000000Z",
        "provinsi": null,
        "kabkota": "Tapin",
        "desa": "Sawaja",
        "hs_id": "2026-09-04T17:49:00.000000Z",
        "provinsi_id": 12,
        "long": 114.93158,
        "ori_sumber": null,
        "desa_id": null,
        "counter": 6,
        "confidence_level": "medium",
        "kawasan": "",
        "kecamatan": "Candi Laras Utara",
        "nama_provinsi": "Kalimantan Selatan",
        "pulau": "",
        "route_create": "https://opsroom.sipongidata.my.id/daops/laporan/groundcheck/create/form",
        "hotspot_date": "2026-09-05",
        "distance_hgu_km": 3.823,
        "zone": "3–5 km",
        "location_status": "OUTSIDE HGU"
      }
    },
    {
      "type": "Feature",
      "geometry": {
        "type": "Point",
        "coordinates": [
          114.92496,
          -2.65329
        ]
      },
      "properties": {
        "confidence": "medium",
        "confidence_value": null,
        "sumber": "NASA-SNPP",
        "date_hotspot": "Sabtu, 05 September 2026 00:49:00",
        "date_hotspot_ori": "2026-09-04T17:49:00.000000Z",
        "provinsi": null,
        "kabkota": "Tapin",
        "desa": "Sawaja",
        "hs_id": "2026-09-04T17:49:00.000000Z",
        "provinsi_id": 12,
        "long": 114.92496,
        "ori_sumber": null,
        "desa_id": null,
        "counter": 6,
        "confidence_level": "medium",
        "kawasan": "",
        "kecamatan": "Candi Laras Utara",
        "nama_provinsi": "Kalimantan Selatan",
        "pulau": "",
        "route_create": "https://opsroom.sipongidata.my.id/daops/laporan/groundcheck/create/form",
        "hotspot_date": "2026-09-05",
        "distance_hgu_km": 4.316,
        "zone": "3–5 km",
        "location_status": "OUTSIDE HGU"
      }
    },
    {
      "type": "Feature",
      "geometry": {
        "type": "Point",
        "coordinates": [
          114.93389,
          -2.65383
        ]
      },
      "properties": {
        "confidence": "medium",
        "confidence_value": null,
        "sumber": "NASA-SNPP",
        "date_hotspot": "Sabtu, 05 September 2026 13:31:00",
        "date_hotspot_ori": "2026-09-05T06:31:00.000000Z",
        "provinsi": null,
        "kabkota": "Tapin",
        "desa": "Sawaja",
        "hs_id": "2026-09-05T06:31:00.000000Z",
        "provinsi_id": 12,
        "long": 114.93389,
        "ori_sumber": null,
        "desa_id": null,
        "counter": 6,
        "confidence_level": "medium",
        "kawasan": "",
        "kecamatan": "Candi Laras Utara",
        "nama_provinsi": "Kalimantan Selatan",
        "pulau": "",
        "route_create": "https://opsroom.sipongidata.my.id/daops/laporan/groundcheck/create/form",
        "hotspot_date": "2026-09-05",
        "distance_hgu_km": 4.261,
        "zone": "3–5 km",
        "location_status": "OUTSIDE HGU"
      }
    },
    {
      "type": "Feature",
      "geometry": {
        "type": "Point",
        "coordinates": [
          114.95602,
          -2.76465
        ]
      },
      "properties": {
        "confidence": "medium",
        "confidence_value": null,
        "sumber": "NASA-SNPP",
        "date_hotspot": "Sabtu, 05 September 2026 13:31:00",
        "date_hotspot_ori": "2026-09-05T06:31:00.000000Z",
        "provinsi": null,
        "kabkota": "Tapin",
        "desa": "Buas-Buas",
        "hs_id": "2026-09-05T06:31:00.000000Z",
        "provinsi_id": 12,
        "long": 114.95602,
        "ori_sumber": null,
        "desa_id": null,
        "counter": 1,
        "confidence_level": "medium",
        "kawasan": "",
        "kecamatan": "Candi Laras Utara",
        "nama_provinsi": "Kalimantan Selatan",
        "pulau": "",
        "route_create": "https://opsroom.sipongidata.my.id/daops/laporan/groundcheck/create/form",
        "hotspot_date": "2026-09-05",
        "distance_hgu_km": 2.947,
        "zone": "1–3 km",
        "location_status": "OUTSIDE HGU"
      }
    },
    {
      "type": "Feature",
      "geometry": {
        "type": "Point",
        "coordinates": [
          114.90211,
          -2.67413
        ]
      },
      "properties": {
        "confidence": "medium",
        "confidence_value": null,
        "sumber": "NASA-NOAA20",
        "date_hotspot": "Sabtu, 19 September 2026 00:07:00",
        "date_hotspot_ori": "2026-09-18T17:07:00.000000Z",
        "provinsi": null,
        "kabkota": "Tapin",
        "desa": "Sawaja",
        "hs_id": "2026-09-18T17:07:00.000000Z",
        "provinsi_id": 12,
        "long": 114.90211,
        "ori_sumber": null,
        "desa_id": null,
        "counter": 2,
        "confidence_level": "medium",
        "kawasan": "",
        "kecamatan": "Candi Laras Utara",
        "nama_provinsi": "Kalimantan Selatan",
        "pulau": "",
        "route_create": "https://opsroom.sipongidata.my.id/daops/laporan/groundcheck/create/form",
        "hotspot_date": "2026-09-19",
        "distance_hgu_km": 2.18,
        "zone": "1–3 km",
        "location_status": "OUTSIDE HGU"
      }
    },
    {
      "type": "Feature",
      "geometry": {
        "type": "Point",
        "coordinates": [
          114.92329,
          -2.65365
        ]
      },
      "properties": {
        "confidence": "medium",
        "confidence_value": null,
        "sumber": "NASA-SNPP",
        "date_hotspot": "Minggu, 06 September 2026 00:32:00",
        "date_hotspot_ori": "2026-09-05T17:32:00.000000Z",
        "provinsi": null,
        "kabkota": "Tapin",
        "desa": "Sawaja",
        "hs_id": "2026-09-05T17:32:00.000000Z",
        "provinsi_id": 12,
        "long": 114.92329,
        "ori_sumber": null,
        "desa_id": null,
        "counter": 7,
        "confidence_level": "medium",
        "kawasan": "",
        "kecamatan": "Candi Laras Utara",
        "nama_provinsi": "Kalimantan Selatan",
        "pulau": "",
        "route_create": "https://opsroom.sipongidata.my.id/daops/laporan/groundcheck/create/form",
        "hotspot_date": "2026-09-06",
        "distance_hgu_km": 4.276,
        "zone": "3–5 km",
        "location_status": "OUTSIDE HGU"
      }
    },
    {
      "type": "Feature",
      "geometry": {
        "type": "Point",
        "coordinates": [
          114.80552,
          -2.89421
        ]
      },
      "properties": {
        "confidence": "medium",
        "confidence_value": null,
        "sumber": "NASA-SNPP",
        "date_hotspot": "Senin, 28 September 2026 12:57:00",
        "date_hotspot_ori": "2026-09-28T05:57:00.000000Z",
        "provinsi": null,
        "kabkota": "Barito Kuala",
        "desa": "Banitan",
        "hs_id": "2026-09-28T05:57:00.000000Z",
        "provinsi_id": 12,
        "long": 114.80552,
        "ori_sumber": null,
        "desa_id": null,
        "counter": 1,
        "confidence_level": "medium",
        "kawasan": "",
        "kecamatan": "Bakumpai",
        "nama_provinsi": "Kalimantan Selatan",
        "pulau": "",
        "route_create": "https://opsroom.sipongidata.my.id/daops/laporan/groundcheck/create/form",
        "hotspot_date": "2026-09-28",
        "distance_hgu_km": 2.473,
        "zone": "1–3 km",
        "location_status": "OUTSIDE HGU"
      }
    },
    {
      "type": "Feature",
      "geometry": {
        "type": "Point",
        "coordinates": [
          114.8522,
          -2.91978
        ]
      },
      "properties": {
        "confidence": "medium",
        "confidence_value": null,
        "sumber": "NASA-NOAA20",
        "date_hotspot": "Selasa, 29 September 2026 00:20:00",
        "date_hotspot_ori": "2026-09-28T17:20:00.000000Z",
        "provinsi": null,
        "kabkota": "Tapin",
        "desa": "Sungai Selai Hilir",
        "hs_id": "2026-09-28T17:20:00.000000Z",
        "provinsi_id": 12,
        "long": 114.8522,
        "ori_sumber": null,
        "desa_id": null,
        "counter": 2,
        "confidence_level": "medium",
        "kawasan": "",
        "kecamatan": "Candi Laras Utara",
        "nama_provinsi": "Kalimantan Selatan",
        "pulau": "",
        "route_create": "https://opsroom.sipongidata.my.id/daops/laporan/groundcheck/create/form",
        "hotspot_date": "2026-09-29",
        "distance_hgu_km": 0.692,
        "zone": "0–1 km",
        "location_status": "OUTSIDE HGU"
      }
    },
    {
      "type": "Feature",
      "geometry": {
        "type": "Point",
        "coordinates": [
          114.88486,
          -2.85493
        ]
      },
      "properties": {
        "confidence": "medium",
        "confidence_value": null,
        "sumber": "NASA-NOAA20",
        "date_hotspot": "Selasa, 29 September 2026 12:57:00",
        "date_hotspot_ori": "2026-09-29T05:57:00.000000Z",
        "provinsi": null,
        "kabkota": "Tapin",
        "desa": "Pariok",
        "hs_id": "2026-09-29T05:57:00.000000Z",
        "provinsi_id": 12,
        "long": 114.88486,
        "ori_sumber": null,
        "desa_id": null,
        "counter": 1,
        "confidence_level": "medium",
        "kawasan": "",
        "kecamatan": "Candi Laras Utara",
        "nama_provinsi": "Kalimantan Selatan",
        "pulau": "",
        "route_create": "https://opsroom.sipongidata.my.id/daops/laporan/groundcheck/create/form",
        "hotspot_date": "2026-09-29",
        "distance_hgu_km": 0.629,
        "zone": "0–1 km",
        "location_status": "OUTSIDE HGU"
      }
    },
    {
      "type": "Feature",
      "geometry": {
        "type": "Point",
        "coordinates": [
          114.89083,
          -2.85548
        ]
      },
      "properties": {
        "confidence": "medium",
        "confidence_value": null,
        "sumber": "NASA-NOAA20",
        "date_hotspot": "Senin, 21 September 2026 12:08:00",
        "date_hotspot_ori": "2026-09-21T05:08:00.000000Z",
        "provinsi": null,
        "kabkota": "Tapin",
        "desa": "Margasari Hulu",
        "hs_id": "2026-09-21T05:08:00.000000Z",
        "provinsi_id": 12,
        "long": 114.89083,
        "ori_sumber": null,
        "desa_id": null,
        "counter": 2,
        "confidence_level": "medium",
        "kawasan": "",
        "kecamatan": "Candi Laras Selatan",
        "nama_provinsi": "Kalimantan Selatan",
        "pulau": "",
        "route_create": "https://opsroom.sipongidata.my.id/daops/laporan/groundcheck/create/form",
        "hotspot_date": "2026-09-21",
        "distance_hgu_km": 0.825,
        "zone": "0–1 km",
        "location_status": "OUTSIDE HGU"
      }
    },
    {
      "type": "Feature",
      "geometry": {
        "type": "Point",
        "coordinates": [
          114.89549,
          -2.85478
        ]
      },
      "properties": {
        "confidence": "medium",
        "confidence_value": null,
        "sumber": "NASA-NOAA20",
        "date_hotspot": "Senin, 21 September 2026 12:08:00",
        "date_hotspot_ori": "2026-09-21T05:08:00.000000Z",
        "provinsi": null,
        "kabkota": "Tapin",
        "desa": "Margasari Hulu",
        "hs_id": "2026-09-21T05:08:00.000000Z",
        "provinsi_id": 12,
        "long": 114.89549,
        "ori_sumber": null,
        "desa_id": null,
        "counter": 2,
        "confidence_level": "medium",
        "kawasan": "",
        "kecamatan": "Candi Laras Selatan",
        "nama_provinsi": "Kalimantan Selatan",
        "pulau": "",
        "route_create": "https://opsroom.sipongidata.my.id/daops/laporan/groundcheck/create/form",
        "hotspot_date": "2026-09-21",
        "distance_hgu_km": 1.141,
        "zone": "1–3 km",
        "location_status": "OUTSIDE HGU"
      }
    },
    {
      "type": "Feature",
      "geometry": {
        "type": "Point",
        "coordinates": [
          114.91361,
          -2.66875
        ]
      },
      "properties": {
        "confidence": "medium",
        "confidence_value": null,
        "sumber": "NASA-SNPP",
        "date_hotspot": "Selasa, 15 September 2026 01:02:00",
        "date_hotspot_ori": "2026-09-14T18:02:00.000000Z",
        "provinsi": null,
        "kabkota": "Tapin",
        "desa": "Sawaja",
        "hs_id": "2026-09-14T18:02:00.000000Z",
        "provinsi_id": 12,
        "long": 114.91361,
        "ori_sumber": null,
        "desa_id": null,
        "counter": 1,
        "confidence_level": "medium",
        "kawasan": "",
        "kecamatan": "Candi Laras Utara",
        "nama_provinsi": "Kalimantan Selatan",
        "pulau": "",
        "route_create": "https://opsroom.sipongidata.my.id/daops/laporan/groundcheck/create/form",
        "hotspot_date": "2026-09-15",
        "distance_hgu_km": 2.597,
        "zone": "1–3 km",
        "location_status": "OUTSIDE HGU"
      }
    },
    {
      "type": "Feature",
      "geometry": {
        "type": "Point",
        "coordinates": [
          114.80466,
          -2.92037
        ]
      },
      "properties": {
        "confidence": "medium",
        "confidence_value": null,
        "sumber": "NASA-SNPP",
        "date_hotspot": "Selasa, 15 September 2026 01:02:00",
        "date_hotspot_ori": "2026-09-14T18:02:00.000000Z",
        "provinsi": null,
        "kabkota": "Barito Kuala",
        "desa": "Banitan",
        "hs_id": "2026-09-14T18:02:00.000000Z",
        "provinsi_id": 12,
        "long": 114.80466,
        "ori_sumber": null,
        "desa_id": null,
        "counter": 2,
        "confidence_level": "medium",
        "kawasan": "",
        "kecamatan": "Bakumpai",
        "nama_provinsi": "Kalimantan Selatan",
        "pulau": "",
        "route_create": "https://opsroom.sipongidata.my.id/daops/laporan/groundcheck/create/form",
        "hotspot_date": "2026-09-15",
        "distance_hgu_km": 1.362,
        "zone": "1–3 km",
        "location_status": "OUTSIDE HGU"
      }
    },
    {
      "type": "Feature",
      "geometry": {
        "type": "Point",
        "coordinates": [
          114.89418,
          -2.8477
        ]
      },
      "properties": {
        "confidence": "medium",
        "confidence_value": null,
        "sumber": "NASA-SNPP",
        "date_hotspot": "Senin, 21 September 2026 13:31:00",
        "date_hotspot_ori": "2026-09-21T06:31:00.000000Z",
        "provinsi": null,
        "kabkota": "Tapin",
        "desa": "Baulin",
        "hs_id": "2026-09-21T06:31:00.000000Z",
        "provinsi_id": 12,
        "long": 114.89418,
        "ori_sumber": null,
        "desa_id": null,
        "counter": 2,
        "confidence_level": "medium",
        "kawasan": "",
        "kecamatan": "Candi Laras Selatan",
        "nama_provinsi": "Kalimantan Selatan",
        "pulau": "",
        "route_create": "https://opsroom.sipongidata.my.id/daops/laporan/groundcheck/create/form",
        "hotspot_date": "2026-09-21",
        "distance_hgu_km": 0.814,
        "zone": "0–1 km",
        "location_status": "OUTSIDE HGU"
      }
    },
    {
      "type": "Feature",
      "geometry": {
        "type": "Point",
        "coordinates": [
          114.89945,
          -2.84685
        ]
      },
      "properties": {
        "confidence": "medium",
        "confidence_value": null,
        "sumber": "NASA-SNPP",
        "date_hotspot": "Senin, 21 September 2026 13:31:00",
        "date_hotspot_ori": "2026-09-21T06:31:00.000000Z",
        "provinsi": null,
        "kabkota": "Tapin",
        "desa": "Baulin",
        "hs_id": "2026-09-21T06:31:00.000000Z",
        "provinsi_id": 12,
        "long": 114.89945,
        "ori_sumber": null,
        "desa_id": null,
        "counter": 2,
        "confidence_level": "medium",
        "kawasan": "",
        "kecamatan": "Candi Laras Selatan",
        "nama_provinsi": "Kalimantan Selatan",
        "pulau": "",
        "route_create": "https://opsroom.sipongidata.my.id/daops/laporan/groundcheck/create/form",
        "hotspot_date": "2026-09-21",
        "distance_hgu_km": 1.401,
        "zone": "1–3 km",
        "location_status": "OUTSIDE HGU"
      }
    },
    {
      "type": "Feature",
      "geometry": {
        "type": "Point",
        "coordinates": [
          114.88525,
          -2.89376
        ]
      },
      "properties": {
        "confidence": "medium",
        "confidence_value": null,
        "sumber": "NASA-SNPP",
        "date_hotspot": "Senin, 21 September 2026 13:31:00",
        "date_hotspot_ori": "2026-09-21T06:31:00.000000Z",
        "provinsi": null,
        "kabkota": "Tapin",
        "desa": "Pariok",
        "hs_id": "2026-09-21T06:31:00.000000Z",
        "provinsi_id": 12,
        "long": 114.88525,
        "ori_sumber": null,
        "desa_id": null,
        "counter": 2,
        "confidence_level": "medium",
        "kawasan": "",
        "kecamatan": "Candi Laras Utara",
        "nama_provinsi": "Kalimantan Selatan",
        "pulau": "",
        "route_create": "https://opsroom.sipongidata.my.id/daops/laporan/groundcheck/create/form",
        "hotspot_date": "2026-09-21",
        "distance_hgu_km": 1.033,
        "zone": "1–3 km",
        "location_status": "OUTSIDE HGU"
      }
    },
    {
      "type": "Feature",
      "geometry": {
        "type": "Point",
        "coordinates": [
          114.8075,
          -2.91096
        ]
      },
      "properties": {
        "confidence": "medium",
        "confidence_value": null,
        "sumber": "NASA-SNPP",
        "date_hotspot": "Senin, 21 September 2026 13:31:00",
        "date_hotspot_ori": "2026-09-21T06:31:00.000000Z",
        "provinsi": null,
        "kabkota": "Barito Kuala",
        "desa": "Banitan",
        "hs_id": "2026-09-21T06:31:00.000000Z",
        "provinsi_id": 12,
        "long": 114.8075,
        "ori_sumber": null,
        "desa_id": null,
        "counter": 1,
        "confidence_level": "medium",
        "kawasan": "",
        "kecamatan": "Bakumpai",
        "nama_provinsi": "Kalimantan Selatan",
        "pulau": "",
        "route_create": "https://opsroom.sipongidata.my.id/daops/laporan/groundcheck/create/form",
        "hotspot_date": "2026-09-21",
        "distance_hgu_km": 1.52,
        "zone": "1–3 km",
        "location_status": "OUTSIDE HGU"
      }
    },
    {
      "type": "Feature",
      "geometry": {
        "type": "Point",
        "coordinates": [
          114.91252,
          -2.6786
        ]
      },
      "properties": {
        "confidence": "medium",
        "confidence_value": null,
        "sumber": "NASA-NOAA20",
        "date_hotspot": "Selasa, 15 September 2026 01:21:00",
        "date_hotspot_ori": "2026-09-14T18:21:00.000000Z",
        "provinsi": null,
        "kabkota": "Tapin",
        "desa": "Sawaja",
        "hs_id": "2026-09-14T18:21:00.000000Z",
        "provinsi_id": 12,
        "long": 114.91252,
        "ori_sumber": null,
        "desa_id": null,
        "counter": 1,
        "confidence_level": "medium",
        "kawasan": "",
        "kecamatan": "Candi Laras Utara",
        "nama_provinsi": "Kalimantan Selatan",
        "pulau": "",
        "route_create": "https://opsroom.sipongidata.my.id/daops/laporan/groundcheck/create/form",
        "hotspot_date": "2026-09-15",
        "distance_hgu_km": 1.508,
        "zone": "1–3 km",
        "location_status": "OUTSIDE HGU"
      }
    },
    {
      "type": "Feature",
      "geometry": {
        "type": "Point",
        "coordinates": [
          114.91329,
          -2.67355
        ]
      },
      "properties": {
        "confidence": "medium",
        "confidence_value": null,
        "sumber": "NASA-NOAA20",
        "date_hotspot": "Selasa, 15 September 2026 01:21:00",
        "date_hotspot_ori": "2026-09-14T18:21:00.000000Z",
        "provinsi": null,
        "kabkota": "Tapin",
        "desa": "Sawaja",
        "hs_id": "2026-09-14T18:21:00.000000Z",
        "provinsi_id": 12,
        "long": 114.91329,
        "ori_sumber": null,
        "desa_id": null,
        "counter": 1,
        "confidence_level": "medium",
        "kawasan": "",
        "kecamatan": "Candi Laras Utara",
        "nama_provinsi": "Kalimantan Selatan",
        "pulau": "",
        "route_create": "https://opsroom.sipongidata.my.id/daops/laporan/groundcheck/create/form",
        "hotspot_date": "2026-09-15",
        "distance_hgu_km": 2.065,
        "zone": "1–3 km",
        "location_status": "OUTSIDE HGU"
      }
    },
    {
      "type": "Feature",
      "geometry": {
        "type": "Point",
        "coordinates": [
          114.92356,
          -2.68061
        ]
      },
      "properties": {
        "confidence": "medium",
        "confidence_value": null,
        "sumber": "NASA-SNPP",
        "date_hotspot": "Selasa, 15 September 2026 01:02:00",
        "date_hotspot_ori": "2026-09-14T18:02:00.000000Z",
        "provinsi": null,
        "kabkota": "Tapin",
        "desa": "Sawaja",
        "hs_id": "2026-09-14T18:02:00.000000Z",
        "provinsi_id": 12,
        "long": 114.92356,
        "ori_sumber": null,
        "desa_id": null,
        "counter": 1,
        "confidence_level": "medium",
        "kawasan": "",
        "kecamatan": "Candi Laras Utara",
        "nama_provinsi": "Kalimantan Selatan",
        "pulau": "",
        "route_create": "https://opsroom.sipongidata.my.id/daops/laporan/groundcheck/create/form",
        "hotspot_date": "2026-09-15",
        "distance_hgu_km": 1.294,
        "zone": "1–3 km",
        "location_status": "OUTSIDE HGU"
      }
    },
    {
      "type": "Feature",
      "geometry": {
        "type": "Point",
        "coordinates": [
          114.95412,
          -2.65062
        ]
      },
      "properties": {
        "confidence": "medium",
        "confidence_value": null,
        "sumber": "NASA-SNPP",
        "date_hotspot": "Selasa, 15 September 2026 01:02:00",
        "date_hotspot_ori": "2026-09-14T18:02:00.000000Z",
        "provinsi": null,
        "kabkota": "Hulu Sungai Selatan",
        "desa": "Baru",
        "hs_id": "2026-09-14T18:02:00.000000Z",
        "provinsi_id": 12,
        "long": 114.95412,
        "ori_sumber": null,
        "desa_id": null,
        "counter": 2,
        "confidence_level": "medium",
        "kawasan": "",
        "kecamatan": "Daha Barat",
        "nama_provinsi": "Kalimantan Selatan",
        "pulau": "",
        "route_create": "https://opsroom.sipongidata.my.id/daops/laporan/groundcheck/create/form",
        "hotspot_date": "2026-09-15",
        "distance_hgu_km": 4.63,
        "zone": "3–5 km",
        "location_status": "OUTSIDE HGU"
      }
    },
    {
      "type": "Feature",
      "geometry": {
        "type": "Point",
        "coordinates": [
          114.95043,
          -2.65004
        ]
      },
      "properties": {
        "confidence": "medium",
        "confidence_value": null,
        "sumber": "NASA-SNPP",
        "date_hotspot": "Selasa, 15 September 2026 01:02:00",
        "date_hotspot_ori": "2026-09-14T18:02:00.000000Z",
        "provinsi": null,
        "kabkota": "Hulu Sungai Selatan",
        "desa": "Baru",
        "hs_id": "2026-09-14T18:02:00.000000Z",
        "provinsi_id": 12,
        "long": 114.95043,
        "ori_sumber": null,
        "desa_id": null,
        "counter": 2,
        "confidence_level": "medium",
        "kawasan": "",
        "kecamatan": "Daha Barat",
        "nama_provinsi": "Kalimantan Selatan",
        "pulau": "",
        "route_create": "https://opsroom.sipongidata.my.id/daops/laporan/groundcheck/create/form",
        "hotspot_date": "2026-09-15",
        "distance_hgu_km": 4.686,
        "zone": "3–5 km",
        "location_status": "OUTSIDE HGU"
      }
    },
    {
      "type": "Feature",
      "geometry": {
        "type": "Point",
        "coordinates": [
          114.86526,
          -2.81798
        ]
      },
      "properties": {
        "confidence": "medium",
        "confidence_value": null,
        "sumber": "NASA-SNPP",
        "date_hotspot": "Selasa, 15 September 2026 01:02:00",
        "date_hotspot_ori": "2026-09-14T18:02:00.000000Z",
        "provinsi": null,
        "kabkota": "Tapin",
        "desa": "Batalas",
        "hs_id": "2026-09-14T18:02:00.000000Z",
        "provinsi_id": 12,
        "long": 114.86526,
        "ori_sumber": null,
        "desa_id": null,
        "counter": 2,
        "confidence_level": "medium",
        "kawasan": "",
        "kecamatan": "Candi Laras Utara",
        "nama_provinsi": "Kalimantan Selatan",
        "pulau": "",
        "route_create": "https://opsroom.sipongidata.my.id/daops/laporan/groundcheck/create/form",
        "hotspot_date": "2026-09-15",
        "distance_hgu_km": 0.132,
        "zone": "0–1 km",
        "location_status": "OUTSIDE HGU"
      }
    },
    {
      "type": "Feature",
      "geometry": {
        "type": "Point",
        "coordinates": [
          114.93519,
          -2.67475
        ]
      },
      "properties": {
        "confidence": "medium",
        "confidence_value": null,
        "sumber": "NASA-NOAA20",
        "date_hotspot": "Selasa, 15 September 2026 12:23:00",
        "date_hotspot_ori": "2026-09-15T05:23:00.000000Z",
        "provinsi": null,
        "kabkota": "Tapin",
        "desa": "Sawaja",
        "hs_id": "2026-09-15T05:23:00.000000Z",
        "provinsi_id": 12,
        "long": 114.93519,
        "ori_sumber": null,
        "desa_id": null,
        "counter": 1,
        "confidence_level": "medium",
        "kawasan": "",
        "kecamatan": "Candi Laras Utara",
        "nama_provinsi": "Kalimantan Selatan",
        "pulau": "",
        "route_create": "https://opsroom.sipongidata.my.id/daops/laporan/groundcheck/create/form",
        "hotspot_date": "2026-09-15",
        "distance_hgu_km": 1.946,
        "zone": "1–3 km",
        "location_status": "OUTSIDE HGU"
      }
    },
    {
      "type": "Feature",
      "geometry": {
        "type": "Point",
        "coordinates": [
          114.95441,
          -2.65186
        ]
      },
      "properties": {
        "confidence": "medium",
        "confidence_value": null,
        "sumber": "NASA-NOAA20",
        "date_hotspot": "Selasa, 15 September 2026 12:23:00",
        "date_hotspot_ori": "2026-09-15T05:23:00.000000Z",
        "provinsi": null,
        "kabkota": "Hulu Sungai Selatan",
        "desa": "Baru",
        "hs_id": "2026-09-15T05:23:00.000000Z",
        "provinsi_id": 12,
        "long": 114.95441,
        "ori_sumber": null,
        "desa_id": null,
        "counter": 1,
        "confidence_level": "medium",
        "kawasan": "",
        "kecamatan": "Daha Barat",
        "nama_provinsi": "Kalimantan Selatan",
        "pulau": "",
        "route_create": "https://opsroom.sipongidata.my.id/daops/laporan/groundcheck/create/form",
        "hotspot_date": "2026-09-15",
        "distance_hgu_km": 4.493,
        "zone": "3–5 km",
        "location_status": "OUTSIDE HGU"
      }
    },
    {
      "type": "Feature",
      "geometry": {
        "type": "Point",
        "coordinates": [
          114.91636,
          -2.67595
        ]
      },
      "properties": {
        "confidence": "medium",
        "confidence_value": null,
        "sumber": "NASA-NOAA20",
        "date_hotspot": "Selasa, 15 September 2026 12:23:00",
        "date_hotspot_ori": "2026-09-15T05:23:00.000000Z",
        "provinsi": null,
        "kabkota": "Tapin",
        "desa": "Sawaja",
        "hs_id": "2026-09-15T05:23:00.000000Z",
        "provinsi_id": 12,
        "long": 114.91636,
        "ori_sumber": null,
        "desa_id": null,
        "counter": 1,
        "confidence_level": "medium",
        "kawasan": "",
        "kecamatan": "Candi Laras Utara",
        "nama_provinsi": "Kalimantan Selatan",
        "pulau": "",
        "route_create": "https://opsroom.sipongidata.my.id/daops/laporan/groundcheck/create/form",
        "hotspot_date": "2026-09-15",
        "distance_hgu_km": 1.805,
        "zone": "1–3 km",
        "location_status": "OUTSIDE HGU"
      }
    },
    {
      "type": "Feature",
      "geometry": {
        "type": "Point",
        "coordinates": [
          114.95767,
          -2.64953
        ]
      },
      "properties": {
        "confidence": "medium",
        "confidence_value": null,
        "sumber": "NASA-NOAA20",
        "date_hotspot": "Selasa, 15 September 2026 12:23:00",
        "date_hotspot_ori": "2026-09-15T05:23:00.000000Z",
        "provinsi": null,
        "kabkota": "Hulu Sungai Selatan",
        "desa": "Baru",
        "hs_id": "2026-09-15T05:23:00.000000Z",
        "provinsi_id": 12,
        "long": 114.95767,
        "ori_sumber": null,
        "desa_id": null,
        "counter": 1,
        "confidence_level": "medium",
        "kawasan": "",
        "kecamatan": "Daha Barat",
        "nama_provinsi": "Kalimantan Selatan",
        "pulau": "",
        "route_create": "https://opsroom.sipongidata.my.id/daops/laporan/groundcheck/create/form",
        "hotspot_date": "2026-09-15",
        "distance_hgu_km": 4.752,
        "zone": "3–5 km",
        "location_status": "OUTSIDE HGU"
      }
    },
    {
      "type": "Feature",
      "geometry": {
        "type": "Point",
        "coordinates": [
          114.80813,
          -2.93347
        ]
      },
      "properties": {
        "confidence": "medium",
        "confidence_value": null,
        "sumber": "NASA-NOAA20",
        "date_hotspot": "Selasa, 15 September 2026 12:23:00",
        "date_hotspot_ori": "2026-09-15T05:23:00.000000Z",
        "provinsi": null,
        "kabkota": "Barito Kuala",
        "desa": "Banitan",
        "hs_id": "2026-09-15T05:23:00.000000Z",
        "provinsi_id": 12,
        "long": 114.80813,
        "ori_sumber": null,
        "desa_id": null,
        "counter": 2,
        "confidence_level": "medium",
        "kawasan": "",
        "kecamatan": "Bakumpai",
        "nama_provinsi": "Kalimantan Selatan",
        "pulau": "",
        "route_create": "https://opsroom.sipongidata.my.id/daops/laporan/groundcheck/create/form",
        "hotspot_date": "2026-09-15",
        "distance_hgu_km": 0.574,
        "zone": "0–1 km",
        "location_status": "OUTSIDE HGU"
      }
    },
    {
      "type": "Feature",
      "geometry": {
        "type": "Point",
        "coordinates": [
          114.81099,
          -2.93305
        ]
      },
      "properties": {
        "confidence": "medium",
        "confidence_value": null,
        "sumber": "NASA-NOAA20",
        "date_hotspot": "Selasa, 15 September 2026 12:23:00",
        "date_hotspot_ori": "2026-09-15T05:23:00.000000Z",
        "provinsi": null,
        "kabkota": "Tapin",
        "desa": "Keladan",
        "hs_id": "2026-09-15T05:23:00.000000Z",
        "provinsi_id": 12,
        "long": 114.81099,
        "ori_sumber": null,
        "desa_id": null,
        "counter": 2,
        "confidence_level": "medium",
        "kawasan": "",
        "kecamatan": "Candi Laras Utara",
        "nama_provinsi": "Kalimantan Selatan",
        "pulau": "",
        "route_create": "https://opsroom.sipongidata.my.id/daops/laporan/groundcheck/create/form",
        "hotspot_date": "2026-09-15",
        "distance_hgu_km": 0.272,
        "zone": "0–1 km",
        "location_status": "OUTSIDE HGU"
      }
    },
    {
      "type": "Feature",
      "geometry": {
        "type": "Point",
        "coordinates": [
          114.91779,
          -2.68582
        ]
      },
      "properties": {
        "confidence": "medium",
        "confidence_value": null,
        "sumber": "NASA-NOAA20",
        "date_hotspot": "Selasa, 15 September 2026 12:23:00",
        "date_hotspot_ori": "2026-09-15T05:23:00.000000Z",
        "provinsi": null,
        "kabkota": "Tapin",
        "desa": "Sawaja",
        "hs_id": "2026-09-15T05:23:00.000000Z",
        "provinsi_id": 12,
        "long": 114.91779,
        "ori_sumber": null,
        "desa_id": null,
        "counter": 1,
        "confidence_level": "medium",
        "kawasan": "",
        "kecamatan": "Candi Laras Utara",
        "nama_provinsi": "Kalimantan Selatan",
        "pulau": "",
        "route_create": "https://opsroom.sipongidata.my.id/daops/laporan/groundcheck/create/form",
        "hotspot_date": "2026-09-15",
        "distance_hgu_km": 0.716,
        "zone": "0–1 km",
        "location_status": "OUTSIDE HGU"
      }
    },
    {
      "type": "Feature",
      "geometry": {
        "type": "Point",
        "coordinates": [
          114.91708,
          -2.68089
        ]
      },
      "properties": {
        "confidence": "medium",
        "confidence_value": null,
        "sumber": "NASA-NOAA20",
        "date_hotspot": "Selasa, 15 September 2026 12:23:00",
        "date_hotspot_ori": "2026-09-15T05:23:00.000000Z",
        "provinsi": null,
        "kabkota": "Tapin",
        "desa": "Sawaja",
        "hs_id": "2026-09-15T05:23:00.000000Z",
        "provinsi_id": 12,
        "long": 114.91708,
        "ori_sumber": null,
        "desa_id": null,
        "counter": 1,
        "confidence_level": "medium",
        "kawasan": "",
        "kecamatan": "Candi Laras Utara",
        "nama_provinsi": "Kalimantan Selatan",
        "pulau": "",
        "route_create": "https://opsroom.sipongidata.my.id/daops/laporan/groundcheck/create/form",
        "hotspot_date": "2026-09-15",
        "distance_hgu_km": 1.26,
        "zone": "1–3 km",
        "location_status": "OUTSIDE HGU"
      }
    },
    {
      "type": "Feature",
      "geometry": {
        "type": "Point",
        "coordinates": [
          114.96077,
          -2.74244
        ]
      },
      "properties": {
        "confidence": "medium",
        "confidence_value": null,
        "sumber": "NASA-SNPP",
        "date_hotspot": "Selasa, 15 September 2026 13:42:00",
        "date_hotspot_ori": "2026-09-15T06:42:00.000000Z",
        "provinsi": null,
        "kabkota": "Tapin",
        "desa": "Buas-Buas",
        "hs_id": "2026-09-15T06:42:00.000000Z",
        "provinsi_id": 12,
        "long": 114.96077,
        "ori_sumber": null,
        "desa_id": null,
        "counter": 1,
        "confidence_level": "medium",
        "kawasan": "",
        "kecamatan": "Candi Laras Utara",
        "nama_provinsi": "Kalimantan Selatan",
        "pulau": "",
        "route_create": "https://opsroom.sipongidata.my.id/daops/laporan/groundcheck/create/form",
        "hotspot_date": "2026-09-15",
        "distance_hgu_km": 0.549,
        "zone": "0–1 km",
        "location_status": "OUTSIDE HGU"
      }
    },
    {
      "type": "Feature",
      "geometry": {
        "type": "Point",
        "coordinates": [
          114.92882,
          -2.68584
        ]
      },
      "properties": {
        "confidence": "medium",
        "confidence_value": null,
        "sumber": "NASA-SNPP",
        "date_hotspot": "Selasa, 15 September 2026 13:42:00",
        "date_hotspot_ori": "2026-09-15T06:42:00.000000Z",
        "provinsi": null,
        "kabkota": "Tapin",
        "desa": "Sawaja",
        "hs_id": "2026-09-15T06:42:00.000000Z",
        "provinsi_id": 12,
        "long": 114.92882,
        "ori_sumber": null,
        "desa_id": null,
        "counter": 1,
        "confidence_level": "medium",
        "kawasan": "",
        "kecamatan": "Candi Laras Utara",
        "nama_provinsi": "Kalimantan Selatan",
        "pulau": "",
        "route_create": "https://opsroom.sipongidata.my.id/daops/laporan/groundcheck/create/form",
        "hotspot_date": "2026-09-15",
        "distance_hgu_km": 0.72,
        "zone": "0–1 km",
        "location_status": "OUTSIDE HGU"
      }
    },
    {
      "type": "Feature",
      "geometry": {
        "type": "Point",
        "coordinates": [
          114.90077,
          -2.68087
        ]
      },
      "properties": {
        "confidence": "medium",
        "confidence_value": null,
        "sumber": "NASA-SNPP",
        "date_hotspot": "Selasa, 22 September 2026 00:32:00",
        "date_hotspot_ori": "2026-09-21T17:32:00.000000Z",
        "provinsi": null,
        "kabkota": "Tapin",
        "desa": "Sawaja",
        "hs_id": "2026-09-21T17:32:00.000000Z",
        "provinsi_id": 12,
        "long": 114.90077,
        "ori_sumber": null,
        "desa_id": null,
        "counter": 5,
        "confidence_level": "medium",
        "kawasan": "",
        "kecamatan": "Candi Laras Utara",
        "nama_provinsi": "Kalimantan Selatan",
        "pulau": "",
        "route_create": "https://opsroom.sipongidata.my.id/daops/laporan/groundcheck/create/form",
        "hotspot_date": "2026-09-22",
        "distance_hgu_km": 1.607,
        "zone": "1–3 km",
        "location_status": "OUTSIDE HGU"
      }
    },
    {
      "type": "Feature",
      "geometry": {
        "type": "Point",
        "coordinates": [
          114.9199,
          -2.68733
        ]
      },
      "properties": {
        "confidence": "medium",
        "confidence_value": null,
        "sumber": "NASA-SNPP",
        "date_hotspot": "Selasa, 15 September 2026 13:42:00",
        "date_hotspot_ori": "2026-09-15T06:42:00.000000Z",
        "provinsi": null,
        "kabkota": "Tapin",
        "desa": "Sawaja",
        "hs_id": "2026-09-15T06:42:00.000000Z",
        "provinsi_id": 12,
        "long": 114.9199,
        "ori_sumber": null,
        "desa_id": null,
        "counter": 1,
        "confidence_level": "medium",
        "kawasan": "",
        "kecamatan": "Candi Laras Utara",
        "nama_provinsi": "Kalimantan Selatan",
        "pulau": "",
        "route_create": "https://opsroom.sipongidata.my.id/daops/laporan/groundcheck/create/form",
        "hotspot_date": "2026-09-15",
        "distance_hgu_km": 0.549,
        "zone": "0–1 km",
        "location_status": "OUTSIDE HGU"
      }
    },
    {
      "type": "Feature",
      "geometry": {
        "type": "Point",
        "coordinates": [
          114.90975,
          -2.79035
        ]
      },
      "properties": {
        "confidence": "medium",
        "confidence_value": null,
        "sumber": "NASA-NOAA20",
        "date_hotspot": "Selasa, 22 September 2026 00:49:00",
        "date_hotspot_ori": "2026-09-21T17:49:00.000000Z",
        "provinsi": null,
        "kabkota": "Tapin",
        "desa": "Rawana",
        "hs_id": "2026-09-21T17:49:00.000000Z",
        "provinsi_id": 12,
        "long": 114.90975,
        "ori_sumber": null,
        "desa_id": null,
        "counter": 1,
        "confidence_level": "medium",
        "kawasan": "",
        "kecamatan": "Candi Laras Utara",
        "nama_provinsi": "Kalimantan Selatan",
        "pulau": "",
        "route_create": "https://opsroom.sipongidata.my.id/daops/laporan/groundcheck/create/form",
        "hotspot_date": "2026-09-22",
        "distance_hgu_km": 1.61,
        "zone": "1–3 km",
        "location_status": "OUTSIDE HGU"
      }
    },
    {
      "type": "Feature",
      "geometry": {
        "type": "Point",
        "coordinates": [
          114.92017,
          -2.68521
        ]
      },
      "properties": {
        "confidence": "medium",
        "confidence_value": null,
        "sumber": "NASA-NOAA20",
        "date_hotspot": "Rabu, 16 September 2026 01:04:00",
        "date_hotspot_ori": "2026-09-15T18:04:00.000000Z",
        "provinsi": null,
        "kabkota": "Tapin",
        "desa": "Sawaja",
        "hs_id": "2026-09-15T18:04:00.000000Z",
        "provinsi_id": 12,
        "long": 114.92017,
        "ori_sumber": null,
        "desa_id": null,
        "counter": 2,
        "confidence_level": "medium",
        "kawasan": "",
        "kecamatan": "Candi Laras Utara",
        "nama_provinsi": "Kalimantan Selatan",
        "pulau": "",
        "route_create": "https://opsroom.sipongidata.my.id/daops/laporan/groundcheck/create/form",
        "hotspot_date": "2026-09-16",
        "distance_hgu_km": 0.784,
        "zone": "0–1 km",
        "location_status": "OUTSIDE HGU"
      }
    },
    {
      "type": "Feature",
      "geometry": {
        "type": "Point",
        "coordinates": [
          114.91583,
          -2.68453
        ]
      },
      "properties": {
        "confidence": "medium",
        "confidence_value": null,
        "sumber": "NASA-NOAA20",
        "date_hotspot": "Rabu, 16 September 2026 01:04:00",
        "date_hotspot_ori": "2026-09-15T18:04:00.000000Z",
        "provinsi": null,
        "kabkota": "Tapin",
        "desa": "Sawaja",
        "hs_id": "2026-09-15T18:04:00.000000Z",
        "provinsi_id": 12,
        "long": 114.91583,
        "ori_sumber": null,
        "desa_id": null,
        "counter": 2,
        "confidence_level": "medium",
        "kawasan": "",
        "kecamatan": "Candi Laras Utara",
        "nama_provinsi": "Kalimantan Selatan",
        "pulau": "",
        "route_create": "https://opsroom.sipongidata.my.id/daops/laporan/groundcheck/create/form",
        "hotspot_date": "2026-09-16",
        "distance_hgu_km": 0.855,
        "zone": "0–1 km",
        "location_status": "OUTSIDE HGU"
      }
    },
    {
      "type": "Feature",
      "geometry": {
        "type": "Point",
        "coordinates": [
          114.9519,
          -2.65237
        ]
      },
      "properties": {
        "confidence": "medium",
        "confidence_value": null,
        "sumber": "NASA-NOAA20",
        "date_hotspot": "Rabu, 16 September 2026 01:04:00",
        "date_hotspot_ori": "2026-09-15T18:04:00.000000Z",
        "provinsi": null,
        "kabkota": "Hulu Sungai Selatan",
        "desa": "Baru",
        "hs_id": "2026-09-15T18:04:00.000000Z",
        "provinsi_id": 12,
        "long": 114.9519,
        "ori_sumber": null,
        "desa_id": null,
        "counter": 2,
        "confidence_level": "medium",
        "kawasan": "",
        "kecamatan": "Daha Barat",
        "nama_provinsi": "Kalimantan Selatan",
        "pulau": "",
        "route_create": "https://opsroom.sipongidata.my.id/daops/laporan/groundcheck/create/form",
        "hotspot_date": "2026-09-16",
        "distance_hgu_km": 4.431,
        "zone": "3–5 km",
        "location_status": "OUTSIDE HGU"
      }
    },
    {
      "type": "Feature",
      "geometry": {
        "type": "Point",
        "coordinates": [
          114.94756,
          -2.6517
        ]
      },
      "properties": {
        "confidence": "medium",
        "confidence_value": null,
        "sumber": "NASA-NOAA20",
        "date_hotspot": "Rabu, 16 September 2026 01:04:00",
        "date_hotspot_ori": "2026-09-15T18:04:00.000000Z",
        "provinsi": null,
        "kabkota": "Hulu Sungai Selatan",
        "desa": "Baru",
        "hs_id": "2026-09-15T18:04:00.000000Z",
        "provinsi_id": 12,
        "long": 114.94756,
        "ori_sumber": null,
        "desa_id": null,
        "counter": 2,
        "confidence_level": "medium",
        "kawasan": "",
        "kecamatan": "Daha Barat",
        "nama_provinsi": "Kalimantan Selatan",
        "pulau": "",
        "route_create": "https://opsroom.sipongidata.my.id/daops/laporan/groundcheck/create/form",
        "hotspot_date": "2026-09-16",
        "distance_hgu_km": 4.499,
        "zone": "3–5 km",
        "location_status": "OUTSIDE HGU"
      }
    },
    {
      "type": "Feature",
      "geometry": {
        "type": "Point",
        "coordinates": [
          114.9537,
          -2.64845
        ]
      },
      "properties": {
        "confidence": "medium",
        "confidence_value": null,
        "sumber": "NASA-SNPP",
        "date_hotspot": "Rabu, 16 September 2026 00:43:00",
        "date_hotspot_ori": "2026-09-15T17:43:00.000000Z",
        "provinsi": null,
        "kabkota": "Hulu Sungai Selatan",
        "desa": "Baru",
        "hs_id": "2026-09-15T17:43:00.000000Z",
        "provinsi_id": 12,
        "long": 114.9537,
        "ori_sumber": null,
        "desa_id": null,
        "counter": 3,
        "confidence_level": "medium",
        "kawasan": "",
        "kecamatan": "Daha Barat",
        "nama_provinsi": "Kalimantan Selatan",
        "pulau": "",
        "route_create": "https://opsroom.sipongidata.my.id/daops/laporan/groundcheck/create/form",
        "hotspot_date": "2026-09-16",
        "distance_hgu_km": 4.869,
        "zone": "3–5 km",
        "location_status": "OUTSIDE HGU"
      }
    },
    {
      "type": "Feature",
      "geometry": {
        "type": "Point",
        "coordinates": [
          114.95776,
          -2.6491
        ]
      },
      "properties": {
        "confidence": "medium",
        "confidence_value": null,
        "sumber": "NASA-SNPP",
        "date_hotspot": "Rabu, 16 September 2026 00:43:00",
        "date_hotspot_ori": "2026-09-15T17:43:00.000000Z",
        "provinsi": null,
        "kabkota": "Hulu Sungai Selatan",
        "desa": "Baru",
        "hs_id": "2026-09-15T17:43:00.000000Z",
        "provinsi_id": 12,
        "long": 114.95776,
        "ori_sumber": null,
        "desa_id": null,
        "counter": 3,
        "confidence_level": "medium",
        "kawasan": "",
        "kecamatan": "Daha Barat",
        "nama_provinsi": "Kalimantan Selatan",
        "pulau": "",
        "route_create": "https://opsroom.sipongidata.my.id/daops/laporan/groundcheck/create/form",
        "hotspot_date": "2026-09-16",
        "distance_hgu_km": 4.8,
        "zone": "3–5 km",
        "location_status": "OUTSIDE HGU"
      }
    },
    {
      "type": "Feature",
      "geometry": {
        "type": "Point",
        "coordinates": [
          114.90536,
          -2.67129
        ]
      },
      "properties": {
        "confidence": "medium",
        "confidence_value": null,
        "sumber": "NASA-SNPP",
        "date_hotspot": "Rabu, 16 September 2026 00:43:00",
        "date_hotspot_ori": "2026-09-15T17:43:00.000000Z",
        "provinsi": null,
        "kabkota": "Tapin",
        "desa": "Sawaja",
        "hs_id": "2026-09-15T17:43:00.000000Z",
        "provinsi_id": 12,
        "long": 114.90536,
        "ori_sumber": null,
        "desa_id": null,
        "counter": 2,
        "confidence_level": "medium",
        "kawasan": "",
        "kecamatan": "Candi Laras Utara",
        "nama_provinsi": "Kalimantan Selatan",
        "pulau": "",
        "route_create": "https://opsroom.sipongidata.my.id/daops/laporan/groundcheck/create/form",
        "hotspot_date": "2026-09-16",
        "distance_hgu_km": 2.374,
        "zone": "1–3 km",
        "location_status": "OUTSIDE HGU"
      }
    },
    {
      "type": "Feature",
      "geometry": {
        "type": "Point",
        "coordinates": [
          114.91003,
          -2.66836
        ]
      },
      "properties": {
        "confidence": "medium",
        "confidence_value": null,
        "sumber": "NASA-SNPP",
        "date_hotspot": "Rabu, 16 September 2026 00:43:00",
        "date_hotspot_ori": "2026-09-15T17:43:00.000000Z",
        "provinsi": null,
        "kabkota": "Tapin",
        "desa": "Sawaja",
        "hs_id": "2026-09-15T17:43:00.000000Z",
        "provinsi_id": 12,
        "long": 114.91003,
        "ori_sumber": null,
        "desa_id": null,
        "counter": 2,
        "confidence_level": "medium",
        "kawasan": "",
        "kecamatan": "Candi Laras Utara",
        "nama_provinsi": "Kalimantan Selatan",
        "pulau": "",
        "route_create": "https://opsroom.sipongidata.my.id/daops/laporan/groundcheck/create/form",
        "hotspot_date": "2026-09-16",
        "distance_hgu_km": 2.647,
        "zone": "1–3 km",
        "location_status": "OUTSIDE HGU"
      }
    },
    {
      "type": "Feature",
      "geometry": {
        "type": "Point",
        "coordinates": [
          114.87105,
          -2.81482
        ]
      },
      "properties": {
        "confidence": "medium",
        "confidence_value": null,
        "sumber": "NASA-SNPP",
        "date_hotspot": "Rabu, 16 September 2026 00:43:00",
        "date_hotspot_ori": "2026-09-15T17:43:00.000000Z",
        "provinsi": null,
        "kabkota": "Tapin",
        "desa": "Batalas",
        "hs_id": "2026-09-15T17:43:00.000000Z",
        "provinsi_id": 12,
        "long": 114.87105,
        "ori_sumber": null,
        "desa_id": null,
        "counter": 2,
        "confidence_level": "medium",
        "kawasan": "",
        "kecamatan": "Candi Laras Utara",
        "nama_provinsi": "Kalimantan Selatan",
        "pulau": "",
        "route_create": "https://opsroom.sipongidata.my.id/daops/laporan/groundcheck/create/form",
        "hotspot_date": "2026-09-16",
        "distance_hgu_km": 0.431,
        "zone": "0–1 km",
        "location_status": "OUTSIDE HGU"
      }
    },
    {
      "type": "Feature",
      "geometry": {
        "type": "Point",
        "coordinates": [
          114.8844,
          -2.78379
        ]
      },
      "properties": {
        "confidence": "medium",
        "confidence_value": null,
        "sumber": "NASA-SNPP",
        "date_hotspot": "Rabu, 16 September 2026 00:43:00",
        "date_hotspot_ori": "2026-09-15T17:43:00.000000Z",
        "provinsi": null,
        "kabkota": "Tapin",
        "desa": "Teluk Haur",
        "hs_id": "2026-09-15T17:43:00.000000Z",
        "provinsi_id": 12,
        "long": 114.8844,
        "ori_sumber": null,
        "desa_id": null,
        "counter": 2,
        "confidence_level": "medium",
        "kawasan": "",
        "kecamatan": "Candi Laras Utara",
        "nama_provinsi": "Kalimantan Selatan",
        "pulau": "",
        "route_create": "https://opsroom.sipongidata.my.id/daops/laporan/groundcheck/create/form",
        "hotspot_date": "2026-09-16",
        "distance_hgu_km": 0.894,
        "zone": "0–1 km",
        "location_status": "OUTSIDE HGU"
      }
    },
    {
      "type": "Feature",
      "geometry": {
        "type": "Point",
        "coordinates": [
          114.81029,
          -2.90697
        ]
      },
      "properties": {
        "confidence": "medium",
        "confidence_value": null,
        "sumber": "NASA-NOAA20",
        "date_hotspot": "Selasa, 22 September 2026 00:49:00",
        "date_hotspot_ori": "2026-09-21T17:49:00.000000Z",
        "provinsi": null,
        "kabkota": "Barito Kuala",
        "desa": "Banitan",
        "hs_id": "2026-09-21T17:49:00.000000Z",
        "provinsi_id": 12,
        "long": 114.81029,
        "ori_sumber": null,
        "desa_id": null,
        "counter": 1,
        "confidence_level": "medium",
        "kawasan": "",
        "kecamatan": "Bakumpai",
        "nama_provinsi": "Kalimantan Selatan",
        "pulau": "",
        "route_create": "https://opsroom.sipongidata.my.id/daops/laporan/groundcheck/create/form",
        "hotspot_date": "2026-09-22",
        "distance_hgu_km": 1.416,
        "zone": "1–3 km",
        "location_status": "OUTSIDE HGU"
      }
    },
    {
      "type": "Feature",
      "geometry": {
        "type": "Point",
        "coordinates": [
          114.81079,
          -2.90366
        ]
      },
      "properties": {
        "confidence": "medium",
        "confidence_value": null,
        "sumber": "NASA-NOAA20",
        "date_hotspot": "Selasa, 22 September 2026 00:49:00",
        "date_hotspot_ori": "2026-09-21T17:49:00.000000Z",
        "provinsi": null,
        "kabkota": "Barito Kuala",
        "desa": "Banitan",
        "hs_id": "2026-09-21T17:49:00.000000Z",
        "provinsi_id": 12,
        "long": 114.81079,
        "ori_sumber": null,
        "desa_id": null,
        "counter": 1,
        "confidence_level": "medium",
        "kawasan": "",
        "kecamatan": "Bakumpai",
        "nama_provinsi": "Kalimantan Selatan",
        "pulau": "",
        "route_create": "https://opsroom.sipongidata.my.id/daops/laporan/groundcheck/create/form",
        "hotspot_date": "2026-09-22",
        "distance_hgu_km": 1.511,
        "zone": "1–3 km",
        "location_status": "OUTSIDE HGU"
      }
    },
    {
      "type": "Feature",
      "geometry": {
        "type": "Point",
        "coordinates": [
          114.80735,
          -2.90312
        ]
      },
      "properties": {
        "confidence": "medium",
        "confidence_value": null,
        "sumber": "NASA-NOAA20",
        "date_hotspot": "Selasa, 22 September 2026 00:49:00",
        "date_hotspot_ori": "2026-09-21T17:49:00.000000Z",
        "provinsi": null,
        "kabkota": "Barito Kuala",
        "desa": "Banitan",
        "hs_id": "2026-09-21T17:49:00.000000Z",
        "provinsi_id": 12,
        "long": 114.80735,
        "ori_sumber": null,
        "desa_id": null,
        "counter": 1,
        "confidence_level": "medium",
        "kawasan": "",
        "kecamatan": "Bakumpai",
        "nama_provinsi": "Kalimantan Selatan",
        "pulau": "",
        "route_create": "https://opsroom.sipongidata.my.id/daops/laporan/groundcheck/create/form",
        "hotspot_date": "2026-09-22",
        "distance_hgu_km": 1.886,
        "zone": "1–3 km",
        "location_status": "OUTSIDE HGU"
      }
    },
    {
      "type": "Feature",
      "geometry": {
        "type": "Point",
        "coordinates": [
          114.77313,
          -2.9479
        ]
      },
      "properties": {
        "confidence": "medium",
        "confidence_value": null,
        "sumber": "NASA-SNPP",
        "date_hotspot": "Selasa, 22 September 2026 13:10:00",
        "date_hotspot_ori": "2026-09-22T06:10:00.000000Z",
        "provinsi": null,
        "kabkota": "Barito Kuala",
        "desa": "Sungai Selirik",
        "hs_id": "2026-09-22T06:10:00.000000Z",
        "provinsi_id": 12,
        "long": 114.77313,
        "ori_sumber": null,
        "desa_id": null,
        "counter": 1,
        "confidence_level": "medium",
        "kawasan": "",
        "kecamatan": "Bakumpai",
        "nama_provinsi": "Kalimantan Selatan",
        "pulau": "",
        "route_create": "https://opsroom.sipongidata.my.id/daops/laporan/groundcheck/create/form",
        "hotspot_date": "2026-09-22",
        "distance_hgu_km": 4.781,
        "zone": "3–5 km",
        "location_status": "OUTSIDE HGU"
      }
    },
    {
      "type": "Feature",
      "geometry": {
        "type": "Point",
        "coordinates": [
          114.90374,
          -2.68059
        ]
      },
      "properties": {
        "confidence": "medium",
        "confidence_value": null,
        "sumber": "NASA-NOAA20",
        "date_hotspot": "Selasa, 22 September 2026 13:29:00",
        "date_hotspot_ori": "2026-09-22T06:29:00.000000Z",
        "provinsi": null,
        "kabkota": "Tapin",
        "desa": "Sawaja",
        "hs_id": "2026-09-22T06:29:00.000000Z",
        "provinsi_id": 12,
        "long": 114.90374,
        "ori_sumber": null,
        "desa_id": null,
        "counter": 5,
        "confidence_level": "medium",
        "kawasan": "",
        "kecamatan": "Candi Laras Utara",
        "nama_provinsi": "Kalimantan Selatan",
        "pulau": "",
        "route_create": "https://opsroom.sipongidata.my.id/daops/laporan/groundcheck/create/form",
        "hotspot_date": "2026-09-22",
        "distance_hgu_km": 1.455,
        "zone": "1–3 km",
        "location_status": "OUTSIDE HGU"
      }
    },
    {
      "type": "Feature",
      "geometry": {
        "type": "Point",
        "coordinates": [
          114.90725,
          -2.67999
        ]
      },
      "properties": {
        "confidence": "medium",
        "confidence_value": null,
        "sumber": "NASA-NOAA20",
        "date_hotspot": "Selasa, 22 September 2026 13:29:00",
        "date_hotspot_ori": "2026-09-22T06:29:00.000000Z",
        "provinsi": null,
        "kabkota": "Tapin",
        "desa": "Sawaja",
        "hs_id": "2026-09-22T06:29:00.000000Z",
        "provinsi_id": 12,
        "long": 114.90725,
        "ori_sumber": null,
        "desa_id": null,
        "counter": 5,
        "confidence_level": "medium",
        "kawasan": "",
        "kecamatan": "Candi Laras Utara",
        "nama_provinsi": "Kalimantan Selatan",
        "pulau": "",
        "route_create": "https://opsroom.sipongidata.my.id/daops/laporan/groundcheck/create/form",
        "hotspot_date": "2026-09-22",
        "distance_hgu_km": 1.389,
        "zone": "1–3 km",
        "location_status": "OUTSIDE HGU"
      }
    },
    {
      "type": "Feature",
      "geometry": {
        "type": "Point",
        "coordinates": [
          114.89123,
          -2.85181
        ]
      },
      "properties": {
        "confidence": "medium",
        "confidence_value": null,
        "sumber": "NASA-NOAA20",
        "date_hotspot": "Selasa, 22 September 2026 13:29:00",
        "date_hotspot_ori": "2026-09-22T06:29:00.000000Z",
        "provinsi": null,
        "kabkota": "Tapin",
        "desa": "Margasari Hulu",
        "hs_id": "2026-09-22T06:29:00.000000Z",
        "provinsi_id": 12,
        "long": 114.89123,
        "ori_sumber": null,
        "desa_id": null,
        "counter": 3,
        "confidence_level": "medium",
        "kawasan": "",
        "kecamatan": "Candi Laras Selatan",
        "nama_provinsi": "Kalimantan Selatan",
        "pulau": "",
        "route_create": "https://opsroom.sipongidata.my.id/daops/laporan/groundcheck/create/form",
        "hotspot_date": "2026-09-22",
        "distance_hgu_km": 0.565,
        "zone": "0–1 km",
        "location_status": "OUTSIDE HGU"
      }
    },
    {
      "type": "Feature",
      "geometry": {
        "type": "Point",
        "coordinates": [
          114.90182,
          -2.6774
        ]
      },
      "properties": {
        "confidence": "medium",
        "confidence_value": null,
        "sumber": "NASA-SNPP",
        "date_hotspot": "Rabu, 23 September 2026 00:11:00",
        "date_hotspot_ori": "2026-09-22T17:11:00.000000Z",
        "provinsi": null,
        "kabkota": "Tapin",
        "desa": "Sawaja",
        "hs_id": "2026-09-22T17:11:00.000000Z",
        "provinsi_id": 12,
        "long": 114.90182,
        "ori_sumber": null,
        "desa_id": null,
        "counter": 6,
        "confidence_level": "medium",
        "kawasan": "",
        "kecamatan": "Candi Laras Utara",
        "nama_provinsi": "Kalimantan Selatan",
        "pulau": "",
        "route_create": "https://opsroom.sipongidata.my.id/daops/laporan/groundcheck/create/form",
        "hotspot_date": "2026-09-23",
        "distance_hgu_km": 1.866,
        "zone": "1–3 km",
        "location_status": "OUTSIDE HGU"
      }
    },
    {
      "type": "Feature",
      "geometry": {
        "type": "Point",
        "coordinates": [
          114.89745,
          -2.83881
        ]
      },
      "properties": {
        "confidence": "medium",
        "confidence_value": null,
        "sumber": "NASA-NOAA20",
        "date_hotspot": "Kamis, 24 September 2026 00:13:00",
        "date_hotspot_ori": "2026-09-23T17:13:00.000000Z",
        "provinsi": null,
        "kabkota": "Tapin",
        "desa": "Baulin",
        "hs_id": "2026-09-23T17:13:00.000000Z",
        "provinsi_id": 12,
        "long": 114.89745,
        "ori_sumber": null,
        "desa_id": null,
        "counter": 5,
        "confidence_level": "medium",
        "kawasan": "",
        "kecamatan": "Candi Laras Selatan",
        "nama_provinsi": "Kalimantan Selatan",
        "pulau": "",
        "route_create": "https://opsroom.sipongidata.my.id/daops/laporan/groundcheck/create/form",
        "hotspot_date": "2026-09-24",
        "distance_hgu_km": 1.212,
        "zone": "1–3 km",
        "location_status": "OUTSIDE HGU"
      }
    },
    {
      "type": "Feature",
      "geometry": {
        "type": "Point",
        "coordinates": [
          114.90345,
          -2.67928
        ]
      },
      "properties": {
        "confidence": "medium",
        "confidence_value": null,
        "sumber": "NASA-SNPP",
        "date_hotspot": "Kamis, 24 September 2026 01:34:00",
        "date_hotspot_ori": "2026-09-23T18:34:00.000000Z",
        "provinsi": null,
        "kabkota": "Tapin",
        "desa": "Sawaja",
        "hs_id": "2026-09-23T18:34:00.000000Z",
        "provinsi_id": 12,
        "long": 114.90345,
        "ori_sumber": null,
        "desa_id": null,
        "counter": 7,
        "confidence_level": "medium",
        "kawasan": "",
        "kecamatan": "Candi Laras Utara",
        "nama_provinsi": "Kalimantan Selatan",
        "pulau": "",
        "route_create": "https://opsroom.sipongidata.my.id/daops/laporan/groundcheck/create/form",
        "hotspot_date": "2026-09-24",
        "distance_hgu_km": 1.599,
        "zone": "1–3 km",
        "location_status": "OUTSIDE HGU"
      }
    },
    {
      "type": "Feature",
      "geometry": {
        "type": "Point",
        "coordinates": [
          114.88639,
          -2.89669
        ]
      },
      "properties": {
        "confidence": "medium",
        "confidence_value": null,
        "sumber": "NASA-SNPP",
        "date_hotspot": "Kamis, 24 September 2026 12:33:00",
        "date_hotspot_ori": "2026-09-24T05:33:00.000000Z",
        "provinsi": null,
        "kabkota": "Tapin",
        "desa": "Pariok",
        "hs_id": "2026-09-24T05:33:00.000000Z",
        "provinsi_id": 12,
        "long": 114.88639,
        "ori_sumber": null,
        "desa_id": null,
        "counter": 1,
        "confidence_level": "medium",
        "kawasan": "",
        "kecamatan": "Candi Laras Utara",
        "nama_provinsi": "Kalimantan Selatan",
        "pulau": "",
        "route_create": "https://opsroom.sipongidata.my.id/daops/laporan/groundcheck/create/form",
        "hotspot_date": "2026-09-24",
        "distance_hgu_km": 1.269,
        "zone": "1–3 km",
        "location_status": "OUTSIDE HGU"
      }
    },
    {
      "type": "Feature",
      "geometry": {
        "type": "Point",
        "coordinates": [
          114.88765,
          -2.89528
        ]
      },
      "properties": {
        "confidence": "medium",
        "confidence_value": null,
        "sumber": "NASA-SNPP",
        "date_hotspot": "Kamis, 24 September 2026 12:33:00",
        "date_hotspot_ori": "2026-09-24T05:33:00.000000Z",
        "provinsi": null,
        "kabkota": "Tapin",
        "desa": "Pariok",
        "hs_id": "2026-09-24T05:33:00.000000Z",
        "provinsi_id": 12,
        "long": 114.88765,
        "ori_sumber": null,
        "desa_id": null,
        "counter": 1,
        "confidence_level": "medium",
        "kawasan": "",
        "kecamatan": "Candi Laras Utara",
        "nama_provinsi": "Kalimantan Selatan",
        "pulau": "",
        "route_create": "https://opsroom.sipongidata.my.id/daops/laporan/groundcheck/create/form",
        "hotspot_date": "2026-09-24",
        "distance_hgu_km": 1.343,
        "zone": "1–3 km",
        "location_status": "OUTSIDE HGU"
      }
    },
    {
      "type": "Feature",
      "geometry": {
        "type": "Point",
        "coordinates": [
          114.97729,
          -2.74882
        ]
      },
      "properties": {
        "confidence": "medium",
        "confidence_value": null,
        "sumber": "NASA-NOAA20",
        "date_hotspot": "Kamis, 24 September 2026 12:53:00",
        "date_hotspot_ori": "2026-09-24T05:53:00.000000Z",
        "provinsi": null,
        "kabkota": "Tapin",
        "desa": "Sawaja",
        "hs_id": "2026-09-24T05:53:00.000000Z",
        "provinsi_id": 12,
        "long": 114.97729,
        "ori_sumber": null,
        "desa_id": null,
        "counter": 1,
        "confidence_level": "medium",
        "kawasan": "",
        "kecamatan": "Candi Laras Utara",
        "nama_provinsi": "Kalimantan Selatan",
        "pulau": "",
        "route_create": "https://opsroom.sipongidata.my.id/daops/laporan/groundcheck/create/form",
        "hotspot_date": "2026-09-24",
        "distance_hgu_km": 2.403,
        "zone": "1–3 km",
        "location_status": "OUTSIDE HGU"
      }
    },
    {
      "type": "Feature",
      "geometry": {
        "type": "Point",
        "coordinates": [
          114.90105,
          -2.68188
        ]
      },
      "properties": {
        "confidence": "medium",
        "confidence_value": null,
        "sumber": "NASA-SNPP",
        "date_hotspot": "Jumat, 25 September 2026 01:15:00",
        "date_hotspot_ori": "2026-09-24T18:15:00.000000Z",
        "provinsi": null,
        "kabkota": "Tapin",
        "desa": "Buas-Buas",
        "hs_id": "2026-09-24T18:15:00.000000Z",
        "provinsi_id": 12,
        "long": 114.90105,
        "ori_sumber": null,
        "desa_id": null,
        "counter": 8,
        "confidence_level": "medium",
        "kawasan": "",
        "kecamatan": "Candi Laras Utara",
        "nama_provinsi": "Kalimantan Selatan",
        "pulau": "",
        "route_create": "https://opsroom.sipongidata.my.id/daops/laporan/groundcheck/create/form",
        "hotspot_date": "2026-09-25",
        "distance_hgu_km": 1.5,
        "zone": "1–3 km",
        "location_status": "OUTSIDE HGU"
      }
    },
    {
      "type": "Feature",
      "geometry": {
        "type": "Point",
        "coordinates": [
          114.90166,
          -2.67786
        ]
      },
      "properties": {
        "confidence": "medium",
        "confidence_value": null,
        "sumber": "NASA-SNPP",
        "date_hotspot": "Jumat, 25 September 2026 01:15:00",
        "date_hotspot_ori": "2026-09-24T18:15:00.000000Z",
        "provinsi": null,
        "kabkota": "Tapin",
        "desa": "Sawaja",
        "hs_id": "2026-09-24T18:15:00.000000Z",
        "provinsi_id": 12,
        "long": 114.90166,
        "ori_sumber": null,
        "desa_id": null,
        "counter": 8,
        "confidence_level": "medium",
        "kawasan": "",
        "kecamatan": "Candi Laras Utara",
        "nama_provinsi": "Kalimantan Selatan",
        "pulau": "",
        "route_create": "https://opsroom.sipongidata.my.id/daops/laporan/groundcheck/create/form",
        "hotspot_date": "2026-09-25",
        "distance_hgu_km": 1.83,
        "zone": "1–3 km",
        "location_status": "OUTSIDE HGU"
      }
    },
    {
      "type": "Feature",
      "geometry": {
        "type": "Point",
        "coordinates": [
          114.89237,
          -2.90405
        ]
      },
      "properties": {
        "confidence": "medium",
        "confidence_value": null,
        "sumber": "NASA-NOAA20",
        "date_hotspot": "Sabtu, 26 September 2026 12:14:00",
        "date_hotspot_ori": "2026-09-26T05:14:00.000000Z",
        "provinsi": null,
        "kabkota": "Tapin",
        "desa": "Pariok",
        "hs_id": "2026-09-26T05:14:00.000000Z",
        "provinsi_id": 12,
        "long": 114.89237,
        "ori_sumber": null,
        "desa_id": null,
        "counter": 1,
        "confidence_level": "medium",
        "kawasan": "",
        "kecamatan": "Candi Laras Utara",
        "nama_provinsi": "Kalimantan Selatan",
        "pulau": "",
        "route_create": "https://opsroom.sipongidata.my.id/daops/laporan/groundcheck/create/form",
        "hotspot_date": "2026-09-26",
        "distance_hgu_km": 2.185,
        "zone": "1–3 km",
        "location_status": "OUTSIDE HGU"
      }
    },
    {
      "type": "Feature",
      "geometry": {
        "type": "Point",
        "coordinates": [
          114.93434,
          -2.65458
        ]
      },
      "properties": {
        "confidence": "medium",
        "confidence_value": null,
        "sumber": "NASA-SNPP",
        "date_hotspot": "Minggu, 06 September 2026 00:32:00",
        "date_hotspot_ori": "2026-09-05T17:32:00.000000Z",
        "provinsi": null,
        "kabkota": "Tapin",
        "desa": "Sawaja",
        "hs_id": "2026-09-05T17:32:00.000000Z",
        "provinsi_id": 12,
        "long": 114.93434,
        "ori_sumber": null,
        "desa_id": null,
        "counter": 7,
        "confidence_level": "medium",
        "kawasan": "",
        "kecamatan": "Candi Laras Utara",
        "nama_provinsi": "Kalimantan Selatan",
        "pulau": "",
        "route_create": "https://opsroom.sipongidata.my.id/daops/laporan/groundcheck/create/form",
        "hotspot_date": "2026-09-06",
        "distance_hgu_km": 4.177,
        "zone": "3–5 km",
        "location_status": "OUTSIDE HGU"
      }
    },
    {
      "type": "Feature",
      "geometry": {
        "type": "Point",
        "coordinates": [
          114.92947,
          -2.65827
        ]
      },
      "properties": {
        "confidence": "medium",
        "confidence_value": null,
        "sumber": "NASA-SNPP",
        "date_hotspot": "Minggu, 06 September 2026 00:32:00",
        "date_hotspot_ori": "2026-09-05T17:32:00.000000Z",
        "provinsi": null,
        "kabkota": "Tapin",
        "desa": "Sawaja",
        "hs_id": "2026-09-05T17:32:00.000000Z",
        "provinsi_id": 12,
        "long": 114.92947,
        "ori_sumber": null,
        "desa_id": null,
        "counter": 7,
        "confidence_level": "medium",
        "kawasan": "",
        "kecamatan": "Candi Laras Utara",
        "nama_provinsi": "Kalimantan Selatan",
        "pulau": "",
        "route_create": "https://opsroom.sipongidata.my.id/daops/laporan/groundcheck/create/form",
        "hotspot_date": "2026-09-06",
        "distance_hgu_km": 3.77,
        "zone": "3–5 km",
        "location_status": "OUTSIDE HGU"
      }
    },
    {
      "type": "Feature",
      "geometry": {
        "type": "Point",
        "coordinates": [
          114.92522,
          -2.65319
        ]
      },
      "properties": {
        "confidence": "medium",
        "confidence_value": null,
        "sumber": "NASA-NOAA20",
        "date_hotspot": "Minggu, 06 September 2026 00:49:00",
        "date_hotspot_ori": "2026-09-05T17:49:00.000000Z",
        "provinsi": null,
        "kabkota": "Tapin",
        "desa": "Sawaja",
        "hs_id": "2026-09-05T17:49:00.000000Z",
        "provinsi_id": 12,
        "long": 114.92522,
        "ori_sumber": null,
        "desa_id": null,
        "counter": 5,
        "confidence_level": "medium",
        "kawasan": "",
        "kecamatan": "Candi Laras Utara",
        "nama_provinsi": "Kalimantan Selatan",
        "pulau": "",
        "route_create": "https://opsroom.sipongidata.my.id/daops/laporan/groundcheck/create/form",
        "hotspot_date": "2026-09-06",
        "distance_hgu_km": 4.328,
        "zone": "3–5 km",
        "location_status": "OUTSIDE HGU"
      }
    },
    {
      "type": "Feature",
      "geometry": {
        "type": "Point",
        "coordinates": [
          114.9247,
          -2.6565
        ]
      },
      "properties": {
        "confidence": "medium",
        "confidence_value": null,
        "sumber": "NASA-NOAA20",
        "date_hotspot": "Minggu, 06 September 2026 00:49:00",
        "date_hotspot_ori": "2026-09-05T17:49:00.000000Z",
        "provinsi": null,
        "kabkota": "Tapin",
        "desa": "Sawaja",
        "hs_id": "2026-09-05T17:49:00.000000Z",
        "provinsi_id": 12,
        "long": 114.9247,
        "ori_sumber": null,
        "desa_id": null,
        "counter": 5,
        "confidence_level": "medium",
        "kawasan": "",
        "kecamatan": "Candi Laras Utara",
        "nama_provinsi": "Kalimantan Selatan",
        "pulau": "",
        "route_create": "https://opsroom.sipongidata.my.id/daops/laporan/groundcheck/create/form",
        "hotspot_date": "2026-09-06",
        "distance_hgu_km": 3.961,
        "zone": "3–5 km",
        "location_status": "OUTSIDE HGU"
      }
    },
    {
      "type": "Feature",
      "geometry": {
        "type": "Point",
        "coordinates": [
          114.93554,
          -2.65482
        ]
      },
      "properties": {
        "confidence": "medium",
        "confidence_value": null,
        "sumber": "NASA-NOAA20",
        "date_hotspot": "Minggu, 06 September 2026 00:49:00",
        "date_hotspot_ori": "2026-09-05T17:49:00.000000Z",
        "provinsi": null,
        "kabkota": "Tapin",
        "desa": "Sawaja",
        "hs_id": "2026-09-05T17:49:00.000000Z",
        "provinsi_id": 12,
        "long": 114.93554,
        "ori_sumber": null,
        "desa_id": null,
        "counter": 8,
        "confidence_level": "medium",
        "kawasan": "",
        "kecamatan": "Candi Laras Utara",
        "nama_provinsi": "Kalimantan Selatan",
        "pulau": "",
        "route_create": "https://opsroom.sipongidata.my.id/daops/laporan/groundcheck/create/form",
        "hotspot_date": "2026-09-06",
        "distance_hgu_km": 4.15,
        "zone": "3–5 km",
        "location_status": "OUTSIDE HGU"
      }
    },
    {
      "type": "Feature",
      "geometry": {
        "type": "Point",
        "coordinates": [
          114.96894,
          -2.75534
        ]
      },
      "properties": {
        "confidence": "medium",
        "confidence_value": null,
        "sumber": "NASA-NOAA20",
        "date_hotspot": "Minggu, 06 September 2026 00:49:00",
        "date_hotspot_ori": "2026-09-05T17:49:00.000000Z",
        "provinsi": null,
        "kabkota": "Tapin",
        "desa": "Buas-Buas",
        "hs_id": "2026-09-05T17:49:00.000000Z",
        "provinsi_id": 12,
        "long": 114.96894,
        "ori_sumber": null,
        "desa_id": null,
        "counter": 1,
        "confidence_level": "medium",
        "kawasan": "",
        "kecamatan": "Candi Laras Utara",
        "nama_provinsi": "Kalimantan Selatan",
        "pulau": "",
        "route_create": "https://opsroom.sipongidata.my.id/daops/laporan/groundcheck/create/form",
        "hotspot_date": "2026-09-06",
        "distance_hgu_km": 2.238,
        "zone": "1–3 km",
        "location_status": "OUTSIDE HGU"
      }
    },
    {
      "type": "Feature",
      "geometry": {
        "type": "Point",
        "coordinates": [
          114.90453,
          -2.67947
        ]
      },
      "properties": {
        "confidence": "medium",
        "confidence_value": null,
        "sumber": "NASA-SNPP",
        "date_hotspot": "Sabtu, 19 September 2026 12:25:00",
        "date_hotspot_ori": "2026-09-19T05:25:00.000000Z",
        "provinsi": null,
        "kabkota": "Tapin",
        "desa": "Sawaja",
        "hs_id": "2026-09-19T05:25:00.000000Z",
        "provinsi_id": 12,
        "long": 114.90453,
        "ori_sumber": null,
        "desa_id": null,
        "counter": 2,
        "confidence_level": "medium",
        "kawasan": "",
        "kecamatan": "Candi Laras Utara",
        "nama_provinsi": "Kalimantan Selatan",
        "pulau": "",
        "route_create": "https://opsroom.sipongidata.my.id/daops/laporan/groundcheck/create/form",
        "hotspot_date": "2026-09-19",
        "distance_hgu_km": 1.531,
        "zone": "1–3 km",
        "location_status": "OUTSIDE HGU"
      }
    },
    {
      "type": "Feature",
      "geometry": {
        "type": "Point",
        "coordinates": [
          114.95171,
          -2.65012
        ]
      },
      "properties": {
        "confidence": "medium",
        "confidence_value": null,
        "sumber": "NASA-NOAA20",
        "date_hotspot": "Minggu, 20 September 2026 01:28:00",
        "date_hotspot_ori": "2026-09-19T18:28:00.000000Z",
        "provinsi": null,
        "kabkota": "Hulu Sungai Selatan",
        "desa": "Baru",
        "hs_id": "2026-09-19T18:28:00.000000Z",
        "provinsi_id": 12,
        "long": 114.95171,
        "ori_sumber": null,
        "desa_id": null,
        "counter": 3,
        "confidence_level": "medium",
        "kawasan": "",
        "kecamatan": "Daha Barat",
        "nama_provinsi": "Kalimantan Selatan",
        "pulau": "",
        "route_create": "https://opsroom.sipongidata.my.id/daops/laporan/groundcheck/create/form",
        "hotspot_date": "2026-09-20",
        "distance_hgu_km": 4.68,
        "zone": "3–5 km",
        "location_status": "OUTSIDE HGU"
      }
    },
    {
      "type": "Feature",
      "geometry": {
        "type": "Point",
        "coordinates": [
          114.90601,
          -2.67182
        ]
      },
      "properties": {
        "confidence": "medium",
        "confidence_value": null,
        "sumber": "NASA-NOAA20",
        "date_hotspot": "Minggu, 20 September 2026 01:28:00",
        "date_hotspot_ori": "2026-09-19T18:28:00.000000Z",
        "provinsi": null,
        "kabkota": "Tapin",
        "desa": "Sawaja",
        "hs_id": "2026-09-19T18:28:00.000000Z",
        "provinsi_id": 12,
        "long": 114.90601,
        "ori_sumber": null,
        "desa_id": null,
        "counter": 3,
        "confidence_level": "medium",
        "kawasan": "",
        "kecamatan": "Candi Laras Utara",
        "nama_provinsi": "Kalimantan Selatan",
        "pulau": "",
        "route_create": "https://opsroom.sipongidata.my.id/daops/laporan/groundcheck/create/form",
        "hotspot_date": "2026-09-20",
        "distance_hgu_km": 2.303,
        "zone": "1–3 km",
        "location_status": "OUTSIDE HGU"
      }
    },
    {
      "type": "Feature",
      "geometry": {
        "type": "Point",
        "coordinates": [
          114.88441,
          -2.81458
        ]
      },
      "properties": {
        "confidence": "medium",
        "confidence_value": null,
        "sumber": "NASA-SNPP",
        "date_hotspot": "Jumat, 11 September 2026 00:39:00",
        "date_hotspot_ori": "2026-09-10T17:39:00.000000Z",
        "provinsi": null,
        "kabkota": "Tapin",
        "desa": "Batalas",
        "hs_id": "2026-09-10T17:39:00.000000Z",
        "provinsi_id": 12,
        "long": 114.88441,
        "ori_sumber": null,
        "desa_id": null,
        "counter": 1,
        "confidence_level": "medium",
        "kawasan": "",
        "kecamatan": "Candi Laras Utara",
        "nama_provinsi": "Kalimantan Selatan",
        "pulau": "",
        "route_create": "https://opsroom.sipongidata.my.id/daops/laporan/groundcheck/create/form",
        "hotspot_date": "2026-09-11",
        "distance_hgu_km": 1.881,
        "zone": "1–3 km",
        "location_status": "OUTSIDE HGU"
      }
    },
    {
      "type": "Feature",
      "geometry": {
        "type": "Point",
        "coordinates": [
          114.88976,
          -2.83171
        ]
      },
      "properties": {
        "confidence": "medium",
        "confidence_value": null,
        "sumber": "NASA-NOAA20",
        "date_hotspot": "Jumat, 11 September 2026 00:56:00",
        "date_hotspot_ori": "2026-09-10T17:56:00.000000Z",
        "provinsi": null,
        "kabkota": "Tapin",
        "desa": "Batalas",
        "hs_id": "2026-09-10T17:56:00.000000Z",
        "provinsi_id": 12,
        "long": 114.88976,
        "ori_sumber": null,
        "desa_id": null,
        "counter": 1,
        "confidence_level": "medium",
        "kawasan": "",
        "kecamatan": "Candi Laras Utara",
        "nama_provinsi": "Kalimantan Selatan",
        "pulau": "",
        "route_create": "https://opsroom.sipongidata.my.id/daops/laporan/groundcheck/create/form",
        "hotspot_date": "2026-09-11",
        "distance_hgu_km": 0.592,
        "zone": "0–1 km",
        "location_status": "OUTSIDE HGU"
      }
    },
    {
      "type": "Feature",
      "geometry": {
        "type": "Point",
        "coordinates": [
          114.8903,
          -2.82828
        ]
      },
      "properties": {
        "confidence": "medium",
        "confidence_value": null,
        "sumber": "NASA-NOAA20",
        "date_hotspot": "Jumat, 11 September 2026 00:56:00",
        "date_hotspot_ori": "2026-09-10T17:56:00.000000Z",
        "provinsi": null,
        "kabkota": "Tapin",
        "desa": "Batalas",
        "hs_id": "2026-09-10T17:56:00.000000Z",
        "provinsi_id": 12,
        "long": 114.8903,
        "ori_sumber": null,
        "desa_id": null,
        "counter": 1,
        "confidence_level": "medium",
        "kawasan": "",
        "kecamatan": "Candi Laras Utara",
        "nama_provinsi": "Kalimantan Selatan",
        "pulau": "",
        "route_create": "https://opsroom.sipongidata.my.id/daops/laporan/groundcheck/create/form",
        "hotspot_date": "2026-09-11",
        "distance_hgu_km": 0.949,
        "zone": "0–1 km",
        "location_status": "OUTSIDE HGU"
      }
    },
    {
      "type": "Feature",
      "geometry": {
        "type": "Point",
        "coordinates": [
          114.88658,
          -2.8277
        ]
      },
      "properties": {
        "confidence": "medium",
        "confidence_value": null,
        "sumber": "NASA-NOAA20",
        "date_hotspot": "Jumat, 11 September 2026 00:56:00",
        "date_hotspot_ori": "2026-09-10T17:56:00.000000Z",
        "provinsi": null,
        "kabkota": "Tapin",
        "desa": "Batalas",
        "hs_id": "2026-09-10T17:56:00.000000Z",
        "provinsi_id": 12,
        "long": 114.88658,
        "ori_sumber": null,
        "desa_id": null,
        "counter": 1,
        "confidence_level": "medium",
        "kawasan": "",
        "kecamatan": "Candi Laras Utara",
        "nama_provinsi": "Kalimantan Selatan",
        "pulau": "",
        "route_create": "https://opsroom.sipongidata.my.id/daops/laporan/groundcheck/create/form",
        "hotspot_date": "2026-09-11",
        "distance_hgu_km": 0.918,
        "zone": "0–1 km",
        "location_status": "OUTSIDE HGU"
      }
    },
    {
      "type": "Feature",
      "geometry": {
        "type": "Point",
        "coordinates": [
          114.88712,
          -2.82427
        ]
      },
      "properties": {
        "confidence": "medium",
        "confidence_value": null,
        "sumber": "NASA-NOAA20",
        "date_hotspot": "Jumat, 11 September 2026 00:56:00",
        "date_hotspot_ori": "2026-09-10T17:56:00.000000Z",
        "provinsi": null,
        "kabkota": "Tapin",
        "desa": "Batalas",
        "hs_id": "2026-09-10T17:56:00.000000Z",
        "provinsi_id": 12,
        "long": 114.88712,
        "ori_sumber": null,
        "desa_id": null,
        "counter": 1,
        "confidence_level": "medium",
        "kawasan": "",
        "kecamatan": "Candi Laras Utara",
        "nama_provinsi": "Kalimantan Selatan",
        "pulau": "",
        "route_create": "https://opsroom.sipongidata.my.id/daops/laporan/groundcheck/create/form",
        "hotspot_date": "2026-09-11",
        "distance_hgu_km": 1.299,
        "zone": "1–3 km",
        "location_status": "OUTSIDE HGU"
      }
    },
    {
      "type": "Feature",
      "geometry": {
        "type": "Point",
        "coordinates": [
          114.86932,
          -2.82463
        ]
      },
      "properties": {
        "confidence": "medium",
        "confidence_value": null,
        "sumber": "NASA-SNPP",
        "date_hotspot": "Jumat, 11 September 2026 13:16:00",
        "date_hotspot_ori": "2026-09-11T06:16:00.000000Z",
        "provinsi": null,
        "kabkota": "Tapin",
        "desa": "Batalas",
        "hs_id": "2026-09-11T06:16:00.000000Z",
        "provinsi_id": 12,
        "long": 114.86932,
        "ori_sumber": null,
        "desa_id": null,
        "counter": 1,
        "confidence_level": "medium",
        "kawasan": "",
        "kecamatan": "Candi Laras Utara",
        "nama_provinsi": "Kalimantan Selatan",
        "pulau": "",
        "route_create": "https://opsroom.sipongidata.my.id/daops/laporan/groundcheck/create/form",
        "hotspot_date": "2026-09-11",
        "distance_hgu_km": 0.56,
        "zone": "0–1 km",
        "location_status": "OUTSIDE HGU"
      }
    },
    {
      "type": "Feature",
      "geometry": {
        "type": "Point",
        "coordinates": [
          114.87486,
          -2.82778
        ]
      },
      "properties": {
        "confidence": "medium",
        "confidence_value": null,
        "sumber": "NASA-SNPP",
        "date_hotspot": "Jumat, 11 September 2026 13:16:00",
        "date_hotspot_ori": "2026-09-11T06:16:00.000000Z",
        "provinsi": null,
        "kabkota": "Tapin",
        "desa": "Batalas",
        "hs_id": "2026-09-11T06:16:00.000000Z",
        "provinsi_id": 12,
        "long": 114.87486,
        "ori_sumber": null,
        "desa_id": null,
        "counter": 1,
        "confidence_level": "medium",
        "kawasan": "",
        "kecamatan": "Candi Laras Utara",
        "nama_provinsi": "Kalimantan Selatan",
        "pulau": "",
        "route_create": "https://opsroom.sipongidata.my.id/daops/laporan/groundcheck/create/form",
        "hotspot_date": "2026-09-11",
        "distance_hgu_km": 0.664,
        "zone": "0–1 km",
        "location_status": "OUTSIDE HGU"
      }
    },
    {
      "type": "Feature",
      "geometry": {
        "type": "Point",
        "coordinates": [
          114.88905,
          -2.82157
        ]
      },
      "properties": {
        "confidence": "medium",
        "confidence_value": null,
        "sumber": "NASA-SNPP",
        "date_hotspot": "Jumat, 11 September 2026 13:16:00",
        "date_hotspot_ori": "2026-09-11T06:16:00.000000Z",
        "provinsi": null,
        "kabkota": "Tapin",
        "desa": "Batalas",
        "hs_id": "2026-09-11T06:16:00.000000Z",
        "provinsi_id": 12,
        "long": 114.88905,
        "ori_sumber": null,
        "desa_id": null,
        "counter": 1,
        "confidence_level": "medium",
        "kawasan": "",
        "kecamatan": "Candi Laras Utara",
        "nama_provinsi": "Kalimantan Selatan",
        "pulau": "",
        "route_create": "https://opsroom.sipongidata.my.id/daops/laporan/groundcheck/create/form",
        "hotspot_date": "2026-09-11",
        "distance_hgu_km": 1.619,
        "zone": "1–3 km",
        "location_status": "OUTSIDE HGU"
      }
    },
    {
      "type": "Feature",
      "geometry": {
        "type": "Point",
        "coordinates": [
          114.87663,
          -2.83068
        ]
      },
      "properties": {
        "confidence": "medium",
        "confidence_value": null,
        "sumber": "NASA-NOAA20",
        "date_hotspot": "Jumat, 11 September 2026 13:35:00",
        "date_hotspot_ori": "2026-09-11T06:35:00.000000Z",
        "provinsi": null,
        "kabkota": "Tapin",
        "desa": "Batalas",
        "hs_id": "2026-09-11T06:35:00.000000Z",
        "provinsi_id": 12,
        "long": 114.87663,
        "ori_sumber": null,
        "desa_id": null,
        "counter": 1,
        "confidence_level": "medium",
        "kawasan": "",
        "kecamatan": "Candi Laras Utara",
        "nama_provinsi": "Kalimantan Selatan",
        "pulau": "",
        "route_create": "https://opsroom.sipongidata.my.id/daops/laporan/groundcheck/create/form",
        "hotspot_date": "2026-09-11",
        "distance_hgu_km": 0.339,
        "zone": "0–1 km",
        "location_status": "OUTSIDE HGU"
      }
    },
    {
      "type": "Feature",
      "geometry": {
        "type": "Point",
        "coordinates": [
          114.8937,
          -2.82164
        ]
      },
      "properties": {
        "confidence": "medium",
        "confidence_value": null,
        "sumber": "NASA-NOAA20",
        "date_hotspot": "Jumat, 11 September 2026 13:35:00",
        "date_hotspot_ori": "2026-09-11T06:35:00.000000Z",
        "provinsi": null,
        "kabkota": "Tapin",
        "desa": "Batalas",
        "hs_id": "2026-09-11T06:35:00.000000Z",
        "provinsi_id": 12,
        "long": 114.8937,
        "ori_sumber": null,
        "desa_id": null,
        "counter": 1,
        "confidence_level": "medium",
        "kawasan": "",
        "kecamatan": "Candi Laras Utara",
        "nama_provinsi": "Kalimantan Selatan",
        "pulau": "",
        "route_create": "https://opsroom.sipongidata.my.id/daops/laporan/groundcheck/create/form",
        "hotspot_date": "2026-09-11",
        "distance_hgu_km": 1.775,
        "zone": "1–3 km",
        "location_status": "OUTSIDE HGU"
      }
    },
    {
      "type": "Feature",
      "geometry": {
        "type": "Point",
        "coordinates": [
          114.87213,
          -2.83142
        ]
      },
      "properties": {
        "confidence": "medium",
        "confidence_value": null,
        "sumber": "NASA-NOAA20",
        "date_hotspot": "Jumat, 11 September 2026 13:35:00",
        "date_hotspot_ori": "2026-09-11T06:35:00.000000Z",
        "provinsi": null,
        "kabkota": "Tapin",
        "desa": "Batalas",
        "hs_id": "2026-09-11T06:35:00.000000Z",
        "provinsi_id": 12,
        "long": 114.87213,
        "ori_sumber": null,
        "desa_id": null,
        "counter": 1,
        "confidence_level": "medium",
        "kawasan": "",
        "kecamatan": "Candi Laras Utara",
        "nama_provinsi": "Kalimantan Selatan",
        "pulau": "",
        "route_create": "https://opsroom.sipongidata.my.id/daops/laporan/groundcheck/create/form",
        "hotspot_date": "2026-09-11",
        "distance_hgu_km": 0.261,
        "zone": "0–1 km",
        "location_status": "OUTSIDE HGU"
      }
    },
    {
      "type": "Feature",
      "geometry": {
        "type": "Point",
        "coordinates": [
          114.87568,
          -2.82464
        ]
      },
      "properties": {
        "confidence": "medium",
        "confidence_value": null,
        "sumber": "NASA-NOAA20",
        "date_hotspot": "Jumat, 11 September 2026 13:35:00",
        "date_hotspot_ori": "2026-09-11T06:35:00.000000Z",
        "provinsi": null,
        "kabkota": "Tapin",
        "desa": "Batalas",
        "hs_id": "2026-09-11T06:35:00.000000Z",
        "provinsi_id": 12,
        "long": 114.87568,
        "ori_sumber": null,
        "desa_id": null,
        "counter": 1,
        "confidence_level": "medium",
        "kawasan": "",
        "kecamatan": "Candi Laras Utara",
        "nama_provinsi": "Kalimantan Selatan",
        "pulau": "",
        "route_create": "https://opsroom.sipongidata.my.id/daops/laporan/groundcheck/create/form",
        "hotspot_date": "2026-09-11",
        "distance_hgu_km": 1.009,
        "zone": "1–3 km",
        "location_status": "OUTSIDE HGU"
      }
    },
    {
      "type": "Feature",
      "geometry": {
        "type": "Point",
        "coordinates": [
          114.87119,
          -2.82539
        ]
      },
      "properties": {
        "confidence": "medium",
        "confidence_value": null,
        "sumber": "NASA-NOAA20",
        "date_hotspot": "Jumat, 11 September 2026 13:35:00",
        "date_hotspot_ori": "2026-09-11T06:35:00.000000Z",
        "provinsi": null,
        "kabkota": "Tapin",
        "desa": "Batalas",
        "hs_id": "2026-09-11T06:35:00.000000Z",
        "provinsi_id": 12,
        "long": 114.87119,
        "ori_sumber": null,
        "desa_id": null,
        "counter": 1,
        "confidence_level": "medium",
        "kawasan": "",
        "kecamatan": "Candi Laras Utara",
        "nama_provinsi": "Kalimantan Selatan",
        "pulau": "",
        "route_create": "https://opsroom.sipongidata.my.id/daops/laporan/groundcheck/create/form",
        "hotspot_date": "2026-09-11",
        "distance_hgu_km": 0.605,
        "zone": "0–1 km",
        "location_status": "OUTSIDE HGU"
      }
    },
    {
      "type": "Feature",
      "geometry": {
        "type": "Point",
        "coordinates": [
          114.89498,
          -2.85605
        ]
      },
      "properties": {
        "confidence": "medium",
        "confidence_value": null,
        "sumber": "NASA-SNPP",
        "date_hotspot": "Minggu, 20 September 2026 12:08:00",
        "date_hotspot_ori": "2026-09-20T05:08:00.000000Z",
        "provinsi": null,
        "kabkota": "Tapin",
        "desa": "Margasari Hulu",
        "hs_id": "2026-09-20T05:08:00.000000Z",
        "provinsi_id": 12,
        "long": 114.89498,
        "ori_sumber": null,
        "desa_id": null,
        "counter": 1,
        "confidence_level": "medium",
        "kawasan": "",
        "kecamatan": "Candi Laras Selatan",
        "nama_provinsi": "Kalimantan Selatan",
        "pulau": "",
        "route_create": "https://opsroom.sipongidata.my.id/daops/laporan/groundcheck/create/form",
        "hotspot_date": "2026-09-20",
        "distance_hgu_km": 1.18,
        "zone": "1–3 km",
        "location_status": "OUTSIDE HGU"
      }
    },
    {
      "type": "Feature",
      "geometry": {
        "type": "Point",
        "coordinates": [
          114.88519,
          -2.80925
        ]
      },
      "properties": {
        "confidence": "medium",
        "confidence_value": null,
        "sumber": "NASA-NOAA20",
        "date_hotspot": "Sabtu, 12 September 2026 00:37:00",
        "date_hotspot_ori": "2026-09-11T17:37:00.000000Z",
        "provinsi": null,
        "kabkota": "Tapin",
        "desa": "Batalas",
        "hs_id": "2026-09-11T17:37:00.000000Z",
        "provinsi_id": 12,
        "long": 114.88519,
        "ori_sumber": null,
        "desa_id": null,
        "counter": 2,
        "confidence_level": "medium",
        "kawasan": "",
        "kecamatan": "Candi Laras Utara",
        "nama_provinsi": "Kalimantan Selatan",
        "pulau": "",
        "route_create": "https://opsroom.sipongidata.my.id/daops/laporan/groundcheck/create/form",
        "hotspot_date": "2026-09-12",
        "distance_hgu_km": 1.965,
        "zone": "1–3 km",
        "location_status": "OUTSIDE HGU"
      }
    },
    {
      "type": "Feature",
      "geometry": {
        "type": "Point",
        "coordinates": [
          114.88232,
          -2.80152
        ]
      },
      "properties": {
        "confidence": "medium",
        "confidence_value": null,
        "sumber": "NASA-NOAA20",
        "date_hotspot": "Sabtu, 12 September 2026 00:37:00",
        "date_hotspot_ori": "2026-09-11T17:37:00.000000Z",
        "provinsi": null,
        "kabkota": "Tapin",
        "desa": "Batalas",
        "hs_id": "2026-09-11T17:37:00.000000Z",
        "provinsi_id": 12,
        "long": 114.88232,
        "ori_sumber": null,
        "desa_id": null,
        "counter": 2,
        "confidence_level": "medium",
        "kawasan": "",
        "kecamatan": "Candi Laras Utara",
        "nama_provinsi": "Kalimantan Selatan",
        "pulau": "",
        "route_create": "https://opsroom.sipongidata.my.id/daops/laporan/groundcheck/create/form",
        "hotspot_date": "2026-09-12",
        "distance_hgu_km": 1.659,
        "zone": "1–3 km",
        "location_status": "OUTSIDE HGU"
      }
    },
    {
      "type": "Feature",
      "geometry": {
        "type": "Point",
        "coordinates": [
          114.95232,
          -2.77284
        ]
      },
      "properties": {
        "confidence": "medium",
        "confidence_value": null,
        "sumber": "NASA-NOAA20",
        "date_hotspot": "Sabtu, 12 September 2026 00:37:00",
        "date_hotspot_ori": "2026-09-11T17:37:00.000000Z",
        "provinsi": null,
        "kabkota": "Tapin",
        "desa": "Buas-Buas",
        "hs_id": "2026-09-11T17:37:00.000000Z",
        "provinsi_id": 12,
        "long": 114.95232,
        "ori_sumber": null,
        "desa_id": null,
        "counter": 1,
        "confidence_level": "medium",
        "kawasan": "",
        "kecamatan": "Candi Laras Utara",
        "nama_provinsi": "Kalimantan Selatan",
        "pulau": "",
        "route_create": "https://opsroom.sipongidata.my.id/daops/laporan/groundcheck/create/form",
        "hotspot_date": "2026-09-12",
        "distance_hgu_km": 3.852,
        "zone": "3–5 km",
        "location_status": "OUTSIDE HGU"
      }
    },
    {
      "type": "Feature",
      "geometry": {
        "type": "Point",
        "coordinates": [
          114.87888,
          -2.79733
        ]
      },
      "properties": {
        "confidence": "medium",
        "confidence_value": null,
        "sumber": "NASA-NOAA20",
        "date_hotspot": "Sabtu, 12 September 2026 00:37:00",
        "date_hotspot_ori": "2026-09-11T17:37:00.000000Z",
        "provinsi": null,
        "kabkota": "Tapin",
        "desa": "Teluk Haur",
        "hs_id": "2026-09-11T17:37:00.000000Z",
        "provinsi_id": 12,
        "long": 114.87888,
        "ori_sumber": null,
        "desa_id": null,
        "counter": 2,
        "confidence_level": "medium",
        "kawasan": "",
        "kecamatan": "Candi Laras Utara",
        "nama_provinsi": "Kalimantan Selatan",
        "pulau": "",
        "route_create": "https://opsroom.sipongidata.my.id/daops/laporan/groundcheck/create/form",
        "hotspot_date": "2026-09-12",
        "distance_hgu_km": 1.275,
        "zone": "1–3 km",
        "location_status": "OUTSIDE HGU"
      }
    },
    {
      "type": "Feature",
      "geometry": {
        "type": "Point",
        "coordinates": [
          114.81941,
          -2.9837
        ]
      },
      "properties": {
        "confidence": "medium",
        "confidence_value": null,
        "sumber": "NASA-NOAA20",
        "date_hotspot": "Minggu, 20 September 2026 12:27:00",
        "date_hotspot_ori": "2026-09-20T05:27:00.000000Z",
        "provinsi": null,
        "kabkota": "Tapin",
        "desa": "Keladan",
        "hs_id": "2026-09-20T05:27:00.000000Z",
        "provinsi_id": 12,
        "long": 114.81941,
        "ori_sumber": null,
        "desa_id": null,
        "counter": 1,
        "confidence_level": "medium",
        "kawasan": "",
        "kecamatan": "Candi Laras Utara",
        "nama_provinsi": "Kalimantan Selatan",
        "pulau": "",
        "route_create": "https://opsroom.sipongidata.my.id/daops/laporan/groundcheck/create/form",
        "hotspot_date": "2026-09-20",
        "distance_hgu_km": 4.863,
        "zone": "3–5 km",
        "location_status": "OUTSIDE HGU"
      }
    },
    {
      "type": "Feature",
      "geometry": {
        "type": "Point",
        "coordinates": [
          114.8951,
          -2.85559
        ]
      },
      "properties": {
        "confidence": "medium",
        "confidence_value": null,
        "sumber": "NASA-NOAA20",
        "date_hotspot": "Minggu, 20 September 2026 12:27:00",
        "date_hotspot_ori": "2026-09-20T05:27:00.000000Z",
        "provinsi": null,
        "kabkota": "Tapin",
        "desa": "Margasari Hulu",
        "hs_id": "2026-09-20T05:27:00.000000Z",
        "provinsi_id": 12,
        "long": 114.8951,
        "ori_sumber": null,
        "desa_id": null,
        "counter": 1,
        "confidence_level": "medium",
        "kawasan": "",
        "kecamatan": "Candi Laras Selatan",
        "nama_provinsi": "Kalimantan Selatan",
        "pulau": "",
        "route_create": "https://opsroom.sipongidata.my.id/daops/laporan/groundcheck/create/form",
        "hotspot_date": "2026-09-20",
        "distance_hgu_km": 1.158,
        "zone": "1–3 km",
        "location_status": "OUTSIDE HGU"
      }
    },
    {
      "type": "Feature",
      "geometry": {
        "type": "Point",
        "coordinates": [
          114.90331,
          -2.67926
        ]
      },
      "properties": {
        "confidence": "medium",
        "confidence_value": null,
        "sumber": "NASA-NOAA20",
        "date_hotspot": "Minggu, 20 September 2026 12:27:00",
        "date_hotspot_ori": "2026-09-20T05:27:00.000000Z",
        "provinsi": null,
        "kabkota": "Tapin",
        "desa": "Sawaja",
        "hs_id": "2026-09-20T05:27:00.000000Z",
        "provinsi_id": 12,
        "long": 114.90331,
        "ori_sumber": null,
        "desa_id": null,
        "counter": 3,
        "confidence_level": "medium",
        "kawasan": "",
        "kecamatan": "Candi Laras Utara",
        "nama_provinsi": "Kalimantan Selatan",
        "pulau": "",
        "route_create": "https://opsroom.sipongidata.my.id/daops/laporan/groundcheck/create/form",
        "hotspot_date": "2026-09-20",
        "distance_hgu_km": 1.608,
        "zone": "1–3 km",
        "location_status": "OUTSIDE HGU"
      }
    },
    {
      "type": "Feature",
      "geometry": {
        "type": "Point",
        "coordinates": [
          114.90765,
          -2.67861
        ]
      },
      "properties": {
        "confidence": "medium",
        "confidence_value": null,
        "sumber": "NASA-NOAA20",
        "date_hotspot": "Minggu, 20 September 2026 12:27:00",
        "date_hotspot_ori": "2026-09-20T05:27:00.000000Z",
        "provinsi": null,
        "kabkota": "Tapin",
        "desa": "Sawaja",
        "hs_id": "2026-09-20T05:27:00.000000Z",
        "provinsi_id": 12,
        "long": 114.90765,
        "ori_sumber": null,
        "desa_id": null,
        "counter": 3,
        "confidence_level": "medium",
        "kawasan": "",
        "kecamatan": "Candi Laras Utara",
        "nama_provinsi": "Kalimantan Selatan",
        "pulau": "",
        "route_create": "https://opsroom.sipongidata.my.id/daops/laporan/groundcheck/create/form",
        "hotspot_date": "2026-09-20",
        "distance_hgu_km": 1.532,
        "zone": "1–3 km",
        "location_status": "OUTSIDE HGU"
      }
    },
    {
      "type": "Feature",
      "geometry": {
        "type": "Point",
        "coordinates": [
          114.89933,
          -2.85466
        ]
      },
      "properties": {
        "confidence": "medium",
        "confidence_value": null,
        "sumber": "NASA-SNPP",
        "date_hotspot": "Minggu, 20 September 2026 13:48:00",
        "date_hotspot_ori": "2026-09-20T06:48:00.000000Z",
        "provinsi": null,
        "kabkota": "Tapin",
        "desa": "Baulin",
        "hs_id": "2026-09-20T06:48:00.000000Z",
        "provinsi_id": 12,
        "long": 114.89933,
        "ori_sumber": null,
        "desa_id": null,
        "counter": 1,
        "confidence_level": "medium",
        "kawasan": "",
        "kecamatan": "Candi Laras Selatan",
        "nama_provinsi": "Kalimantan Selatan",
        "pulau": "",
        "route_create": "https://opsroom.sipongidata.my.id/daops/laporan/groundcheck/create/form",
        "hotspot_date": "2026-09-20",
        "distance_hgu_km": 1.512,
        "zone": "1–3 km",
        "location_status": "OUTSIDE HGU"
      }
    },
    {
      "type": "Feature",
      "geometry": {
        "type": "Point",
        "coordinates": [
          114.89945,
          -2.85494
        ]
      },
      "properties": {
        "confidence": "medium",
        "confidence_value": null,
        "sumber": "NASA-NOAA20",
        "date_hotspot": "Minggu, 20 September 2026 12:27:00",
        "date_hotspot_ori": "2026-09-20T05:27:00.000000Z",
        "provinsi": null,
        "kabkota": "Tapin",
        "desa": "Baulin",
        "hs_id": "2026-09-20T05:27:00.000000Z",
        "provinsi_id": 12,
        "long": 114.89945,
        "ori_sumber": null,
        "desa_id": null,
        "counter": 1,
        "confidence_level": "medium",
        "kawasan": "",
        "kecamatan": "Candi Laras Selatan",
        "nama_provinsi": "Kalimantan Selatan",
        "pulau": "",
        "route_create": "https://opsroom.sipongidata.my.id/daops/laporan/groundcheck/create/form",
        "hotspot_date": "2026-09-20",
        "distance_hgu_km": 1.537,
        "zone": "1–3 km",
        "location_status": "OUTSIDE HGU"
      }
    },
    {
      "type": "Feature",
      "geometry": {
        "type": "Point",
        "coordinates": [
          114.88591,
          -2.8842
        ]
      },
      "properties": {
        "confidence": "medium",
        "confidence_value": null,
        "sumber": "NASA-NOAA20",
        "date_hotspot": "Minggu, 20 September 2026 12:27:00",
        "date_hotspot_ori": "2026-09-20T05:27:00.000000Z",
        "provinsi": null,
        "kabkota": "Tapin",
        "desa": "Pariok",
        "hs_id": "2026-09-20T05:27:00.000000Z",
        "provinsi_id": 12,
        "long": 114.88591,
        "ori_sumber": null,
        "desa_id": null,
        "counter": 1,
        "confidence_level": "medium",
        "kawasan": "",
        "kecamatan": "Candi Laras Utara",
        "nama_provinsi": "Kalimantan Selatan",
        "pulau": "",
        "route_create": "https://opsroom.sipongidata.my.id/daops/laporan/groundcheck/create/form",
        "hotspot_date": "2026-09-20",
        "distance_hgu_km": 0.826,
        "zone": "0–1 km",
        "location_status": "OUTSIDE HGU"
      }
    },
    {
      "type": "Feature",
      "geometry": {
        "type": "Point",
        "coordinates": [
          114.90395,
          -2.68369
        ]
      },
      "properties": {
        "confidence": "medium",
        "confidence_value": null,
        "sumber": "NASA-NOAA20",
        "date_hotspot": "Minggu, 20 September 2026 12:27:00",
        "date_hotspot_ori": "2026-09-20T05:27:00.000000Z",
        "provinsi": null,
        "kabkota": "Tapin",
        "desa": "Sawaja",
        "hs_id": "2026-09-20T05:27:00.000000Z",
        "provinsi_id": 12,
        "long": 114.90395,
        "ori_sumber": null,
        "desa_id": null,
        "counter": 3,
        "confidence_level": "medium",
        "kawasan": "",
        "kecamatan": "Candi Laras Utara",
        "nama_provinsi": "Kalimantan Selatan",
        "pulau": "",
        "route_create": "https://opsroom.sipongidata.my.id/daops/laporan/groundcheck/create/form",
        "hotspot_date": "2026-09-20",
        "distance_hgu_km": 1.147,
        "zone": "1–3 km",
        "location_status": "OUTSIDE HGU"
      }
    },
    {
      "type": "Feature",
      "geometry": {
        "type": "Point",
        "coordinates": [
          114.89944,
          -2.85133
        ]
      },
      "properties": {
        "confidence": "medium",
        "confidence_value": null,
        "sumber": "NASA-NOAA20",
        "date_hotspot": "Senin, 21 September 2026 01:11:00",
        "date_hotspot_ori": "2026-09-20T18:11:00.000000Z",
        "provinsi": null,
        "kabkota": "Tapin",
        "desa": "Baulin",
        "hs_id": "2026-09-20T18:11:00.000000Z",
        "provinsi_id": 12,
        "long": 114.89944,
        "ori_sumber": null,
        "desa_id": null,
        "counter": 2,
        "confidence_level": "medium",
        "kawasan": "",
        "kecamatan": "Candi Laras Selatan",
        "nama_provinsi": "Kalimantan Selatan",
        "pulau": "",
        "route_create": "https://opsroom.sipongidata.my.id/daops/laporan/groundcheck/create/form",
        "hotspot_date": "2026-09-21",
        "distance_hgu_km": 1.417,
        "zone": "1–3 km",
        "location_status": "OUTSIDE HGU"
      }
    },
    {
      "type": "Feature",
      "geometry": {
        "type": "Point",
        "coordinates": [
          114.89584,
          -2.85078
        ]
      },
      "properties": {
        "confidence": "medium",
        "confidence_value": null,
        "sumber": "NASA-NOAA20",
        "date_hotspot": "Senin, 21 September 2026 01:11:00",
        "date_hotspot_ori": "2026-09-20T18:11:00.000000Z",
        "provinsi": null,
        "kabkota": "Tapin",
        "desa": "Baulin",
        "hs_id": "2026-09-20T18:11:00.000000Z",
        "provinsi_id": 12,
        "long": 114.89584,
        "ori_sumber": null,
        "desa_id": null,
        "counter": 2,
        "confidence_level": "medium",
        "kawasan": "",
        "kecamatan": "Candi Laras Selatan",
        "nama_provinsi": "Kalimantan Selatan",
        "pulau": "",
        "route_create": "https://opsroom.sipongidata.my.id/daops/laporan/groundcheck/create/form",
        "hotspot_date": "2026-09-21",
        "distance_hgu_km": 1.012,
        "zone": "1–3 km",
        "location_status": "OUTSIDE HGU"
      }
    },
    {
      "type": "Feature",
      "geometry": {
        "type": "Point",
        "coordinates": [
          114.95484,
          -2.64997
        ]
      },
      "properties": {
        "confidence": "medium",
        "confidence_value": null,
        "sumber": "NASA-SNPP",
        "date_hotspot": "Senin, 21 September 2026 00:49:00",
        "date_hotspot_ori": "2026-09-20T17:49:00.000000Z",
        "provinsi": null,
        "kabkota": "Hulu Sungai Selatan",
        "desa": "Baru",
        "hs_id": "2026-09-20T17:49:00.000000Z",
        "provinsi_id": 12,
        "long": 114.95484,
        "ori_sumber": null,
        "desa_id": null,
        "counter": 2,
        "confidence_level": "medium",
        "kawasan": "",
        "kecamatan": "Daha Barat",
        "nama_provinsi": "Kalimantan Selatan",
        "pulau": "",
        "route_create": "https://opsroom.sipongidata.my.id/daops/laporan/groundcheck/create/form",
        "hotspot_date": "2026-09-21",
        "distance_hgu_km": 4.702,
        "zone": "3–5 km",
        "location_status": "OUTSIDE HGU"
      }
    },
    {
      "type": "Feature",
      "geometry": {
        "type": "Point",
        "coordinates": [
          114.90611,
          -2.68088
        ]
      },
      "properties": {
        "confidence": "medium",
        "confidence_value": null,
        "sumber": "NASA-SNPP",
        "date_hotspot": "Senin, 21 September 2026 00:49:00",
        "date_hotspot_ori": "2026-09-20T17:49:00.000000Z",
        "provinsi": null,
        "kabkota": "Tapin",
        "desa": "Sawaja",
        "hs_id": "2026-09-20T17:49:00.000000Z",
        "provinsi_id": 12,
        "long": 114.90611,
        "ori_sumber": null,
        "desa_id": null,
        "counter": 4,
        "confidence_level": "medium",
        "kawasan": "",
        "kecamatan": "Candi Laras Utara",
        "nama_provinsi": "Kalimantan Selatan",
        "pulau": "",
        "route_create": "https://opsroom.sipongidata.my.id/daops/laporan/groundcheck/create/form",
        "hotspot_date": "2026-09-21",
        "distance_hgu_km": 1.325,
        "zone": "1–3 km",
        "location_status": "OUTSIDE HGU"
      }
    },
    {
      "type": "Feature",
      "geometry": {
        "type": "Point",
        "coordinates": [
          114.92598,
          -2.665
        ]
      },
      "properties": {
        "confidence": "medium",
        "confidence_value": null,
        "sumber": "NASA-SNPP",
        "date_hotspot": "Minggu, 13 September 2026 12:40:00",
        "date_hotspot_ori": "2026-09-13T05:40:00.000000Z",
        "provinsi": null,
        "kabkota": "Tapin",
        "desa": "Sawaja",
        "hs_id": "2026-09-13T05:40:00.000000Z",
        "provinsi_id": 12,
        "long": 114.92598,
        "ori_sumber": null,
        "desa_id": null,
        "counter": 3,
        "confidence_level": "medium",
        "kawasan": "",
        "kecamatan": "Candi Laras Utara",
        "nama_provinsi": "Kalimantan Selatan",
        "pulau": "",
        "route_create": "https://opsroom.sipongidata.my.id/daops/laporan/groundcheck/create/form",
        "hotspot_date": "2026-09-13",
        "distance_hgu_km": 3.022,
        "zone": "3–5 km",
        "location_status": "OUTSIDE HGU"
      }
    },
    {
      "type": "Feature",
      "geometry": {
        "type": "Point",
        "coordinates": [
          114.92394,
          -2.65674
        ]
      },
      "properties": {
        "confidence": "medium",
        "confidence_value": null,
        "sumber": "NASA-SNPP",
        "date_hotspot": "Minggu, 13 September 2026 12:40:00",
        "date_hotspot_ori": "2026-09-13T05:40:00.000000Z",
        "provinsi": null,
        "kabkota": "Tapin",
        "desa": "Sawaja",
        "hs_id": "2026-09-13T05:40:00.000000Z",
        "provinsi_id": 12,
        "long": 114.92394,
        "ori_sumber": null,
        "desa_id": null,
        "counter": 1,
        "confidence_level": "medium",
        "kawasan": "",
        "kecamatan": "Candi Laras Utara",
        "nama_provinsi": "Kalimantan Selatan",
        "pulau": "",
        "route_create": "https://opsroom.sipongidata.my.id/daops/laporan/groundcheck/create/form",
        "hotspot_date": "2026-09-13",
        "distance_hgu_km": 3.934,
        "zone": "3–5 km",
        "location_status": "OUTSIDE HGU"
      }
    },
    {
      "type": "Feature",
      "geometry": {
        "type": "Point",
        "coordinates": [
          114.92453,
          -2.66077
        ]
      },
      "properties": {
        "confidence": "medium",
        "confidence_value": null,
        "sumber": "NASA-SNPP",
        "date_hotspot": "Minggu, 13 September 2026 12:40:00",
        "date_hotspot_ori": "2026-09-13T05:40:00.000000Z",
        "provinsi": null,
        "kabkota": "Tapin",
        "desa": "Sawaja",
        "hs_id": "2026-09-13T05:40:00.000000Z",
        "provinsi_id": 12,
        "long": 114.92453,
        "ori_sumber": null,
        "desa_id": null,
        "counter": 1,
        "confidence_level": "medium",
        "kawasan": "",
        "kecamatan": "Candi Laras Utara",
        "nama_provinsi": "Kalimantan Selatan",
        "pulau": "",
        "route_create": "https://opsroom.sipongidata.my.id/daops/laporan/groundcheck/create/form",
        "hotspot_date": "2026-09-13",
        "distance_hgu_km": 3.489,
        "zone": "3–5 km",
        "location_status": "OUTSIDE HGU"
      }
    },
    {
      "type": "Feature",
      "geometry": {
        "type": "Point",
        "coordinates": [
          114.93185,
          -2.68061
        ]
      },
      "properties": {
        "confidence": "medium",
        "confidence_value": null,
        "sumber": "NASA-SNPP",
        "date_hotspot": "Minggu, 13 September 2026 12:40:00",
        "date_hotspot_ori": "2026-09-13T05:40:00.000000Z",
        "provinsi": null,
        "kabkota": "Tapin",
        "desa": "Sawaja",
        "hs_id": "2026-09-13T05:40:00.000000Z",
        "provinsi_id": 12,
        "long": 114.93185,
        "ori_sumber": null,
        "desa_id": null,
        "counter": 1,
        "confidence_level": "medium",
        "kawasan": "",
        "kecamatan": "Candi Laras Utara",
        "nama_provinsi": "Kalimantan Selatan",
        "pulau": "",
        "route_create": "https://opsroom.sipongidata.my.id/daops/laporan/groundcheck/create/form",
        "hotspot_date": "2026-09-13",
        "distance_hgu_km": 1.3,
        "zone": "1–3 km",
        "location_status": "OUTSIDE HGU"
      }
    },
    {
      "type": "Feature",
      "geometry": {
        "type": "Point",
        "coordinates": [
          114.86899,
          -2.81866
        ]
      },
      "properties": {
        "confidence": "medium",
        "confidence_value": null,
        "sumber": "NASA-SNPP",
        "date_hotspot": "Minggu, 13 September 2026 12:40:00",
        "date_hotspot_ori": "2026-09-13T05:40:00.000000Z",
        "provinsi": null,
        "kabkota": "Tapin",
        "desa": "Batalas",
        "hs_id": "2026-09-13T05:40:00.000000Z",
        "provinsi_id": 12,
        "long": 114.86899,
        "ori_sumber": null,
        "desa_id": null,
        "counter": 1,
        "confidence_level": "medium",
        "kawasan": "",
        "kecamatan": "Candi Laras Utara",
        "nama_provinsi": "Kalimantan Selatan",
        "pulau": "",
        "route_create": "https://opsroom.sipongidata.my.id/daops/laporan/groundcheck/create/form",
        "hotspot_date": "2026-09-13",
        "distance_hgu_km": 0.504,
        "zone": "0–1 km",
        "location_status": "OUTSIDE HGU"
      }
    },
    {
      "type": "Feature",
      "geometry": {
        "type": "Point",
        "coordinates": [
          114.9219,
          -2.66147
        ]
      },
      "properties": {
        "confidence": "medium",
        "confidence_value": null,
        "sumber": "NASA-SNPP",
        "date_hotspot": "Minggu, 13 September 2026 12:40:00",
        "date_hotspot_ori": "2026-09-13T05:40:00.000000Z",
        "provinsi": null,
        "kabkota": "Tapin",
        "desa": "Sawaja",
        "hs_id": "2026-09-13T05:40:00.000000Z",
        "provinsi_id": 12,
        "long": 114.9219,
        "ori_sumber": null,
        "desa_id": null,
        "counter": 1,
        "confidence_level": "medium",
        "kawasan": "",
        "kecamatan": "Candi Laras Utara",
        "nama_provinsi": "Kalimantan Selatan",
        "pulau": "",
        "route_create": "https://opsroom.sipongidata.my.id/daops/laporan/groundcheck/create/form",
        "hotspot_date": "2026-09-13",
        "distance_hgu_km": 3.41,
        "zone": "3–5 km",
        "location_status": "OUTSIDE HGU"
      }
    },
    {
      "type": "Feature",
      "geometry": {
        "type": "Point",
        "coordinates": [
          114.9472,
          -2.73979
        ]
      },
      "properties": {
        "confidence": "medium",
        "confidence_value": null,
        "sumber": "NASA-NOAA20",
        "date_hotspot": "Minggu, 13 September 2026 12:57:00",
        "date_hotspot_ori": "2026-09-13T05:57:00.000000Z",
        "provinsi": null,
        "kabkota": "Tapin",
        "desa": "Buas-Buas",
        "hs_id": "2026-09-13T05:57:00.000000Z",
        "provinsi_id": 12,
        "long": 114.9472,
        "ori_sumber": null,
        "desa_id": null,
        "counter": 1,
        "confidence_level": "medium",
        "kawasan": "",
        "kecamatan": "Candi Laras Utara",
        "nama_provinsi": "Kalimantan Selatan",
        "pulau": "",
        "route_create": "https://opsroom.sipongidata.my.id/daops/laporan/groundcheck/create/form",
        "hotspot_date": "2026-09-13",
        "distance_hgu_km": 0.195,
        "zone": "0–1 km",
        "location_status": "OUTSIDE HGU"
      }
    },
    {
      "type": "Feature",
      "geometry": {
        "type": "Point",
        "coordinates": [
          115.00568,
          -2.68576
        ]
      },
      "properties": {
        "confidence": "medium",
        "confidence_value": null,
        "sumber": "NASA-NOAA20",
        "date_hotspot": "Minggu, 13 September 2026 12:57:00",
        "date_hotspot_ori": "2026-09-13T05:57:00.000000Z",
        "provinsi": null,
        "kabkota": "Hulu Sungai Selatan",
        "desa": "Bajayau",
        "hs_id": "2026-09-13T05:57:00.000000Z",
        "provinsi_id": 12,
        "long": 115.00568,
        "ori_sumber": null,
        "desa_id": null,
        "counter": 1,
        "confidence_level": "medium",
        "kawasan": "",
        "kecamatan": "Daha Barat",
        "nama_provinsi": "Kalimantan Selatan",
        "pulau": "",
        "route_create": "https://opsroom.sipongidata.my.id/daops/laporan/groundcheck/create/form",
        "hotspot_date": "2026-09-13",
        "distance_hgu_km": 4.878,
        "zone": "3–5 km",
        "location_status": "OUTSIDE HGU"
      }
    },
    {
      "type": "Feature",
      "geometry": {
        "type": "Point",
        "coordinates": [
          114.94158,
          -2.67835
        ]
      },
      "properties": {
        "confidence": "medium",
        "confidence_value": null,
        "sumber": "NASA-NOAA20",
        "date_hotspot": "Minggu, 13 September 2026 12:57:00",
        "date_hotspot_ori": "2026-09-13T05:57:00.000000Z",
        "provinsi": null,
        "kabkota": "Tapin",
        "desa": "Sawaja",
        "hs_id": "2026-09-13T05:57:00.000000Z",
        "provinsi_id": 12,
        "long": 114.94158,
        "ori_sumber": null,
        "desa_id": null,
        "counter": 1,
        "confidence_level": "medium",
        "kawasan": "",
        "kecamatan": "Candi Laras Utara",
        "nama_provinsi": "Kalimantan Selatan",
        "pulau": "",
        "route_create": "https://opsroom.sipongidata.my.id/daops/laporan/groundcheck/create/form",
        "hotspot_date": "2026-09-13",
        "distance_hgu_km": 1.549,
        "zone": "1–3 km",
        "location_status": "OUTSIDE HGU"
      }
    },
    {
      "type": "Feature",
      "geometry": {
        "type": "Point",
        "coordinates": [
          115.0062,
          -2.68915
        ]
      },
      "properties": {
        "confidence": "medium",
        "confidence_value": null,
        "sumber": "NASA-NOAA20",
        "date_hotspot": "Minggu, 13 September 2026 12:57:00",
        "date_hotspot_ori": "2026-09-13T05:57:00.000000Z",
        "provinsi": null,
        "kabkota": "Hulu Sungai Selatan",
        "desa": "Bajayau",
        "hs_id": "2026-09-13T05:57:00.000000Z",
        "provinsi_id": 12,
        "long": 115.0062,
        "ori_sumber": null,
        "desa_id": null,
        "counter": 1,
        "confidence_level": "medium",
        "kawasan": "",
        "kecamatan": "Daha Barat",
        "nama_provinsi": "Kalimantan Selatan",
        "pulau": "",
        "route_create": "https://opsroom.sipongidata.my.id/daops/laporan/groundcheck/create/form",
        "hotspot_date": "2026-09-13",
        "distance_hgu_km": 4.892,
        "zone": "3–5 km",
        "location_status": "OUTSIDE HGU"
      }
    },
    {
      "type": "Feature",
      "geometry": {
        "type": "Point",
        "coordinates": [
          114.89793,
          -2.82475
        ]
      },
      "properties": {
        "confidence": "medium",
        "confidence_value": null,
        "sumber": "NASA-NOAA20",
        "date_hotspot": "Minggu, 13 September 2026 12:57:00",
        "date_hotspot_ori": "2026-09-13T05:57:00.000000Z",
        "provinsi": null,
        "kabkota": "Tapin",
        "desa": "Batalas",
        "hs_id": "2026-09-13T05:57:00.000000Z",
        "provinsi_id": 12,
        "long": 114.89793,
        "ori_sumber": null,
        "desa_id": null,
        "counter": 1,
        "confidence_level": "medium",
        "kawasan": "",
        "kecamatan": "Candi Laras Utara",
        "nama_provinsi": "Kalimantan Selatan",
        "pulau": "",
        "route_create": "https://opsroom.sipongidata.my.id/daops/laporan/groundcheck/create/form",
        "hotspot_date": "2026-09-13",
        "distance_hgu_km": 1.772,
        "zone": "1–3 km",
        "location_status": "OUTSIDE HGU"
      }
    },
    {
      "type": "Feature",
      "geometry": {
        "type": "Point",
        "coordinates": [
          114.94915,
          -2.72982
        ]
      },
      "properties": {
        "confidence": "medium",
        "confidence_value": null,
        "sumber": "NASA-NOAA20",
        "date_hotspot": "Senin, 14 September 2026 00:00:00",
        "date_hotspot_ori": "2026-09-13T17:00:00.000000Z",
        "provinsi": null,
        "kabkota": "Tapin",
        "desa": "Buas-Buas",
        "hs_id": "2026-09-13T17:00:00.000000Z",
        "provinsi_id": 12,
        "long": 114.94915,
        "ori_sumber": null,
        "desa_id": null,
        "counter": 1,
        "confidence_level": "medium",
        "kawasan": "",
        "kecamatan": "Candi Laras Utara",
        "nama_provinsi": "Kalimantan Selatan",
        "pulau": "",
        "route_create": "https://opsroom.sipongidata.my.id/daops/laporan/groundcheck/create/form",
        "hotspot_date": "2026-09-14",
        "distance_hgu_km": 0.0,
        "zone": "Inside HGU",
        "location_status": "INSIDE HGU"
      }
    },
    {
      "type": "Feature",
      "geometry": {
        "type": "Point",
        "coordinates": [
          114.90664,
          -2.67749
        ]
      },
      "properties": {
        "confidence": "medium",
        "confidence_value": null,
        "sumber": "NASA-SNPP",
        "date_hotspot": "Senin, 21 September 2026 00:49:00",
        "date_hotspot_ori": "2026-09-20T17:49:00.000000Z",
        "provinsi": null,
        "kabkota": "Tapin",
        "desa": "Sawaja",
        "hs_id": "2026-09-20T17:49:00.000000Z",
        "provinsi_id": 12,
        "long": 114.90664,
        "ori_sumber": null,
        "desa_id": null,
        "counter": 4,
        "confidence_level": "medium",
        "kawasan": "",
        "kecamatan": "Candi Laras Utara",
        "nama_provinsi": "Kalimantan Selatan",
        "pulau": "",
        "route_create": "https://opsroom.sipongidata.my.id/daops/laporan/groundcheck/create/form",
        "hotspot_date": "2026-09-21",
        "distance_hgu_km": 1.674,
        "zone": "1–3 km",
        "location_status": "OUTSIDE HGU"
      }
    },
    {
      "type": "Feature",
      "geometry": {
        "type": "Point",
        "coordinates": [
          114.9097,
          -2.68146
        ]
      },
      "properties": {
        "confidence": "medium",
        "confidence_value": null,
        "sumber": "NASA-SNPP",
        "date_hotspot": "Senin, 21 September 2026 00:49:00",
        "date_hotspot_ori": "2026-09-20T17:49:00.000000Z",
        "provinsi": null,
        "kabkota": "Tapin",
        "desa": "Sawaja",
        "hs_id": "2026-09-20T17:49:00.000000Z",
        "provinsi_id": 12,
        "long": 114.9097,
        "ori_sumber": null,
        "desa_id": null,
        "counter": 4,
        "confidence_level": "medium",
        "kawasan": "",
        "kecamatan": "Candi Laras Utara",
        "nama_provinsi": "Kalimantan Selatan",
        "pulau": "",
        "route_create": "https://opsroom.sipongidata.my.id/daops/laporan/groundcheck/create/form",
        "hotspot_date": "2026-09-21",
        "distance_hgu_km": 1.2,
        "zone": "1–3 km",
        "location_status": "OUTSIDE HGU"
      }
    },
    {
      "type": "Feature",
      "geometry": {
        "type": "Point",
        "coordinates": [
          114.90538,
          -2.68067
        ]
      },
      "properties": {
        "confidence": "medium",
        "confidence_value": null,
        "sumber": "NASA-SNPP",
        "date_hotspot": "Senin, 21 September 2026 13:31:00",
        "date_hotspot_ori": "2026-09-21T06:31:00.000000Z",
        "provinsi": null,
        "kabkota": "Tapin",
        "desa": "Sawaja",
        "hs_id": "2026-09-21T06:31:00.000000Z",
        "provinsi_id": 12,
        "long": 114.90538,
        "ori_sumber": null,
        "desa_id": null,
        "counter": 4,
        "confidence_level": "medium",
        "kawasan": "",
        "kecamatan": "Candi Laras Utara",
        "nama_provinsi": "Kalimantan Selatan",
        "pulau": "",
        "route_create": "https://opsroom.sipongidata.my.id/daops/laporan/groundcheck/create/form",
        "hotspot_date": "2026-09-21",
        "distance_hgu_km": 1.373,
        "zone": "1–3 km",
        "location_status": "OUTSIDE HGU"
      }
    },
    {
      "type": "Feature",
      "geometry": {
        "type": "Point",
        "coordinates": [
          114.94539,
          -2.73087
        ]
      },
      "properties": {
        "confidence": "medium",
        "confidence_value": null,
        "sumber": "NASA-NOAA20",
        "date_hotspot": "Senin, 14 September 2026 01:41:00",
        "date_hotspot_ori": "2026-09-13T18:41:00.000000Z",
        "provinsi": null,
        "kabkota": "Tapin",
        "desa": "Buas-Buas",
        "hs_id": "2026-09-13T18:41:00.000000Z",
        "provinsi_id": 12,
        "long": 114.94539,
        "ori_sumber": null,
        "desa_id": null,
        "counter": 1,
        "confidence_level": "medium",
        "kawasan": "",
        "kecamatan": "Candi Laras Utara",
        "nama_provinsi": "Kalimantan Selatan",
        "pulau": "",
        "route_create": "https://opsroom.sipongidata.my.id/daops/laporan/groundcheck/create/form",
        "hotspot_date": "2026-09-14",
        "distance_hgu_km": 0.0,
        "zone": "Inside HGU",
        "location_status": "INSIDE HGU"
      }
    },
    {
      "type": "Feature",
      "geometry": {
        "type": "Point",
        "coordinates": [
          114.9025,
          -2.6803
        ]
      },
      "properties": {
        "confidence": "medium",
        "confidence_value": null,
        "sumber": "NASA-SNPP",
        "date_hotspot": "Senin, 21 September 2026 00:49:00",
        "date_hotspot_ori": "2026-09-20T17:49:00.000000Z",
        "provinsi": null,
        "kabkota": "Tapin",
        "desa": "Sawaja",
        "hs_id": "2026-09-20T17:49:00.000000Z",
        "provinsi_id": 12,
        "long": 114.9025,
        "ori_sumber": null,
        "desa_id": null,
        "counter": 4,
        "confidence_level": "medium",
        "kawasan": "",
        "kecamatan": "Candi Laras Utara",
        "nama_provinsi": "Kalimantan Selatan",
        "pulau": "",
        "route_create": "https://opsroom.sipongidata.my.id/daops/laporan/groundcheck/create/form",
        "hotspot_date": "2026-09-21",
        "distance_hgu_km": 1.55,
        "zone": "1–3 km",
        "location_status": "OUTSIDE HGU"
      }
    },
    {
      "type": "Feature",
      "geometry": {
        "type": "Point",
        "coordinates": [
          114.86958,
          -2.78177
        ]
      },
      "properties": {
        "confidence": "medium",
        "confidence_value": null,
        "sumber": "NASA-SNPP",
        "date_hotspot": "Senin, 14 September 2026 12:21:00",
        "date_hotspot_ori": "2026-09-14T05:21:00.000000Z",
        "provinsi": null,
        "kabkota": "Tapin",
        "desa": "Teluk Haur",
        "hs_id": "2026-09-14T05:21:00.000000Z",
        "provinsi_id": 12,
        "long": 114.86958,
        "ori_sumber": null,
        "desa_id": null,
        "counter": 1,
        "confidence_level": "medium",
        "kawasan": "",
        "kecamatan": "Candi Laras Utara",
        "nama_provinsi": "Kalimantan Selatan",
        "pulau": "",
        "route_create": "https://opsroom.sipongidata.my.id/daops/laporan/groundcheck/create/form",
        "hotspot_date": "2026-09-14",
        "distance_hgu_km": 0.224,
        "zone": "0–1 km",
        "location_status": "OUTSIDE HGU"
      }
    },
    {
      "type": "Feature",
      "geometry": {
        "type": "Point",
        "coordinates": [
          114.8027,
          -2.923
        ]
      },
      "properties": {
        "confidence": "medium",
        "confidence_value": null,
        "sumber": "NASA-NOAA20",
        "date_hotspot": "Senin, 14 September 2026 12:40:00",
        "date_hotspot_ori": "2026-09-14T05:40:00.000000Z",
        "provinsi": null,
        "kabkota": "Barito Kuala",
        "desa": "Banitan",
        "hs_id": "2026-09-14T05:40:00.000000Z",
        "provinsi_id": 12,
        "long": 114.8027,
        "ori_sumber": null,
        "desa_id": null,
        "counter": 1,
        "confidence_level": "medium",
        "kawasan": "",
        "kecamatan": "Bakumpai",
        "nama_provinsi": "Kalimantan Selatan",
        "pulau": "",
        "route_create": "https://opsroom.sipongidata.my.id/daops/laporan/groundcheck/create/form",
        "hotspot_date": "2026-09-14",
        "distance_hgu_km": 1.433,
        "zone": "1–3 km",
        "location_status": "OUTSIDE HGU"
      }
    },
    {
      "type": "Feature",
      "geometry": {
        "type": "Point",
        "coordinates": [
          114.9119,
          -2.67267
        ]
      },
      "properties": {
        "confidence": "medium",
        "confidence_value": null,
        "sumber": "NASA-NOAA20",
        "date_hotspot": "Selasa, 22 September 2026 13:29:00",
        "date_hotspot_ori": "2026-09-22T06:29:00.000000Z",
        "provinsi": null,
        "kabkota": "Tapin",
        "desa": "Sawaja",
        "hs_id": "2026-09-22T06:29:00.000000Z",
        "provinsi_id": 12,
        "long": 114.9119,
        "ori_sumber": null,
        "desa_id": null,
        "counter": 5,
        "confidence_level": "medium",
        "kawasan": "",
        "kecamatan": "Candi Laras Utara",
        "nama_provinsi": "Kalimantan Selatan",
        "pulau": "",
        "route_create": "https://opsroom.sipongidata.my.id/daops/laporan/groundcheck/create/form",
        "hotspot_date": "2026-09-22",
        "distance_hgu_km": 2.165,
        "zone": "1–3 km",
        "location_status": "OUTSIDE HGU"
      }
    },
    {
      "type": "Feature",
      "geometry": {
        "type": "Point",
        "coordinates": [
          114.93357,
          -2.65348
        ]
      },
      "properties": {
        "confidence": "medium",
        "confidence_value": null,
        "sumber": "NASA-SNPP",
        "date_hotspot": "Kamis, 03 September 2026 01:28:00",
        "date_hotspot_ori": "2026-09-02T18:28:00.000000Z",
        "provinsi": null,
        "kabkota": "Tapin",
        "desa": "Sawaja",
        "hs_id": "2026-09-02T18:28:00.000000Z",
        "provinsi_id": 12,
        "long": 114.93357,
        "ori_sumber": null,
        "desa_id": null,
        "counter": 4,
        "confidence_level": "medium",
        "kawasan": "",
        "kecamatan": "Candi Laras Utara",
        "nama_provinsi": "Kalimantan Selatan",
        "pulau": "",
        "route_create": "https://opsroom.sipongidata.my.id/daops/laporan/groundcheck/create/form",
        "hotspot_date": "2026-09-03",
        "distance_hgu_km": 4.299,
        "zone": "3–5 km",
        "location_status": "OUTSIDE HGU"
      }
    },
    {
      "type": "Feature",
      "geometry": {
        "type": "Point",
        "coordinates": [
          114.93647,
          -2.65393
        ]
      },
      "properties": {
        "confidence": "medium",
        "confidence_value": null,
        "sumber": "NASA-SNPP",
        "date_hotspot": "Kamis, 03 September 2026 01:28:00",
        "date_hotspot_ori": "2026-09-02T18:28:00.000000Z",
        "provinsi": null,
        "kabkota": "Tapin",
        "desa": "Sawaja",
        "hs_id": "2026-09-02T18:28:00.000000Z",
        "provinsi_id": 12,
        "long": 114.93647,
        "ori_sumber": null,
        "desa_id": null,
        "counter": 5,
        "confidence_level": "medium",
        "kawasan": "",
        "kecamatan": "Candi Laras Utara",
        "nama_provinsi": "Kalimantan Selatan",
        "pulau": "",
        "route_create": "https://opsroom.sipongidata.my.id/daops/laporan/groundcheck/create/form",
        "hotspot_date": "2026-09-03",
        "distance_hgu_km": 4.249,
        "zone": "3–5 km",
        "location_status": "OUTSIDE HGU"
      }
    },
    {
      "type": "Feature",
      "geometry": {
        "type": "Point",
        "coordinates": [
          114.92371,
          -2.6558
        ]
      },
      "properties": {
        "confidence": "medium",
        "confidence_value": null,
        "sumber": "NASA-SNPP",
        "date_hotspot": "Kamis, 03 September 2026 01:28:00",
        "date_hotspot_ori": "2026-09-02T18:28:00.000000Z",
        "provinsi": null,
        "kabkota": "Tapin",
        "desa": "Sawaja",
        "hs_id": "2026-09-02T18:28:00.000000Z",
        "provinsi_id": 12,
        "long": 114.92371,
        "ori_sumber": null,
        "desa_id": null,
        "counter": 4,
        "confidence_level": "medium",
        "kawasan": "",
        "kecamatan": "Candi Laras Utara",
        "nama_provinsi": "Kalimantan Selatan",
        "pulau": "",
        "route_create": "https://opsroom.sipongidata.my.id/daops/laporan/groundcheck/create/form",
        "hotspot_date": "2026-09-03",
        "distance_hgu_km": 4.038,
        "zone": "3–5 km",
        "location_status": "OUTSIDE HGU"
      }
    },
    {
      "type": "Feature",
      "geometry": {
        "type": "Point",
        "coordinates": [
          114.90979,
          -2.6758
        ]
      },
      "properties": {
        "confidence": "medium",
        "confidence_value": null,
        "sumber": "NASA-SNPP",
        "date_hotspot": "Jumat, 18 September 2026 00:05:00",
        "date_hotspot_ori": "2026-09-17T17:05:00.000000Z",
        "provinsi": null,
        "kabkota": "Tapin",
        "desa": "Sawaja",
        "hs_id": "2026-09-17T17:05:00.000000Z",
        "provinsi_id": 12,
        "long": 114.90979,
        "ori_sumber": null,
        "desa_id": null,
        "counter": 1,
        "confidence_level": "medium",
        "kawasan": "",
        "kecamatan": "Candi Laras Utara",
        "nama_provinsi": "Kalimantan Selatan",
        "pulau": "",
        "route_create": "https://opsroom.sipongidata.my.id/daops/laporan/groundcheck/create/form",
        "hotspot_date": "2026-09-18",
        "distance_hgu_km": 1.826,
        "zone": "1–3 km",
        "location_status": "OUTSIDE HGU"
      }
    },
    {
      "type": "Feature",
      "geometry": {
        "type": "Point",
        "coordinates": [
          114.95541,
          -2.65171
        ]
      },
      "properties": {
        "confidence": "medium",
        "confidence_value": null,
        "sumber": "NASA-SNPP",
        "date_hotspot": "Jumat, 18 September 2026 01:45:00",
        "date_hotspot_ori": "2026-09-17T18:45:00.000000Z",
        "provinsi": null,
        "kabkota": "Hulu Sungai Selatan",
        "desa": "Baru",
        "hs_id": "2026-09-17T18:45:00.000000Z",
        "provinsi_id": 12,
        "long": 114.95541,
        "ori_sumber": null,
        "desa_id": null,
        "counter": 1,
        "confidence_level": "medium",
        "kawasan": "",
        "kecamatan": "Daha Barat",
        "nama_provinsi": "Kalimantan Selatan",
        "pulau": "",
        "route_create": "https://opsroom.sipongidata.my.id/daops/laporan/groundcheck/create/form",
        "hotspot_date": "2026-09-18",
        "distance_hgu_km": 4.51,
        "zone": "3–5 km",
        "location_status": "OUTSIDE HGU"
      }
    },
    {
      "type": "Feature",
      "geometry": {
        "type": "Point",
        "coordinates": [
          114.90289,
          -2.68146
        ]
      },
      "properties": {
        "confidence": "medium",
        "confidence_value": null,
        "sumber": "NASA-SNPP",
        "date_hotspot": "Jumat, 18 September 2026 00:05:00",
        "date_hotspot_ori": "2026-09-17T17:05:00.000000Z",
        "provinsi": null,
        "kabkota": "Tapin",
        "desa": "Sawaja",
        "hs_id": "2026-09-17T17:05:00.000000Z",
        "provinsi_id": 12,
        "long": 114.90289,
        "ori_sumber": null,
        "desa_id": null,
        "counter": 1,
        "confidence_level": "medium",
        "kawasan": "",
        "kecamatan": "Candi Laras Utara",
        "nama_provinsi": "Kalimantan Selatan",
        "pulau": "",
        "route_create": "https://opsroom.sipongidata.my.id/daops/laporan/groundcheck/create/form",
        "hotspot_date": "2026-09-18",
        "distance_hgu_km": 1.418,
        "zone": "1–3 km",
        "location_status": "OUTSIDE HGU"
      }
    },
    {
      "type": "Feature",
      "geometry": {
        "type": "Point",
        "coordinates": [
          114.90956,
          -2.67578
        ]
      },
      "properties": {
        "confidence": "medium",
        "confidence_value": null,
        "sumber": "NASA-NOAA20",
        "date_hotspot": "Jumat, 18 September 2026 13:03:00",
        "date_hotspot_ori": "2026-09-18T06:03:00.000000Z",
        "provinsi": null,
        "kabkota": "Tapin",
        "desa": "Sawaja",
        "hs_id": "2026-09-18T06:03:00.000000Z",
        "provinsi_id": 12,
        "long": 114.90956,
        "ori_sumber": null,
        "desa_id": null,
        "counter": 1,
        "confidence_level": "medium",
        "kawasan": "",
        "kecamatan": "Candi Laras Utara",
        "nama_provinsi": "Kalimantan Selatan",
        "pulau": "",
        "route_create": "https://opsroom.sipongidata.my.id/daops/laporan/groundcheck/create/form",
        "hotspot_date": "2026-09-18",
        "distance_hgu_km": 1.828,
        "zone": "1–3 km",
        "location_status": "OUTSIDE HGU"
      }
    },
    {
      "type": "Feature",
      "geometry": {
        "type": "Point",
        "coordinates": [
          114.91128,
          -2.68128
        ]
      },
      "properties": {
        "confidence": "medium",
        "confidence_value": null,
        "sumber": "NASA-NOAA20",
        "date_hotspot": "Jumat, 18 September 2026 13:03:00",
        "date_hotspot_ori": "2026-09-18T06:03:00.000000Z",
        "provinsi": null,
        "kabkota": "Tapin",
        "desa": "Sawaja",
        "hs_id": "2026-09-18T06:03:00.000000Z",
        "provinsi_id": 12,
        "long": 114.91128,
        "ori_sumber": null,
        "desa_id": null,
        "counter": 1,
        "confidence_level": "medium",
        "kawasan": "",
        "kecamatan": "Candi Laras Utara",
        "nama_provinsi": "Kalimantan Selatan",
        "pulau": "",
        "route_create": "https://opsroom.sipongidata.my.id/daops/laporan/groundcheck/create/form",
        "hotspot_date": "2026-09-18",
        "distance_hgu_km": 1.215,
        "zone": "1–3 km",
        "location_status": "OUTSIDE HGU"
      }
    },
    {
      "type": "Feature",
      "geometry": {
        "type": "Point",
        "coordinates": [
          114.90658,
          -2.67831
        ]
      },
      "properties": {
        "confidence": "medium",
        "confidence_value": null,
        "sumber": "NASA-NOAA20",
        "date_hotspot": "Jumat, 18 September 2026 13:03:00",
        "date_hotspot_ori": "2026-09-18T06:03:00.000000Z",
        "provinsi": null,
        "kabkota": "Tapin",
        "desa": "Sawaja",
        "hs_id": "2026-09-18T06:03:00.000000Z",
        "provinsi_id": 12,
        "long": 114.90658,
        "ori_sumber": null,
        "desa_id": null,
        "counter": 1,
        "confidence_level": "medium",
        "kawasan": "",
        "kecamatan": "Candi Laras Utara",
        "nama_provinsi": "Kalimantan Selatan",
        "pulau": "",
        "route_create": "https://opsroom.sipongidata.my.id/daops/laporan/groundcheck/create/form",
        "hotspot_date": "2026-09-18",
        "distance_hgu_km": 1.587,
        "zone": "1–3 km",
        "location_status": "OUTSIDE HGU"
      }
    },
    {
      "type": "Feature",
      "geometry": {
        "type": "Point",
        "coordinates": [
          114.90244,
          -2.67894
        ]
      },
      "properties": {
        "confidence": "medium",
        "confidence_value": null,
        "sumber": "NASA-NOAA20",
        "date_hotspot": "Jumat, 18 September 2026 13:03:00",
        "date_hotspot_ori": "2026-09-18T06:03:00.000000Z",
        "provinsi": null,
        "kabkota": "Tapin",
        "desa": "Sawaja",
        "hs_id": "2026-09-18T06:03:00.000000Z",
        "provinsi_id": 12,
        "long": 114.90244,
        "ori_sumber": null,
        "desa_id": null,
        "counter": 1,
        "confidence_level": "medium",
        "kawasan": "",
        "kecamatan": "Candi Laras Utara",
        "nama_provinsi": "Kalimantan Selatan",
        "pulau": "",
        "route_create": "https://opsroom.sipongidata.my.id/daops/laporan/groundcheck/create/form",
        "hotspot_date": "2026-09-18",
        "distance_hgu_km": 1.684,
        "zone": "1–3 km",
        "location_status": "OUTSIDE HGU"
      }
    },
    {
      "type": "Feature",
      "geometry": {
        "type": "Point",
        "coordinates": [
          114.90687,
          -2.67982
        ]
      },
      "properties": {
        "confidence": "medium",
        "confidence_value": null,
        "sumber": "NASA-NOAA20",
        "date_hotspot": "Rabu, 23 September 2026 13:12:00",
        "date_hotspot_ori": "2026-09-23T06:12:00.000000Z",
        "provinsi": null,
        "kabkota": "Tapin",
        "desa": "Sawaja",
        "hs_id": "2026-09-23T06:12:00.000000Z",
        "provinsi_id": 12,
        "long": 114.90687,
        "ori_sumber": null,
        "desa_id": null,
        "counter": 6,
        "confidence_level": "medium",
        "kawasan": "",
        "kecamatan": "Candi Laras Utara",
        "nama_provinsi": "Kalimantan Selatan",
        "pulau": "",
        "route_create": "https://opsroom.sipongidata.my.id/daops/laporan/groundcheck/create/form",
        "hotspot_date": "2026-09-23",
        "distance_hgu_km": 1.417,
        "zone": "1–3 km",
        "location_status": "OUTSIDE HGU"
      }
    },
    {
      "type": "Feature",
      "geometry": {
        "type": "Point",
        "coordinates": [
          114.93564,
          -2.65575
        ]
      },
      "properties": {
        "confidence": "medium",
        "confidence_value": null,
        "sumber": "NASA-SNPP",
        "date_hotspot": "Sabtu, 05 September 2026 13:31:00",
        "date_hotspot_ori": "2026-09-05T06:31:00.000000Z",
        "provinsi": null,
        "kabkota": "Tapin",
        "desa": "Sawaja",
        "hs_id": "2026-09-05T06:31:00.000000Z",
        "provinsi_id": 12,
        "long": 114.93564,
        "ori_sumber": null,
        "desa_id": null,
        "counter": 6,
        "confidence_level": "medium",
        "kawasan": "",
        "kecamatan": "Candi Laras Utara",
        "nama_provinsi": "Kalimantan Selatan",
        "pulau": "",
        "route_create": "https://opsroom.sipongidata.my.id/daops/laporan/groundcheck/create/form",
        "hotspot_date": "2026-09-05",
        "distance_hgu_km": 4.047,
        "zone": "3–5 km",
        "location_status": "OUTSIDE HGU"
      }
    },
    {
      "type": "Feature",
      "geometry": {
        "type": "Point",
        "coordinates": [
          114.92535,
          -2.77305
        ]
      },
      "properties": {
        "confidence": "medium",
        "confidence_value": null,
        "sumber": "NASA-NOAA20",
        "date_hotspot": "Sabtu, 05 September 2026 12:08:00",
        "date_hotspot_ori": "2026-09-05T05:08:00.000000Z",
        "provinsi": null,
        "kabkota": "Tapin",
        "desa": "Buas-Buas Hilir",
        "hs_id": "2026-09-05T05:08:00.000000Z",
        "provinsi_id": 12,
        "long": 114.92535,
        "ori_sumber": null,
        "desa_id": null,
        "counter": 2,
        "confidence_level": "medium",
        "kawasan": "",
        "kecamatan": "Candi Laras Utara",
        "nama_provinsi": "Kalimantan Selatan",
        "pulau": "",
        "route_create": "https://opsroom.sipongidata.my.id/daops/laporan/groundcheck/create/form",
        "hotspot_date": "2026-09-05",
        "distance_hgu_km": 0.907,
        "zone": "0–1 km",
        "location_status": "OUTSIDE HGU"
      }
    },
    {
      "type": "Feature",
      "geometry": {
        "type": "Point",
        "coordinates": [
          114.81647,
          -2.86792
        ]
      },
      "properties": {
        "confidence": "medium",
        "confidence_value": null,
        "sumber": "NASA-NOAA20",
        "date_hotspot": "Senin, 28 September 2026 13:18:00",
        "date_hotspot_ori": "2026-09-28T06:18:00.000000Z",
        "provinsi": null,
        "kabkota": "Barito Kuala",
        "desa": "Banitan",
        "hs_id": "2026-09-28T06:18:00.000000Z",
        "provinsi_id": 12,
        "long": 114.81647,
        "ori_sumber": null,
        "desa_id": null,
        "counter": 1,
        "confidence_level": "medium",
        "kawasan": "",
        "kecamatan": "Bakumpai",
        "nama_provinsi": "Kalimantan Selatan",
        "pulau": "",
        "route_create": "https://opsroom.sipongidata.my.id/daops/laporan/groundcheck/create/form",
        "hotspot_date": "2026-09-28",
        "distance_hgu_km": 2.481,
        "zone": "1–3 km",
        "location_status": "OUTSIDE HGU"
      }
    },
    {
      "type": "Feature",
      "geometry": {
        "type": "Point",
        "coordinates": [
          114.78447,
          -2.96154
        ]
      },
      "properties": {
        "confidence": "medium",
        "confidence_value": null,
        "sumber": "NASA-NOAA20",
        "date_hotspot": "Selasa, 29 September 2026 12:57:00",
        "date_hotspot_ori": "2026-09-29T05:57:00.000000Z",
        "provinsi": null,
        "kabkota": "Barito Kuala",
        "desa": "Murung Raya",
        "hs_id": "2026-09-29T05:57:00.000000Z",
        "provinsi_id": 12,
        "long": 114.78447,
        "ori_sumber": null,
        "desa_id": null,
        "counter": 2,
        "confidence_level": "medium",
        "kawasan": "",
        "kecamatan": "Bakumpai",
        "nama_provinsi": "Kalimantan Selatan",
        "pulau": "",
        "route_create": "https://opsroom.sipongidata.my.id/daops/laporan/groundcheck/create/form",
        "hotspot_date": "2026-09-29",
        "distance_hgu_km": 4.398,
        "zone": "3–5 km",
        "location_status": "OUTSIDE HGU"
      }
    },
    {
      "type": "Feature",
      "geometry": {
        "type": "Point",
        "coordinates": [
          114.89028,
          -2.86252
        ]
      },
      "properties": {
        "confidence": "medium",
        "confidence_value": null,
        "sumber": "NASA-NOAA20",
        "date_hotspot": "Selasa, 29 September 2026 12:57:00",
        "date_hotspot_ori": "2026-09-29T05:57:00.000000Z",
        "provinsi": null,
        "kabkota": "Tapin",
        "desa": "Margasari Hulu",
        "hs_id": "2026-09-29T05:57:00.000000Z",
        "provinsi_id": 12,
        "long": 114.89028,
        "ori_sumber": null,
        "desa_id": null,
        "counter": 1,
        "confidence_level": "medium",
        "kawasan": "",
        "kecamatan": "Candi Laras Selatan",
        "nama_provinsi": "Kalimantan Selatan",
        "pulau": "",
        "route_create": "https://opsroom.sipongidata.my.id/daops/laporan/groundcheck/create/form",
        "hotspot_date": "2026-09-29",
        "distance_hgu_km": 1.222,
        "zone": "1–3 km",
        "location_status": "OUTSIDE HGU"
      }
    },
    {
      "type": "Feature",
      "geometry": {
        "type": "Point",
        "coordinates": [
          114.84825,
          -2.9709
        ]
      },
      "properties": {
        "confidence": "medium",
        "confidence_value": null,
        "sumber": "NASA-NOAA20",
        "date_hotspot": "Selasa, 29 September 2026 12:57:00",
        "date_hotspot_ori": "2026-09-29T05:57:00.000000Z",
        "provinsi": null,
        "kabkota": "Tapin",
        "desa": "Keladan",
        "hs_id": "2026-09-29T05:57:00.000000Z",
        "provinsi_id": 12,
        "long": 114.84825,
        "ori_sumber": null,
        "desa_id": null,
        "counter": 2,
        "confidence_level": "medium",
        "kawasan": "",
        "kecamatan": "Candi Laras Utara",
        "nama_provinsi": "Kalimantan Selatan",
        "pulau": "",
        "route_create": "https://opsroom.sipongidata.my.id/daops/laporan/groundcheck/create/form",
        "hotspot_date": "2026-09-29",
        "distance_hgu_km": 3.606,
        "zone": "3–5 km",
        "location_status": "OUTSIDE HGU"
      }
    },
    {
      "type": "Feature",
      "geometry": {
        "type": "Point",
        "coordinates": [
          114.89182,
          -2.92097
        ]
      },
      "properties": {
        "confidence": "medium",
        "confidence_value": null,
        "sumber": "NASA-NOAA20",
        "date_hotspot": "Selasa, 29 September 2026 12:57:00",
        "date_hotspot_ori": "2026-09-29T05:57:00.000000Z",
        "provinsi": null,
        "kabkota": "Tapin",
        "desa": "Sungai Selai",
        "hs_id": "2026-09-29T05:57:00.000000Z",
        "provinsi_id": 12,
        "long": 114.89182,
        "ori_sumber": null,
        "desa_id": null,
        "counter": 1,
        "confidence_level": "medium",
        "kawasan": "",
        "kecamatan": "Candi Laras Utara",
        "nama_provinsi": "Kalimantan Selatan",
        "pulau": "",
        "route_create": "https://opsroom.sipongidata.my.id/daops/laporan/groundcheck/create/form",
        "hotspot_date": "2026-09-29",
        "distance_hgu_km": 2.7,
        "zone": "1–3 km",
        "location_status": "OUTSIDE HGU"
      }
    },
    {
      "type": "Feature",
      "geometry": {
        "type": "Point",
        "coordinates": [
          114.89539,
          -2.92041
        ]
      },
      "properties": {
        "confidence": "medium",
        "confidence_value": null,
        "sumber": "NASA-NOAA20",
        "date_hotspot": "Selasa, 29 September 2026 12:57:00",
        "date_hotspot_ori": "2026-09-29T05:57:00.000000Z",
        "provinsi": null,
        "kabkota": "Tapin",
        "desa": "Pariok",
        "hs_id": "2026-09-29T05:57:00.000000Z",
        "provinsi_id": 12,
        "long": 114.89539,
        "ori_sumber": null,
        "desa_id": null,
        "counter": 1,
        "confidence_level": "medium",
        "kawasan": "",
        "kecamatan": "Candi Laras Utara",
        "nama_provinsi": "Kalimantan Selatan",
        "pulau": "",
        "route_create": "https://opsroom.sipongidata.my.id/daops/laporan/groundcheck/create/form",
        "hotspot_date": "2026-09-29",
        "distance_hgu_km": 3.021,
        "zone": "3–5 km",
        "location_status": "OUTSIDE HGU"
      }
    },
    {
      "type": "Feature",
      "geometry": {
        "type": "Point",
        "coordinates": [
          114.89489,
          -2.91704
        ]
      },
      "properties": {
        "confidence": "medium",
        "confidence_value": null,
        "sumber": "NASA-NOAA20",
        "date_hotspot": "Selasa, 29 September 2026 12:57:00",
        "date_hotspot_ori": "2026-09-29T05:57:00.000000Z",
        "provinsi": null,
        "kabkota": "Tapin",
        "desa": "Pariok",
        "hs_id": "2026-09-29T05:57:00.000000Z",
        "provinsi_id": 12,
        "long": 114.89489,
        "ori_sumber": null,
        "desa_id": null,
        "counter": 1,
        "confidence_level": "medium",
        "kawasan": "",
        "kecamatan": "Candi Laras Utara",
        "nama_provinsi": "Kalimantan Selatan",
        "pulau": "",
        "route_create": "https://opsroom.sipongidata.my.id/daops/laporan/groundcheck/create/form",
        "hotspot_date": "2026-09-29",
        "distance_hgu_km": 2.821,
        "zone": "1–3 km",
        "location_status": "OUTSIDE HGU"
      }
    },
    {
      "type": "Feature",
      "geometry": {
        "type": "Point",
        "coordinates": [
          114.91566,
          -2.68289
        ]
      },
      "properties": {
        "confidence": "medium",
        "confidence_value": null,
        "sumber": "NASA-SNPP",
        "date_hotspot": "Selasa, 15 September 2026 01:02:00",
        "date_hotspot_ori": "2026-09-14T18:02:00.000000Z",
        "provinsi": null,
        "kabkota": "Tapin",
        "desa": "Sawaja",
        "hs_id": "2026-09-14T18:02:00.000000Z",
        "provinsi_id": 12,
        "long": 114.91566,
        "ori_sumber": null,
        "desa_id": null,
        "counter": 1,
        "confidence_level": "medium",
        "kawasan": "",
        "kecamatan": "Candi Laras Utara",
        "nama_provinsi": "Kalimantan Selatan",
        "pulau": "",
        "route_create": "https://opsroom.sipongidata.my.id/daops/laporan/groundcheck/create/form",
        "hotspot_date": "2026-09-15",
        "distance_hgu_km": 1.036,
        "zone": "1–3 km",
        "location_status": "OUTSIDE HGU"
      }
    },
    {
      "type": "Feature",
      "geometry": {
        "type": "Point",
        "coordinates": [
          114.91306,
          -2.67547
        ]
      },
      "properties": {
        "confidence": "medium",
        "confidence_value": null,
        "sumber": "NASA-SNPP",
        "date_hotspot": "Selasa, 15 September 2026 01:02:00",
        "date_hotspot_ori": "2026-09-14T18:02:00.000000Z",
        "provinsi": null,
        "kabkota": "Tapin",
        "desa": "Sawaja",
        "hs_id": "2026-09-14T18:02:00.000000Z",
        "provinsi_id": 12,
        "long": 114.91306,
        "ori_sumber": null,
        "desa_id": null,
        "counter": 1,
        "confidence_level": "medium",
        "kawasan": "",
        "kecamatan": "Candi Laras Utara",
        "nama_provinsi": "Kalimantan Selatan",
        "pulau": "",
        "route_create": "https://opsroom.sipongidata.my.id/daops/laporan/groundcheck/create/form",
        "hotspot_date": "2026-09-15",
        "distance_hgu_km": 1.853,
        "zone": "1–3 km",
        "location_status": "OUTSIDE HGU"
      }
    },
    {
      "type": "Feature",
      "geometry": {
        "type": "Point",
        "coordinates": [
          114.91673,
          -2.67604
        ]
      },
      "properties": {
        "confidence": "medium",
        "confidence_value": null,
        "sumber": "NASA-SNPP",
        "date_hotspot": "Selasa, 15 September 2026 01:02:00",
        "date_hotspot_ori": "2026-09-14T18:02:00.000000Z",
        "provinsi": null,
        "kabkota": "Tapin",
        "desa": "Sawaja",
        "hs_id": "2026-09-14T18:02:00.000000Z",
        "provinsi_id": 12,
        "long": 114.91673,
        "ori_sumber": null,
        "desa_id": null,
        "counter": 1,
        "confidence_level": "medium",
        "kawasan": "",
        "kecamatan": "Candi Laras Utara",
        "nama_provinsi": "Kalimantan Selatan",
        "pulau": "",
        "route_create": "https://opsroom.sipongidata.my.id/daops/laporan/groundcheck/create/form",
        "hotspot_date": "2026-09-15",
        "distance_hgu_km": 1.796,
        "zone": "1–3 km",
        "location_status": "OUTSIDE HGU"
      }
    },
    {
      "type": "Feature",
      "geometry": {
        "type": "Point",
        "coordinates": [
          114.95612,
          -2.73833
        ]
      },
      "properties": {
        "confidence": "medium",
        "confidence_value": null,
        "sumber": "NASA-SNPP",
        "date_hotspot": "Selasa, 15 September 2026 01:02:00",
        "date_hotspot_ori": "2026-09-14T18:02:00.000000Z",
        "provinsi": null,
        "kabkota": "Tapin",
        "desa": "Buas-Buas",
        "hs_id": "2026-09-14T18:02:00.000000Z",
        "provinsi_id": 12,
        "long": 114.95612,
        "ori_sumber": null,
        "desa_id": null,
        "counter": 3,
        "confidence_level": "medium",
        "kawasan": "",
        "kecamatan": "Candi Laras Utara",
        "nama_provinsi": "Kalimantan Selatan",
        "pulau": "",
        "route_create": "https://opsroom.sipongidata.my.id/daops/laporan/groundcheck/create/form",
        "hotspot_date": "2026-09-15",
        "distance_hgu_km": 0.036,
        "zone": "0–1 km",
        "location_status": "OUTSIDE HGU"
      }
    },
    {
      "type": "Feature",
      "geometry": {
        "type": "Point",
        "coordinates": [
          114.95558,
          -2.74176
        ]
      },
      "properties": {
        "confidence": "medium",
        "confidence_value": null,
        "sumber": "NASA-SNPP",
        "date_hotspot": "Selasa, 15 September 2026 01:02:00",
        "date_hotspot_ori": "2026-09-14T18:02:00.000000Z",
        "provinsi": null,
        "kabkota": "Tapin",
        "desa": "Buas-Buas",
        "hs_id": "2026-09-14T18:02:00.000000Z",
        "provinsi_id": 12,
        "long": 114.95558,
        "ori_sumber": null,
        "desa_id": null,
        "counter": 3,
        "confidence_level": "medium",
        "kawasan": "",
        "kecamatan": "Candi Laras Utara",
        "nama_provinsi": "Kalimantan Selatan",
        "pulau": "",
        "route_create": "https://opsroom.sipongidata.my.id/daops/laporan/groundcheck/create/form",
        "hotspot_date": "2026-09-15",
        "distance_hgu_km": 0.415,
        "zone": "0–1 km",
        "location_status": "OUTSIDE HGU"
      }
    },
    {
      "type": "Feature",
      "geometry": {
        "type": "Point",
        "coordinates": [
          114.86899,
          -2.79405
        ]
      },
      "properties": {
        "confidence": "medium",
        "confidence_value": null,
        "sumber": "NASA-SNPP",
        "date_hotspot": "Selasa, 15 September 2026 01:02:00",
        "date_hotspot_ori": "2026-09-14T18:02:00.000000Z",
        "provinsi": null,
        "kabkota": "Tapin",
        "desa": "Teluk Haur",
        "hs_id": "2026-09-14T18:02:00.000000Z",
        "provinsi_id": 12,
        "long": 114.86899,
        "ori_sumber": null,
        "desa_id": null,
        "counter": 1,
        "confidence_level": "medium",
        "kawasan": "",
        "kecamatan": "Candi Laras Utara",
        "nama_provinsi": "Kalimantan Selatan",
        "pulau": "",
        "route_create": "https://opsroom.sipongidata.my.id/daops/laporan/groundcheck/create/form",
        "hotspot_date": "2026-09-15",
        "distance_hgu_km": 0.164,
        "zone": "0–1 km",
        "location_status": "OUTSIDE HGU"
      }
    },
    {
      "type": "Feature",
      "geometry": {
        "type": "Point",
        "coordinates": [
          114.86947,
          -2.81514
        ]
      },
      "properties": {
        "confidence": "medium",
        "confidence_value": null,
        "sumber": "NASA-SNPP",
        "date_hotspot": "Selasa, 15 September 2026 01:02:00",
        "date_hotspot_ori": "2026-09-14T18:02:00.000000Z",
        "provinsi": null,
        "kabkota": "Tapin",
        "desa": "Batalas",
        "hs_id": "2026-09-14T18:02:00.000000Z",
        "provinsi_id": 12,
        "long": 114.86947,
        "ori_sumber": null,
        "desa_id": null,
        "counter": 1,
        "confidence_level": "medium",
        "kawasan": "",
        "kecamatan": "Candi Laras Utara",
        "nama_provinsi": "Kalimantan Selatan",
        "pulau": "",
        "route_create": "https://opsroom.sipongidata.my.id/daops/laporan/groundcheck/create/form",
        "hotspot_date": "2026-09-15",
        "distance_hgu_km": 0.305,
        "zone": "0–1 km",
        "location_status": "OUTSIDE HGU"
      }
    },
    {
      "type": "Feature",
      "geometry": {
        "type": "Point",
        "coordinates": [
          114.86845,
          -2.79747
        ]
      },
      "properties": {
        "confidence": "medium",
        "confidence_value": null,
        "sumber": "NASA-SNPP",
        "date_hotspot": "Selasa, 15 September 2026 01:02:00",
        "date_hotspot_ori": "2026-09-14T18:02:00.000000Z",
        "provinsi": null,
        "kabkota": "Tapin",
        "desa": "Batalas",
        "hs_id": "2026-09-14T18:02:00.000000Z",
        "provinsi_id": 12,
        "long": 114.86845,
        "ori_sumber": null,
        "desa_id": null,
        "counter": 2,
        "confidence_level": "medium",
        "kawasan": "",
        "kecamatan": "Candi Laras Utara",
        "nama_provinsi": "Kalimantan Selatan",
        "pulau": "",
        "route_create": "https://opsroom.sipongidata.my.id/daops/laporan/groundcheck/create/form",
        "hotspot_date": "2026-09-15",
        "distance_hgu_km": 0.116,
        "zone": "0–1 km",
        "location_status": "OUTSIDE HGU"
      }
    },
    {
      "type": "Feature",
      "geometry": {
        "type": "Point",
        "coordinates": [
          114.87,
          -2.81172
        ]
      },
      "properties": {
        "confidence": "medium",
        "confidence_value": null,
        "sumber": "NASA-SNPP",
        "date_hotspot": "Selasa, 15 September 2026 01:02:00",
        "date_hotspot_ori": "2026-09-14T18:02:00.000000Z",
        "provinsi": null,
        "kabkota": "Tapin",
        "desa": "Batalas",
        "hs_id": "2026-09-14T18:02:00.000000Z",
        "provinsi_id": 12,
        "long": 114.87,
        "ori_sumber": null,
        "desa_id": null,
        "counter": 2,
        "confidence_level": "medium",
        "kawasan": "",
        "kecamatan": "Candi Laras Utara",
        "nama_provinsi": "Kalimantan Selatan",
        "pulau": "",
        "route_create": "https://opsroom.sipongidata.my.id/daops/laporan/groundcheck/create/form",
        "hotspot_date": "2026-09-15",
        "distance_hgu_km": 0.273,
        "zone": "0–1 km",
        "location_status": "OUTSIDE HGU"
      }
    },
    {
      "type": "Feature",
      "geometry": {
        "type": "Point",
        "coordinates": [
          114.9046,
          -2.67581
        ]
      },
      "properties": {
        "confidence": "medium",
        "confidence_value": null,
        "sumber": "NASA-SNPP",
        "date_hotspot": "Senin, 21 September 2026 13:31:00",
        "date_hotspot_ori": "2026-09-21T06:31:00.000000Z",
        "provinsi": null,
        "kabkota": "Tapin",
        "desa": "Sawaja",
        "hs_id": "2026-09-21T06:31:00.000000Z",
        "provinsi_id": 12,
        "long": 114.9046,
        "ori_sumber": null,
        "desa_id": null,
        "counter": 4,
        "confidence_level": "medium",
        "kawasan": "",
        "kecamatan": "Candi Laras Utara",
        "nama_provinsi": "Kalimantan Selatan",
        "pulau": "",
        "route_create": "https://opsroom.sipongidata.my.id/daops/laporan/groundcheck/create/form",
        "hotspot_date": "2026-09-21",
        "distance_hgu_km": 1.911,
        "zone": "1–3 km",
        "location_status": "OUTSIDE HGU"
      }
    },
    {
      "type": "Feature",
      "geometry": {
        "type": "Point",
        "coordinates": [
          114.95299,
          -2.64863
        ]
      },
      "properties": {
        "confidence": "medium",
        "confidence_value": null,
        "sumber": "NASA-NOAA20",
        "date_hotspot": "Selasa, 15 September 2026 01:21:00",
        "date_hotspot_ori": "2026-09-14T18:21:00.000000Z",
        "provinsi": null,
        "kabkota": "Hulu Sungai Selatan",
        "desa": "Baru",
        "hs_id": "2026-09-14T18:21:00.000000Z",
        "provinsi_id": 12,
        "long": 114.95299,
        "ori_sumber": null,
        "desa_id": null,
        "counter": 1,
        "confidence_level": "medium",
        "kawasan": "",
        "kecamatan": "Daha Barat",
        "nama_provinsi": "Kalimantan Selatan",
        "pulau": "",
        "route_create": "https://opsroom.sipongidata.my.id/daops/laporan/groundcheck/create/form",
        "hotspot_date": "2026-09-15",
        "distance_hgu_km": 4.848,
        "zone": "3–5 km",
        "location_status": "OUTSIDE HGU"
      }
    },
    {
      "type": "Feature",
      "geometry": {
        "type": "Point",
        "coordinates": [
          114.87815,
          -2.77581
        ]
      },
      "properties": {
        "confidence": "medium",
        "confidence_value": null,
        "sumber": "NASA-NOAA20",
        "date_hotspot": "Selasa, 15 September 2026 01:21:00",
        "date_hotspot_ori": "2026-09-14T18:21:00.000000Z",
        "provinsi": null,
        "kabkota": "Tapin",
        "desa": "Teluk Haur",
        "hs_id": "2026-09-14T18:21:00.000000Z",
        "provinsi_id": 12,
        "long": 114.87815,
        "ori_sumber": null,
        "desa_id": null,
        "counter": 4,
        "confidence_level": "medium",
        "kawasan": "",
        "kecamatan": "Candi Laras Utara",
        "nama_provinsi": "Kalimantan Selatan",
        "pulau": "",
        "route_create": "https://opsroom.sipongidata.my.id/daops/laporan/groundcheck/create/form",
        "hotspot_date": "2026-09-15",
        "distance_hgu_km": 0.015,
        "zone": "0–1 km",
        "location_status": "OUTSIDE HGU"
      }
    },
    {
      "type": "Feature",
      "geometry": {
        "type": "Point",
        "coordinates": [
          114.80885,
          -2.91753
        ]
      },
      "properties": {
        "confidence": "medium",
        "confidence_value": null,
        "sumber": "NASA-SNPP",
        "date_hotspot": "Selasa, 15 September 2026 01:02:00",
        "date_hotspot_ori": "2026-09-14T18:02:00.000000Z",
        "provinsi": null,
        "kabkota": "Barito Kuala",
        "desa": "Banitan",
        "hs_id": "2026-09-14T18:02:00.000000Z",
        "provinsi_id": 12,
        "long": 114.80885,
        "ori_sumber": null,
        "desa_id": null,
        "counter": 2,
        "confidence_level": "medium",
        "kawasan": "",
        "kecamatan": "Bakumpai",
        "nama_provinsi": "Kalimantan Selatan",
        "pulau": "",
        "route_create": "https://opsroom.sipongidata.my.id/daops/laporan/groundcheck/create/form",
        "hotspot_date": "2026-09-15",
        "distance_hgu_km": 1.076,
        "zone": "1–3 km",
        "location_status": "OUTSIDE HGU"
      }
    },
    {
      "type": "Feature",
      "geometry": {
        "type": "Point",
        "coordinates": [
          114.80519,
          -2.91695
        ]
      },
      "properties": {
        "confidence": "medium",
        "confidence_value": null,
        "sumber": "NASA-SNPP",
        "date_hotspot": "Selasa, 15 September 2026 01:02:00",
        "date_hotspot_ori": "2026-09-14T18:02:00.000000Z",
        "provinsi": null,
        "kabkota": "Barito Kuala",
        "desa": "Banitan",
        "hs_id": "2026-09-14T18:02:00.000000Z",
        "provinsi_id": 12,
        "long": 114.80519,
        "ori_sumber": null,
        "desa_id": null,
        "counter": 2,
        "confidence_level": "medium",
        "kawasan": "",
        "kecamatan": "Bakumpai",
        "nama_provinsi": "Kalimantan Selatan",
        "pulau": "",
        "route_create": "https://opsroom.sipongidata.my.id/daops/laporan/groundcheck/create/form",
        "hotspot_date": "2026-09-15",
        "distance_hgu_km": 1.472,
        "zone": "1–3 km",
        "location_status": "OUTSIDE HGU"
      }
    },
    {
      "type": "Feature",
      "geometry": {
        "type": "Point",
        "coordinates": [
          114.95358,
          -2.65405
        ]
      },
      "properties": {
        "confidence": "medium",
        "confidence_value": null,
        "sumber": "NASA-SNPP",
        "date_hotspot": "Selasa, 15 September 2026 01:02:00",
        "date_hotspot_ori": "2026-09-14T18:02:00.000000Z",
        "provinsi": null,
        "kabkota": "Hulu Sungai Selatan",
        "desa": "Baru",
        "hs_id": "2026-09-14T18:02:00.000000Z",
        "provinsi_id": 12,
        "long": 114.95358,
        "ori_sumber": null,
        "desa_id": null,
        "counter": 1,
        "confidence_level": "medium",
        "kawasan": "",
        "kecamatan": "Daha Barat",
        "nama_provinsi": "Kalimantan Selatan",
        "pulau": "",
        "route_create": "https://opsroom.sipongidata.my.id/daops/laporan/groundcheck/create/form",
        "hotspot_date": "2026-09-15",
        "distance_hgu_km": 4.25,
        "zone": "3–5 km",
        "location_status": "OUTSIDE HGU"
      }
    },
    {
      "type": "Feature",
      "geometry": {
        "type": "Point",
        "coordinates": [
          114.91154,
          -2.68173
        ]
      },
      "properties": {
        "confidence": "medium",
        "confidence_value": null,
        "sumber": "NASA-NOAA20",
        "date_hotspot": "Selasa, 15 September 2026 12:23:00",
        "date_hotspot_ori": "2026-09-15T05:23:00.000000Z",
        "provinsi": null,
        "kabkota": "Tapin",
        "desa": "Sawaja",
        "hs_id": "2026-09-15T05:23:00.000000Z",
        "provinsi_id": 12,
        "long": 114.91154,
        "ori_sumber": null,
        "desa_id": null,
        "counter": 1,
        "confidence_level": "medium",
        "kawasan": "",
        "kecamatan": "Candi Laras Utara",
        "nama_provinsi": "Kalimantan Selatan",
        "pulau": "",
        "route_create": "https://opsroom.sipongidata.my.id/daops/laporan/groundcheck/create/form",
        "hotspot_date": "2026-09-15",
        "distance_hgu_km": 1.165,
        "zone": "1–3 km",
        "location_status": "OUTSIDE HGU"
      }
    },
    {
      "type": "Feature",
      "geometry": {
        "type": "Point",
        "coordinates": [
          114.8858,
          -2.83505
        ]
      },
      "properties": {
        "confidence": "medium",
        "confidence_value": null,
        "sumber": "NASA-NOAA20",
        "date_hotspot": "Selasa, 15 September 2026 12:23:00",
        "date_hotspot_ori": "2026-09-15T05:23:00.000000Z",
        "provinsi": null,
        "kabkota": "Tapin",
        "desa": "Batalas",
        "hs_id": "2026-09-15T05:23:00.000000Z",
        "provinsi_id": 12,
        "long": 114.8858,
        "ori_sumber": null,
        "desa_id": null,
        "counter": 1,
        "confidence_level": "medium",
        "kawasan": "",
        "kecamatan": "Candi Laras Utara",
        "nama_provinsi": "Kalimantan Selatan",
        "pulau": "",
        "route_create": "https://opsroom.sipongidata.my.id/daops/laporan/groundcheck/create/form",
        "hotspot_date": "2026-09-15",
        "distance_hgu_km": 0.11,
        "zone": "0–1 km",
        "location_status": "OUTSIDE HGU"
      }
    },
    {
      "type": "Feature",
      "geometry": {
        "type": "Point",
        "coordinates": [
          114.87386,
          -2.83175
        ]
      },
      "properties": {
        "confidence": "medium",
        "confidence_value": null,
        "sumber": "NASA-NOAA20",
        "date_hotspot": "Selasa, 15 September 2026 12:23:00",
        "date_hotspot_ori": "2026-09-15T05:23:00.000000Z",
        "provinsi": null,
        "kabkota": "Tapin",
        "desa": "Batalas",
        "hs_id": "2026-09-15T05:23:00.000000Z",
        "provinsi_id": 12,
        "long": 114.87386,
        "ori_sumber": null,
        "desa_id": null,
        "counter": 5,
        "confidence_level": "medium",
        "kawasan": "",
        "kecamatan": "Candi Laras Utara",
        "nama_provinsi": "Kalimantan Selatan",
        "pulau": "",
        "route_create": "https://opsroom.sipongidata.my.id/daops/laporan/groundcheck/create/form",
        "hotspot_date": "2026-09-15",
        "distance_hgu_km": 0.228,
        "zone": "0–1 km",
        "location_status": "OUTSIDE HGU"
      }
    },
    {
      "type": "Feature",
      "geometry": {
        "type": "Point",
        "coordinates": [
          114.8802,
          -2.83588
        ]
      },
      "properties": {
        "confidence": "medium",
        "confidence_value": null,
        "sumber": "NASA-NOAA20",
        "date_hotspot": "Selasa, 15 September 2026 12:23:00",
        "date_hotspot_ori": "2026-09-15T05:23:00.000000Z",
        "provinsi": null,
        "kabkota": "Tapin",
        "desa": "Batalas",
        "hs_id": "2026-09-15T05:23:00.000000Z",
        "provinsi_id": 12,
        "long": 114.8802,
        "ori_sumber": null,
        "desa_id": null,
        "counter": 5,
        "confidence_level": "medium",
        "kawasan": "",
        "kecamatan": "Candi Laras Utara",
        "nama_provinsi": "Kalimantan Selatan",
        "pulau": "",
        "route_create": "https://opsroom.sipongidata.my.id/daops/laporan/groundcheck/create/form",
        "hotspot_date": "2026-09-15",
        "distance_hgu_km": 0.017,
        "zone": "0–1 km",
        "location_status": "OUTSIDE HGU"
      }
    },
    {
      "type": "Feature",
      "geometry": {
        "type": "Point",
        "coordinates": [
          114.95985,
          -2.74421
        ]
      },
      "properties": {
        "confidence": "medium",
        "confidence_value": null,
        "sumber": "NASA-SNPP",
        "date_hotspot": "Selasa, 15 September 2026 13:42:00",
        "date_hotspot_ori": "2026-09-15T06:42:00.000000Z",
        "provinsi": null,
        "kabkota": "Tapin",
        "desa": "Buas-Buas",
        "hs_id": "2026-09-15T06:42:00.000000Z",
        "provinsi_id": 12,
        "long": 114.95985,
        "ori_sumber": null,
        "desa_id": null,
        "counter": 1,
        "confidence_level": "medium",
        "kawasan": "",
        "kecamatan": "Candi Laras Utara",
        "nama_provinsi": "Kalimantan Selatan",
        "pulau": "",
        "route_create": "https://opsroom.sipongidata.my.id/daops/laporan/groundcheck/create/form",
        "hotspot_date": "2026-09-15",
        "distance_hgu_km": 0.702,
        "zone": "0–1 km",
        "location_status": "OUTSIDE HGU"
      }
    },
    {
      "type": "Feature",
      "geometry": {
        "type": "Point",
        "coordinates": [
          114.95541,
          -2.74496
        ]
      },
      "properties": {
        "confidence": "medium",
        "confidence_value": null,
        "sumber": "NASA-SNPP",
        "date_hotspot": "Selasa, 15 September 2026 13:42:00",
        "date_hotspot_ori": "2026-09-15T06:42:00.000000Z",
        "provinsi": null,
        "kabkota": "Tapin",
        "desa": "Buas-Buas",
        "hs_id": "2026-09-15T06:42:00.000000Z",
        "provinsi_id": 12,
        "long": 114.95541,
        "ori_sumber": null,
        "desa_id": null,
        "counter": 3,
        "confidence_level": "medium",
        "kawasan": "",
        "kecamatan": "Candi Laras Utara",
        "nama_provinsi": "Kalimantan Selatan",
        "pulau": "",
        "route_create": "https://opsroom.sipongidata.my.id/daops/laporan/groundcheck/create/form",
        "hotspot_date": "2026-09-15",
        "distance_hgu_km": 0.769,
        "zone": "0–1 km",
        "location_status": "OUTSIDE HGU"
      }
    },
    {
      "type": "Feature",
      "geometry": {
        "type": "Point",
        "coordinates": [
          114.95334,
          -2.64915
        ]
      },
      "properties": {
        "confidence": "medium",
        "confidence_value": null,
        "sumber": "NASA-SNPP",
        "date_hotspot": "Selasa, 22 September 2026 00:32:00",
        "date_hotspot_ori": "2026-09-21T17:32:00.000000Z",
        "provinsi": null,
        "kabkota": "Hulu Sungai Selatan",
        "desa": "Baru",
        "hs_id": "2026-09-21T17:32:00.000000Z",
        "provinsi_id": 12,
        "long": 114.95334,
        "ori_sumber": null,
        "desa_id": null,
        "counter": 3,
        "confidence_level": "medium",
        "kawasan": "",
        "kecamatan": "Daha Barat",
        "nama_provinsi": "Kalimantan Selatan",
        "pulau": "",
        "route_create": "https://opsroom.sipongidata.my.id/daops/laporan/groundcheck/create/form",
        "hotspot_date": "2026-09-22",
        "distance_hgu_km": 4.791,
        "zone": "3–5 km",
        "location_status": "OUTSIDE HGU"
      }
    },
    {
      "type": "Feature",
      "geometry": {
        "type": "Point",
        "coordinates": [
          115.0063,
          -2.69951
        ]
      },
      "properties": {
        "confidence": "medium",
        "confidence_value": null,
        "sumber": "NASA-NOAA20",
        "date_hotspot": "Selasa, 15 September 2026 12:23:00",
        "date_hotspot_ori": "2026-09-15T05:23:00.000000Z",
        "provinsi": null,
        "kabkota": "Hulu Sungai Selatan",
        "desa": "Bajayau Tengah",
        "hs_id": "2026-09-15T05:23:00.000000Z",
        "provinsi_id": 12,
        "long": 115.0063,
        "ori_sumber": null,
        "desa_id": null,
        "counter": 1,
        "confidence_level": "medium",
        "kawasan": "",
        "kecamatan": "Daha Barat",
        "nama_provinsi": "Kalimantan Selatan",
        "pulau": "",
        "route_create": "https://opsroom.sipongidata.my.id/daops/laporan/groundcheck/create/form",
        "hotspot_date": "2026-09-15",
        "distance_hgu_km": 4.889,
        "zone": "3–5 km",
        "location_status": "OUTSIDE HGU"
      }
    },
    {
      "type": "Feature",
      "geometry": {
        "type": "Point",
        "coordinates": [
          114.92885,
          -2.68412
        ]
      },
      "properties": {
        "confidence": "medium",
        "confidence_value": null,
        "sumber": "NASA-NOAA20",
        "date_hotspot": "Selasa, 15 September 2026 12:23:00",
        "date_hotspot_ori": "2026-09-15T05:23:00.000000Z",
        "provinsi": null,
        "kabkota": "Tapin",
        "desa": "Sawaja",
        "hs_id": "2026-09-15T05:23:00.000000Z",
        "provinsi_id": 12,
        "long": 114.92885,
        "ori_sumber": null,
        "desa_id": null,
        "counter": 1,
        "confidence_level": "medium",
        "kawasan": "",
        "kecamatan": "Candi Laras Utara",
        "nama_provinsi": "Kalimantan Selatan",
        "pulau": "",
        "route_create": "https://opsroom.sipongidata.my.id/daops/laporan/groundcheck/create/form",
        "hotspot_date": "2026-09-15",
        "distance_hgu_km": 0.91,
        "zone": "0–1 km",
        "location_status": "OUTSIDE HGU"
      }
    },
    {
      "type": "Feature",
      "geometry": {
        "type": "Point",
        "coordinates": [
          114.95633,
          -2.7421
        ]
      },
      "properties": {
        "confidence": "medium",
        "confidence_value": null,
        "sumber": "NASA-NOAA20",
        "date_hotspot": "Selasa, 15 September 2026 12:23:00",
        "date_hotspot_ori": "2026-09-15T05:23:00.000000Z",
        "provinsi": null,
        "kabkota": "Tapin",
        "desa": "Buas-Buas",
        "hs_id": "2026-09-15T05:23:00.000000Z",
        "provinsi_id": 12,
        "long": 114.95633,
        "ori_sumber": null,
        "desa_id": null,
        "counter": 3,
        "confidence_level": "medium",
        "kawasan": "",
        "kecamatan": "Candi Laras Utara",
        "nama_provinsi": "Kalimantan Selatan",
        "pulau": "",
        "route_create": "https://opsroom.sipongidata.my.id/daops/laporan/groundcheck/create/form",
        "hotspot_date": "2026-09-15",
        "distance_hgu_km": 0.453,
        "zone": "0–1 km",
        "location_status": "OUTSIDE HGU"
      }
    },
    {
      "type": "Feature",
      "geometry": {
        "type": "Point",
        "coordinates": [
          114.96185,
          -2.74127
        ]
      },
      "properties": {
        "confidence": "medium",
        "confidence_value": null,
        "sumber": "NASA-NOAA20",
        "date_hotspot": "Selasa, 15 September 2026 12:23:00",
        "date_hotspot_ori": "2026-09-15T05:23:00.000000Z",
        "provinsi": null,
        "kabkota": "Tapin",
        "desa": "Sawaja",
        "hs_id": "2026-09-15T05:23:00.000000Z",
        "provinsi_id": 12,
        "long": 114.96185,
        "ori_sumber": null,
        "desa_id": null,
        "counter": 1,
        "confidence_level": "medium",
        "kawasan": "",
        "kecamatan": "Candi Laras Utara",
        "nama_provinsi": "Kalimantan Selatan",
        "pulau": "",
        "route_create": "https://opsroom.sipongidata.my.id/daops/laporan/groundcheck/create/form",
        "hotspot_date": "2026-09-15",
        "distance_hgu_km": 0.515,
        "zone": "0–1 km",
        "location_status": "OUTSIDE HGU"
      }
    },
    {
      "type": "Feature",
      "geometry": {
        "type": "Point",
        "coordinates": [
          114.8074,
          -2.92847
        ]
      },
      "properties": {
        "confidence": "medium",
        "confidence_value": null,
        "sumber": "NASA-NOAA20",
        "date_hotspot": "Selasa, 15 September 2026 12:23:00",
        "date_hotspot_ori": "2026-09-15T05:23:00.000000Z",
        "provinsi": null,
        "kabkota": "Barito Kuala",
        "desa": "Banitan",
        "hs_id": "2026-09-15T05:23:00.000000Z",
        "provinsi_id": 12,
        "long": 114.8074,
        "ori_sumber": null,
        "desa_id": null,
        "counter": 2,
        "confidence_level": "medium",
        "kawasan": "",
        "kecamatan": "Bakumpai",
        "nama_provinsi": "Kalimantan Selatan",
        "pulau": "",
        "route_create": "https://opsroom.sipongidata.my.id/daops/laporan/groundcheck/create/form",
        "hotspot_date": "2026-09-15",
        "distance_hgu_km": 0.7,
        "zone": "0–1 km",
        "location_status": "OUTSIDE HGU"
      }
    },
    {
      "type": "Feature",
      "geometry": {
        "type": "Point",
        "coordinates": [
          114.9026,
          -2.68041
        ]
      },
      "properties": {
        "confidence": "medium",
        "confidence_value": null,
        "sumber": "NASA-NOAA20",
        "date_hotspot": "Selasa, 22 September 2026 00:49:00",
        "date_hotspot_ori": "2026-09-21T17:49:00.000000Z",
        "provinsi": null,
        "kabkota": "Tapin",
        "desa": "Sawaja",
        "hs_id": "2026-09-21T17:49:00.000000Z",
        "provinsi_id": 12,
        "long": 114.9026,
        "ori_sumber": null,
        "desa_id": null,
        "counter": 5,
        "confidence_level": "medium",
        "kawasan": "",
        "kecamatan": "Candi Laras Utara",
        "nama_provinsi": "Kalimantan Selatan",
        "pulau": "",
        "route_create": "https://opsroom.sipongidata.my.id/daops/laporan/groundcheck/create/form",
        "hotspot_date": "2026-09-22",
        "distance_hgu_km": 1.534,
        "zone": "1–3 km",
        "location_status": "OUTSIDE HGU"
      }
    },
    {
      "type": "Feature",
      "geometry": {
        "type": "Point",
        "coordinates": [
          114.92274,
          -2.68699
        ]
      },
      "properties": {
        "confidence": "medium",
        "confidence_value": null,
        "sumber": "NASA-NOAA20",
        "date_hotspot": "Selasa, 22 September 2026 00:49:00",
        "date_hotspot_ori": "2026-09-21T17:49:00.000000Z",
        "provinsi": null,
        "kabkota": "Tapin",
        "desa": "Sawaja",
        "hs_id": "2026-09-21T17:49:00.000000Z",
        "provinsi_id": 12,
        "long": 114.92274,
        "ori_sumber": null,
        "desa_id": null,
        "counter": 1,
        "confidence_level": "medium",
        "kawasan": "",
        "kecamatan": "Candi Laras Utara",
        "nama_provinsi": "Kalimantan Selatan",
        "pulau": "",
        "route_create": "https://opsroom.sipongidata.my.id/daops/laporan/groundcheck/create/form",
        "hotspot_date": "2026-09-22",
        "distance_hgu_km": 0.588,
        "zone": "0–1 km",
        "location_status": "OUTSIDE HGU"
      }
    },
    {
      "type": "Feature",
      "geometry": {
        "type": "Point",
        "coordinates": [
          114.91094,
          -2.68753
        ]
      },
      "properties": {
        "confidence": "medium",
        "confidence_value": null,
        "sumber": "NASA-NOAA20",
        "date_hotspot": "Rabu, 16 September 2026 01:04:00",
        "date_hotspot_ori": "2026-09-15T18:04:00.000000Z",
        "provinsi": null,
        "kabkota": "Tapin",
        "desa": "Sawaja",
        "hs_id": "2026-09-15T18:04:00.000000Z",
        "provinsi_id": 12,
        "long": 114.91094,
        "ori_sumber": null,
        "desa_id": null,
        "counter": 2,
        "confidence_level": "medium",
        "kawasan": "",
        "kecamatan": "Candi Laras Utara",
        "nama_provinsi": "Kalimantan Selatan",
        "pulau": "",
        "route_create": "https://opsroom.sipongidata.my.id/daops/laporan/groundcheck/create/form",
        "hotspot_date": "2026-09-16",
        "distance_hgu_km": 0.525,
        "zone": "0–1 km",
        "location_status": "OUTSIDE HGU"
      }
    },
    {
      "type": "Feature",
      "geometry": {
        "type": "Point",
        "coordinates": [
          114.91962,
          -2.68889
        ]
      },
      "properties": {
        "confidence": "medium",
        "confidence_value": null,
        "sumber": "NASA-NOAA20",
        "date_hotspot": "Rabu, 16 September 2026 01:04:00",
        "date_hotspot_ori": "2026-09-15T18:04:00.000000Z",
        "provinsi": null,
        "kabkota": "Tapin",
        "desa": "Sawaja",
        "hs_id": "2026-09-15T18:04:00.000000Z",
        "provinsi_id": 12,
        "long": 114.91962,
        "ori_sumber": null,
        "desa_id": null,
        "counter": 2,
        "confidence_level": "medium",
        "kawasan": "",
        "kecamatan": "Candi Laras Utara",
        "nama_provinsi": "Kalimantan Selatan",
        "pulau": "",
        "route_create": "https://opsroom.sipongidata.my.id/daops/laporan/groundcheck/create/form",
        "hotspot_date": "2026-09-16",
        "distance_hgu_km": 0.377,
        "zone": "0–1 km",
        "location_status": "OUTSIDE HGU"
      }
    },
    {
      "type": "Feature",
      "geometry": {
        "type": "Point",
        "coordinates": [
          114.90498,
          -2.68156
        ]
      },
      "properties": {
        "confidence": "medium",
        "confidence_value": null,
        "sumber": "NASA-SNPP",
        "date_hotspot": "Selasa, 22 September 2026 00:32:00",
        "date_hotspot_ori": "2026-09-21T17:32:00.000000Z",
        "provinsi": null,
        "kabkota": "Tapin",
        "desa": "Sawaja",
        "hs_id": "2026-09-21T17:32:00.000000Z",
        "provinsi_id": 12,
        "long": 114.90498,
        "ori_sumber": null,
        "desa_id": null,
        "counter": 5,
        "confidence_level": "medium",
        "kawasan": "",
        "kecamatan": "Candi Laras Utara",
        "nama_provinsi": "Kalimantan Selatan",
        "pulau": "",
        "route_create": "https://opsroom.sipongidata.my.id/daops/laporan/groundcheck/create/form",
        "hotspot_date": "2026-09-22",
        "distance_hgu_km": 1.299,
        "zone": "1–3 km",
        "location_status": "OUTSIDE HGU"
      }
    },
    {
      "type": "Feature",
      "geometry": {
        "type": "Point",
        "coordinates": [
          114.90717,
          -2.68317
        ]
      },
      "properties": {
        "confidence": "medium",
        "confidence_value": null,
        "sumber": "NASA-NOAA20",
        "date_hotspot": "Rabu, 16 September 2026 01:04:00",
        "date_hotspot_ori": "2026-09-15T18:04:00.000000Z",
        "provinsi": null,
        "kabkota": "Tapin",
        "desa": "Sawaja",
        "hs_id": "2026-09-15T18:04:00.000000Z",
        "provinsi_id": 12,
        "long": 114.90717,
        "ori_sumber": null,
        "desa_id": null,
        "counter": 2,
        "confidence_level": "medium",
        "kawasan": "",
        "kecamatan": "Candi Laras Utara",
        "nama_provinsi": "Kalimantan Selatan",
        "pulau": "",
        "route_create": "https://opsroom.sipongidata.my.id/daops/laporan/groundcheck/create/form",
        "hotspot_date": "2026-09-16",
        "distance_hgu_km": 1.049,
        "zone": "1–3 km",
        "location_status": "OUTSIDE HGU"
      }
    },
    {
      "type": "Feature",
      "geometry": {
        "type": "Point",
        "coordinates": [
          114.95684,
          -2.64935
        ]
      },
      "properties": {
        "confidence": "medium",
        "confidence_value": null,
        "sumber": "NASA-NOAA20",
        "date_hotspot": "Rabu, 16 September 2026 01:04:00",
        "date_hotspot_ori": "2026-09-15T18:04:00.000000Z",
        "provinsi": null,
        "kabkota": "Hulu Sungai Selatan",
        "desa": "Baru",
        "hs_id": "2026-09-15T18:04:00.000000Z",
        "provinsi_id": 12,
        "long": 114.95684,
        "ori_sumber": null,
        "desa_id": null,
        "counter": 2,
        "confidence_level": "medium",
        "kawasan": "",
        "kecamatan": "Daha Barat",
        "nama_provinsi": "Kalimantan Selatan",
        "pulau": "",
        "route_create": "https://opsroom.sipongidata.my.id/daops/laporan/groundcheck/create/form",
        "hotspot_date": "2026-09-16",
        "distance_hgu_km": 4.772,
        "zone": "3–5 km",
        "location_status": "OUTSIDE HGU"
      }
    },
    {
      "type": "Feature",
      "geometry": {
        "type": "Point",
        "coordinates": [
          114.91297,
          -2.67622
        ]
      },
      "properties": {
        "confidence": "medium",
        "confidence_value": null,
        "sumber": "NASA-SNPP",
        "date_hotspot": "Rabu, 16 September 2026 00:43:00",
        "date_hotspot_ori": "2026-09-15T17:43:00.000000Z",
        "provinsi": null,
        "kabkota": "Tapin",
        "desa": "Sawaja",
        "hs_id": "2026-09-15T17:43:00.000000Z",
        "provinsi_id": 12,
        "long": 114.91297,
        "ori_sumber": null,
        "desa_id": null,
        "counter": 2,
        "confidence_level": "medium",
        "kawasan": "",
        "kecamatan": "Candi Laras Utara",
        "nama_provinsi": "Kalimantan Selatan",
        "pulau": "",
        "route_create": "https://opsroom.sipongidata.my.id/daops/laporan/groundcheck/create/form",
        "hotspot_date": "2026-09-16",
        "distance_hgu_km": 1.77,
        "zone": "1–3 km",
        "location_status": "OUTSIDE HGU"
      }
    },
    {
      "type": "Feature",
      "geometry": {
        "type": "Point",
        "coordinates": [
          114.94904,
          -2.65139
        ]
      },
      "properties": {
        "confidence": "medium",
        "confidence_value": null,
        "sumber": "NASA-SNPP",
        "date_hotspot": "Rabu, 16 September 2026 00:43:00",
        "date_hotspot_ori": "2026-09-15T17:43:00.000000Z",
        "provinsi": null,
        "kabkota": "Hulu Sungai Selatan",
        "desa": "Baru",
        "hs_id": "2026-09-15T17:43:00.000000Z",
        "provinsi_id": 12,
        "long": 114.94904,
        "ori_sumber": null,
        "desa_id": null,
        "counter": 3,
        "confidence_level": "medium",
        "kawasan": "",
        "kecamatan": "Daha Barat",
        "nama_provinsi": "Kalimantan Selatan",
        "pulau": "",
        "route_create": "https://opsroom.sipongidata.my.id/daops/laporan/groundcheck/create/form",
        "hotspot_date": "2026-09-16",
        "distance_hgu_km": 4.534,
        "zone": "3–5 km",
        "location_status": "OUTSIDE HGU"
      }
    },
    {
      "type": "Feature",
      "geometry": {
        "type": "Point",
        "coordinates": [
          114.90479,
          -2.67488
        ]
      },
      "properties": {
        "confidence": "medium",
        "confidence_value": null,
        "sumber": "NASA-SNPP",
        "date_hotspot": "Rabu, 16 September 2026 00:43:00",
        "date_hotspot_ori": "2026-09-15T17:43:00.000000Z",
        "provinsi": null,
        "kabkota": "Tapin",
        "desa": "Sawaja",
        "hs_id": "2026-09-15T17:43:00.000000Z",
        "provinsi_id": 12,
        "long": 114.90479,
        "ori_sumber": null,
        "desa_id": null,
        "counter": 2,
        "confidence_level": "medium",
        "kawasan": "",
        "kecamatan": "Candi Laras Utara",
        "nama_provinsi": "Kalimantan Selatan",
        "pulau": "",
        "route_create": "https://opsroom.sipongidata.my.id/daops/laporan/groundcheck/create/form",
        "hotspot_date": "2026-09-16",
        "distance_hgu_km": 2.003,
        "zone": "1–3 km",
        "location_status": "OUTSIDE HGU"
      }
    },
    {
      "type": "Feature",
      "geometry": {
        "type": "Point",
        "coordinates": [
          114.9124,
          -2.67981
        ]
      },
      "properties": {
        "confidence": "medium",
        "confidence_value": null,
        "sumber": "NASA-SNPP",
        "date_hotspot": "Rabu, 16 September 2026 00:43:00",
        "date_hotspot_ori": "2026-09-15T17:43:00.000000Z",
        "provinsi": null,
        "kabkota": "Tapin",
        "desa": "Sawaja",
        "hs_id": "2026-09-15T17:43:00.000000Z",
        "provinsi_id": 12,
        "long": 114.9124,
        "ori_sumber": null,
        "desa_id": null,
        "counter": 2,
        "confidence_level": "medium",
        "kawasan": "",
        "kecamatan": "Candi Laras Utara",
        "nama_provinsi": "Kalimantan Selatan",
        "pulau": "",
        "route_create": "https://opsroom.sipongidata.my.id/daops/laporan/groundcheck/create/form",
        "hotspot_date": "2026-09-16",
        "distance_hgu_km": 1.374,
        "zone": "1–3 km",
        "location_status": "OUTSIDE HGU"
      }
    },
    {
      "type": "Feature",
      "geometry": {
        "type": "Point",
        "coordinates": [
          114.90889,
          -2.67555
        ]
      },
      "properties": {
        "confidence": "medium",
        "confidence_value": null,
        "sumber": "NASA-SNPP",
        "date_hotspot": "Rabu, 16 September 2026 00:43:00",
        "date_hotspot_ori": "2026-09-15T17:43:00.000000Z",
        "provinsi": null,
        "kabkota": "Tapin",
        "desa": "Sawaja",
        "hs_id": "2026-09-15T17:43:00.000000Z",
        "provinsi_id": 12,
        "long": 114.90889,
        "ori_sumber": null,
        "desa_id": null,
        "counter": 2,
        "confidence_level": "medium",
        "kawasan": "",
        "kecamatan": "Candi Laras Utara",
        "nama_provinsi": "Kalimantan Selatan",
        "pulau": "",
        "route_create": "https://opsroom.sipongidata.my.id/daops/laporan/groundcheck/create/form",
        "hotspot_date": "2026-09-16",
        "distance_hgu_km": 1.856,
        "zone": "1–3 km",
        "location_status": "OUTSIDE HGU"
      }
    },
    {
      "type": "Feature",
      "geometry": {
        "type": "Point",
        "coordinates": [
          114.90422,
          -2.67848
        ]
      },
      "properties": {
        "confidence": "medium",
        "confidence_value": null,
        "sumber": "NASA-SNPP",
        "date_hotspot": "Rabu, 16 September 2026 00:43:00",
        "date_hotspot_ori": "2026-09-15T17:43:00.000000Z",
        "provinsi": null,
        "kabkota": "Tapin",
        "desa": "Sawaja",
        "hs_id": "2026-09-15T17:43:00.000000Z",
        "provinsi_id": 12,
        "long": 114.90422,
        "ori_sumber": null,
        "desa_id": null,
        "counter": 2,
        "confidence_level": "medium",
        "kawasan": "",
        "kecamatan": "Candi Laras Utara",
        "nama_provinsi": "Kalimantan Selatan",
        "pulau": "",
        "route_create": "https://opsroom.sipongidata.my.id/daops/laporan/groundcheck/create/form",
        "hotspot_date": "2026-09-16",
        "distance_hgu_km": 1.646,
        "zone": "1–3 km",
        "location_status": "OUTSIDE HGU"
      }
    },
    {
      "type": "Feature",
      "geometry": {
        "type": "Point",
        "coordinates": [
          114.90832,
          -2.67915
        ]
      },
      "properties": {
        "confidence": "medium",
        "confidence_value": null,
        "sumber": "NASA-SNPP",
        "date_hotspot": "Rabu, 16 September 2026 00:43:00",
        "date_hotspot_ori": "2026-09-15T17:43:00.000000Z",
        "provinsi": null,
        "kabkota": "Tapin",
        "desa": "Sawaja",
        "hs_id": "2026-09-15T17:43:00.000000Z",
        "provinsi_id": 12,
        "long": 114.90832,
        "ori_sumber": null,
        "desa_id": null,
        "counter": 2,
        "confidence_level": "medium",
        "kawasan": "",
        "kecamatan": "Candi Laras Utara",
        "nama_provinsi": "Kalimantan Selatan",
        "pulau": "",
        "route_create": "https://opsroom.sipongidata.my.id/daops/laporan/groundcheck/create/form",
        "hotspot_date": "2026-09-16",
        "distance_hgu_km": 1.464,
        "zone": "1–3 km",
        "location_status": "OUTSIDE HGU"
      }
    },
    {
      "type": "Feature",
      "geometry": {
        "type": "Point",
        "coordinates": [
          114.91183,
          -2.68341
        ]
      },
      "properties": {
        "confidence": "medium",
        "confidence_value": null,
        "sumber": "NASA-SNPP",
        "date_hotspot": "Rabu, 16 September 2026 00:43:00",
        "date_hotspot_ori": "2026-09-15T17:43:00.000000Z",
        "provinsi": null,
        "kabkota": "Tapin",
        "desa": "Sawaja",
        "hs_id": "2026-09-15T17:43:00.000000Z",
        "provinsi_id": 12,
        "long": 114.91183,
        "ori_sumber": null,
        "desa_id": null,
        "counter": 2,
        "confidence_level": "medium",
        "kawasan": "",
        "kecamatan": "Candi Laras Utara",
        "nama_provinsi": "Kalimantan Selatan",
        "pulau": "",
        "route_create": "https://opsroom.sipongidata.my.id/daops/laporan/groundcheck/create/form",
        "hotspot_date": "2026-09-16",
        "distance_hgu_km": 0.978,
        "zone": "0–1 km",
        "location_status": "OUTSIDE HGU"
      }
    },
    {
      "type": "Feature",
      "geometry": {
        "type": "Point",
        "coordinates": [
          114.92,
          -2.68474
        ]
      },
      "properties": {
        "confidence": "medium",
        "confidence_value": null,
        "sumber": "NASA-SNPP",
        "date_hotspot": "Rabu, 16 September 2026 00:43:00",
        "date_hotspot_ori": "2026-09-15T17:43:00.000000Z",
        "provinsi": null,
        "kabkota": "Tapin",
        "desa": "Sawaja",
        "hs_id": "2026-09-15T17:43:00.000000Z",
        "provinsi_id": 12,
        "long": 114.92,
        "ori_sumber": null,
        "desa_id": null,
        "counter": 2,
        "confidence_level": "medium",
        "kawasan": "",
        "kecamatan": "Candi Laras Utara",
        "nama_provinsi": "Kalimantan Selatan",
        "pulau": "",
        "route_create": "https://opsroom.sipongidata.my.id/daops/laporan/groundcheck/create/form",
        "hotspot_date": "2026-09-16",
        "distance_hgu_km": 0.836,
        "zone": "0–1 km",
        "location_status": "OUTSIDE HGU"
      }
    },
    {
      "type": "Feature",
      "geometry": {
        "type": "Point",
        "coordinates": [
          114.90415,
          -2.67006
        ]
      },
      "properties": {
        "confidence": "medium",
        "confidence_value": null,
        "sumber": "NASA-SNPP",
        "date_hotspot": "Rabu, 16 September 2026 00:43:00",
        "date_hotspot_ori": "2026-09-15T17:43:00.000000Z",
        "provinsi": null,
        "kabkota": "Tapin",
        "desa": "Sawaja",
        "hs_id": "2026-09-15T17:43:00.000000Z",
        "provinsi_id": 12,
        "long": 114.90415,
        "ori_sumber": null,
        "desa_id": null,
        "counter": 1,
        "confidence_level": "medium",
        "kawasan": "",
        "kecamatan": "Candi Laras Utara",
        "nama_provinsi": "Kalimantan Selatan",
        "pulau": "",
        "route_create": "https://opsroom.sipongidata.my.id/daops/laporan/groundcheck/create/form",
        "hotspot_date": "2026-09-16",
        "distance_hgu_km": 2.537,
        "zone": "1–3 km",
        "location_status": "OUTSIDE HGU"
      }
    },
    {
      "type": "Feature",
      "geometry": {
        "type": "Point",
        "coordinates": [
          115.00195,
          -2.68551
        ]
      },
      "properties": {
        "confidence": "medium",
        "confidence_value": null,
        "sumber": "NASA-SNPP",
        "date_hotspot": "Rabu, 16 September 2026 00:43:00",
        "date_hotspot_ori": "2026-09-15T17:43:00.000000Z",
        "provinsi": null,
        "kabkota": "Hulu Sungai Selatan",
        "desa": "Bajayau",
        "hs_id": "2026-09-15T17:43:00.000000Z",
        "provinsi_id": 12,
        "long": 115.00195,
        "ori_sumber": null,
        "desa_id": null,
        "counter": 4,
        "confidence_level": "medium",
        "kawasan": "",
        "kecamatan": "Daha Barat",
        "nama_provinsi": "Kalimantan Selatan",
        "pulau": "",
        "route_create": "https://opsroom.sipongidata.my.id/daops/laporan/groundcheck/create/form",
        "hotspot_date": "2026-09-16",
        "distance_hgu_km": 4.473,
        "zone": "3–5 km",
        "location_status": "OUTSIDE HGU"
      }
    },
    {
      "type": "Feature",
      "geometry": {
        "type": "Point",
        "coordinates": [
          114.85767,
          -2.82968
        ]
      },
      "properties": {
        "confidence": "medium",
        "confidence_value": null,
        "sumber": "NASA-NOAA20",
        "date_hotspot": "Selasa, 22 September 2026 00:49:00",
        "date_hotspot_ori": "2026-09-21T17:49:00.000000Z",
        "provinsi": null,
        "kabkota": "Tapin",
        "desa": "Batalas",
        "hs_id": "2026-09-21T17:49:00.000000Z",
        "provinsi_id": 12,
        "long": 114.85767,
        "ori_sumber": null,
        "desa_id": null,
        "counter": 1,
        "confidence_level": "medium",
        "kawasan": "",
        "kecamatan": "Candi Laras Utara",
        "nama_provinsi": "Kalimantan Selatan",
        "pulau": "",
        "route_create": "https://opsroom.sipongidata.my.id/daops/laporan/groundcheck/create/form",
        "hotspot_date": "2026-09-22",
        "distance_hgu_km": 0.397,
        "zone": "0–1 km",
        "location_status": "OUTSIDE HGU"
      }
    },
    {
      "type": "Feature",
      "geometry": {
        "type": "Point",
        "coordinates": [
          114.92953,
          -2.67401
        ]
      },
      "properties": {
        "confidence": "medium",
        "confidence_value": null,
        "sumber": "NASA-SNPP",
        "date_hotspot": "Selasa, 22 September 2026 13:10:00",
        "date_hotspot_ori": "2026-09-22T06:10:00.000000Z",
        "provinsi": null,
        "kabkota": "Tapin",
        "desa": "Sawaja",
        "hs_id": "2026-09-22T06:10:00.000000Z",
        "provinsi_id": 12,
        "long": 114.92953,
        "ori_sumber": null,
        "desa_id": null,
        "counter": 1,
        "confidence_level": "medium",
        "kawasan": "",
        "kecamatan": "Candi Laras Utara",
        "nama_provinsi": "Kalimantan Selatan",
        "pulau": "",
        "route_create": "https://opsroom.sipongidata.my.id/daops/laporan/groundcheck/create/form",
        "hotspot_date": "2026-09-22",
        "distance_hgu_km": 2.029,
        "zone": "1–3 km",
        "location_status": "OUTSIDE HGU"
      }
    },
    {
      "type": "Feature",
      "geometry": {
        "type": "Point",
        "coordinates": [
          115.00018,
          -2.7255
        ]
      },
      "properties": {
        "confidence": "medium",
        "confidence_value": null,
        "sumber": "NASA-SNPP",
        "date_hotspot": "Selasa, 22 September 2026 13:10:00",
        "date_hotspot_ori": "2026-09-22T06:10:00.000000Z",
        "provinsi": null,
        "kabkota": "Hulu Sungai Selatan",
        "desa": "Bajayau Lama",
        "hs_id": "2026-09-22T06:10:00.000000Z",
        "provinsi_id": 12,
        "long": 115.00018,
        "ori_sumber": null,
        "desa_id": null,
        "counter": 1,
        "confidence_level": "medium",
        "kawasan": "",
        "kecamatan": "Daha Barat",
        "nama_provinsi": "Kalimantan Selatan",
        "pulau": "",
        "route_create": "https://opsroom.sipongidata.my.id/daops/laporan/groundcheck/create/form",
        "hotspot_date": "2026-09-22",
        "distance_hgu_km": 4.211,
        "zone": "3–5 km",
        "location_status": "OUTSIDE HGU"
      }
    },
    {
      "type": "Feature",
      "geometry": {
        "type": "Point",
        "coordinates": [
          114.77368,
          -2.95145
        ]
      },
      "properties": {
        "confidence": "medium",
        "confidence_value": null,
        "sumber": "NASA-SNPP",
        "date_hotspot": "Selasa, 22 September 2026 13:10:00",
        "date_hotspot_ori": "2026-09-22T06:10:00.000000Z",
        "provinsi": null,
        "kabkota": "Barito Kuala",
        "desa": "Sungai Selirik",
        "hs_id": "2026-09-22T06:10:00.000000Z",
        "provinsi_id": 12,
        "long": 114.77368,
        "ori_sumber": null,
        "desa_id": null,
        "counter": 1,
        "confidence_level": "medium",
        "kawasan": "",
        "kecamatan": "Bakumpai",
        "nama_provinsi": "Kalimantan Selatan",
        "pulau": "",
        "route_create": "https://opsroom.sipongidata.my.id/daops/laporan/groundcheck/create/form",
        "hotspot_date": "2026-09-22",
        "distance_hgu_km": 4.888,
        "zone": "3–5 km",
        "location_status": "OUTSIDE HGU"
      }
    },
    {
      "type": "Feature",
      "geometry": {
        "type": "Point",
        "coordinates": [
          114.7773,
          -2.95031
        ]
      },
      "properties": {
        "confidence": "medium",
        "confidence_value": null,
        "sumber": "NASA-NOAA20",
        "date_hotspot": "Selasa, 22 September 2026 13:29:00",
        "date_hotspot_ori": "2026-09-22T06:29:00.000000Z",
        "provinsi": null,
        "kabkota": "Barito Kuala",
        "desa": "Murung Raya",
        "hs_id": "2026-09-22T06:29:00.000000Z",
        "provinsi_id": 12,
        "long": 114.7773,
        "ori_sumber": null,
        "desa_id": null,
        "counter": 1,
        "confidence_level": "medium",
        "kawasan": "",
        "kecamatan": "Bakumpai",
        "nama_provinsi": "Kalimantan Selatan",
        "pulau": "",
        "route_create": "https://opsroom.sipongidata.my.id/daops/laporan/groundcheck/create/form",
        "hotspot_date": "2026-09-22",
        "distance_hgu_km": 4.473,
        "zone": "3–5 km",
        "location_status": "OUTSIDE HGU"
      }
    },
    {
      "type": "Feature",
      "geometry": {
        "type": "Point",
        "coordinates": [
          114.91871,
          -2.77457
        ]
      },
      "properties": {
        "confidence": "medium",
        "confidence_value": null,
        "sumber": "NASA-NOAA20",
        "date_hotspot": "Selasa, 22 September 2026 13:29:00",
        "date_hotspot_ori": "2026-09-22T06:29:00.000000Z",
        "provinsi": null,
        "kabkota": "Tapin",
        "desa": "Buas-Buas Hilir",
        "hs_id": "2026-09-22T06:29:00.000000Z",
        "provinsi_id": 12,
        "long": 114.91871,
        "ori_sumber": null,
        "desa_id": null,
        "counter": 1,
        "confidence_level": "medium",
        "kawasan": "",
        "kecamatan": "Candi Laras Utara",
        "nama_provinsi": "Kalimantan Selatan",
        "pulau": "",
        "route_create": "https://opsroom.sipongidata.my.id/daops/laporan/groundcheck/create/form",
        "hotspot_date": "2026-09-22",
        "distance_hgu_km": 0.177,
        "zone": "0–1 km",
        "location_status": "OUTSIDE HGU"
      }
    },
    {
      "type": "Feature",
      "geometry": {
        "type": "Point",
        "coordinates": [
          114.8125,
          -2.93811
        ]
      },
      "properties": {
        "confidence": "medium",
        "confidence_value": null,
        "sumber": "NASA-SNPP",
        "date_hotspot": "Selasa, 22 September 2026 13:10:00",
        "date_hotspot_ori": "2026-09-22T06:10:00.000000Z",
        "provinsi": null,
        "kabkota": "Tapin",
        "desa": "Keladan",
        "hs_id": "2026-09-22T06:10:00.000000Z",
        "provinsi_id": 12,
        "long": 114.8125,
        "ori_sumber": null,
        "desa_id": null,
        "counter": 1,
        "confidence_level": "medium",
        "kawasan": "",
        "kecamatan": "Candi Laras Utara",
        "nama_provinsi": "Kalimantan Selatan",
        "pulau": "",
        "route_create": "https://opsroom.sipongidata.my.id/daops/laporan/groundcheck/create/form",
        "hotspot_date": "2026-09-22",
        "distance_hgu_km": 0.355,
        "zone": "0–1 km",
        "location_status": "OUTSIDE HGU"
      }
    },
    {
      "type": "Feature",
      "geometry": {
        "type": "Point",
        "coordinates": [
          114.85313,
          -2.81954
        ]
      },
      "properties": {
        "confidence": "medium",
        "confidence_value": null,
        "sumber": "NASA-NOAA20",
        "date_hotspot": "Rabu, 23 September 2026 00:32:00",
        "date_hotspot_ori": "2026-09-22T17:32:00.000000Z",
        "provinsi": null,
        "kabkota": "Tapin",
        "desa": "Batalas",
        "hs_id": "2026-09-22T17:32:00.000000Z",
        "provinsi_id": 12,
        "long": 114.85313,
        "ori_sumber": null,
        "desa_id": null,
        "counter": 2,
        "confidence_level": "medium",
        "kawasan": "",
        "kecamatan": "Candi Laras Utara",
        "nama_provinsi": "Kalimantan Selatan",
        "pulau": "",
        "route_create": "https://opsroom.sipongidata.my.id/daops/laporan/groundcheck/create/form",
        "hotspot_date": "2026-09-23",
        "distance_hgu_km": 0.0,
        "zone": "Inside HGU",
        "location_status": "INSIDE HGU"
      }
    },
    {
      "type": "Feature",
      "geometry": {
        "type": "Point",
        "coordinates": [
          114.90553,
          -2.67867
        ]
      },
      "properties": {
        "confidence": "medium",
        "confidence_value": null,
        "sumber": "NASA-NOAA20",
        "date_hotspot": "Rabu, 23 September 2026 00:32:00",
        "date_hotspot_ori": "2026-09-22T17:32:00.000000Z",
        "provinsi": null,
        "kabkota": "Tapin",
        "desa": "Sawaja",
        "hs_id": "2026-09-22T17:32:00.000000Z",
        "provinsi_id": 12,
        "long": 114.90553,
        "ori_sumber": null,
        "desa_id": null,
        "counter": 6,
        "confidence_level": "medium",
        "kawasan": "",
        "kecamatan": "Candi Laras Utara",
        "nama_provinsi": "Kalimantan Selatan",
        "pulau": "",
        "route_create": "https://opsroom.sipongidata.my.id/daops/laporan/groundcheck/create/form",
        "hotspot_date": "2026-09-23",
        "distance_hgu_km": 1.578,
        "zone": "1–3 km",
        "location_status": "OUTSIDE HGU"
      }
    },
    {
      "type": "Feature",
      "geometry": {
        "type": "Point",
        "coordinates": [
          114.81152,
          -2.89868
        ]
      },
      "properties": {
        "confidence": "medium",
        "confidence_value": null,
        "sumber": "NASA-SNPP",
        "date_hotspot": "Sabtu, 26 September 2026 00:56:00",
        "date_hotspot_ori": "2026-09-25T17:56:00.000000Z",
        "provinsi": null,
        "kabkota": "Barito Kuala",
        "desa": "Banitan",
        "hs_id": "2026-09-25T17:56:00.000000Z",
        "provinsi_id": 12,
        "long": 114.81152,
        "ori_sumber": null,
        "desa_id": null,
        "counter": 1,
        "confidence_level": "medium",
        "kawasan": "",
        "kecamatan": "Bakumpai",
        "nama_provinsi": "Kalimantan Selatan",
        "pulau": "",
        "route_create": "https://opsroom.sipongidata.my.id/daops/laporan/groundcheck/create/form",
        "hotspot_date": "2026-09-26",
        "distance_hgu_km": 1.66,
        "zone": "1–3 km",
        "location_status": "OUTSIDE HGU"
      }
    },
    {
      "type": "Feature",
      "geometry": {
        "type": "Point",
        "coordinates": [
          114.95854,
          -2.65059
        ]
      },
      "properties": {
        "confidence": "medium",
        "confidence_value": null,
        "sumber": "NASA-MODIS",
        "date_hotspot": "Minggu, 20 September 2026 19:51:00",
        "date_hotspot_ori": "2026-09-20T12:51:00.000000Z",
        "provinsi": null,
        "kabkota": "Hulu Sungai Selatan",
        "desa": "Baru",
        "hs_id": "2026-09-20T12:51:00.000000Z",
        "provinsi_id": 12,
        "long": 114.95854,
        "ori_sumber": null,
        "desa_id": null,
        "counter": 3,
        "confidence_level": "medium",
        "kawasan": "",
        "kecamatan": "Daha Barat",
        "nama_provinsi": "Kalimantan Selatan",
        "pulau": "",
        "route_create": "https://opsroom.sipongidata.my.id/daops/laporan/groundcheck/create/form",
        "hotspot_date": "2026-09-20",
        "distance_hgu_km": 4.636,
        "zone": "3–5 km",
        "location_status": "OUTSIDE HGU"
      }
    },
    {
      "type": "Feature",
      "geometry": {
        "type": "Point",
        "coordinates": [
          114.96883,
          -2.76569
        ]
      },
      "properties": {
        "confidence": "medium",
        "confidence_value": null,
        "sumber": "NASA-MODIS",
        "date_hotspot": "Minggu, 27 September 2026 15:20:00",
        "date_hotspot_ori": "2026-09-27T08:20:00.000000Z",
        "provinsi": null,
        "kabkota": "Tapin",
        "desa": "Buas-Buas",
        "hs_id": "2026-09-27T08:20:00.000000Z",
        "provinsi_id": 12,
        "long": 114.96883,
        "ori_sumber": null,
        "desa_id": null,
        "counter": 1,
        "confidence_level": "medium",
        "kawasan": "",
        "kecamatan": "Candi Laras Utara",
        "nama_provinsi": "Kalimantan Selatan",
        "pulau": "",
        "route_create": "https://opsroom.sipongidata.my.id/daops/laporan/groundcheck/create/form",
        "hotspot_date": "2026-09-27",
        "distance_hgu_km": 3.269,
        "zone": "3–5 km",
        "location_status": "OUTSIDE HGU"
      }
    },
    {
      "type": "Feature",
      "geometry": {
        "type": "Point",
        "coordinates": [
          114.99554,
          -2.71374
        ]
      },
      "properties": {
        "confidence": "medium",
        "confidence_value": null,
        "sumber": "NASA-MODIS",
        "date_hotspot": "Jumat, 11 September 2026 15:01:00",
        "date_hotspot_ori": "2026-09-11T08:01:00.000000Z",
        "provinsi": null,
        "kabkota": "Hulu Sungai Selatan",
        "desa": "Bajayau Tengah",
        "hs_id": "2026-09-11T08:01:00.000000Z",
        "provinsi_id": 12,
        "long": 114.99554,
        "ori_sumber": null,
        "desa_id": null,
        "counter": 1,
        "confidence_level": "medium",
        "kawasan": "",
        "kecamatan": "Daha Barat",
        "nama_provinsi": "Kalimantan Selatan",
        "pulau": "",
        "route_create": "https://opsroom.sipongidata.my.id/daops/laporan/groundcheck/create/form",
        "hotspot_date": "2026-09-11",
        "distance_hgu_km": 3.701,
        "zone": "3–5 km",
        "location_status": "OUTSIDE HGU"
      }
    },
    {
      "type": "Feature",
      "geometry": {
        "type": "Point",
        "coordinates": [
          114.89363,
          -2.83081
        ]
      },
      "properties": {
        "confidence": "medium",
        "confidence_value": null,
        "sumber": "NASA-MODIS",
        "date_hotspot": "Jumat, 11 September 2026 08:15:00",
        "date_hotspot_ori": "2026-09-11T01:15:00.000000Z",
        "provinsi": null,
        "kabkota": "Tapin",
        "desa": "Batalas",
        "hs_id": "2026-09-11T01:15:00.000000Z",
        "provinsi_id": 12,
        "long": 114.89363,
        "ori_sumber": null,
        "desa_id": null,
        "counter": 2,
        "confidence_level": "medium",
        "kawasan": "",
        "kecamatan": "Candi Laras Utara",
        "nama_provinsi": "Kalimantan Selatan",
        "pulau": "",
        "route_create": "https://opsroom.sipongidata.my.id/daops/laporan/groundcheck/create/form",
        "hotspot_date": "2026-09-11",
        "distance_hgu_km": 0.971,
        "zone": "0–1 km",
        "location_status": "OUTSIDE HGU"
      }
    },
    {
      "type": "Feature",
      "geometry": {
        "type": "Point",
        "coordinates": [
          114.90285,
          -2.8439
        ]
      },
      "properties": {
        "confidence": "medium",
        "confidence_value": null,
        "sumber": "NASA-MODIS",
        "date_hotspot": "Kamis, 24 September 2026 15:05:00",
        "date_hotspot_ori": "2026-09-24T08:05:00.000000Z",
        "provinsi": null,
        "kabkota": "Tapin",
        "desa": "Baulin",
        "hs_id": "2026-09-24T08:05:00.000000Z",
        "provinsi_id": 12,
        "long": 114.90285,
        "ori_sumber": null,
        "desa_id": null,
        "counter": 1,
        "confidence_level": "medium",
        "kawasan": "",
        "kecamatan": "Candi Laras Selatan",
        "nama_provinsi": "Kalimantan Selatan",
        "pulau": "",
        "route_create": "https://opsroom.sipongidata.my.id/daops/laporan/groundcheck/create/form",
        "hotspot_date": "2026-09-24",
        "distance_hgu_km": 1.783,
        "zone": "1–3 km",
        "location_status": "OUTSIDE HGU"
      }
    },
    {
      "type": "Feature",
      "geometry": {
        "type": "Point",
        "coordinates": [
          114.87453,
          -2.89273
        ]
      },
      "properties": {
        "confidence": "medium",
        "confidence_value": null,
        "sumber": "NASA-MODIS",
        "date_hotspot": "Kamis, 24 September 2026 15:05:00",
        "date_hotspot_ori": "2026-09-24T08:05:00.000000Z",
        "provinsi": null,
        "kabkota": "Tapin",
        "desa": "Sungai Selai",
        "hs_id": "2026-09-24T08:05:00.000000Z",
        "provinsi_id": 12,
        "long": 114.87453,
        "ori_sumber": null,
        "desa_id": null,
        "counter": 1,
        "confidence_level": "medium",
        "kawasan": "",
        "kecamatan": "Candi Laras Utara",
        "nama_provinsi": "Kalimantan Selatan",
        "pulau": "",
        "route_create": "https://opsroom.sipongidata.my.id/daops/laporan/groundcheck/create/form",
        "hotspot_date": "2026-09-24",
        "distance_hgu_km": 0.0,
        "zone": "Inside HGU",
        "location_status": "INSIDE HGU"
      }
    },
    {
      "type": "Feature",
      "geometry": {
        "type": "Point",
        "coordinates": [
          114.89182,
          -2.86061
        ]
      },
      "properties": {
        "confidence": "medium",
        "confidence_value": null,
        "sumber": "NASA-MODIS",
        "date_hotspot": "Senin, 21 September 2026 14:48:00",
        "date_hotspot_ori": "2026-09-21T07:48:00.000000Z",
        "provinsi": null,
        "kabkota": "Tapin",
        "desa": "Margasari Hulu",
        "hs_id": "2026-09-21T07:48:00.000000Z",
        "provinsi_id": 12,
        "long": 114.89182,
        "ori_sumber": null,
        "desa_id": null,
        "counter": 2,
        "confidence_level": "medium",
        "kawasan": "",
        "kecamatan": "Candi Laras Selatan",
        "nama_provinsi": "Kalimantan Selatan",
        "pulau": "",
        "route_create": "https://opsroom.sipongidata.my.id/daops/laporan/groundcheck/create/form",
        "hotspot_date": "2026-09-21",
        "distance_hgu_km": 1.38,
        "zone": "1–3 km",
        "location_status": "OUTSIDE HGU"
      }
    },
    {
      "type": "Feature",
      "geometry": {
        "type": "Point",
        "coordinates": [
          114.90876,
          -2.67903
        ]
      },
      "properties": {
        "confidence": "medium",
        "confidence_value": null,
        "sumber": "NASA-MODIS",
        "date_hotspot": "Sabtu, 19 September 2026 15:11:00",
        "date_hotspot_ori": "2026-09-19T08:11:00.000000Z",
        "provinsi": null,
        "kabkota": "Tapin",
        "desa": "Sawaja",
        "hs_id": "2026-09-19T08:11:00.000000Z",
        "provinsi_id": 12,
        "long": 114.90876,
        "ori_sumber": null,
        "desa_id": null,
        "counter": 2,
        "confidence_level": "medium",
        "kawasan": "",
        "kecamatan": "Candi Laras Utara",
        "nama_provinsi": "Kalimantan Selatan",
        "pulau": "",
        "route_create": "https://opsroom.sipongidata.my.id/daops/laporan/groundcheck/create/form",
        "hotspot_date": "2026-09-19",
        "distance_hgu_km": 1.473,
        "zone": "1–3 km",
        "location_status": "OUTSIDE HGU"
      }
    },
    {
      "type": "Feature",
      "geometry": {
        "type": "Point",
        "coordinates": [
          114.87959,
          -2.86239
        ]
      },
      "properties": {
        "confidence": "medium",
        "confidence_value": null,
        "sumber": "NASA-MODIS",
        "date_hotspot": "Senin, 21 September 2026 14:48:00",
        "date_hotspot_ori": "2026-09-21T07:48:00.000000Z",
        "provinsi": null,
        "kabkota": "Tapin",
        "desa": "Pariok",
        "hs_id": "2026-09-21T07:48:00.000000Z",
        "provinsi_id": 12,
        "long": 114.87959,
        "ori_sumber": null,
        "desa_id": null,
        "counter": 1,
        "confidence_level": "medium",
        "kawasan": "",
        "kecamatan": "Candi Laras Utara",
        "nama_provinsi": "Kalimantan Selatan",
        "pulau": "",
        "route_create": "https://opsroom.sipongidata.my.id/daops/laporan/groundcheck/create/form",
        "hotspot_date": "2026-09-21",
        "distance_hgu_km": 0.034,
        "zone": "0–1 km",
        "location_status": "OUTSIDE HGU"
      }
    },
    {
      "type": "Feature",
      "geometry": {
        "type": "Point",
        "coordinates": [
          114.92988,
          -2.65098
        ]
      },
      "properties": {
        "confidence": "medium",
        "confidence_value": null,
        "sumber": "NASA-MODIS",
        "date_hotspot": "Sabtu, 05 September 2026 19:57:00",
        "date_hotspot_ori": "2026-09-05T12:57:00.000000Z",
        "provinsi": null,
        "kabkota": "Tapin",
        "desa": "Sawaja",
        "hs_id": "2026-09-05T12:57:00.000000Z",
        "provinsi_id": 12,
        "long": 114.92988,
        "ori_sumber": null,
        "desa_id": null,
        "counter": 4,
        "confidence_level": "medium",
        "kawasan": "",
        "kecamatan": "Candi Laras Utara",
        "nama_provinsi": "Kalimantan Selatan",
        "pulau": "",
        "route_create": "https://opsroom.sipongidata.my.id/daops/laporan/groundcheck/create/form",
        "hotspot_date": "2026-09-05",
        "distance_hgu_km": 4.576,
        "zone": "3–5 km",
        "location_status": "OUTSIDE HGU"
      }
    },
    {
      "type": "Feature",
      "geometry": {
        "type": "Point",
        "coordinates": [
          114.9111,
          -2.67623
        ]
      },
      "properties": {
        "confidence": "medium",
        "confidence_value": null,
        "sumber": "NASA-MODIS",
        "date_hotspot": "Minggu, 20 September 2026 19:51:00",
        "date_hotspot_ori": "2026-09-20T12:51:00.000000Z",
        "provinsi": null,
        "kabkota": "Tapin",
        "desa": "Sawaja",
        "hs_id": "2026-09-20T12:51:00.000000Z",
        "provinsi_id": 12,
        "long": 114.9111,
        "ori_sumber": null,
        "desa_id": null,
        "counter": 3,
        "confidence_level": "medium",
        "kawasan": "",
        "kecamatan": "Candi Laras Utara",
        "nama_provinsi": "Kalimantan Selatan",
        "pulau": "",
        "route_create": "https://opsroom.sipongidata.my.id/daops/laporan/groundcheck/create/form",
        "hotspot_date": "2026-09-20",
        "distance_hgu_km": 1.774,
        "zone": "1–3 km",
        "location_status": "OUTSIDE HGU"
      }
    },
    {
      "type": "Feature",
      "geometry": {
        "type": "Point",
        "coordinates": [
          114.8054,
          -2.91312
        ]
      },
      "properties": {
        "confidence": "medium",
        "confidence_value": null,
        "sumber": "NASA-MODIS",
        "date_hotspot": "Senin, 21 September 2026 14:48:00",
        "date_hotspot_ori": "2026-09-21T07:48:00.000000Z",
        "provinsi": null,
        "kabkota": "Barito Kuala",
        "desa": "Banitan",
        "hs_id": "2026-09-21T07:48:00.000000Z",
        "provinsi_id": 12,
        "long": 114.8054,
        "ori_sumber": null,
        "desa_id": null,
        "counter": 1,
        "confidence_level": "medium",
        "kawasan": "",
        "kecamatan": "Bakumpai",
        "nama_provinsi": "Kalimantan Selatan",
        "pulau": "",
        "route_create": "https://opsroom.sipongidata.my.id/daops/laporan/groundcheck/create/form",
        "hotspot_date": "2026-09-21",
        "distance_hgu_km": 1.631,
        "zone": "1–3 km",
        "location_status": "OUTSIDE HGU"
      }
    },
    {
      "type": "Feature",
      "geometry": {
        "type": "Point",
        "coordinates": [
          114.89902,
          -2.68048
        ]
      },
      "properties": {
        "confidence": "medium",
        "confidence_value": null,
        "sumber": "NASA-MODIS",
        "date_hotspot": "Sabtu, 19 September 2026 15:11:00",
        "date_hotspot_ori": "2026-09-19T08:11:00.000000Z",
        "provinsi": null,
        "kabkota": "Tapin",
        "desa": "Buas-Buas",
        "hs_id": "2026-09-19T08:11:00.000000Z",
        "provinsi_id": 12,
        "long": 114.89902,
        "ori_sumber": null,
        "desa_id": null,
        "counter": 2,
        "confidence_level": "medium",
        "kawasan": "",
        "kecamatan": "Candi Laras Utara",
        "nama_provinsi": "Kalimantan Selatan",
        "pulau": "",
        "route_create": "https://opsroom.sipongidata.my.id/daops/laporan/groundcheck/create/form",
        "hotspot_date": "2026-09-19",
        "distance_hgu_km": 1.765,
        "zone": "1–3 km",
        "location_status": "OUTSIDE HGU"
      }
    },
    {
      "type": "Feature",
      "geometry": {
        "type": "Point",
        "coordinates": [
          114.90804,
          -2.68273
        ]
      },
      "properties": {
        "confidence": "medium",
        "confidence_value": null,
        "sumber": "NASA-MODIS",
        "date_hotspot": "Minggu, 20 September 2026 19:51:00",
        "date_hotspot_ori": "2026-09-20T12:51:00.000000Z",
        "provinsi": null,
        "kabkota": "Tapin",
        "desa": "Sawaja",
        "hs_id": "2026-09-20T12:51:00.000000Z",
        "provinsi_id": 12,
        "long": 114.90804,
        "ori_sumber": null,
        "desa_id": null,
        "counter": 3,
        "confidence_level": "medium",
        "kawasan": "",
        "kecamatan": "Candi Laras Utara",
        "nama_provinsi": "Kalimantan Selatan",
        "pulau": "",
        "route_create": "https://opsroom.sipongidata.my.id/daops/laporan/groundcheck/create/form",
        "hotspot_date": "2026-09-20",
        "distance_hgu_km": 1.075,
        "zone": "1–3 km",
        "location_status": "OUTSIDE HGU"
      }
    },
    {
      "type": "Feature",
      "geometry": {
        "type": "Point",
        "coordinates": [
          114.92436,
          -2.67669
        ]
      },
      "properties": {
        "confidence": "medium",
        "confidence_value": null,
        "sumber": "NASA-MODIS",
        "date_hotspot": "Minggu, 13 September 2026 20:14:00",
        "date_hotspot_ori": "2026-09-13T13:14:00.000000Z",
        "provinsi": null,
        "kabkota": "Tapin",
        "desa": "Sawaja",
        "hs_id": "2026-09-13T13:14:00.000000Z",
        "provinsi_id": 12,
        "long": 114.92436,
        "ori_sumber": null,
        "desa_id": null,
        "counter": 1,
        "confidence_level": "medium",
        "kawasan": "",
        "kecamatan": "Candi Laras Utara",
        "nama_provinsi": "Kalimantan Selatan",
        "pulau": "",
        "route_create": "https://opsroom.sipongidata.my.id/daops/laporan/groundcheck/create/form",
        "hotspot_date": "2026-09-13",
        "distance_hgu_km": 1.728,
        "zone": "1–3 km",
        "location_status": "OUTSIDE HGU"
      }
    },
    {
      "type": "Feature",
      "geometry": {
        "type": "Point",
        "coordinates": [
          114.93962,
          -2.6554
        ]
      },
      "properties": {
        "confidence": "high",
        "confidence_value": null,
        "sumber": "NASA-MODIS",
        "date_hotspot": "Kamis, 03 September 2026 20:16:00",
        "date_hotspot_ori": "2026-09-03T13:16:00.000000Z",
        "provinsi": null,
        "kabkota": "Hulu Sungai Selatan",
        "desa": "Bajayau",
        "hs_id": "2026-09-03T13:16:00.000000Z",
        "provinsi_id": 12,
        "long": 114.93962,
        "ori_sumber": null,
        "desa_id": null,
        "counter": 2,
        "confidence_level": "high",
        "kawasan": "",
        "kecamatan": "Daha Barat",
        "nama_provinsi": "Kalimantan Selatan",
        "pulau": "",
        "route_create": "https://opsroom.sipongidata.my.id/daops/laporan/groundcheck/create/form",
        "hotspot_date": "2026-09-03",
        "distance_hgu_km": 4.087,
        "zone": "3–5 km",
        "location_status": "OUTSIDE HGU"
      }
    },
    {
      "type": "Feature",
      "geometry": {
        "type": "Point",
        "coordinates": [
          114.9107,
          -2.69242
        ]
      },
      "properties": {
        "confidence": "high",
        "confidence_value": null,
        "sumber": "NASA-MODIS",
        "date_hotspot": "Selasa, 15 September 2026 19:53:00",
        "date_hotspot_ori": "2026-09-15T12:53:00.000000Z",
        "provinsi": null,
        "kabkota": "Tapin",
        "desa": "Buas-Buas",
        "hs_id": "2026-09-15T12:53:00.000000Z",
        "provinsi_id": 12,
        "long": 114.9107,
        "ori_sumber": null,
        "desa_id": null,
        "counter": 1,
        "confidence_level": "high",
        "kawasan": "",
        "kecamatan": "Candi Laras Utara",
        "nama_provinsi": "Kalimantan Selatan",
        "pulau": "",
        "route_create": "https://opsroom.sipongidata.my.id/daops/laporan/groundcheck/create/form",
        "hotspot_date": "2026-09-15",
        "distance_hgu_km": 0.0,
        "zone": "Inside HGU",
        "location_status": "INSIDE HGU"
      }
    },
    {
      "type": "Feature",
      "geometry": {
        "type": "Point",
        "coordinates": [
          114.93927,
          -2.73677
        ]
      },
      "properties": {
        "confidence": "high",
        "confidence_value": null,
        "sumber": "NASA-MODIS",
        "date_hotspot": "Minggu, 13 September 2026 20:14:00",
        "date_hotspot_ori": "2026-09-13T13:14:00.000000Z",
        "provinsi": null,
        "kabkota": "Tapin",
        "desa": "Buas-Buas",
        "hs_id": "2026-09-13T13:14:00.000000Z",
        "provinsi_id": 12,
        "long": 114.93927,
        "ori_sumber": null,
        "desa_id": null,
        "counter": 2,
        "confidence_level": "high",
        "kawasan": "",
        "kecamatan": "Candi Laras Utara",
        "nama_provinsi": "Kalimantan Selatan",
        "pulau": "",
        "route_create": "https://opsroom.sipongidata.my.id/daops/laporan/groundcheck/create/form",
        "hotspot_date": "2026-09-13",
        "distance_hgu_km": 0.0,
        "zone": "Inside HGU",
        "location_status": "INSIDE HGU"
      }
    },
    {
      "type": "Feature",
      "geometry": {
        "type": "Point",
        "coordinates": [
          114.9331,
          -2.65619
        ]
      },
      "properties": {
        "confidence": "high",
        "confidence_value": null,
        "sumber": "NASA-MODIS",
        "date_hotspot": "Jumat, 04 September 2026 03:12:00",
        "date_hotspot_ori": "2026-09-03T20:12:00.000000Z",
        "provinsi": null,
        "kabkota": "Tapin",
        "desa": "Sawaja",
        "hs_id": "2026-09-03T20:12:00.000000Z",
        "provinsi_id": 12,
        "long": 114.9331,
        "ori_sumber": null,
        "desa_id": null,
        "counter": 3,
        "confidence_level": "high",
        "kawasan": "",
        "kecamatan": "Candi Laras Utara",
        "nama_provinsi": "Kalimantan Selatan",
        "pulau": "",
        "route_create": "https://opsroom.sipongidata.my.id/daops/laporan/groundcheck/create/form",
        "hotspot_date": "2026-09-04",
        "distance_hgu_km": 4.0,
        "zone": "3–5 km",
        "location_status": "OUTSIDE HGU"
      }
    },
    {
      "type": "Feature",
      "geometry": {
        "type": "Point",
        "coordinates": [
          114.94413,
          -2.64895
        ]
      },
      "properties": {
        "confidence": "high",
        "confidence_value": null,
        "sumber": "NASA-MODIS",
        "date_hotspot": "Kamis, 03 September 2026 02:34:00",
        "date_hotspot_ori": "2026-09-02T19:34:00.000000Z",
        "provinsi": null,
        "kabkota": "Hulu Sungai Selatan",
        "desa": "Baru",
        "hs_id": "2026-09-02T19:34:00.000000Z",
        "provinsi_id": 12,
        "long": 114.94413,
        "ori_sumber": null,
        "desa_id": null,
        "counter": 1,
        "confidence_level": "high",
        "kawasan": "",
        "kecamatan": "Daha Barat",
        "nama_provinsi": "Kalimantan Selatan",
        "pulau": "",
        "route_create": "https://opsroom.sipongidata.my.id/daops/laporan/groundcheck/create/form",
        "hotspot_date": "2026-09-03",
        "distance_hgu_km": 4.801,
        "zone": "3–5 km",
        "location_status": "OUTSIDE HGU"
      }
    },
    {
      "type": "Feature",
      "geometry": {
        "type": "Point",
        "coordinates": [
          114.89034,
          -2.85035
        ]
      },
      "properties": {
        "confidence": "high",
        "confidence_value": null,
        "sumber": "NASA-MODIS",
        "date_hotspot": "Senin, 21 September 2026 14:48:00",
        "date_hotspot_ori": "2026-09-21T07:48:00.000000Z",
        "provinsi": null,
        "kabkota": "Tapin",
        "desa": "Margasari Hulu",
        "hs_id": "2026-09-21T07:48:00.000000Z",
        "provinsi_id": 12,
        "long": 114.89034,
        "ori_sumber": null,
        "desa_id": null,
        "counter": 2,
        "confidence_level": "high",
        "kawasan": "",
        "kecamatan": "Candi Laras Selatan",
        "nama_provinsi": "Kalimantan Selatan",
        "pulau": "",
        "route_create": "https://opsroom.sipongidata.my.id/daops/laporan/groundcheck/create/form",
        "hotspot_date": "2026-09-21",
        "distance_hgu_km": 0.406,
        "zone": "0–1 km",
        "location_status": "OUTSIDE HGU"
      }
    },
    {
      "type": "Feature",
      "geometry": {
        "type": "Point",
        "coordinates": [
          114.92049,
          -2.69109
        ]
      },
      "properties": {
        "confidence": "high",
        "confidence_value": null,
        "sumber": "NASA-MODIS",
        "date_hotspot": "Selasa, 15 September 2026 19:53:00",
        "date_hotspot_ori": "2026-09-15T12:53:00.000000Z",
        "provinsi": null,
        "kabkota": "Tapin",
        "desa": "Sawaja",
        "hs_id": "2026-09-15T12:53:00.000000Z",
        "provinsi_id": 12,
        "long": 114.92049,
        "ori_sumber": null,
        "desa_id": null,
        "counter": 1,
        "confidence_level": "high",
        "kawasan": "",
        "kecamatan": "Candi Laras Utara",
        "nama_provinsi": "Kalimantan Selatan",
        "pulau": "",
        "route_create": "https://opsroom.sipongidata.my.id/daops/laporan/groundcheck/create/form",
        "hotspot_date": "2026-09-15",
        "distance_hgu_km": 0.133,
        "zone": "0–1 km",
        "location_status": "OUTSIDE HGU"
      }
    },
    {
      "type": "Feature",
      "geometry": {
        "type": "Point",
        "coordinates": [
          114.90913,
          -2.79997
        ]
      },
      "properties": {
        "confidence": "high",
        "confidence_value": null,
        "sumber": "NASA-MODIS",
        "date_hotspot": "Sabtu, 12 September 2026 19:34:00",
        "date_hotspot_ori": "2026-09-12T12:34:00.000000Z",
        "provinsi": null,
        "kabkota": "Tapin",
        "desa": "Teluk Haur",
        "hs_id": "2026-09-12T12:34:00.000000Z",
        "provinsi_id": 12,
        "long": 114.90913,
        "ori_sumber": null,
        "desa_id": null,
        "counter": 1,
        "confidence_level": "high",
        "kawasan": "",
        "kecamatan": "Candi Laras Utara",
        "nama_provinsi": "Kalimantan Selatan",
        "pulau": "",
        "route_create": "https://opsroom.sipongidata.my.id/daops/laporan/groundcheck/create/form",
        "hotspot_date": "2026-09-12",
        "distance_hgu_km": 2.674,
        "zone": "1–3 km",
        "location_status": "OUTSIDE HGU"
      }
    },
    {
      "type": "Feature",
      "geometry": {
        "type": "Point",
        "coordinates": [
          114.89837,
          -2.68336
        ]
      },
      "properties": {
        "confidence": "high",
        "confidence_value": null,
        "sumber": "NASA-MODIS",
        "date_hotspot": "Jumat, 18 September 2026 20:12:00",
        "date_hotspot_ori": "2026-09-18T13:12:00.000000Z",
        "provinsi": null,
        "kabkota": "Tapin",
        "desa": "Buas-Buas",
        "hs_id": "2026-09-18T13:12:00.000000Z",
        "provinsi_id": 12,
        "long": 114.89837,
        "ori_sumber": null,
        "desa_id": null,
        "counter": 1,
        "confidence_level": "high",
        "kawasan": "",
        "kecamatan": "Candi Laras Utara",
        "nama_provinsi": "Kalimantan Selatan",
        "pulau": "",
        "route_create": "https://opsroom.sipongidata.my.id/daops/laporan/groundcheck/create/form",
        "hotspot_date": "2026-09-18",
        "distance_hgu_km": 1.6,
        "zone": "1–3 km",
        "location_status": "OUTSIDE HGU"
      }
    },
    {
      "type": "Feature",
      "geometry": {
        "type": "Point",
        "coordinates": [
          114.90807,
          -2.67733
        ]
      },
      "properties": {
        "confidence": "high",
        "confidence_value": null,
        "sumber": "NASA-MODIS",
        "date_hotspot": "Selasa, 22 September 2026 03:08:00",
        "date_hotspot_ori": "2026-09-21T20:08:00.000000Z",
        "provinsi": null,
        "kabkota": "Tapin",
        "desa": "Sawaja",
        "hs_id": "2026-09-21T20:08:00.000000Z",
        "provinsi_id": 12,
        "long": 114.90807,
        "ori_sumber": null,
        "desa_id": null,
        "counter": 1,
        "confidence_level": "high",
        "kawasan": "",
        "kecamatan": "Candi Laras Utara",
        "nama_provinsi": "Kalimantan Selatan",
        "pulau": "",
        "route_create": "https://opsroom.sipongidata.my.id/daops/laporan/groundcheck/create/form",
        "hotspot_date": "2026-09-22",
        "distance_hgu_km": 1.667,
        "zone": "1–3 km",
        "location_status": "OUTSIDE HGU"
      }
    },
    {
      "type": "Feature",
      "geometry": {
        "type": "Point",
        "coordinates": [
          114.87675,
          -2.80743
        ]
      },
      "properties": {
        "confidence": "high",
        "confidence_value": null,
        "sumber": "NASA-SNPP",
        "date_hotspot": "Jumat, 11 September 2026 13:16:00",
        "date_hotspot_ori": "2026-09-11T06:16:00.000000Z",
        "provinsi": null,
        "kabkota": "Tapin",
        "desa": "Batalas",
        "hs_id": "2026-09-11T06:16:00.000000Z",
        "provinsi_id": 12,
        "long": 114.87675,
        "ori_sumber": null,
        "desa_id": null,
        "counter": 1,
        "confidence_level": "high",
        "kawasan": "",
        "kecamatan": "Candi Laras Utara",
        "nama_provinsi": "Kalimantan Selatan",
        "pulau": "",
        "route_create": "https://opsroom.sipongidata.my.id/daops/laporan/groundcheck/create/form",
        "hotspot_date": "2026-09-11",
        "distance_hgu_km": 1.028,
        "zone": "1–3 km",
        "location_status": "OUTSIDE HGU"
      }
    },
    {
      "type": "Feature",
      "geometry": {
        "type": "Point",
        "coordinates": [
          114.81055,
          -2.93869
        ]
      },
      "properties": {
        "confidence": "high",
        "confidence_value": null,
        "sumber": "NASA-SNPP",
        "date_hotspot": "Minggu, 20 September 2026 12:08:00",
        "date_hotspot_ori": "2026-09-20T05:08:00.000000Z",
        "provinsi": null,
        "kabkota": "Tapin",
        "desa": "Keladan",
        "hs_id": "2026-09-20T05:08:00.000000Z",
        "provinsi_id": 12,
        "long": 114.81055,
        "ori_sumber": null,
        "desa_id": null,
        "counter": 1,
        "confidence_level": "high",
        "kawasan": "",
        "kecamatan": "Candi Laras Utara",
        "nama_provinsi": "Kalimantan Selatan",
        "pulau": "",
        "route_create": "https://opsroom.sipongidata.my.id/daops/laporan/groundcheck/create/form",
        "hotspot_date": "2026-09-20",
        "distance_hgu_km": 0.579,
        "zone": "0–1 km",
        "location_status": "OUTSIDE HGU"
      }
    },
    {
      "type": "Feature",
      "geometry": {
        "type": "Point",
        "coordinates": [
          114.9295,
          -2.65666
        ]
      },
      "properties": {
        "confidence": "high",
        "confidence_value": null,
        "sumber": "NASA-SNPP",
        "date_hotspot": "Kamis, 03 September 2026 01:28:00",
        "date_hotspot_ori": "2026-09-02T18:28:00.000000Z",
        "provinsi": null,
        "kabkota": "Tapin",
        "desa": "Sawaja",
        "hs_id": "2026-09-02T18:28:00.000000Z",
        "provinsi_id": 12,
        "long": 114.9295,
        "ori_sumber": null,
        "desa_id": null,
        "counter": 4,
        "confidence_level": "high",
        "kawasan": "",
        "kecamatan": "Candi Laras Utara",
        "nama_provinsi": "Kalimantan Selatan",
        "pulau": "",
        "route_create": "https://opsroom.sipongidata.my.id/daops/laporan/groundcheck/create/form",
        "hotspot_date": "2026-09-03",
        "distance_hgu_km": 3.948,
        "zone": "3–5 km",
        "location_status": "OUTSIDE HGU"
      }
    },
    {
      "type": "Feature",
      "geometry": {
        "type": "Point",
        "coordinates": [
          114.88972,
          -2.79493
        ]
      },
      "properties": {
        "confidence": "high",
        "confidence_value": null,
        "sumber": "NASA-NOAA20",
        "date_hotspot": "Minggu, 13 September 2026 12:57:00",
        "date_hotspot_ori": "2026-09-13T05:57:00.000000Z",
        "provinsi": null,
        "kabkota": "Tapin",
        "desa": "Teluk Haur",
        "hs_id": "2026-09-13T05:57:00.000000Z",
        "provinsi_id": 12,
        "long": 114.88972,
        "ori_sumber": null,
        "desa_id": null,
        "counter": 2,
        "confidence_level": "high",
        "kawasan": "",
        "kecamatan": "Candi Laras Utara",
        "nama_provinsi": "Kalimantan Selatan",
        "pulau": "",
        "route_create": "https://opsroom.sipongidata.my.id/daops/laporan/groundcheck/create/form",
        "hotspot_date": "2026-09-13",
        "distance_hgu_km": 2.126,
        "zone": "1–3 km",
        "location_status": "OUTSIDE HGU"
      }
    },
    {
      "type": "Feature",
      "geometry": {
        "type": "Point",
        "coordinates": [
          114.92534,
          -2.69261
        ]
      },
      "properties": {
        "confidence": "high",
        "confidence_value": null,
        "sumber": "NASA-SNPP",
        "date_hotspot": "Selasa, 15 September 2026 13:42:00",
        "date_hotspot_ori": "2026-09-15T06:42:00.000000Z",
        "provinsi": null,
        "kabkota": "Tapin",
        "desa": "Sawaja",
        "hs_id": "2026-09-15T06:42:00.000000Z",
        "provinsi_id": 12,
        "long": 114.92534,
        "ori_sumber": null,
        "desa_id": null,
        "counter": 1,
        "confidence_level": "high",
        "kawasan": "",
        "kecamatan": "Candi Laras Utara",
        "nama_provinsi": "Kalimantan Selatan",
        "pulau": "",
        "route_create": "https://opsroom.sipongidata.my.id/daops/laporan/groundcheck/create/form",
        "hotspot_date": "2026-09-15",
        "distance_hgu_km": 0.0,
        "zone": "Inside HGU",
        "location_status": "INSIDE HGU"
      }
    },
    {
      "type": "Feature",
      "geometry": {
        "type": "Point",
        "coordinates": [
          114.84387,
          -2.97031
        ]
      },
      "properties": {
        "confidence": "high",
        "confidence_value": null,
        "sumber": "NASA-MODIS",
        "date_hotspot": "Selasa, 29 September 2026 14:56:00",
        "date_hotspot_ori": "2026-09-29T07:56:00.000000Z",
        "provinsi": null,
        "kabkota": "Tapin",
        "desa": "Keladan",
        "hs_id": "2026-09-29T07:56:00.000000Z",
        "provinsi_id": 12,
        "long": 114.84387,
        "ori_sumber": null,
        "desa_id": null,
        "counter": 1,
        "confidence_level": "high",
        "kawasan": "",
        "kecamatan": "Candi Laras Utara",
        "nama_provinsi": "Kalimantan Selatan",
        "pulau": "",
        "route_create": "https://opsroom.sipongidata.my.id/daops/laporan/groundcheck/create/form",
        "hotspot_date": "2026-09-29",
        "distance_hgu_km": 3.414,
        "zone": "3–5 km",
        "location_status": "OUTSIDE HGU"
      }
    },
    {
      "type": "Feature",
      "geometry": {
        "type": "Point",
        "coordinates": [
          114.81213,
          -2.93861
        ]
      },
      "properties": {
        "confidence": "high",
        "confidence_value": null,
        "sumber": "NASA-SNPP",
        "date_hotspot": "Minggu, 20 September 2026 12:08:00",
        "date_hotspot_ori": "2026-09-20T05:08:00.000000Z",
        "provinsi": null,
        "kabkota": "Tapin",
        "desa": "Keladan",
        "hs_id": "2026-09-20T05:08:00.000000Z",
        "provinsi_id": 12,
        "long": 114.81213,
        "ori_sumber": null,
        "desa_id": null,
        "counter": 1,
        "confidence_level": "high",
        "kawasan": "",
        "kecamatan": "Candi Laras Utara",
        "nama_provinsi": "Kalimantan Selatan",
        "pulau": "",
        "route_create": "https://opsroom.sipongidata.my.id/daops/laporan/groundcheck/create/form",
        "hotspot_date": "2026-09-20",
        "distance_hgu_km": 0.417,
        "zone": "0–1 km",
        "location_status": "OUTSIDE HGU"
      }
    },
    {
      "type": "Feature",
      "geometry": {
        "type": "Point",
        "coordinates": [
          114.77389,
          -2.95088
        ]
      },
      "properties": {
        "confidence": "high",
        "confidence_value": null,
        "sumber": "NASA-NOAA20",
        "date_hotspot": "Selasa, 22 September 2026 13:29:00",
        "date_hotspot_ori": "2026-09-22T06:29:00.000000Z",
        "provinsi": null,
        "kabkota": "Barito Kuala",
        "desa": "Sungai Selirik",
        "hs_id": "2026-09-22T06:29:00.000000Z",
        "provinsi_id": 12,
        "long": 114.77389,
        "ori_sumber": null,
        "desa_id": null,
        "counter": 1,
        "confidence_level": "high",
        "kawasan": "",
        "kecamatan": "Bakumpai",
        "nama_provinsi": "Kalimantan Selatan",
        "pulau": "",
        "route_create": "https://opsroom.sipongidata.my.id/daops/laporan/groundcheck/create/form",
        "hotspot_date": "2026-09-22",
        "distance_hgu_km": 4.839,
        "zone": "3–5 km",
        "location_status": "OUTSIDE HGU"
      }
    },
    {
      "type": "Feature",
      "geometry": {
        "type": "Point",
        "coordinates": [
          114.89897,
          -2.85536
        ]
      },
      "properties": {
        "confidence": "high",
        "confidence_value": null,
        "sumber": "NASA-SNPP",
        "date_hotspot": "Minggu, 20 September 2026 12:08:00",
        "date_hotspot_ori": "2026-09-20T05:08:00.000000Z",
        "provinsi": null,
        "kabkota": "Tapin",
        "desa": "Baulin",
        "hs_id": "2026-09-20T05:08:00.000000Z",
        "provinsi_id": 12,
        "long": 114.89897,
        "ori_sumber": null,
        "desa_id": null,
        "counter": 1,
        "confidence_level": "high",
        "kawasan": "",
        "kecamatan": "Candi Laras Selatan",
        "nama_provinsi": "Kalimantan Selatan",
        "pulau": "",
        "route_create": "https://opsroom.sipongidata.my.id/daops/laporan/groundcheck/create/form",
        "hotspot_date": "2026-09-20",
        "distance_hgu_km": 1.509,
        "zone": "1–3 km",
        "location_status": "OUTSIDE HGU"
      }
    },
    {
      "type": "Feature",
      "geometry": {
        "type": "Point",
        "coordinates": [
          114.91452,
          -2.68205
        ]
      },
      "properties": {
        "confidence": "high",
        "confidence_value": null,
        "sumber": "NASA-SNPP",
        "date_hotspot": "Selasa, 15 September 2026 13:42:00",
        "date_hotspot_ori": "2026-09-15T06:42:00.000000Z",
        "provinsi": null,
        "kabkota": "Tapin",
        "desa": "Sawaja",
        "hs_id": "2026-09-15T06:42:00.000000Z",
        "provinsi_id": 12,
        "long": 114.91452,
        "ori_sumber": null,
        "desa_id": null,
        "counter": 1,
        "confidence_level": "high",
        "kawasan": "",
        "kecamatan": "Candi Laras Utara",
        "nama_provinsi": "Kalimantan Selatan",
        "pulau": "",
        "route_create": "https://opsroom.sipongidata.my.id/daops/laporan/groundcheck/create/form",
        "hotspot_date": "2026-09-15",
        "distance_hgu_km": 1.127,
        "zone": "1–3 km",
        "location_status": "OUTSIDE HGU"
      }
    },
    {
      "type": "Feature",
      "geometry": {
        "type": "Point",
        "coordinates": [
          114.91547,
          -2.68806
        ]
      },
      "properties": {
        "confidence": "high",
        "confidence_value": null,
        "sumber": "NASA-SNPP",
        "date_hotspot": "Selasa, 15 September 2026 13:42:00",
        "date_hotspot_ori": "2026-09-15T06:42:00.000000Z",
        "provinsi": null,
        "kabkota": "Tapin",
        "desa": "Sawaja",
        "hs_id": "2026-09-15T06:42:00.000000Z",
        "provinsi_id": 12,
        "long": 114.91547,
        "ori_sumber": null,
        "desa_id": null,
        "counter": 1,
        "confidence_level": "high",
        "kawasan": "",
        "kecamatan": "Candi Laras Utara",
        "nama_provinsi": "Kalimantan Selatan",
        "pulau": "",
        "route_create": "https://opsroom.sipongidata.my.id/daops/laporan/groundcheck/create/form",
        "hotspot_date": "2026-09-15",
        "distance_hgu_km": 0.464,
        "zone": "0–1 km",
        "location_status": "OUTSIDE HGU"
      }
    },
    {
      "type": "Feature",
      "geometry": {
        "type": "Point",
        "coordinates": [
          114.84915,
          -2.92132
        ]
      },
      "properties": {
        "confidence": "high",
        "confidence_value": null,
        "sumber": "NASA-NOAA20",
        "date_hotspot": "Kamis, 01 Oktober 2026 12:23:00",
        "date_hotspot_ori": "2026-10-01T05:23:00.000000Z",
        "provinsi": null,
        "kabkota": "Tapin",
        "desa": "Sungai Selai Hilir",
        "hs_id": "2026-10-01T05:23:00.000000Z",
        "provinsi_id": 12,
        "long": 114.84915,
        "ori_sumber": null,
        "desa_id": null,
        "counter": 1,
        "confidence_level": "high",
        "kawasan": "",
        "kecamatan": "Candi Laras Utara",
        "nama_provinsi": "Kalimantan Selatan",
        "pulau": "",
        "route_create": "https://opsroom.sipongidata.my.id/daops/laporan/groundcheck/create/form",
        "hotspot_date": "2026-10-01",
        "distance_hgu_km": 0.709,
        "zone": "0–1 km",
        "location_status": "OUTSIDE HGU"
      }
    },
    {
      "type": "Feature",
      "geometry": {
        "type": "Point",
        "coordinates": [
          114.85045,
          -2.91769
        ]
      },
      "properties": {
        "confidence": "high",
        "confidence_value": null,
        "sumber": "NASA-SNPP",
        "date_hotspot": "Kamis, 01 Oktober 2026 13:42:00",
        "date_hotspot_ori": "2026-10-01T06:42:00.000000Z",
        "provinsi": null,
        "kabkota": "Tapin",
        "desa": "Sungai Selai Hilir",
        "hs_id": "2026-10-01T06:42:00.000000Z",
        "provinsi_id": 12,
        "long": 114.85045,
        "ori_sumber": null,
        "desa_id": null,
        "counter": 1,
        "confidence_level": "high",
        "kawasan": "",
        "kecamatan": "Candi Laras Utara",
        "nama_provinsi": "Kalimantan Selatan",
        "pulau": "",
        "route_create": "https://opsroom.sipongidata.my.id/daops/laporan/groundcheck/create/form",
        "hotspot_date": "2026-10-01",
        "distance_hgu_km": 0.457,
        "zone": "0–1 km",
        "location_status": "OUTSIDE HGU"
      }
    },
    {
      "type": "Feature",
      "geometry": {
        "type": "Point",
        "coordinates": [
          114.83054,
          -2.87315
        ]
      },
      "properties": {
        "confidence": "high",
        "confidence_value": null,
        "sumber": "NASA-NOAA20",
        "date_hotspot": "Kamis, 01 Oktober 2026 12:23:00",
        "date_hotspot_ori": "2026-10-01T05:23:00.000000Z",
        "provinsi": null,
        "kabkota": "Barito Kuala",
        "desa": "Banitan",
        "hs_id": "2026-10-01T05:23:00.000000Z",
        "provinsi_id": 12,
        "long": 114.83054,
        "ori_sumber": null,
        "desa_id": null,
        "counter": 1,
        "confidence_level": "high",
        "kawasan": "",
        "kecamatan": "Bakumpai",
        "nama_provinsi": "Kalimantan Selatan",
        "pulau": "",
        "route_create": "https://opsroom.sipongidata.my.id/daops/laporan/groundcheck/create/form",
        "hotspot_date": "2026-10-01",
        "distance_hgu_km": 0.814,
        "zone": "0–1 km",
        "location_status": "OUTSIDE HGU"
      }
    },
    {
      "type": "Feature",
      "geometry": {
        "type": "Point",
        "coordinates": [
          114.80622,
          -2.9433
        ]
      },
      "properties": {
        "confidence": "high",
        "confidence_value": null,
        "sumber": "NASA-SNPP",
        "date_hotspot": "Kamis, 01 Oktober 2026 13:42:00",
        "date_hotspot_ori": "2026-10-01T06:42:00.000000Z",
        "provinsi": null,
        "kabkota": "Barito Kuala",
        "desa": "Murung Raya",
        "hs_id": "2026-10-01T06:42:00.000000Z",
        "provinsi_id": 12,
        "long": 114.80622,
        "ori_sumber": null,
        "desa_id": null,
        "counter": 1,
        "confidence_level": "high",
        "kawasan": "",
        "kecamatan": "Bakumpai",
        "nama_provinsi": "Kalimantan Selatan",
        "pulau": "",
        "route_create": "https://opsroom.sipongidata.my.id/daops/laporan/groundcheck/create/form",
        "hotspot_date": "2026-10-01",
        "distance_hgu_km": 1.251,
        "zone": "1–3 km",
        "location_status": "OUTSIDE HGU"
      }
    },
    {
      "type": "Feature",
      "geometry": {
        "type": "Point",
        "coordinates": [
          114.87682,
          -2.81793
        ]
      },
      "properties": {
        "confidence": "high",
        "confidence_value": null,
        "sumber": "NASA-MODIS",
        "date_hotspot": "Kamis, 10 September 2026 19:55:00",
        "date_hotspot_ori": "2026-09-10T12:55:00.000000Z",
        "provinsi": null,
        "kabkota": "Tapin",
        "desa": "Batalas",
        "hs_id": "2026-09-10T12:55:00.000000Z",
        "provinsi_id": 12,
        "long": 114.87682,
        "ori_sumber": null,
        "desa_id": null,
        "counter": 1,
        "confidence_level": "high",
        "kawasan": "",
        "kecamatan": "Candi Laras Utara",
        "nama_provinsi": "Kalimantan Selatan",
        "pulau": "",
        "route_create": "https://opsroom.sipongidata.my.id/daops/laporan/groundcheck/create/form",
        "hotspot_date": "2026-09-10",
        "distance_hgu_km": 1.159,
        "zone": "1–3 km",
        "location_status": "OUTSIDE HGU"
      }
    },
    {
      "type": "Feature",
      "geometry": {
        "type": "Point",
        "coordinates": [
          114.8993,
          -2.84795
        ]
      },
      "properties": {
        "confidence": "high",
        "confidence_value": null,
        "sumber": "NASA-NOAA20",
        "date_hotspot": "Senin, 21 September 2026 12:08:00",
        "date_hotspot_ori": "2026-09-21T05:08:00.000000Z",
        "provinsi": null,
        "kabkota": "Tapin",
        "desa": "Baulin",
        "hs_id": "2026-09-21T05:08:00.000000Z",
        "provinsi_id": 12,
        "long": 114.8993,
        "ori_sumber": null,
        "desa_id": null,
        "counter": 2,
        "confidence_level": "high",
        "kawasan": "",
        "kecamatan": "Candi Laras Selatan",
        "nama_provinsi": "Kalimantan Selatan",
        "pulau": "",
        "route_create": "https://opsroom.sipongidata.my.id/daops/laporan/groundcheck/create/form",
        "hotspot_date": "2026-09-21",
        "distance_hgu_km": 1.383,
        "zone": "1–3 km",
        "location_status": "OUTSIDE HGU"
      }
    },
    {
      "type": "Feature",
      "geometry": {
        "type": "Point",
        "coordinates": [
          114.92437,
          -2.68659
        ]
      },
      "properties": {
        "confidence": "high",
        "confidence_value": null,
        "sumber": "NASA-SNPP",
        "date_hotspot": "Selasa, 15 September 2026 13:42:00",
        "date_hotspot_ori": "2026-09-15T06:42:00.000000Z",
        "provinsi": null,
        "kabkota": "Tapin",
        "desa": "Sawaja",
        "hs_id": "2026-09-15T06:42:00.000000Z",
        "provinsi_id": 12,
        "long": 114.92437,
        "ori_sumber": null,
        "desa_id": null,
        "counter": 1,
        "confidence_level": "high",
        "kawasan": "",
        "kecamatan": "Candi Laras Utara",
        "nama_provinsi": "Kalimantan Selatan",
        "pulau": "",
        "route_create": "https://opsroom.sipongidata.my.id/daops/laporan/groundcheck/create/form",
        "hotspot_date": "2026-09-15",
        "distance_hgu_km": 0.633,
        "zone": "0–1 km",
        "location_status": "OUTSIDE HGU"
      }
    },
    {
      "type": "Feature",
      "geometry": {
        "type": "Point",
        "coordinates": [
          114.85482,
          -2.82438
        ]
      },
      "properties": {
        "confidence": "high",
        "confidence_value": null,
        "sumber": "NASA-NOAA20",
        "date_hotspot": "Selasa, 22 September 2026 13:29:00",
        "date_hotspot_ori": "2026-09-22T06:29:00.000000Z",
        "provinsi": null,
        "kabkota": "Tapin",
        "desa": "Batalas",
        "hs_id": "2026-09-22T06:29:00.000000Z",
        "provinsi_id": 12,
        "long": 114.85482,
        "ori_sumber": null,
        "desa_id": null,
        "counter": 1,
        "confidence_level": "high",
        "kawasan": "",
        "kecamatan": "Candi Laras Utara",
        "nama_provinsi": "Kalimantan Selatan",
        "pulau": "",
        "route_create": "https://opsroom.sipongidata.my.id/daops/laporan/groundcheck/create/form",
        "hotspot_date": "2026-09-22",
        "distance_hgu_km": 0.0,
        "zone": "Inside HGU",
        "location_status": "INSIDE HGU"
      }
    },
    {
      "type": "Feature",
      "geometry": {
        "type": "Point",
        "coordinates": [
          114.87122,
          -2.78839
        ]
      },
      "properties": {
        "confidence": "high",
        "confidence_value": null,
        "sumber": "NASA-SNPP",
        "date_hotspot": "Sabtu, 12 September 2026 12:57:00",
        "date_hotspot_ori": "2026-09-12T05:57:00.000000Z",
        "provinsi": null,
        "kabkota": "Tapin",
        "desa": "Teluk Haur",
        "hs_id": "2026-09-12T05:57:00.000000Z",
        "provinsi_id": 12,
        "long": 114.87122,
        "ori_sumber": null,
        "desa_id": null,
        "counter": 1,
        "confidence_level": "high",
        "kawasan": "",
        "kecamatan": "Candi Laras Utara",
        "nama_provinsi": "Kalimantan Selatan",
        "pulau": "",
        "route_create": "https://opsroom.sipongidata.my.id/daops/laporan/groundcheck/create/form",
        "hotspot_date": "2026-09-12",
        "distance_hgu_km": 0.4,
        "zone": "0–1 km",
        "location_status": "OUTSIDE HGU"
      }
    },
    {
      "type": "Feature",
      "geometry": {
        "type": "Point",
        "coordinates": [
          114.90109,
          -2.84816
        ]
      },
      "properties": {
        "confidence": "high",
        "confidence_value": null,
        "sumber": "NASA-NOAA20",
        "date_hotspot": "Senin, 21 September 2026 12:08:00",
        "date_hotspot_ori": "2026-09-21T05:08:00.000000Z",
        "provinsi": null,
        "kabkota": "Tapin",
        "desa": "Baulin",
        "hs_id": "2026-09-21T05:08:00.000000Z",
        "provinsi_id": 12,
        "long": 114.90109,
        "ori_sumber": null,
        "desa_id": null,
        "counter": 2,
        "confidence_level": "high",
        "kawasan": "",
        "kecamatan": "Candi Laras Selatan",
        "nama_provinsi": "Kalimantan Selatan",
        "pulau": "",
        "route_create": "https://opsroom.sipongidata.my.id/daops/laporan/groundcheck/create/form",
        "hotspot_date": "2026-09-21",
        "distance_hgu_km": 1.581,
        "zone": "1–3 km",
        "location_status": "OUTSIDE HGU"
      }
    },
    {
      "type": "Feature",
      "geometry": {
        "type": "Point",
        "coordinates": [
          114.91356,
          -2.67603
        ]
      },
      "properties": {
        "confidence": "high",
        "confidence_value": null,
        "sumber": "NASA-SNPP",
        "date_hotspot": "Selasa, 15 September 2026 13:42:00",
        "date_hotspot_ori": "2026-09-15T06:42:00.000000Z",
        "provinsi": null,
        "kabkota": "Tapin",
        "desa": "Sawaja",
        "hs_id": "2026-09-15T06:42:00.000000Z",
        "provinsi_id": 12,
        "long": 114.91356,
        "ori_sumber": null,
        "desa_id": null,
        "counter": 1,
        "confidence_level": "high",
        "kawasan": "",
        "kecamatan": "Candi Laras Utara",
        "nama_provinsi": "Kalimantan Selatan",
        "pulau": "",
        "route_create": "https://opsroom.sipongidata.my.id/daops/laporan/groundcheck/create/form",
        "hotspot_date": "2026-09-15",
        "distance_hgu_km": 1.791,
        "zone": "1–3 km",
        "location_status": "OUTSIDE HGU"
      }
    },
    {
      "type": "Feature",
      "geometry": {
        "type": "Point",
        "coordinates": [
          114.81217,
          -2.93452
        ]
      },
      "properties": {
        "confidence": "high",
        "confidence_value": null,
        "sumber": "NASA-NOAA20",
        "date_hotspot": "Minggu, 20 September 2026 12:27:00",
        "date_hotspot_ori": "2026-09-20T05:27:00.000000Z",
        "provinsi": null,
        "kabkota": "Tapin",
        "desa": "Keladan",
        "hs_id": "2026-09-20T05:27:00.000000Z",
        "provinsi_id": 12,
        "long": 114.81217,
        "ori_sumber": null,
        "desa_id": null,
        "counter": 2,
        "confidence_level": "high",
        "kawasan": "",
        "kecamatan": "Candi Laras Utara",
        "nama_provinsi": "Kalimantan Selatan",
        "pulau": "",
        "route_create": "https://opsroom.sipongidata.my.id/daops/laporan/groundcheck/create/form",
        "hotspot_date": "2026-09-20",
        "distance_hgu_km": 0.282,
        "zone": "0–1 km",
        "location_status": "OUTSIDE HGU"
      }
    },
    {
      "type": "Feature",
      "geometry": {
        "type": "Point",
        "coordinates": [
          114.94775,
          -2.74003
        ]
      },
      "properties": {
        "confidence": "high",
        "confidence_value": null,
        "sumber": "NASA-SNPP",
        "date_hotspot": "Minggu, 13 September 2026 12:40:00",
        "date_hotspot_ori": "2026-09-13T05:40:00.000000Z",
        "provinsi": null,
        "kabkota": "Tapin",
        "desa": "Buas-Buas",
        "hs_id": "2026-09-13T05:40:00.000000Z",
        "provinsi_id": 12,
        "long": 114.94775,
        "ori_sumber": null,
        "desa_id": null,
        "counter": 1,
        "confidence_level": "high",
        "kawasan": "",
        "kecamatan": "Candi Laras Utara",
        "nama_provinsi": "Kalimantan Selatan",
        "pulau": "",
        "route_create": "https://opsroom.sipongidata.my.id/daops/laporan/groundcheck/create/form",
        "hotspot_date": "2026-09-13",
        "distance_hgu_km": 0.222,
        "zone": "0–1 km",
        "location_status": "OUTSIDE HGU"
      }
    },
    {
      "type": "Feature",
      "geometry": {
        "type": "Point",
        "coordinates": [
          114.87251,
          -2.77561
        ]
      },
      "properties": {
        "confidence": "high",
        "confidence_value": null,
        "sumber": "NASA-SNPP",
        "date_hotspot": "Senin, 14 September 2026 12:21:00",
        "date_hotspot_ori": "2026-09-14T05:21:00.000000Z",
        "provinsi": null,
        "kabkota": "Tapin",
        "desa": "Teluk Haur",
        "hs_id": "2026-09-14T05:21:00.000000Z",
        "provinsi_id": 12,
        "long": 114.87251,
        "ori_sumber": null,
        "desa_id": null,
        "counter": 1,
        "confidence_level": "high",
        "kawasan": "",
        "kecamatan": "Candi Laras Utara",
        "nama_provinsi": "Kalimantan Selatan",
        "pulau": "",
        "route_create": "https://opsroom.sipongidata.my.id/daops/laporan/groundcheck/create/form",
        "hotspot_date": "2026-09-14",
        "distance_hgu_km": 0.0,
        "zone": "Inside HGU",
        "location_status": "INSIDE HGU"
      }
    },
    {
      "type": "Feature",
      "geometry": {
        "type": "Point",
        "coordinates": [
          114.93645,
          -2.67139
        ]
      },
      "properties": {
        "confidence": "high",
        "confidence_value": null,
        "sumber": "NASA-SNPP",
        "date_hotspot": "Senin, 14 September 2026 12:21:00",
        "date_hotspot_ori": "2026-09-14T05:21:00.000000Z",
        "provinsi": null,
        "kabkota": "Tapin",
        "desa": "Sawaja",
        "hs_id": "2026-09-14T05:21:00.000000Z",
        "provinsi_id": 12,
        "long": 114.93645,
        "ori_sumber": null,
        "desa_id": null,
        "counter": 4,
        "confidence_level": "high",
        "kawasan": "",
        "kecamatan": "Candi Laras Utara",
        "nama_provinsi": "Kalimantan Selatan",
        "pulau": "",
        "route_create": "https://opsroom.sipongidata.my.id/daops/laporan/groundcheck/create/form",
        "hotspot_date": "2026-09-14",
        "distance_hgu_km": 2.317,
        "zone": "1–3 km",
        "location_status": "OUTSIDE HGU"
      }
    },
    {
      "type": "Feature",
      "geometry": {
        "type": "Point",
        "coordinates": [
          114.88644,
          -2.81661
        ]
      },
      "properties": {
        "confidence": "high",
        "confidence_value": null,
        "sumber": "NASA-MODIS",
        "date_hotspot": "Kamis, 10 September 2026 19:55:00",
        "date_hotspot_ori": "2026-09-10T12:55:00.000000Z",
        "provinsi": null,
        "kabkota": "Tapin",
        "desa": "Batalas",
        "hs_id": "2026-09-10T12:55:00.000000Z",
        "provinsi_id": 12,
        "long": 114.88644,
        "ori_sumber": null,
        "desa_id": null,
        "counter": 1,
        "confidence_level": "high",
        "kawasan": "",
        "kecamatan": "Candi Laras Utara",
        "nama_provinsi": "Kalimantan Selatan",
        "pulau": "",
        "route_create": "https://opsroom.sipongidata.my.id/daops/laporan/groundcheck/create/form",
        "hotspot_date": "2026-09-10",
        "distance_hgu_km": 2.05,
        "zone": "1–3 km",
        "location_status": "OUTSIDE HGU"
      }
    },
    {
      "type": "Feature",
      "geometry": {
        "type": "Point",
        "coordinates": [
          114.90909,
          -2.68189
        ]
      },
      "properties": {
        "confidence": "high",
        "confidence_value": null,
        "sumber": "NASA-MODIS",
        "date_hotspot": "Jumat, 18 September 2026 20:12:00",
        "date_hotspot_ori": "2026-09-18T13:12:00.000000Z",
        "provinsi": null,
        "kabkota": "Tapin",
        "desa": "Sawaja",
        "hs_id": "2026-09-18T13:12:00.000000Z",
        "provinsi_id": 12,
        "long": 114.90909,
        "ori_sumber": null,
        "desa_id": null,
        "counter": 1,
        "confidence_level": "high",
        "kawasan": "",
        "kecamatan": "Candi Laras Utara",
        "nama_provinsi": "Kalimantan Selatan",
        "pulau": "",
        "route_create": "https://opsroom.sipongidata.my.id/daops/laporan/groundcheck/create/form",
        "hotspot_date": "2026-09-18",
        "distance_hgu_km": 1.155,
        "zone": "1–3 km",
        "location_status": "OUTSIDE HGU"
      }
    },
    {
      "type": "Feature",
      "geometry": {
        "type": "Point",
        "coordinates": [
          114.89622,
          -2.85295
        ]
      },
      "properties": {
        "confidence": "high",
        "confidence_value": null,
        "sumber": "NASA-MODIS",
        "date_hotspot": "Minggu, 20 September 2026 19:51:00",
        "date_hotspot_ori": "2026-09-20T12:51:00.000000Z",
        "provinsi": null,
        "kabkota": "Tapin",
        "desa": "Margasari Hulu",
        "hs_id": "2026-09-20T12:51:00.000000Z",
        "provinsi_id": 12,
        "long": 114.89622,
        "ori_sumber": null,
        "desa_id": null,
        "counter": 1,
        "confidence_level": "high",
        "kawasan": "",
        "kecamatan": "Candi Laras Selatan",
        "nama_provinsi": "Kalimantan Selatan",
        "pulau": "",
        "route_create": "https://opsroom.sipongidata.my.id/daops/laporan/groundcheck/create/form",
        "hotspot_date": "2026-09-20",
        "distance_hgu_km": 1.12,
        "zone": "1–3 km",
        "location_status": "OUTSIDE HGU"
      }
    },
    {
      "type": "Feature",
      "geometry": {
        "type": "Point",
        "coordinates": [
          114.90771,
          -2.67222
        ]
      },
      "properties": {
        "confidence": "high",
        "confidence_value": null,
        "sumber": "NASA-MODIS",
        "date_hotspot": "Jumat, 18 September 2026 20:12:00",
        "date_hotspot_ori": "2026-09-18T13:12:00.000000Z",
        "provinsi": null,
        "kabkota": "Tapin",
        "desa": "Sawaja",
        "hs_id": "2026-09-18T13:12:00.000000Z",
        "provinsi_id": 12,
        "long": 114.90771,
        "ori_sumber": null,
        "desa_id": null,
        "counter": 1,
        "confidence_level": "high",
        "kawasan": "",
        "kecamatan": "Candi Laras Utara",
        "nama_provinsi": "Kalimantan Selatan",
        "pulau": "",
        "route_create": "https://opsroom.sipongidata.my.id/daops/laporan/groundcheck/create/form",
        "hotspot_date": "2026-09-18",
        "distance_hgu_km": 2.233,
        "zone": "1–3 km",
        "location_status": "OUTSIDE HGU"
      }
    },
    {
      "type": "Feature",
      "geometry": {
        "type": "Point",
        "coordinates": [
          114.89834,
          -2.6752
        ]
      },
      "properties": {
        "confidence": "high",
        "confidence_value": null,
        "sumber": "NASA-MODIS",
        "date_hotspot": "Selasa, 15 September 2026 19:53:00",
        "date_hotspot_ori": "2026-09-15T12:53:00.000000Z",
        "provinsi": null,
        "kabkota": "Tapin",
        "desa": "Sawaja",
        "hs_id": "2026-09-15T12:53:00.000000Z",
        "provinsi_id": 12,
        "long": 114.89834,
        "ori_sumber": null,
        "desa_id": null,
        "counter": 1,
        "confidence_level": "high",
        "kawasan": "",
        "kecamatan": "Candi Laras Utara",
        "nama_provinsi": "Kalimantan Selatan",
        "pulau": "",
        "route_create": "https://opsroom.sipongidata.my.id/daops/laporan/groundcheck/create/form",
        "hotspot_date": "2026-09-15",
        "distance_hgu_km": 2.274,
        "zone": "1–3 km",
        "location_status": "OUTSIDE HGU"
      }
    },
    {
      "type": "Feature",
      "geometry": {
        "type": "Point",
        "coordinates": [
          114.87809,
          -2.82712
        ]
      },
      "properties": {
        "confidence": "high",
        "confidence_value": null,
        "sumber": "NASA-MODIS",
        "date_hotspot": "Kamis, 10 September 2026 19:55:00",
        "date_hotspot_ori": "2026-09-10T12:55:00.000000Z",
        "provinsi": null,
        "kabkota": "Tapin",
        "desa": "Batalas",
        "hs_id": "2026-09-10T12:55:00.000000Z",
        "provinsi_id": 12,
        "long": 114.87809,
        "ori_sumber": null,
        "desa_id": null,
        "counter": 1,
        "confidence_level": "high",
        "kawasan": "",
        "kecamatan": "Candi Laras Utara",
        "nama_provinsi": "Kalimantan Selatan",
        "pulau": "",
        "route_create": "https://opsroom.sipongidata.my.id/daops/laporan/groundcheck/create/form",
        "hotspot_date": "2026-09-10",
        "distance_hgu_km": 0.728,
        "zone": "0–1 km",
        "location_status": "OUTSIDE HGU"
      }
    },
    {
      "type": "Feature",
      "geometry": {
        "type": "Point",
        "coordinates": [
          114.90106,
          -2.67763
        ]
      },
      "properties": {
        "confidence": "high",
        "confidence_value": null,
        "sumber": "NASA-MODIS",
        "date_hotspot": "Minggu, 20 September 2026 19:51:00",
        "date_hotspot_ori": "2026-09-20T12:51:00.000000Z",
        "provinsi": null,
        "kabkota": "Tapin",
        "desa": "Sawaja",
        "hs_id": "2026-09-20T12:51:00.000000Z",
        "provinsi_id": 12,
        "long": 114.90106,
        "ori_sumber": null,
        "desa_id": null,
        "counter": 3,
        "confidence_level": "high",
        "kawasan": "",
        "kecamatan": "Candi Laras Utara",
        "nama_provinsi": "Kalimantan Selatan",
        "pulau": "",
        "route_create": "https://opsroom.sipongidata.my.id/daops/laporan/groundcheck/create/form",
        "hotspot_date": "2026-09-20",
        "distance_hgu_km": 1.886,
        "zone": "1–3 km",
        "location_status": "OUTSIDE HGU"
      }
    },
    {
      "type": "Feature",
      "geometry": {
        "type": "Point",
        "coordinates": [
          114.93311,
          -2.65358
        ]
      },
      "properties": {
        "confidence": "high",
        "confidence_value": null,
        "sumber": "NASA-MODIS",
        "date_hotspot": "Kamis, 03 September 2026 02:34:00",
        "date_hotspot_ori": "2026-09-02T19:34:00.000000Z",
        "provinsi": null,
        "kabkota": "Tapin",
        "desa": "Sawaja",
        "hs_id": "2026-09-02T19:34:00.000000Z",
        "provinsi_id": 12,
        "long": 114.93311,
        "ori_sumber": null,
        "desa_id": null,
        "counter": 2,
        "confidence_level": "high",
        "kawasan": "",
        "kecamatan": "Candi Laras Utara",
        "nama_provinsi": "Kalimantan Selatan",
        "pulau": "",
        "route_create": "https://opsroom.sipongidata.my.id/daops/laporan/groundcheck/create/form",
        "hotspot_date": "2026-09-03",
        "distance_hgu_km": 4.289,
        "zone": "3–5 km",
        "location_status": "OUTSIDE HGU"
      }
    },
    {
      "type": "Feature",
      "geometry": {
        "type": "Point",
        "coordinates": [
          114.95035,
          -2.73519
        ]
      },
      "properties": {
        "confidence": "high",
        "confidence_value": null,
        "sumber": "NASA-MODIS",
        "date_hotspot": "Minggu, 13 September 2026 20:14:00",
        "date_hotspot_ori": "2026-09-13T13:14:00.000000Z",
        "provinsi": null,
        "kabkota": "Tapin",
        "desa": "Buas-Buas",
        "hs_id": "2026-09-13T13:14:00.000000Z",
        "provinsi_id": 12,
        "long": 114.95035,
        "ori_sumber": null,
        "desa_id": null,
        "counter": 1,
        "confidence_level": "high",
        "kawasan": "",
        "kecamatan": "Candi Laras Utara",
        "nama_provinsi": "Kalimantan Selatan",
        "pulau": "",
        "route_create": "https://opsroom.sipongidata.my.id/daops/laporan/groundcheck/create/form",
        "hotspot_date": "2026-09-13",
        "distance_hgu_km": 0.0,
        "zone": "Inside HGU",
        "location_status": "INSIDE HGU"
      }
    },
    {
      "type": "Feature",
      "geometry": {
        "type": "Point",
        "coordinates": [
          114.88771,
          -2.82581
        ]
      },
      "properties": {
        "confidence": "high",
        "confidence_value": null,
        "sumber": "NASA-MODIS",
        "date_hotspot": "Kamis, 10 September 2026 19:55:00",
        "date_hotspot_ori": "2026-09-10T12:55:00.000000Z",
        "provinsi": null,
        "kabkota": "Tapin",
        "desa": "Batalas",
        "hs_id": "2026-09-10T12:55:00.000000Z",
        "provinsi_id": 12,
        "long": 114.88771,
        "ori_sumber": null,
        "desa_id": null,
        "counter": 1,
        "confidence_level": "high",
        "kawasan": "",
        "kecamatan": "Candi Laras Utara",
        "nama_provinsi": "Kalimantan Selatan",
        "pulau": "",
        "route_create": "https://opsroom.sipongidata.my.id/daops/laporan/groundcheck/create/form",
        "hotspot_date": "2026-09-10",
        "distance_hgu_km": 1.134,
        "zone": "1–3 km",
        "location_status": "OUTSIDE HGU"
      }
    },
    {
      "type": "Feature",
      "geometry": {
        "type": "Point",
        "coordinates": [
          114.90942,
          -2.68315
        ]
      },
      "properties": {
        "confidence": "high",
        "confidence_value": null,
        "sumber": "NASA-MODIS",
        "date_hotspot": "Selasa, 15 September 2026 19:53:00",
        "date_hotspot_ori": "2026-09-15T12:53:00.000000Z",
        "provinsi": null,
        "kabkota": "Tapin",
        "desa": "Sawaja",
        "hs_id": "2026-09-15T12:53:00.000000Z",
        "provinsi_id": 12,
        "long": 114.90942,
        "ori_sumber": null,
        "desa_id": null,
        "counter": 1,
        "confidence_level": "high",
        "kawasan": "",
        "kecamatan": "Candi Laras Utara",
        "nama_provinsi": "Kalimantan Selatan",
        "pulau": "",
        "route_create": "https://opsroom.sipongidata.my.id/daops/laporan/groundcheck/create/form",
        "hotspot_date": "2026-09-15",
        "distance_hgu_km": 1.014,
        "zone": "1–3 km",
        "location_status": "OUTSIDE HGU"
      }
    },
    {
      "type": "Feature",
      "geometry": {
        "type": "Point",
        "coordinates": [
          114.91921,
          -2.68182
        ]
      },
      "properties": {
        "confidence": "high",
        "confidence_value": null,
        "sumber": "NASA-MODIS",
        "date_hotspot": "Selasa, 15 September 2026 19:53:00",
        "date_hotspot_ori": "2026-09-15T12:53:00.000000Z",
        "provinsi": null,
        "kabkota": "Tapin",
        "desa": "Sawaja",
        "hs_id": "2026-09-15T12:53:00.000000Z",
        "provinsi_id": 12,
        "long": 114.91921,
        "ori_sumber": null,
        "desa_id": null,
        "counter": 3,
        "confidence_level": "high",
        "kawasan": "",
        "kecamatan": "Candi Laras Utara",
        "nama_provinsi": "Kalimantan Selatan",
        "pulau": "",
        "route_create": "https://opsroom.sipongidata.my.id/daops/laporan/groundcheck/create/form",
        "hotspot_date": "2026-09-15",
        "distance_hgu_km": 1.159,
        "zone": "1–3 km",
        "location_status": "OUTSIDE HGU"
      }
    },
    {
      "type": "Feature",
      "geometry": {
        "type": "Point",
        "coordinates": [
          114.92777,
          -2.65705
        ]
      },
      "properties": {
        "confidence": "high",
        "confidence_value": null,
        "sumber": "NASA-MODIS",
        "date_hotspot": "Kamis, 03 September 2026 20:16:00",
        "date_hotspot_ori": "2026-09-03T13:16:00.000000Z",
        "provinsi": null,
        "kabkota": "Tapin",
        "desa": "Sawaja",
        "hs_id": "2026-09-03T13:16:00.000000Z",
        "provinsi_id": 12,
        "long": 114.92777,
        "ori_sumber": null,
        "desa_id": null,
        "counter": 2,
        "confidence_level": "high",
        "kawasan": "",
        "kecamatan": "Candi Laras Utara",
        "nama_provinsi": "Kalimantan Selatan",
        "pulau": "",
        "route_create": "https://opsroom.sipongidata.my.id/daops/laporan/groundcheck/create/form",
        "hotspot_date": "2026-09-03",
        "distance_hgu_km": 3.903,
        "zone": "3–5 km",
        "location_status": "OUTSIDE HGU"
      }
    },
    {
      "type": "Feature",
      "geometry": {
        "type": "Point",
        "coordinates": [
          114.88751,
          -2.80283
        ]
      },
      "properties": {
        "confidence": "high",
        "confidence_value": null,
        "sumber": "NASA-MODIS",
        "date_hotspot": "Sabtu, 12 September 2026 19:34:00",
        "date_hotspot_ori": "2026-09-12T12:34:00.000000Z",
        "provinsi": null,
        "kabkota": "Tapin",
        "desa": "Batalas",
        "hs_id": "2026-09-12T12:34:00.000000Z",
        "provinsi_id": 12,
        "long": 114.88751,
        "ori_sumber": null,
        "desa_id": null,
        "counter": 1,
        "confidence_level": "high",
        "kawasan": "",
        "kecamatan": "Candi Laras Utara",
        "nama_provinsi": "Kalimantan Selatan",
        "pulau": "",
        "route_create": "https://opsroom.sipongidata.my.id/daops/laporan/groundcheck/create/form",
        "hotspot_date": "2026-09-12",
        "distance_hgu_km": 2.235,
        "zone": "1–3 km",
        "location_status": "OUTSIDE HGU"
      }
    },
    {
      "type": "Feature",
      "geometry": {
        "type": "Point",
        "coordinates": [
          114.90814,
          -2.67388
        ]
      },
      "properties": {
        "confidence": "high",
        "confidence_value": null,
        "sumber": "NASA-MODIS",
        "date_hotspot": "Selasa, 15 September 2026 19:53:00",
        "date_hotspot_ori": "2026-09-15T12:53:00.000000Z",
        "provinsi": null,
        "kabkota": "Tapin",
        "desa": "Sawaja",
        "hs_id": "2026-09-15T12:53:00.000000Z",
        "provinsi_id": 12,
        "long": 114.90814,
        "ori_sumber": null,
        "desa_id": null,
        "counter": 1,
        "confidence_level": "high",
        "kawasan": "",
        "kecamatan": "Candi Laras Utara",
        "nama_provinsi": "Kalimantan Selatan",
        "pulau": "",
        "route_create": "https://opsroom.sipongidata.my.id/daops/laporan/groundcheck/create/form",
        "hotspot_date": "2026-09-15",
        "distance_hgu_km": 2.046,
        "zone": "1–3 km",
        "location_status": "OUTSIDE HGU"
      }
    }
  ]
}